Date,AAPL,ABT,ADBE,ADUS,AMGN,AMZN,CAT,CMCSA,COST,CSCO,CVX,DIS,ECL,EMR,EOG,EXEL,FFIV,GD,GE,GOOGL,GS,HD,INCY,JNJ,JPM,KO,LNN,MCD,MDT,MS,MSFT,MU,NEE,NTAP,NVDA,OII,OKE,PG,PH,PLAB,PLD,PLUS,QCOM,REGN,SHW,TJX,TXN,UNH,UNP,WMT,^GSPC
2010-02-28,0.06539617877453541,0.02531181178377029,0.07275549053642094,-0.10430834821872659,-0.03197608049065015,-0.055896674360343956,0.09207504781830034,0.0385342621919742,0.06490220301622918,0.08277713299896328,0.012090463180628896,0.05719130936428929,-0.04009068963438445,0.14801979998740622,0.04014595565790424,-0.024132778504900476,0.12886908542498565,0.08526596240798345,0.004990275052025428,-0.005925203301137993,0.053661453426396166,0.11388814914941503,-0.001872701984285463,0.009895892229818237,0.07781272778525095,-0.028202690013437004,-0.08331716695951985,0.0314385050347088,0.011891099997554333,0.05227882599045253,0.022145367068828525,0.03899095662109864,-0.038745424266328765,0.03020955564883776,0.05263137860686262,0.10511905252157949,0.050723124113134066,0.02810711142504929,0.08352804489969978,0.14285719593734725,0.014166911248135738,0.04325708776303516,-0.059900470896902536,-0.08252065144929366,0.006121584019754156,0.0987275996851622,0.08355541092435614,0.02606080075066819,0.11810120527448809,0.011978150619422756,0.028513689046546054
2010-03-31,0.14847010849176523,-0.02947721062003439,0.020779145001425636,-0.2354430520330133,0.05705690758121573,0.1467060379504379,0.10166526652299801,0.14537729220834383,-0.02066631083853321,0.06987271016834296,0.048824385957008554,0.11747774751015028,0.04675326320751605,0.0633713414655146,-0.011802007958675143,-0.06182374520887346,0.10448032098148463,0.06409354748968599,0.13325094801784032,0.07653776122235834,0.09133378889500676,0.04457199950409385,0.3067542687214502,0.03492029092702653,0.06623716290954063,0.051786129586585794,0.12496556377446222,0.04494953305700933,0.03755748611613807,0.03938930752216541,0.021625449560502163,0.1445912628590551,0.04226820661423769,0.08430543041929273,0.07407395502397307,0.05028940357449829,0.029776749344777587,-0.00015818302700987275,0.07345389892568632,0.15909086229387492,0.1305447686093646,0.0701216798703801,0.14394734125357944,0.08299256670905164,0.06784531641489244,0.021378903703892727,0.0036917912049800883,-0.03514460094109739,0.08802058771816679,0.03409312964388023,0.058796425545497355
2010-04-30,0.11102147074468816,-0.020671841899681187,-0.05004242327437791,-0.1986754663649014,-0.04227965178035953,0.009796006270073487,0.09013061500212904,0.05523530351127337,-0.010550533931366957,0.0345757425352764,0.0739809593262255,0.05528464499653918,0.11126282712461122,0.03754471438438567,0.20811322645919028,-0.04448104996554125,0.11033586109377147,-0.005484908536937727,0.036263861031074374,-0.07303573038477762,-0.14903623570479663,0.08902694086540741,-0.0351759306574041,-0.013803356480071916,-0.047426892963010836,-0.028182181337692236,-0.08162311250848475,0.05800278109560053,-0.025360351419872584,0.033477711604403604,0.042676991783802354,-0.09836062636259635,0.07697086463420666,0.06545784281477651,-0.09712669670562757,0.031658417490338264,0.08629819674199712,-0.009982587378307595,0.0685819722762766,0.0686274335641941,0.022760526028047234,0.060399000030617156,-0.07816954358275263,-0.036239932806882535,0.1535160587170885,0.08983990582341361,0.06776215302183042,-0.07138474136448048,0.03219699219097949,-0.03525214599826876,0.014759230482012997
2010-05-31,-0.016124864305671838,-0.07036777299328878,-0.04523799738375334,0.2768594284101935,-0.09649287101119897,-0.08490156877685595,-0.10765142789488191,-0.08497692512532107,-0.010662214701052442,-0.13999275351512508,-0.08448233020855411,-0.09283364128253424,-0.03296533973132776,-0.10484640420276403,-0.06493026645482458,-0.10689661069091894,0.027765622057657646,-0.11079109348907645,-0.13308636082726122,-0.07622222436887638,-0.003989169304911999,-0.038887810220234464,-0.04092256355895374,-0.0850307645649192,-0.07045600799435492,-0.038353875372493795,-0.09954451051249269,-0.044739276852479914,-0.10322774295045467,-0.10291181946415628,-0.1513943105893406,-0.02780723951155306,-0.04072998543011408,0.08681864516768689,-0.16358946490747017,-0.29358783694440704,-0.09503448777538293,-0.01721391348849033,-0.1080941089962435,-0.07155961103385478,-0.06927462169129228,-0.05964527848866674,-0.07573011191761247,0.11907554957061284,-0.013898490569206223,-0.015764133374184364,-0.061131036263877725,-0.04091074195919475,-0.051342343537682855,-0.05194410430258278,-0.08197584207319053
2010-06-30,-0.020826538789920357,-0.016400264548785737,-0.1761222320258562,-0.03236242958260771,0.01583644602374612,-0.12912481640666507,-0.011356016501591015,-0.03980129045872749,-0.05871221887928901,-0.0798786696693119,-0.08135911678658969,-0.05745076449573816,-0.045939075377104954,-0.059215931966640656,-0.06171362317771767,-0.33011580239315186,-0.025024912418718737,-0.13141673663423403,-0.11244279412546188,-0.08376753646720103,-0.09004507585261401,-0.16517939744738053,-0.14119477114221546,0.013035738892235305,-0.07503793365438649,-0.016653721947430866,-0.07257845122759721,-0.014953869733211889,-0.0742725409017595,-0.1438586086903778,-0.10813992130583117,-0.06600656834766516,-0.013352429318475356,-0.00981926928369059,-0.22298357774514987,-0.029608821940620977,-0.02743417580848795,-0.018169734213740685,-0.09762430771041641,-0.10671936125682968,-0.08561556659275815,0.0,-0.07649052987001581,-0.2187609467508258,-0.09708983633544666,-0.07721040550323222,-0.046682145379715156,-0.018948084875606286,-0.026879533441909076,-0.04924828665267589,-0.05388244223983851
2010-07-31,0.022740299265403552,0.058909982502619807,0.08664392666428622,-0.11705682391847072,0.036692177499063394,0.07898590009148321,0.16887825500360965,0.12693343432761073,0.034288046552994,0.08258968222608765,0.12304699120689455,0.0695238834757661,0.08906765861303922,0.13389802261708827,-0.007403025920415529,-0.1008645937076047,0.28088088408850087,0.04593562308896648,0.11789173838217781,0.08967304747929128,0.14892912403629954,0.015674669068767244,0.1761518352932907,-0.016424535803525653,0.10175062278954261,0.09956163743049995,0.09750704607704952,0.058600400090091265,0.02567463921980284,0.16501838306467898,0.12168667049939197,-0.1425207048161794,0.0726003362075116,0.13374371766630788,-0.09990196876579649,0.10200452583710917,0.08626803427782548,0.02765313605902242,0.12008652660937935,0.0,0.0653011392606273,0.023428610687338924,0.15956125863997594,0.0837814381812847,-0.0005781134972850932,-0.010250164613104573,0.06556560847114157,0.0721832517299732,0.07423388619295745,0.064905740851952,0.06877784957463517
2010-08-31,-0.05500479300585548,0.005296891644492652,-0.03551527071035654,-0.01136371538494263,-0.06400157558852404,0.05886845959709941,-0.06580681606488459,-0.12172590625143143,-7.850704941281261e-05,-0.1335064236739617,-0.018858327966772448,-0.034134797547058504,-0.030873582288543977,-0.052079881306540954,-0.10902557428826276,-0.04807687899064572,-0.004554269811451572,-0.08783696476988168,-0.10173715839664832,-0.07183661408622766,-0.08981696968458253,-0.01590463319522084,-0.03917052311451563,-0.009161792921995482,-0.09731835352905582,0.013971855858442295,0.0626271701382346,0.05560134044107956,-0.14931001629173346,-0.08521649902554906,-0.08581221843848774,-0.11263736946504554,0.03689132061970413,-0.04539008429272873,0.015233760044162548,0.010711203317764983,-0.07779985218248531,-0.02436207412931668,-0.04372977172782877,-0.04646018562679877,-0.04687491021651713,0.008375052071790456,0.010826314867347087,-0.09136017172922717,0.0230731418626533,-0.040727683729490094,-0.06763869816081458,0.041707756257357564,-0.018696408153846877,-0.014795637410554008,-0.04744918363260475
2010-09-30,0.16721537803111053,0.0587761644538598,-0.05595671847355921,-0.2394635654833096,0.07974131101055315,0.25819118622479587,0.20748914568234111,0.05731022055461277,0.14141610782758773,0.09554765198359783,0.0940876449737722,0.01720968303124959,0.0737835014884407,0.12883246105303736,0.07021985930161079,0.31986533283915675,0.18734984783533482,0.12421749921310021,0.1305401584986241,0.1683704633373464,0.05586789619408239,0.1387491159301859,0.2781774163522439,0.08663594636095162,0.04675437896446799,0.055177656387037644,0.1749388397764975,0.019847488364416854,0.06772625068318461,-0.0004054847779225712,0.0434600983801976,0.11609898590316847,0.012284005626385541,0.23303619447298352,0.2518764840302905,0.07698479408693548,0.04963863391177381,0.005027747040346142,0.1842463978182063,0.22737819769934364,0.11265250253633008,0.1877076330535805,0.1783292355732018,0.24658782901614806,0.06763287530463025,0.12446492964765765,0.1789748172769663,0.11095518138812599,0.12147007428793288,0.06741147566588479,0.08755110305113556
2010-10-31,0.060722105512739155,-0.009465918413258168,0.07648183667975172,-0.23425694207935954,0.03774264711906827,0.052018360628662386,0.0044864029431899155,0.14715477094023277,-0.023527227779184368,0.04383607139691681,0.01912363817584284,0.09154081472932662,-0.027985960906851237,0.04253660688905003,0.031195042029484865,0.14030604673296,0.13380213578955602,0.09177215217622137,-0.014153936849251592,0.16719581163907238,0.11446978492861581,-0.024621225799008162,0.04190119361378164,0.028727909466679025,-0.010022504640055496,0.04784706911584369,0.3307944339845399,0.043752283089898425,0.05615035379845912,0.009786067516519559,0.0890159332244056,0.14563146040561348,0.01195075632827658,0.06949203944126658,0.02910921268446609,0.14871903015556742,0.11683262628598645,0.06817889431135082,0.09263446728325064,0.18903591818736265,0.07636444333355197,-0.01958041971465485,0.0006646538644581312,-0.04708023465351996,-0.028879432450517828,0.028231685522323913,0.09436758777061138,0.026772370556507052,0.07188276654444481,0.012144741529295677,0.03685599403554063
2010-11-30,0.033790180145363724,-0.09372612218617482,-0.012433406259775959,0.36513162744837846,-0.07868535860602188,0.061550575211672065,0.07633571590557842,-0.028598707132061252,0.07710679050511549,-0.1618551073164669,-0.011345288915475926,0.01051776829979545,-0.030616169429801943,0.009220125215207542,-0.07072718385597188,0.2953020656864018,0.12047585643358927,-0.029800582783729213,-0.011859632979247303,-0.0944922873718389,-0.028835132165577315,-0.01475381430199707,-0.1290515989328922,-0.026048328715050473,-0.0061124129681718875,0.037288206227961807,0.02547805172183515,0.014695989889210948,-0.04825467259300076,-0.016485536181972127,-0.04704835023669063,-0.11985517938473556,-0.07139170637395698,-0.043567874187650846,0.13227900943965842,0.11685753177613223,0.02589309351726299,-0.039326901781975065,0.051807812070289394,0.015898236127033005,0.035473923120864725,0.10318607243332423,0.04088198499883178,0.103791578126605,0.0214437142231787,-0.002925014941605908,0.07541404654251083,0.013037558689284579,0.03203552175856483,-0.0014763771638314216,-0.002290249746576656
2010-12-31,0.03666996295518232,0.030101116629943636,0.10719429968948635,-0.0120482384544226,0.041943754989216986,0.02622571610389368,0.10709176267972631,0.09630752888291583,0.0680373680075832,0.05584547234268378,0.1269605302178618,0.038626918475975325,0.05831164528867805,0.038133044133580096,0.027656366346068273,0.4179620193847895,-0.013042168312258573,0.07368703645050956,0.16450881228083492,0.06884874877602476,0.07698214140130188,0.16054341156777263,0.14128181976042065,0.004873955240326744,0.13422441685039943,0.04115906367269084,0.006605887414648182,-0.019668234164381126,0.10617454241993185,0.11242785079059625,0.1049084225150212,0.10316404036395488,0.027064353937155117,0.07912782526457973,0.1315214055987346,0.06555725581562943,0.08530666799380038,0.05338189093758383,0.07565776786427825,-0.07511737544643782,0.09612402691145983,0.01896536271404825,0.057026741680285875,0.13913958197104837,0.12916343288761234,-0.026748840551538255,0.022013104292873287,-0.007967694456788466,0.028298431870487528,0.0025557539601890333,0.06530004034715509
2011-01-31,0.051959650828584225,-0.04864912242234154,0.07374913904403901,0.12926834686252198,0.0032790247462466393,-0.05755551656087243,0.040638656631130754,0.03999970682468823,-0.00512440963494365,0.04547739162696196,0.0403286992916303,0.03625707504804043,-0.014477820486912929,0.02991140807073278,0.16574492587383305,0.05602923702918727,-0.1673325583581844,0.0688712281564472,0.1011476839952723,0.010758108657953125,-0.026997503847055238,0.04877284514475577,-0.10990336675839063,-0.0336296322271471,0.06062297748583756,-0.04439705332014132,0.0950697979276034,-0.04025487230179736,0.03946650284830544,0.08235106014709648,-0.006449345284585073,0.31421424123961317,0.0282742475515827,-0.004184578570432085,0.5532469324134308,0.048893573935180124,0.07107397914862212,-0.011378752594469188,0.03603704285906062,0.11505927626606316,0.05802589918180079,0.0930627324783031,0.0937561298224241,0.025891028959035056,0.011701628596557434,0.06758243013089271,0.04735123180121925,0.13680454708204648,0.02126085895677554,0.0396811988511756,0.022645574359139164
2011-02-28,0.04093495813870618,0.06510214042628037,0.04387294391563845,-0.030237654397911262,-0.06808303718530373,0.02151613746851533,0.06102449052603376,0.13230769782740115,0.043925218675042066,-0.12245874063258888,0.10113054031845947,0.1252894748518687,-0.021131504389425126,0.018979058948739747,0.05564420899734368,0.43598612453380503,0.08885407941370649,0.009549256676523399,0.04591722645104168,0.021720264255781663,0.00310374140948122,0.019037763799719,-0.07191312635020297,0.0372368705944619,0.03894096266572378,0.017024270404783826,0.08628214729145833,0.03568348498567797,0.0417530385175775,0.00952370658137025,-0.03580567509693078,0.05597749546589359,0.037598720608401415,-0.05609369326058755,-0.05267562769464873,0.08286898902705442,0.09645083312751335,-0.0012673637877321786,0.0009196640656772281,0.3566008153842859,0.09343933410519245,0.09984518076531956,0.10428646982077461,0.07690014020508618,-0.026576874769304815,0.05551236895750633,0.0501333723531352,0.03727191496777449,0.012399737534237731,-0.07294442039160509,0.03195656372809341
2011-03-31,-0.013306633104516408,0.019750491544000548,-0.0388405841329823,0.11581302545014927,0.041301508158227085,0.039471406116217134,0.08180331239134131,-0.04037283809288428,-0.019655173859003727,-0.07273364753740352,0.03604870221227663,-0.014860694017987397,0.05269010355431014,-0.020617296907468496,0.0552044330499295,-0.089959831543579,-0.13083638811888465,0.005780005261630361,-0.04158677218134599,-0.04343003860881334,-0.03162728125130765,-0.004189926280794398,0.1586257330325449,-0.035644448670884454,-0.012636542371941673,0.04538558049169361,0.1191046369301545,0.005417597701647514,-0.014278359188766965,-0.0795152938312661,-0.044770962110450396,0.030547989730140612,0.003890642890779006,-0.06794422450482307,-0.18534882777684514,0.06959203353293808,0.035775217078889865,-0.022997571412488815,0.06167285261451827,0.0033557816614819824,-0.01126965207200481,-0.0636874928013178,-0.07972531137032646,0.239040593994444,0.022771382256555173,-0.002807782673642678,-0.02948622639828924,0.06458573816855573,0.030605100801576413,0.008365004022210298,-0.0010473129391664893
2011-04-30,0.004648150853880928,0.07103211306342017,0.01176113966957315,0.19560868212875326,0.06361036421020771,0.087048178737823,0.040777892606789656,0.06504934614922431,0.10324607000548314,0.02157484287861733,0.018141347182760947,0.00023206528355212974,0.03410414199252498,0.04004809626535577,-0.04467264813496907,0.0820829930660385,-0.011796812791973865,-0.042819561630020764,0.019950177669053826,-0.0727043437290722,-0.04785675572729142,0.002428517558800136,0.16593054242707406,0.10919841963777932,-0.0048274873253078,0.0168830050055353,-0.07213339842978539,0.02917579574100415,0.06710841340808926,-0.04097043449421023,0.020874560343733695,-0.013077694003941653,0.026306211640573673,0.08224323952764112,0.08342371742505628,-0.022694191033514555,0.053754992180275574,0.0623085405546544,-0.0038022659141133675,-0.026755932848146702,0.011954173588727635,0.03908303546443226,0.04121884673169207,0.13573657612020606,-0.020240515249662305,0.07822277022950441,0.031803060335024336,0.08915891389844588,0.05227234845564843,0.05629212354690116,0.028495380666536008
2011-05-31,-0.00656909898025293,0.00403548196680692,0.03219081536853441,-0.05509180906770772,0.06490789088464011,0.004494216538089457,-0.08326854839489983,-0.0370090120134714,0.022641094541564266,-0.04109619636645745,-0.033980407911897714,-0.03410661495928502,0.04018194790071328,-0.09672471301875918,-0.034586945182419226,-0.05138663153992262,0.12056039016494569,0.01922522999256704,-0.03960878010768765,-0.027715359565669173,-0.0656749964503286,-0.0234188461232413,-0.04058441658972245,0.0327694570825412,-0.05237794844424204,-0.009635551994918834,-0.0839111664294202,0.04900919864982001,-0.025149918448725384,-0.07609955296475601,-0.028783523554734902,-0.0989399262757995,0.02439454697461363,0.05104572637313343,0.001999975135373866,-0.06771860916597028,0.01644317386971128,0.03235753353002169,-0.054066579938348625,0.15005732970303476,0.024260380215366917,-0.049547920218569685,0.030208008901539074,0.17594024783568152,0.07201563320869853,-0.007643480412981463,-0.006473233724965,-0.005687259348943985,0.019216567791772166,0.011010739111479095,-0.01350095289522324
2011-06-30,-0.03495940854480817,0.0070820496024328605,-0.09182790086898651,-0.04063604686820754,-0.03617433347293464,0.03965624863935702,0.006238038438765026,0.003962236816689169,-0.01503425139879977,-0.07083323995962021,-0.019731004025263843,-0.06221454981447516,0.03064228722362805,0.031164196610378614,-0.0420553648272568,-0.22957868013935945,-0.029318557645455212,0.01048246240654338,-0.031817904300119215,-0.04279631080705182,-0.05428832703537212,0.005850699605420839,0.06824596858780674,-0.01144300224711714,-0.05319109702492808,0.014476251936030415,0.025640868043649068,0.03409371147166462,-0.05331712698621416,-0.04759921425913005,0.0395840801659022,-0.2666666506864387,0.0010453871044164842,-0.03633390658015079,-0.2045908133712817,-0.004110970360560295,0.04107459939010916,-0.05119415499073998,0.010016827429539576,-0.1563744721901824,-0.031089764128894304,0.006088223423549977,-0.030722181146507155,-0.05514828771073765,-0.04519589172166316,-0.009241487143544336,-0.06997147832823314,0.057217342716268105,-0.005430131323553855,-0.03766750371918792,-0.018257461652479323
2011-07-31,0.1632853024239378,-0.01584144989667946,-0.11891896940346025,0.07366484493790804,-0.06255331741194237,0.08817064190318868,-0.06812594228180269,-0.047845575396014195,-0.03680468955039462,0.02694726911025569,0.011473845195373311,-0.01075832084586037,-0.11316043267478337,-0.12728914419723936,-0.02280943762760046,-0.14062502494614026,-0.15210881308903768,-0.08561450352084155,-0.05037083001743403,0.19216790690875674,0.014125228471762119,-0.03561565652013898,-0.07919746344794043,-0.02600704318519398,-0.005898244422895216,0.010699903172238345,-0.07994209659860985,0.02561697473989266,-0.05833697505374691,-0.030968710194422044,0.053846501587335505,-0.014705869855035858,-0.038461789347085995,-0.09965855847982241,-0.13237158705939167,0.0666665532422408,-0.008968315114030068,-0.024795251186602085,-0.11945681042841638,-0.11688314247274567,-0.005859289428754133,0.003403916559661546,-0.035393732742038275,-0.06436250072909266,-0.07988557277996411,0.0527318692426455,-0.08992365394692492,-0.03780519283987227,-0.018390758201109803,-0.008091937256623494,-0.02147442530666621
2011-08-31,-0.014469025927216661,0.02318826289863196,-0.08913747365435898,-0.14065175052403012,0.018322611628092123,-0.03276110304953761,-0.07885407298189773,-0.10449634485849357,0.006893346637981246,-0.018785192532782435,-0.04218531500824152,-0.11807382329894067,0.07199977992530981,-0.04437084100721245,-0.09225503705786009,-0.028571402031326354,-0.12740696656410622,-0.059582979903207156,-0.0893360848487722,-0.10391080335696956,-0.13631523215840546,-0.03729385106729277,-0.07855509158718199,0.02463694298534369,-0.0714465440064116,0.03587700723188969,-0.015843640559496497,0.052515536117698325,-0.02718460461977079,-0.21348350396713633,-0.02306962459826456,-0.1981005498373445,0.03695374916949645,-0.2083337720729922,-0.037599151477590964,-0.008275819168127474,-0.025965047046825007,0.035615423584626216,-0.06564570021288496,-0.13636363346598712,-0.23575604553769802,-0.05163957916183892,-0.05638482539675993,0.11251404186662506,-0.013716950366129632,-0.00858643754660493,-0.11899137683554062,-0.04251502624905468,-0.09580896213508361,0.016406049335332407,-0.05679110795232889
2011-09-30,-0.00912120247485304,-0.026090416687686524,-0.042393015234833964,-0.19161676532722072,-0.007942305389507243,0.004646121395208258,-0.1885715920765455,-0.02742921498323425,0.045709221710644954,-0.010848876274846653,-0.06323324488250281,-0.11450366207648288,-0.08476766107575362,-0.11256749902373242,-0.2330704243322792,-0.27005347269727975,-0.12896894302347195,-0.11220361715044058,-0.05788002304676143,-0.047914728431882825,-0.1864563196318213,-0.015278681190458276,-0.1306782493886277,-0.03206739187068974,-0.19808284944325139,-0.03448141589368159,-0.13504802548947303,-0.028647088086205863,-0.05218129043080344,-0.2279999233302732,-0.0642860166525624,-0.14720794584681862,-0.0476024974396021,-0.09808607799779434,-0.06010492357155628,-0.1721711484442915,-0.06854729164524243,-0.00785176618590333,-0.14026982593774773,-0.22910216878234246,-0.09994960322760282,-0.01947531452129725,-0.054994045079014175,-0.014060551881749483,-0.01874825419438153,0.015561856816017405,0.01678703133766568,-0.0260961098332555,-0.11391983190397503,-0.024252802035286347,-0.07176198808089651
2011-10-31,0.061523154309551575,0.06306547635722515,0.21679767292419583,-0.049382784366241106,0.04203105503205551,-0.012579168908284366,0.2863342477109807,0.12702426965749036,0.01363657288522413,0.20022455877753598,0.13457138748448427,0.15649889989141497,0.10124786746875647,0.16485150448342645,0.2618943054961371,0.4157509093529075,0.4630540813983879,0.13768033517670442,0.0978973852283418,0.15066768183576595,0.15864588885534991,0.08913906354627521,-0.01431637834232291,0.01099101129359692,0.16420907079855773,0.011249323766723718,0.07992512621414072,0.05727614291445393,0.05308838189921583,0.3096348431228326,0.0699077359477609,0.1091270809572853,0.0440576238223116,0.20719158669614068,0.1830533569331505,0.1836448074970427,0.15157417356767788,0.021077665942442536,0.2917791570979331,0.2590361359261657,0.22721604721698863,0.10093221271086561,0.0610736547218762,-0.049828263614904555,0.11288998757634827,0.06237636580664474,0.15945449864188244,0.040546245636408074,0.21917506387825592,0.09287152826496103,0.10772303843744147
2011-11-30,-0.05578356887766378,0.012622974033500656,-0.06766405241220264,-0.012987000923330161,0.01613787434031022,-0.09938643423175819,0.03620582954750007,-0.03326171067263417,0.027555436646605314,0.005936204042419346,-0.013490290559745155,0.027809477254229886,0.05906429799978019,0.094429202948483,0.16001338094380646,-0.4036222351695471,0.08734970752885851,0.02913193457720986,-0.04787546222828998,0.0113897308776445,-0.12157921457797694,0.10411473227813262,0.0,0.014452653916577907,-0.10903319981653381,-0.008805811322465162,-0.02627137468927221,0.03649426515532239,0.048647354368289486,-0.16156502120218785,-0.03219577565652598,0.071556050012894,-0.007037085924964659,-0.10083046985261579,0.05608094741705849,0.14090782534689605,0.1016460916056352,0.009063951119569147,0.01963039434677616,-0.0765550271983505,-0.06518814381333116,0.022459513804082176,0.06613249783700659,0.07450267706916236,0.05428602386140646,0.050299124791192806,-0.020501323771987767,0.016253208042861678,0.04515561270756141,0.0384344921101929,-0.005058715107011391
2011-12-31,0.05965502083842056,0.0307973179554768,0.030999284431242558,-0.06052632156831739,0.10878925363033631,-0.09979721340026226,-0.07437727579182263,0.05085803932424615,-0.023212482031625847,-0.03004281110445417,0.03481786068960724,0.06359063533178944,0.01759927143356199,-0.10832554166316188,-0.050415017394485284,0.028199486732911616,-0.06113417771690277,0.005298833779283196,0.1366303872157102,0.07759573882641857,-0.056644948645591,0.07190241390782903,0.09005081553349115,0.013288320778320095,0.07361927132720814,0.04075551406368283,-0.02832367293802751,0.050356084119792976,0.04995871729926615,0.022988839007101802,0.014855284430704607,0.05008370468520118,0.09812422824655642,-0.015204910507215952,-0.11324355960778698,-0.03006717041027518,0.042448626020288316,0.033142359157975365,-0.07888385701765033,0.050086349527404206,0.03845911065519925,0.018365198835603946,-0.0018248921505916726,-0.06714895628449191,0.028101396608237073,0.04619122912034834,-0.03289061425361839,0.04268758943069617,0.02446555626191982,0.020940366351152928,0.008532763666636134
2012-01-31,0.12711104539875895,-0.028681857414778356,0.0948001507527314,0.022409009417533987,0.057934680797229854,0.12328138902585839,0.20979917101507595,0.1210458855281098,-0.01260210077775148,0.09045548580306684,-0.03082706427902515,0.03733341770475751,0.0454938768535762,0.10281257377352393,0.0791281166000235,0.12236295960967758,0.12834522017222794,0.04830539357431518,0.04466755104508424,-0.10185804194537973,0.23266609460285892,0.05589894108543625,0.17921389027573698,0.005032103294002388,0.12987990742816358,-0.034871802382787864,0.11368190984278703,-0.012757511392931686,0.014739052316626422,0.236045654256555,0.13751866950399072,0.20826690633896794,-0.016918684382858706,0.040529724693792346,0.06565624972409267,0.053327555945041016,-0.034025405950589116,-0.0474670794879678,0.058098387907542515,0.12828950980198406,0.10912883756922165,0.008486447309262957,0.0753200833888521,0.6391843639680237,0.09252793733027986,0.05561577824392083,0.11820709141483943,0.021901846897257382,0.07900691208711241,0.026773868704144776,0.043583062704985354
2012-02-29,0.1883105802345777,0.04542975775804514,0.0626816988331711,-0.0136986820351932,0.006557097193116812,-0.07585889544072666,0.04664586267105286,0.10647152202790444,0.0490453027271085,0.011704477169906191,0.06629520076756434,0.07943450093744131,-0.00727982383624981,-0.013179211292761561,0.07273396794058784,0.06766910621448763,0.04359446562411007,0.05884877510205766,0.027177488016202567,0.06574626781537463,0.03604352816321521,0.07163814121702394,-0.041808002631063435,-0.0038714182868401226,0.05201067452889396,0.03450287212186742,0.07455434335809397,0.009361935336277938,-0.011666926768545305,-0.005897745397490106,0.08191558681115407,0.1250003136645601,0.004282395674985562,0.13937476737288623,0.025728036908380325,0.11993695894225365,-0.0062527366423125175,0.07265269325873125,0.11813262564667126,0.02186590268921562,0.06149479659413437,0.12272096600470817,0.060762171757512196,0.15331286974900893,0.06176530689357085,0.07753488244713336,0.02995664159963707,0.07646234793353668,-0.030351275272907374,-0.03715804221931629,0.04058946376811723
2012-03-31,0.10528307538644999,0.08267037162788782,0.04317427819988029,0.3749999834431539,-0.000588057372161277,0.12699647200473074,-0.06733219254272649,0.02040115794560915,0.0550778227161457,0.0638835259434285,-0.017503346280039356,0.04262901309659051,0.03210039000139031,0.037170167613258975,-0.024240503365117738,-0.0880281716744784,0.0800256698356292,0.0020482224198026255,0.053543310482773165,0.03718554834752874,0.08016341883201772,0.06411066835400869,0.13797171455806412,0.013522103204257396,0.17176394766078595,0.06716310409655124,0.010367314689733842,-0.011885960890331893,0.028068983724464758,0.059331195866865194,0.016383038689485874,-0.05263180470677298,0.026382079059434238,0.04116254017809573,0.016501571326574593,-0.007001807564517182,-0.011858685103860234,-0.00606331774024238,-0.05856835170950725,-0.051355224216851125,0.07894443000567919,-0.0015616019767946687,0.09456373917528893,0.11289251352630725,0.05351469922118568,0.08467660278966815,0.007796133163351593,0.06032023146312748,-0.025124994377317078,0.042817491522433304,0.03133231453144192
2012-04-30,-0.025969247892162484,0.02122385611895572,-0.02215103776772509,-0.06666665382256765,0.04619678500627633,0.14512869305691556,-0.031123855844431447,0.016852288981877406,-0.0288548097748903,-0.04319627691866035,-0.0060631617102275825,-0.015303623357440288,0.03191831373702003,0.006899248894735921,-0.009976219726288371,-0.07335900582947252,-0.0076319945676180945,-0.07332860292400445,-0.024413988637530193,-0.05674948093468768,-0.07413365521640725,0.029417587653511656,0.17409330275514057,-0.013038411888922963,-0.05912733849040608,0.031212075415482543,0.007846554334892675,-0.006625825492775128,-0.019234282167119976,-0.11758850398261933,-0.007439485684643143,-0.18641967952475968,0.05353597435419366,-0.13267806946107508,-0.15584423488827825,-0.041937168797128166,0.059461177783340036,-0.04510765162062824,0.03713778762702313,-0.06917293707520711,-0.007218659509754977,-0.07225527048765823,-0.06215080756627944,0.1598352211491727,0.1068371733819804,0.05036503718050955,-0.044606910291475343,-0.04733630229549901,0.04614853719708578,-0.037418101273633875,-0.007497452372495994
2012-05-31,-0.010702326017178021,-0.004350800770847152,-0.07451564998065363,-0.13636361290647525,-0.017362107867790133,-0.08188875050079214,-0.14741643087017098,-0.04744662087631446,-0.017057077591313252,-0.18998036264313944,-0.0691177422822199,0.06031077219875325,-0.007536415497196747,-0.10251876834291862,-0.09571034257782274,-0.03541668115390617,-0.22735750753426254,-0.05170373744361534,-0.025025576874980082,-0.039662718155476506,-0.16493787812403782,-0.04168508812015126,-0.05957636321978632,-0.03167781631251876,-0.22871078633568864,-0.020833853236733813,-0.1655651365446259,-0.076044466337858,-0.035601558570848235,-0.2268523648435785,-0.08240064148505766,-0.11380871259875058,0.024820272760983197,-0.23358255295318475,-0.04384626030209671,-0.10146183845631018,-0.033764154531152,-0.02121305682866037,-0.06331920152425152,-0.030694677780952362,-0.10570506986155781,0.05967645689179535,-0.09828578536983767,0.002883438307447639,0.08137936033001147,0.020810390736480944,-0.10832838932206168,-0.006767193606619815,-0.003907790038052528,0.12487918782000618,-0.06265072571454366
2012-06-30,0.010852764518267222,0.04337265630919118,0.04251206851073608,0.2305763999189019,0.04876354258781812,0.07251884325323021,-0.030929236069864308,0.11168390069476897,0.09966431722037816,0.05143930944339248,0.07313627250048271,0.061036880770882096,0.08741672056236038,-0.004062291444460353,-0.09254791629726233,0.19438446503712625,-0.03788177107821078,0.030463608001034537,0.10406183760848853,-0.0013600058019143102,0.001672208242612161,0.0739765571562645,0.06522765517749396,0.0821717958304733,0.0778274123767011,0.053445254783477614,0.1662174644699459,-0.009066514674923809,0.05130297342395029,0.09206605689476,0.047961706808575366,0.08047934896693554,0.053106729454781565,0.06922073560583208,0.11182657881226477,0.03548246529325949,0.019640956928689945,-0.016696211630639834,-0.059456790816456495,0.016666650772094727,0.04825956507488405,0.029271337733985936,-0.028441227920311674,-0.15798007710133855,0.02090413938833291,0.011069167028994187,0.0073736016025434115,0.05282774870231899,0.07100515105187322,0.05925251508627927,0.03955498222833631
2012-07-31,0.045822078879597994,0.03659082659212043,-0.046030269394000456,-0.09775968105711397,0.1329033957112704,0.021677287456954186,-0.0019078255876177064,0.018142068203917283,0.012420691243929971,-0.06670589879319111,0.03867256200643099,0.013195810567303567,-0.04494353934876871,0.02554739313284471,0.08970477612759176,0.13019887212926573,-0.06207312632303641,-0.0307220304193766,-0.004318654987299997,0.0911958013337506,0.052576644778182136,-0.015286210691505486,0.10088101018557749,0.024571029688349233,0.015957935664655754,0.03337987417518229,0.09244977230342188,0.009375145654060724,0.02461628983152342,-0.06012710402543253,-0.03661331194030615,-0.015847853292838443,0.03037345285186177,0.026712920423330733,-0.020260518895735102,0.08002506851091917,0.05199679980267047,0.06285474467372665,0.04474540943444505,-0.040983607198115,-0.02708387871748652,0.05038631942582561,0.07183902134975817,0.17886509742238732,0.015111107144238467,0.031447009076925436,-0.04453556520432733,-0.12666651620011782,0.027659486504619135,0.06755559419924984,0.012597574204787909
2012-08-31,0.09387649454637792,-0.011612243452244986,0.012629576023194033,0.09932281586238156,0.020448240038716703,0.06416629856391287,0.013300512296105627,0.03010712123470838,0.02050079613051836,0.19623843249186534,0.031738855089959106,0.006715908254582015,-0.021696137145312377,0.07001523684110866,0.10498960395662449,-0.2912000274658203,0.04401371526278486,0.032629818546976,-0.0019276077715100204,0.08234225117341998,0.0523746926328974,0.09317565154502061,-0.19927969539207002,-0.017007619794083495,0.03166679012798679,-0.07425770109552143,-0.07666060424506715,0.009335867460284808,0.03145613428099625,0.09809636593173332,0.05273746111134181,0.0,-0.04223183997050883,0.056626864992994186,0.0361888539837294,0.03920756261170455,0.007893574908647949,0.04105976951343382,0.0007854735046106676,0.0034188002141120055,0.05691300719023906,0.00206012626611618,0.02982557835130173,0.09951731460549995,0.0679258447952169,0.03673583614141274,0.06607926083627436,0.0628301211758806,-0.004707089754763638,-0.01931114978791071,0.019763369506085704
2012-09-30,0.0027961390868727065,0.04607897263897076,0.037415994621606385,0.09856263456942194,0.004408758301911675,0.024368612817364577,0.00832042059605076,0.06591143160080715,0.023398460988720338,0.0010483432428598505,0.039229554161085645,0.05680171019645841,0.015310696222499809,-0.04830457195108506,0.034626300076281424,0.0902934787510914,0.07334087273106893,0.009311333174705005,0.10494579711250718,0.10131510157094525,0.07529309289757591,0.06378845217549389,-0.09795107293363658,0.02194885875292485,0.08992974189982883,0.021064755637289156,0.10113211830607072,0.025254715297903907,0.06050195500154665,0.11600001994633002,-0.034393054817759006,-0.037036996207257644,0.0448667029948171,-0.04750896399108118,-0.04918041457221389,0.03193882795988623,0.0848866444110743,0.03229664808582333,0.045010920544948485,-0.08517887729948026,0.03316390523959267,0.1518356699696275,0.02062942180843197,0.031138175713248728,0.040746529829760014,-0.021839117010051368,-0.05096383345807032,0.024575241833165284,-0.02256274043817874,0.016528594389789486,0.024236153617775313
2012-10-31,-0.10760028452629822,-0.037658037388854315,0.049013570280449725,0.014953257034038936,0.026100381678606954,-0.08426390830086672,-0.008342959125529958,0.05489519784580166,-0.017272627433687848,-0.09544301005761946,-0.05422092272441181,-0.06044376498893678,0.07390847253916077,0.0033148876643653846,0.04125229821953602,-0.01863357225869966,-0.2107225074576895,0.03750540204750896,-0.07265516473476186,-0.09834343805999035,0.07661909310783521,0.016730344659562135,-0.11578943419689203,0.027716794462305128,0.03724930738561105,-0.01977268758927464,0.06113650284479322,-0.05395144219451298,-0.029944369011974725,0.04128739617669819,-0.04099457633600356,-0.0919734837191678,-0.003838972799214857,-0.18156901278573634,-0.10194894296975565,-0.052850765237681285,-0.020906571728025347,0.006467366327952195,-0.0588654543735353,-0.08938548031710292,-0.021124565458837785,-0.08796540237824002,-0.061789890069682385,-0.06786315193443859,-0.042508590681673786,-0.07055137842041326,0.026685780862165,0.01064795061707935,0.03647840432434357,0.016530954588447555,-0.01978940971629395
2012-11-30,-0.012374023339900453,-0.007633761289737584,0.01704383931413922,0.24861886264235422,0.031048540792624868,0.08227061714183037,0.005069645126105193,-0.008793012538868328,0.0588188766660136,0.11078282705908649,-0.03300709241680644,0.010993646270594626,0.035632573494517095,0.04575757323446128,0.009700458551279212,0.02953593883607475,0.13427781158766416,-0.023208177488053372,0.0033238566538005276,0.0265619905132759,-0.03350368344352883,0.06489250637918476,0.10275691349642169,-0.006684213080048296,-0.014395832295947097,0.026900818005779037,0.03719125044746319,0.011770036738061984,0.012746921939788214,-0.0293438914720604,-0.05960993253855218,0.09944763371875687,-0.010515271400349802,0.17837188867913212,0.005612139503492042,0.010118120135974351,-0.04470957729908176,0.008521127414463425,0.049719873354395316,0.05316978240915504,-0.010207072700442188,0.13055621807439377,0.08548060598176344,0.24068854222467473,0.07246573454858818,0.06802279221265706,0.04912757198559836,-0.028750039173004338,0.0036329887601331823,-0.03998945580856195,0.0028467166850427716
2012-12-31,-0.09074311769562615,0.007692483875367362,0.08870267670281429,0.054572252818490874,-0.02927937134007863,-0.004681612016455339,0.05732304709353109,0.008746317939533066,0.01726704909933119,0.03913270636617128,0.023180925978240285,0.01801406951258433,0.0007592392468287468,0.05435017934583031,0.02695093574917351,-0.06352457694871516,0.037041003516215865,0.04952561774610942,0.0024399894990208004,0.012901271088870514,0.08294427501800272,-0.049485094241786376,-0.05624998577616458,0.005306461227136738,0.07035042954608439,-0.044040189922870066,0.01302326479083038,0.013441844979372952,-0.019907014011287805,0.13337281546377477,0.003380728112744702,0.061976797883872115,0.006985975798900146,0.05802579437399702,0.024226629279666234,0.021070781024535412,-0.04724762618225664,-0.027782060434100142,0.03542308297649788,0.1572815393747582,0.08373598548691286,0.08608231509892095,-0.02381932550989374,-0.031039291362035315,0.008523466539568814,-0.04262545223135239,0.04818460845038208,0.0012172302837047955,0.023945142778162953,-0.0473665374335156,0.007068230956284616
2013-01-31,-0.14408919844569645,0.08253461909002602,0.003980932183227814,0.15804190524919015,-0.008584858209737423,0.05831703073707506,0.09798026094080337,0.01927184333761467,0.03656410444704483,0.04681890275724743,0.06482355250557847,0.08214506994850002,0.006954156803644862,0.08100475498178628,0.0361014036994749,0.019693582575515345,0.07956763361943886,-0.04287561711467669,0.061458203477024576,0.06829448588404419,0.1591409921068434,0.08197299480732179,0.10656222067276477,0.05449310127286422,0.07739886904631654,0.027310466418210222,0.16125829903850453,0.08026320737915582,0.13603120845312588,0.19508369964028227,0.02770552216875455,0.19242889385887985,0.04133556711354269,0.07302567555474915,0.0,0.17512533978313827,0.1080704535610102,0.11606110856085072,0.09299308710552179,0.0050335122112714625,0.09345024942684987,0.12699568015119467,0.06724861154550776,0.016776670461763787,0.05408936242086382,0.06431107646073375,0.07774727717759156,0.0178833420500899,0.04565700090531788,0.02520908742622563,0.050428096466868855
2013-02-28,-0.025285839883870453,-0.0026563300726046846,0.03912237564369869,0.06400974682825544,0.07709617412325454,-0.0046327380346018465,-0.06118516704838217,0.04490522153242127,-0.007618145354821193,0.01409836127212638,0.025289000712272358,0.013177397741065633,0.057320302893838715,-0.0025661293131661322,0.005840762744751871,-0.02145920770536125,-0.09963765467110197,0.025188779385360904,0.050718032016171755,0.06022295309505599,0.01629124441156038,0.02360991607040419,0.20946684207079969,0.03786297470593025,0.03974532668359965,0.039742076025152784,-0.08042235690121313,0.01451997925667925,-0.03519355762116405,-0.010965175066524502,0.021135145104089315,0.10846547893075442,0.006694834106310221,-0.059999989865111125,0.03896176515116756,0.008968225992243672,-0.04296995081850308,0.013570990912777248,0.020914340926583286,0.10851421038470166,-0.024060333014693125,-0.01352228818068113,-0.005755813142374611,-0.03989864660237297,-0.0002546865792975028,-0.0021208219640019843,0.040810003811676765,-0.03187819819794946,0.048410608600892635,0.011865045581686884,0.011060648765041536
2013-03-31,0.0028542643083202535,0.04527971803556463,0.10709740364784426,0.4971621966116959,0.11971573928731516,0.00840050409375892,-0.05846041286687853,0.05503897760624321,0.04758676205767287,0.0019174983413197122,0.014255163193924947,0.040483762264884815,0.05057661857343576,-0.014638549292709913,0.018773349739986678,0.013157882353605599,-0.05665570747464943,0.03736948412172447,-0.004306755680629992,-0.008749327997907175,-0.017427777072873463,0.024287278528905665,0.05308143632364071,0.07121265088733053,-0.02984532365147219,0.05198194612109597,0.031948668202909536,0.03952036629346023,0.04448415628263214,-0.025277062505716152,0.029136720439351338,0.19093083521860943,0.08084101729019944,0.00945602062834916,0.013427616019594524,0.0443465317775813,0.059569249655291756,0.011551570278618861,-0.030694455572933266,0.006024090761646228,0.03404699254945465,0.005439598649042754,0.023569680762839162,0.056287295251387315,0.045175737834892926,0.039581847179285035,0.030496434213725054,0.07450070672656484,0.03865492914338864,0.06404093903009933,0.03598772398287298
2013-04-30,0.0002709427109843787,0.04925959037825378,0.035845619413653385,-0.10235022522693504,0.016583827225270742,-0.047581509289708945,-0.020192143171960608,-0.011606645827374584,0.021863806191531276,0.00904824873754606,0.026847698165299638,0.10633787443725118,0.055375005085541495,-0.006443742634303917,-0.052566213378774984,0.12337666358889954,-0.14200719876353796,0.05747027778493652,-0.03590004493771959,0.03825289135391774,-0.007339788748650267,0.05116048669511497,-0.05382316262685172,0.04538226605877238,0.03911596832405828,0.04673589834227698,-0.12882719192031777,0.02457601852894631,-0.0004716282927259563,0.010090735973323106,0.15693799362648675,-0.056112123508173406,0.055998626604015334,0.021370370884631118,0.07326611102432579,0.05661771136056282,0.08499727489743991,0.0035562146677121653,-0.032867066937976364,0.1811377349163661,0.049275070110030184,-0.01579741985176364,-0.07977304448952205,0.2196146929275382,0.08419705868708816,0.04320925333565029,0.02855067287396129,0.047544243881415094,0.038971934495672045,0.038620421397949745,0.018085767779890016
2013-05-31,0.02241927959405232,-0.006771855341495381,-0.04813668801024118,0.5194256367628556,-0.031052861298681456,0.06063589007672232,0.013346226062242783,-0.027360844001823592,0.013888494068667878,0.1529643954700579,0.014178666292945064,0.0038192690612552926,-0.0017729711347546084,0.04237278751143014,0.06553372481348974,-0.06743736045737414,0.08870860594302177,0.04245511408092084,0.046209300541689036,0.056574878317817046,0.1131125506779107,0.07239325941125418,0.0009029552193282608,-0.0048953793777885,0.11385436964258444,-0.05528012667100812,0.05915465598085112,-0.04712523297673521,0.09275961065410687,0.1693009047953773,0.061774324886200827,0.2399151287551642,-0.07003592392811042,0.07566619302468247,0.05617325784412097,0.035980517732309814,-0.12110584221395482,-0.00013028307452145338,0.13180878598694767,-0.032953074327552345,-0.03933265871964731,0.09344768809777482,0.030519646648984988,0.12429107403357831,0.032266146488745706,0.04070724893811284,-0.008284918101035044,0.0450526935792368,0.049603148914822315,-0.031280676771043625,0.020762811683057825
2013-06-30,-0.11829278052104619,-0.048813521796553294,0.06175720194132617,0.0972762658290589,-0.018601185025768352,0.031537853678727856,-0.03857824019221656,0.03933257492627895,0.008574232336938659,0.009120941987222908,-0.035926824035098726,0.0011097580562775544,0.011268348301157749,-0.050817953382937264,0.019984301851772246,-0.061983508528291376,-0.17317625515277535,0.01595365085746936,0.002367288397050027,0.01050257265339205,-0.06681951245978623,-0.010247383506998942,-0.007668023261566126,0.019957262895142103,-0.032972560208873514,0.009933795082222474,-0.07716942904807844,0.0251631864255899,0.009017573867211803,-0.056757251200680425,-0.010315263260167962,0.22688333159589424,0.07749269129381631,0.0066612507446661695,-0.029717075073176002,-0.0038632001529256277,-0.08484706192145375,0.002996105323534781,-0.043704377288330876,0.05635652670069313,-0.05729641616028813,0.2043031877748076,-0.03231438349085192,-0.07028280100616058,-0.06327882747392766,-0.01086751428735011,-0.02951845858771862,0.05011164640648258,-0.0021982152273353206,-0.004676334615053013,-0.014999301595580827
2013-07-31,0.141225134270472,0.054421209117938574,0.03775235632486584,-0.005065875513131424,0.09760758684636772,0.08473480201495254,0.01209852670881939,0.08482740192742089,0.061951958268184226,0.05875020678429954,0.06379914262517117,0.02375292500581172,0.08158225064036806,0.12522904539229018,0.10631256718036508,0.11453744169510349,0.27616277844793724,0.09727018609194182,0.05088414061254465,0.008382727983037741,0.08449588580041478,0.02013681779792753,0.06409090215509594,0.08898208293138898,0.06339056671034649,-0.0007478604701356417,0.0016005586727294574,-0.009293045551416856,0.0790512314355789,0.11580882951481053,-0.07817035137249884,-0.07606414249252447,0.06295996762905509,0.09266034503357878,0.028490227307056415,0.12312990678809776,0.28177202880012886,0.05080494217994547,0.0825989894148853,-0.050868523933496945,0.016966518962525212,0.06011026734145508,0.05680150990506205,0.20090698878627067,-0.013759801547783779,0.03955256542607111,0.13235358467525593,0.11255344425249025,0.027935965680818242,0.04631449564635681,0.04946207991308538
2013-08-31,0.08376650022876686,-0.09009010823542307,-0.032360381108276104,0.0784114543475507,0.010405073572093526,-0.06719341960283554,-0.0044633905999595935,-0.06632620205549455,-0.04478838375460936,-0.08909749501732567,-0.03546839750488684,-0.05908737661427932,-0.008573960067389308,-0.009789451187244058,0.07945528060237739,-0.00988136649468807,-0.05034174993973817,-0.024489901102247247,-0.05047183001295541,-0.04601520189249675,-0.0695115473830098,-0.05744685350746004,0.4476719184342435,-0.06886597509637771,-0.09330720938590675,-0.047405600255941316,0.01400394283279982,-0.030155891577285265,-0.06317887979258097,-0.0532890350712516,0.056386898123053975,0.024924486474044993,-0.06454894700370539,0.010214304432787369,0.02661858115254301,-0.040624907830131174,-0.021495313409496286,-0.030012116545918843,-0.028024551983053536,-0.04836599750935178,-0.08133426059100446,-0.18176091987223641,0.03205664076850079,-0.10275492303341882,-0.00733926205211799,0.015877976929162818,-0.02501248636749065,-0.015236926494144543,-0.0268375127337086,-0.05795269783173196,-0.031298019479343964
2013-09-30,-0.02148884457792466,-0.004200213032148681,0.13530051643079744,0.3677997590148787,0.027354579785095146,0.11267707361206414,0.010419515942212465,0.07668134830084283,0.02949886648556399,0.005148345402529397,0.008884933486499103,0.060167701087805225,0.08371340254707738,0.07172429561019444,0.07787337555116625,0.16167662789914128,0.029143684159526284,0.05129094414905655,0.04036284480479124,0.034254271040580875,0.03996590612416551,0.02361693803770848,0.1257008619932778,0.003240381736312248,0.022956947261528082,-0.0006416876197318233,0.07366472390736978,0.01960600968175319,0.028985463150057456,0.046195481861792675,-0.0035926865748411307,0.2873986542657261,-0.0024885002344852136,0.025999177464296475,0.05491483142387321,0.04717716081184764,0.036547361642526255,-0.029529083096705322,0.08774366636242936,0.0769230668462142,0.07558278670477492,-0.0051972582873546225,0.015691135993071148,0.29119734505871375,0.05672854103547942,0.06961302388849311,0.054711507003479154,0.0019469496548674137,0.011723254120942217,0.013428829999968972,0.029749523259195332
2013-10-31,0.0963817562581546,0.10590273725638921,0.04389685510737973,-0.10769758390869266,0.03770587514604529,0.16437435865524108,0.006520681805269213,0.05496434793045868,0.02457217798949296,-0.030094828809734353,-0.012675251443199476,0.06357567966378741,0.07330882026413721,0.03508499667723819,0.0549705485746701,-0.15292101667905866,-0.049761062400109246,-0.0036018175453432777,0.09418149495392858,0.17658212353190605,0.01674977278063139,0.02689510410910012,0.022280430933783846,0.0682897064713508,0.004443619486850903,0.04461465597124592,-0.06873223429871267,0.0032216956667876495,0.08360347424423376,0.06789100387139357,0.06400253553336377,0.012020598807490401,0.05726057133237483,-0.08600480369774965,-0.023778345879519325,0.057114799767894686,0.06677306909577041,0.07661536141485703,0.07358359589609997,0.07142850191878303,0.061935089346622174,0.05185753499113477,0.03223418093528285,-0.08076823782561371,0.03194643200091396,0.07802816887790831,0.05237434804645269,-0.04678096402713927,-0.025363417911590358,0.03772302304090891,0.04459575276194472
2013-11-30,0.07005251592326456,0.044870366382588234,0.04721500370634901,0.12185684998242063,-0.01364084880496641,0.08128449973110707,0.01487534111303046,0.04768905297332271,0.06566414786923502,-0.05806696826466251,0.029244069668503903,0.028429768377705056,0.011037173763267294,0.00682894752552432,-0.07511211647206995,0.18255580663391746,0.00883003694651685,0.05806315391096062,0.019892651479504364,0.028149291272976162,0.053678923806522505,0.03569139870227489,0.1948717557466948,0.0292709563344693,0.110205989099315,0.022782655482405323,0.006677385171062866,0.01719708980518786,-0.0013940532703720088,0.08945368225195693,0.08498086083959522,0.19343888248942243,0.005822016719579048,0.06287071592898785,0.03255319749679342,-0.09861246858589512,0.02778756689725581,0.042971895085153644,0.013529414563145936,0.02857151615376763,-0.05056329802589987,-0.0062546086486855446,0.06391302324107806,0.021766120460665173,-0.02379055520452733,0.036817625045506785,0.021620728130848255,0.09112223918642437,0.07549463262497058,0.055504753175795285,0.028049471367328715
2013-12-31,0.00890199357596333,0.0036658095925865553,0.054596730459048226,-0.2258620426572603,0.0,0.013134548857432149,0.07340408023777045,0.04604810264690351,-0.051104354796863816,0.055529330003120325,0.020173272987390023,0.0964447166364173,-0.024450636175695872,0.047618562501228645,0.017212564645813222,0.051458009375780156,0.10454653842433248,0.04243899076591817,0.05989504816846436,0.057682676331531235,0.04924802005741569,0.025716130074464605,0.08648074519213056,-0.03243166314682455,0.022020060038056455,0.02786834979585806,0.08325762535861969,-0.0034918820313838417,0.006131885778723367,0.001917044236872112,-0.018882553608455366,0.030805663479500867,0.012176600536960569,-0.002667032829577143,0.026922832249495876,0.021894159849290995,0.07077679278823479,-0.033364419036139736,0.09164975623439853,0.04513881645269158,-0.01826236551865379,0.052202880488440684,0.009105971038507743,-0.06336358923744534,0.0025679789737464986,0.013517550281550106,0.021162726616095417,0.014863471657260652,0.03678128759339061,-0.022983828986068877,0.023562791975445974
2014-01-31,-0.10769703200427139,-0.03822180634581229,-0.011523086658287718,0.05300661854201083,0.04268938379663956,-0.10055422587303797,0.04089569052367459,0.04771932250493838,-0.055956820167954224,-0.0157237770634987,-0.10631637598808719,-0.0496073449454314,-0.035772681171208465,-0.06041609845966833,-0.014392101443808425,0.12234910048911196,0.1778559974043601,0.06650630193045304,-0.10346065333405219,0.05376948254481806,-0.0741278219079643,-0.06667417820626942,0.29409431682450227,-0.03406443429779049,-0.047160109485700374,-0.08448306404422012,0.02719023001194043,-0.02947576459751844,-0.014462375588841891,-0.05742824712833483,0.011493667163103849,0.05931043748661158,0.07369753759410824,0.03302807731710655,-0.0199750124684811,-0.13602935342446387,0.10147934990813345,-0.05171844468100617,-0.11870339622828519,-0.08084159067811314,0.04898538685929643,-0.05102043181839255,-0.00040418127606745013,0.04850321464018914,-0.0013079256764481073,-0.09995251780120151,-0.027588173624494172,-0.04010576995632187,0.03714268679050048,-0.05095978641359744,-0.035582905955811595
2014-02-28,0.05751113539522179,0.08510635329801342,0.1594863802285893,0.2165821053902126,0.047936753386048636,0.00950680554806671,0.03258427847819001,-0.05068827038602375,0.04232548334952768,-0.005020276952664271,0.04232204472470702,0.11293192201255109,0.07171277025239808,-0.003716189227449873,0.14633331414297657,0.02616276531170536,0.04971033322461693,0.0812360856774319,0.02238486961901942,0.029365705861335467,0.01762007859584047,0.06740353227627227,-0.019230686376557893,0.04874914077578474,0.026373031351066833,0.01004730958306177,0.0013029290651775938,0.019014518510833467,0.04773690449780621,0.04371388587857172,0.02001288057236983,0.049913224621947805,0.0020533954963750656,-0.04558333506775247,0.17598699035967602,0.05362422166026026,-0.0070386342920902845,0.0266250930765235,0.06788405219445703,0.04819272401665553,0.06269342693658286,0.05431964365042341,0.014416816774262209,0.15215371037408598,0.09700327895689309,0.07410606342811077,0.06037739181667989,0.06903674235211033,0.04053754584846936,0.00026794602364299536,0.0431170301781616
2014-03-31,0.01995289333725614,-0.031925657599761736,-0.04210985728262584,-0.19853967129273864,-0.005483173580470346,-0.07105766671997338,0.024749939750964955,-0.02750595450057891,-0.04383586726968769,0.028440807748602026,0.031041357247600487,-0.009157013068992303,0.004742248857528164,0.023597846634205277,0.03563432903503161,-0.4985835707444326,-0.050827837552160915,-0.005660266241916512,0.016490258231404153,-0.08319834909935686,-0.015620502747640597,-0.029804130961716857,-0.16713354063851593,0.06632661391522254,0.06846172647924087,0.020060638048893464,0.03912289155110438,0.03026849938674836,0.038474531229985454,0.012012932986163127,0.06995577434456446,-0.021909883592119983,0.04628547138806138,-0.08685997846838878,-0.02557155213502138,0.003911671235067304,0.0018596783216735524,0.024662372737626725,-0.006968144926263631,-0.01954023908286784,-0.0006711174448137402,-0.01951823588991808,0.052308556818745355,-0.0969021647740933,-0.0167096149844006,-0.013179364649271386,0.04893185581448534,0.06491857966444625,0.04035942221283095,0.02976044889838292,0.006932165418227054
2014-04-30,0.09939590701307432,0.011947635141758006,-0.06160631835512387,-0.06203897809801007,-0.09396804516285062,-0.09584686004505916,0.06692760153824873,0.034372204740267254,0.03581705062432494,0.03958574507954182,0.05558825052459415,-0.009117021711684603,-0.03102113414961405,0.02065838851090729,0.0004018533639154054,0.0,-0.013692198462715965,0.010756947967224928,0.038624674287559335,-0.04111200261458592,-0.02459498446055086,0.004801910972236367,-0.09267561737759955,0.031150879996692638,-0.07209998509636562,0.05509576516715531,-0.0005669350710999499,0.034173228498697084,-0.039835168546231814,-0.004444108575204275,-0.01439391223289832,0.10397305278334423,0.04423734450535166,-0.030954493768628577,0.03126734338466308,0.019760555777496913,0.0766217565379661,0.03237688652010018,0.059894733082642926,0.01758506177025887,-0.004898386320181025,-0.10258244780096226,-0.001902048659504385,-0.011289661209626045,0.013747078979992722,-0.0407251865514886,-0.02997933093574301,-0.08476668233417373,0.01476044391182274,0.042914779467372544,0.006200789153414155
2014-05-31,0.07870964887160348,0.032782313197237345,0.04619877374392489,0.05272892439392063,0.04363977650491746,0.027685498010651566,-0.030075625113050064,0.008500906306882605,0.006009998424792107,0.06534001960652636,-0.013399149458530824,0.058860455359632136,0.043482056986443585,-0.01506432913897926,0.07959146692951546,-0.06497175750055428,0.03213848950898379,0.07921430710169375,-0.0037185792147036434,0.0687444107520625,0.0033481770296388547,0.00905615581019803,0.02038710534950794,0.008659862746383418,-0.007323674003513192,0.002941554091504095,-0.04065608716487379,0.008557821119789422,0.037572345060162604,-0.002263042115806302,0.020515363929935804,0.09456314822243628,-0.017621860241701315,0.03931450915555801,0.03343300599727983,-0.013121172929739577,0.02008842924124643,-0.021320227057384677,-0.009150109635481019,0.012672771061039478,0.02165873716815514,0.13329343221561407,0.022106193910438332,0.03391828872584135,0.026688753389585207,-0.06136731612603685,0.03366319081865354,0.06116703738277507,0.046420987937633384,-0.03092077648908953,0.02103028007328045
2014-06-30,0.027661465270858887,0.022244701212927653,0.12116516244025721,-0.012302314755260557,0.020519202987444363,0.03912978764810626,0.06299519710401347,0.03264482091811005,-0.007412567518834123,0.009341730343997545,0.06319716940192954,0.020592770617883893,0.022285478692258165,-0.005544864597897381,0.10453691576650748,0.0241692336880992,0.026623669354209456,-0.013291773864265721,-0.010945280542263625,0.022776154660716585,0.047744278521098416,0.014999435664796668,0.13905145299165045,0.031145330997482512,0.03689080981942139,0.04323114188226884,0.002135529613449094,-0.006803282942916766,0.044732422410948214,0.04763448839331286,0.018563530520556926,0.15250105495681932,0.05258813178815247,-0.013239702703823242,-0.024210571486101506,0.08438592586329952,0.05566729704316287,-0.027231285044900577,0.003992651341467202,-0.021615424483260925,-0.002313968212103057,0.02627398236300671,-0.010371052034784611,-0.07978226156972501,0.011241211392021055,-0.023875167626527638,0.017241285688331276,0.031448201843654155,0.005632703640274794,-0.02214417905523136,0.019058331749470137
2014-07-31,0.028731684938781976,0.03535172855638069,-0.04297955478329085,-0.015124562255843688,0.0762017526582579,-0.03630152199112202,-0.06701890174236269,0.0009318304361711771,0.023761327317281866,0.023042115150565978,-0.0100341901526243,0.0016328572279062925,-0.025237764933406126,-0.04083772423916432,-0.06248181939476227,0.18879058557500117,0.010319399419333575,0.007245776221761702,-0.04299843471083553,-0.008757037716873417,0.03242954607658488,-0.0013584290503696472,-0.1571580288396257,-0.04329974411386428,0.0078640165805548,-0.07247413864228358,-0.041671506617797394,-0.061345879669232994,-0.027027151990781206,0.0033433235101383296,0.03501177918774667,-0.07283754693164624,-0.08382130364097773,0.06826272522939525,-0.05609445176333561,-0.1308077088434072,-0.04530695229932025,-0.008300448966091056,-0.08573947566880402,-0.07325587945734602,-0.006814422302738876,-0.060309333269407794,-0.0691919864885796,0.11948167436033219,-0.0032866906031125964,0.0026340448752080192,-0.026053426461408624,-0.008562760839746608,-0.01443622646412912,-0.019848323017109037,-0.015079830845342368
2014-08-31,0.07750870548398803,0.0028489705997027936,0.038267170048792876,-0.010840098361988959,0.09938775391003452,0.08322948209259295,0.08258021766778478,0.01842495224696994,0.0301170166634539,-0.009512174944217744,0.010138569696105382,0.046576554915550794,0.05795598255239098,0.012762069727382697,0.004020378400070523,0.02729519874701869,0.1030287457218062,0.05549361380767248,0.03300207457172344,0.00484864762606696,0.0393094575798163,0.15646272049832533,0.13937357810907458,0.04337721836882413,0.0308650589749504,0.06184775892819827,-0.035813338187571264,-0.00032786106555948713,0.034175479509260365,0.060915273947876436,0.059169537559520036,0.06710310305465139,0.05648679866561479,0.08547890196961605,0.11634508744678795,0.028282328656559663,0.08955440365446621,0.074883763160426,0.008923425312027833,0.10790466200171944,0.003185436934675989,0.06911692915564727,0.03799511378035003,0.1082789926847747,0.06037442872801502,0.12220238227175884,0.04172972007654452,0.06946314349578375,0.07589252424062365,0.032854330402903864,0.037655295579825276
2014-09-30,-0.017073166814412954,-0.015388074382020611,-0.037691224297085046,-0.10502279804217196,0.007748300615060932,-0.04896177089087994,-0.0920505615733358,-0.013084520087334628,0.035018425052623536,0.014878841560659994,-0.07825457340612807,-0.009456984428966475,0.002490797285578328,-0.02249301502138823,-0.09883498127030477,-0.6304347776009538,-0.043884406719518876,0.031156259466945002,-0.0055284098963941375,0.010388683746938243,0.024901140176115,-0.013866829180150475,-0.09501847699973365,0.027572094996192398,0.013288589136124074,0.029980289981797803,-0.03895628132569995,0.011629624890340917,-0.02975750356560236,0.007577645521704479,0.020470778832111014,0.05092021348499265,-0.046419666204725596,0.018975457626067005,-0.051413885709409635,-0.06311088782730179,-0.06623954413778166,0.007580207312887666,-0.01168833126420954,-0.0883351913602074,-0.0712798146355964,-0.04138878907975141,-0.01747699995890628,0.028705185313324444,0.004035219880033081,-0.007381302830481995,-0.010169953745634674,-0.000729155950226823,0.0299231935622839,0.01284752908560427,-0.015513837249453988
2014-10-31,0.07196005982804254,0.05365661268590394,0.013441252671776649,0.013775533291261466,0.15463438457642975,-0.05266095960625472,0.03183401240855166,0.029193242779811612,0.06423569289050723,-0.027811131096736275,0.005280013904458647,0.02639559910404765,-0.0313507732321644,0.02364946949999802,-0.03816583563646181,0.11111116305415769,0.035708317074661045,0.10537144906682983,0.007415946106545501,-0.03490760546489291,0.03497267253738068,0.06300434519584996,0.367176322154261,0.011163883135952846,0.01074824559426113,-0.01828399631345634,0.17324436985484004,-0.011391178769905586,0.10568580213293921,0.013943623622476142,0.012727084678306966,-0.03415074564166476,0.06753340399332508,0.00041756935861547717,0.059078863623918565,0.0782569149894683,-0.09181358061161393,0.05014704771471212,0.11283376092200803,0.1167701314423808,0.104774434716701,0.0895628621257274,0.050020085812519266,0.09208916865567285,0.04826661814426125,0.0701367071410377,0.04865962590626571,0.10156490541001872,0.07406381522665817,-0.0026152411239990236,0.023201460667203078
2014-11-30,0.10597908035488568,0.021106042339567255,0.050770071579429255,0.16155002259156936,0.023194550449252338,0.10862302551854675,-0.007987285835738045,0.03053301406596165,0.06837414715733647,0.1295464641681574,-0.0839547177317812,0.012366088312520507,-0.020498178924991173,0.002458933862544921,-0.08763820632775643,-0.02352945878843815,0.050496006789404024,0.04006876474687626,0.026346289556363534,-0.033088583094065926,-0.005149700489256559,0.0192782487808143,0.12660312857521228,0.0109020880813675,-0.00529096929775652,0.07783887998247319,0.005781977211003708,0.041991552830827006,0.08377359301572107,0.006580741111650967,0.024739771237114017,0.08643114908658855,0.04897639721985492,-0.005841212740119506,0.07772470684853583,-0.10416010710838375,-0.0810992370557303,0.03620987349800919,0.020777436895162982,0.0033371176206133946,0.015126250294313692,0.12723096842615478,-0.06602809306740409,0.05686776610680644,0.06912389188812917,0.047716653771136874,0.0958517650112467,0.03810102142956473,0.006830416706877118,0.1477645125935818,0.02453358864631494
2014-12-31,-0.07189114552749964,0.011457766048815321,-0.013300805549328332,0.05155981533757892,-0.036416005831910625,-0.08354000408234807,-0.09015910734109822,0.017005548177887686,-0.0026033687585045318,0.0065122894281008925,0.03040281079190521,0.031100918923555154,-0.03762586039504168,-0.0316861978011459,0.061692756394554626,-0.13253006856904115,0.009907877971264911,-0.05324688420609269,-0.03707387613939961,-0.03354690275938765,0.028767301858172223,0.061079555306590594,-0.03229652339967015,-0.03399564802793731,0.04022602679068821,-0.05822025127809238,-0.02490638768727471,-0.03212491603181322,-0.01854523511258921,0.10289894726847959,-0.028445929843169626,-0.026147450077085743,0.018200835010337535,-0.025851531956031848,-0.04387254256618489,-0.062190965784749364,-0.0806870177098874,0.007298267782719137,-0.0006201819224110894,-0.07871396919230345,0.025752267460496636,0.09950617347892954,0.019615933436793354,-0.014082861649095335,0.0742462481049968,0.03657784266596242,-0.01745656119707195,0.028806701035283044,0.020210709875534416,-0.013481855568095114,-0.004188587515997044
2015-01-31,0.06142416155724817,-0.0005125668800286531,-0.03535075381989217,-0.08611454936826446,-0.04413363168029705,0.14235538228773414,-0.11913345522690089,-0.08016977041791262,0.008747855745093958,-0.045602479349004965,-0.08602216350486358,-0.0342924006885551,-0.007175375637891723,-0.07759594746784826,-0.031104435714643164,0.2986110628203129,-0.14447764465207924,-0.02766976069226368,-0.054610411264294,0.012983632358963382,-0.11050965160940263,-0.005239651980523674,0.09027490656574555,-0.042363838322897474,-0.12544206898939303,-0.024869651372885437,0.00793127964837681,-0.013447095521147978,-0.01108002790282725,-0.12608656085424486,-0.13024738339821307,-0.1639530636364418,0.027754131792160797,-0.08425108810660642,-0.04239384033973126,-0.10967521030945471,-0.1035500926303603,-0.06806991679892083,-0.09685915599343964,0.010830227962578709,0.04903566678123128,-0.10899714589094212,-0.1596933934047131,0.015624824008413585,0.03128821216252242,-0.03849516048684698,0.005862933804975379,0.051043570955762174,-0.016116670544567113,-0.01047981841155421,-0.031040805838410623
2015-02-28,0.10077681547186446,0.05831152005949969,0.12790534110944862,-0.012624016356761247,0.04134409362818703,0.07229288887602481,0.03663899167706042,0.11721531423821863,0.06436307132835406,0.11907453526147682,0.05069822451532957,0.1442392319112018,0.11342407058791548,0.02551561557240456,0.00775042930944192,0.5668449514897878,0.058233290091896484,0.04181338209131069,0.09790379267402693,0.046656202003578784,0.10426226155307972,0.09892763888933187,0.07702922418982316,0.030832777926552035,0.12688454834975826,0.05173687918863701,0.016555504940198196,0.07918107308698374,0.08669437252545031,0.05856263157817665,0.0931200139121362,0.047830483196451556,-0.04598600430087252,0.0224868263008704,0.15338211662145929,0.04670362529476768,0.005223891941851466,0.009965433427494563,0.059039526453237734,-0.010714190833418291,-0.053832607947668754,0.23324420015635283,0.16090341680565157,-0.0067682625681306785,0.05380469881761485,0.04365184711240744,0.10009367981083073,0.06945838977665852,0.030641772774256948,-0.012355580743380501,0.0548925108906233
2015-03-31,-0.03137195275112392,-0.02195509370567461,-0.06523383226616652,0.05114159172339572,0.013504705987222865,-0.021201593551299025,-0.03462015944460306,-0.044736909351089316,0.030892900247834865,-0.059956255437689565,-0.01593545785871353,0.007782509920491565,-0.007234453405427388,-0.022444977003013622,0.02195719701055232,-0.12286693696660456,-0.026921776424254307,-0.02197711203461028,-0.04540196416742204,-0.014094676626613678,-0.009589539948362202,-0.004840126684114487,0.0676762410163545,-0.01863233669230202,-0.011422697569112183,-0.05574001404144169,-0.12936725785252212,-0.014762640413740424,0.009121950097130238,-0.0027943293230988653,-0.0727477445781255,-0.11542225245441329,0.0057026601126131116,-0.08253553750255482,-0.05122392902139361,-0.011003126493562831,0.0899234920781724,-0.03747229737497515,-0.03186911390356584,0.022863967603995006,0.02862527673616766,0.04520879181097048,-0.038147117667984176,0.09095309073975044,-0.002454171416620632,0.020542190781057013,-0.02738142697633228,0.044493419750538665,-0.09936782662366339,-0.014130914292956764,-0.017396107114219572
2015-04-30,0.0057862476447141376,0.007068690806464328,0.028671829147794314,0.16594264200094289,-0.01213607961058527,0.13351256225666064,0.09459009182275557,0.022843657515000615,-0.05319190195000012,0.04722121082111275,0.0579156904109146,0.03651424446971396,-0.020982549166282838,0.03903226369458057,0.08109791907464681,0.0,0.061597303386776714,0.016912430957041424,0.0914951022780548,-0.010690318515035435,0.04495402467574117,-0.05835764739979399,0.06000436155637634,-0.013916780351587277,0.05117959912626846,0.0002469467264609726,0.03855704582375963,-0.009133936197701531,-0.04539087779926776,0.04964070497355566,0.19626173774688715,0.03685951127038689,-0.029985762046430775,0.02701064062901115,0.06067858104648849,0.0218802583644504,0.009674253092641028,-0.021850810471576332,0.004882985235515891,0.031764759736902626,-0.07713512938838984,-0.045669153732024625,-0.019325038459082067,0.013245273507528799,-0.022847269919505364,-0.07865801924357085,-0.046270248695649774,-0.05824671043887808,-0.019204281456135397,-0.05106424099950335,0.008520819822535275
2015-05-31,0.04533938589047959,0.04696228522498225,0.03983695604200732,0.043591656842115745,-0.005571520826715082,0.017663210846626143,-0.017955805878372533,0.012119538800718921,-0.00321591318276071,0.01664930710570056,-0.06333193809163451,0.015176647884467043,0.02384348587752383,0.033226610544174306,-0.10368880399691649,0.22568100279784664,0.030077084898431528,0.020681438643709527,0.007016343887220389,-0.006286773046910499,0.05301430818659125,0.04150295174807739,0.13369696762203187,0.016837343429190632,0.03983556566537372,0.009861922519197597,0.020622678866902167,0.002213014125238555,0.02511815400300743,0.02385407042746257,-0.03033421622878918,-0.007109878852325835,0.021757505176432712,-0.07862054332324597,0.001461099726417725,-0.0734053651311023,-0.12848241042847253,-0.014086371178402834,0.014192552486824273,0.15051307023087834,-0.015173989915863717,-0.06400658721103403,0.02470615648634089,0.12044783559015904,0.039029850978916425,0.0006644066819934125,0.031543865656827874,0.07908426306891059,-0.04497546178983769,-0.04242486344295848,0.010491382304589791
2015-06-30,-0.03722751463712237,0.009876800216018111,0.024276215542318846,-0.005355216612087155,-0.017534549384998543,0.011322602269977278,-0.005860290752909725,0.03295206469040912,-0.05280882181840785,-0.06311839461182278,-0.06339791517105164,0.03415792077378832,-0.010960536617682481,-0.08091516156106038,-0.012854170574442492,0.19365075448503188,-0.04248551088838226,0.01585792492211935,-0.017381668457634447,-0.009682433305627125,0.012609862126162552,0.002695282521288922,-0.05392648533019484,-0.026762877057482815,0.03010054458229816,-0.0343349978409806,0.09150727156472827,-0.00896471371224572,-0.024161649729406598,0.015444807955161455,-0.05783178040079484,-0.32545642331746516,-0.04211457151464559,-0.055090129246625485,-0.0912787767848009,-0.08287404323855463,-0.05820615566151455,-0.0019134031827650055,-0.034045013724139594,-0.05748264766450928,-0.05434113460626899,-0.012878401683514396,-0.09494234708552352,-0.0047409768901792715,-0.04566581929561575,0.027803773231785955,-0.07886250695034092,0.01918923857111743,-0.054900635883264104,-0.04497070033495454,-0.021011671979729973
2015-07-31,-0.032926737165531406,0.037792114343573324,0.012097218882812122,-0.02584354647988074,0.15027358000753854,0.23511256164533667,-0.06441817725925159,0.03774531911228762,0.07581789528936422,0.04293605459624339,-0.08282407677824621,0.057455085406537876,0.02423271997210441,-0.06639031826130826,-0.11659089150709967,0.5239361791507644,0.11458247686220457,0.05236787346758054,-0.017689135139939194,0.21750273935345987,-0.0178168408205438,0.05309051529359898,0.000671717641677283,0.028217091119079107,0.01797377737074557,0.0471583003068452,-0.045956317148682646,0.050383754585543894,0.05789461907452975,0.005130742259424226,0.057757319932351114,-0.017515777093900065,0.07314095661368913,-0.007336631578695019,-0.007956277234599907,-0.14101727111688167,-0.02810650658509284,-0.011655686783121677,-0.03077475562724452,-0.13249213444340624,0.0946094921752525,0.0033921275136579165,0.02810162305203323,0.08533110349837258,0.009963077110860308,0.05516113437338244,-0.023070816299750163,-0.0049178139377158425,0.023277690138722607,0.014803317492191104,0.019742029435184882
2015-08-31,-0.06619608892214957,-0.1065299002035841,-0.041712382705849205,0.05895358944186224,-0.13649666657937276,-0.04338338414259957,-0.02785215020572107,-0.09742032871812945,-0.03348183651610548,-0.08937370266526834,-0.07311831253533929,-0.15100017242844654,-0.05759436574207333,-0.06893099972705163,0.014509391862504106,0.0383943786141947,-0.09490081843940601,-0.04748173604551542,-0.04904217217205664,-0.014722693745502502,-0.0771437392674289,-0.004870228770544993,0.11421177408446526,-0.05499527045811714,-0.0646434422885096,-0.04284398530151823,-0.0880711494740859,-0.04008476418872664,-0.07781612381141667,-0.11302795135044963,-0.06194873299504422,-0.11345229830217607,-0.05732192589011176,0.02600338938054736,0.13155799916200017,0.10298822181900169,-0.04710258540983825,-0.07861814577029969,-0.03911545024454133,0.10424238262754493,-0.06427045506560258,-0.015472729528363427,-0.11388876029527262,-0.07253546290084212,-0.07674295641664775,0.010184456091878458,-0.04281664741883484,-0.04695242444708758,-0.11564275227945864,-0.09458206289423887,-0.06258081825586559
2015-09-30,-0.021816340641156007,-0.11194501994015815,0.04645540969907058,0.08385524935995314,-0.0886812284230809,-0.0019497803810220038,-0.14495003373723303,0.009763770995675047,0.03227414248165594,0.014296896699226735,-0.026052438798411237,0.003140943085422565,0.008327431450295464,-0.07439184997033466,-0.07036108662609653,-0.05714280447896758,-0.046207070596624766,-0.028726846699319908,0.025209534450993498,-0.014587384790209157,-0.07868536547352478,-0.003279686521988956,-0.05043463712212859,-0.006703732299669585,-0.04882967989409048,0.02918628122251432,-0.11071718834421562,0.036939809705127,-0.0689635110568042,-0.0856313869273273,0.017003489663666604,-0.08714205036724976,-0.00873874505566119,-0.07384239567103512,0.09653049972257244,-0.10360553372549075,-0.10580360352527496,0.017971260994315896,-0.09622896016841542,-0.005488390663538567,0.034650864322898434,0.044241996362199165,-0.05037114543693255,-0.09417720224996406,-0.12911882466983504,0.015643028249689772,0.035116781727853486,0.007016753976829104,0.03114102823958853,0.0016992814325627048,-0.026442831280001466
2015-10-31,0.0834088029349811,0.12034140997844545,0.07832646978585367,-0.19807384115098292,0.14358019824117485,0.2227236546930227,0.12921845815192867,0.10562146174328113,0.09372629842999092,0.10791045601992644,0.15212969814505128,0.11291595788535114,0.09688289621752677,0.06927766991536344,0.18158612884275405,0.0730837500275181,-0.048359291502027446,0.08236708750231281,0.14670890900827582,0.15511372647480237,0.07907498176422267,0.07056875809178065,0.06525874040378743,0.08227140327932236,0.06140022432136094,0.05558333831340101,-0.00014783676581298089,0.13924683557602147,0.10427232618913096,0.051560361653547826,0.1893356655560685,0.10547392292499658,0.05238311606984225,0.15528610692377187,0.1509125811443932,0.06975545694042262,0.07303300404472224,0.07126036989483553,0.0760535762034793,0.05849886406446925,0.09845701355344927,0.06766152094641331,0.1059001666177164,0.19832746327293727,0.19772865780059634,0.024782935024759256,0.15289490456281518,0.015257368598551091,0.010632246256713218,-0.11721113030143415,0.08298311781266654
2015-11-30,-0.0058041971003252035,0.0026786722112313033,0.03158126896807145,-0.08767008273983845,0.02361537439605077,0.06215055431957639,-0.004658335019602333,-0.028106172437426635,0.023508415817685924,-0.05545932479147453,0.017113841230598448,-0.00237387103487674,-0.00988764512795448,0.06915925620455976,-0.028188834788836603,-0.04983391888461297,-0.06533572729247739,-0.014268467151268172,0.0352701462714784,0.03452741974264928,0.016910229921014652,0.08282127765608904,-0.02799286096909992,0.009465144062263953,0.03782123927887082,0.014093111478601816,0.03331872127072155,0.02498978939422769,0.019209862564093738,0.04033969331373477,0.03944427311323673,-0.0380433941683217,-0.01976339907294633,-0.09823527570008861,0.12232805467603902,0.04736141069390043,-0.13089634983964404,-0.020162639529517357,0.005583756213369817,0.14389990536846042,0.0004682081199725019,0.04465773764709602,-0.17078993665418696,-0.023125809323741087,0.037235370521675026,-0.032601829958273654,0.024682534061482464,-0.04304643091041338,-0.05430310814747452,0.027952389730348415,0.0005048691103348713
2015-12-31,-0.11022818857393613,-0.00022274817572065508,0.02711571596062501,0.021500647276600837,0.007634952468907885,0.01668161062386253,-0.06455610652911425,-0.07278984838704483,0.0004959170623566322,-0.003302510929103275,-0.014892731339626541,-0.06800384143814542,-0.037208253304743866,-0.04340013315025759,-0.15150408528961956,-0.013986001160915085,-0.05864078558764407,-0.06213307569000748,0.048196028662605084,0.01987272554717112,-0.05152118761327229,-0.007802328157135996,-0.05068278207105603,0.014619261653451954,-0.009748007715610685,0.007977457471165295,0.03784368007415573,0.03486339652819437,0.026056604724211896,-0.07259437141483238,0.020791119270311853,-0.11111118614694904,0.040356504693027206,-0.13470340278545734,0.03909206637889784,-0.14220400121554988,-0.16350056679894065,0.06106369661650479,-0.07338028623625792,0.1349133551696058,0.01363279998430289,0.05748959893281014,0.024595793114024156,-0.0029935431076544283,-0.05965879874706259,0.004390998869575613,-0.05695085830142799,0.04824864689822217,-0.06849294436337927,0.050534179394146284,-0.017530185032692547
2016-01-31,-0.07524265702899124,-0.15188469915977132,-0.05120294936109304,-0.0889175919724221,-0.059139162226676256,-0.13151543200295746,-0.07270060312475013,-0.008365898459002263,-0.06427288467359682,-0.11725420563430655,-0.03879473924488974,-0.08812344684975804,-0.056915465395522724,-0.03867868690393661,0.005934592478278766,-0.18085106472920853,-0.032797033160090416,-0.0210376084340671,-0.06581081004281297,-0.02141374111002914,-0.10358960737252965,-0.0490736762195384,-0.34937759756444675,0.016744451450528164,-0.09284963759449083,-0.0009305856424035586,-0.02845287581540068,0.04774009144932978,-0.01300039731764735,-0.1816036856218597,-0.007029661431825263,-0.22104540352685542,0.07527200849777871,-0.16748857028051156,-0.11134712142958514,-0.09781439638362432,0.037730048919254466,0.03767848958645481,0.0018558373231651881,-0.040963874433339376,-0.08038232899181907,0.015547832282014618,-0.09301882673802564,-0.22616820213109812,-0.015138078529221,0.004653485269304536,-0.027003490575037148,-0.02108111431976556,-0.07928376467725418,0.08254533376178008,-0.0507353220469523
2016-02-29,-0.001287538388686893,0.02351352356592762,-0.04465382980123944,0.0702499642990364,-0.06194322990831058,-0.0587393835904203,0.08772511908451452,0.03625916429542131,-0.004520860664167237,0.10046276967430323,-0.022801864621884715,-0.0031307348822812164,-0.04931888571409537,0.07284699400760908,-0.08842585554276283,-0.2121211698983222,0.02548517189974686,0.018689038712271788,0.009391259134167163,-0.057962679596022415,-0.07044041257032874,-0.013040858114954035,0.041666702708781145,0.014673116990945312,-0.053781472484622284,0.00489226816777788,0.033403984126461506,-0.046067407082808876,0.01936251055798488,-0.04559499687566693,-0.06978905525106471,-0.03626446059985289,0.017560251221556467,0.13269468396586293,0.0745730212368434,-0.17593883054130977,-0.0365317011014159,-0.01713831855135839,0.04808543345816174,-0.1482411697063506,-0.025588837632056327,-0.20715874152137026,0.1307168867123487,-0.08586266757293837,0.06143742321002521,0.04336771765083958,0.0017004274788237073,0.03421324834732209,0.10285128141639244,-0.0003019344733476981,-0.0041283603090035426
2016-03-31,0.1272109314241623,0.07976277550231647,0.1015854535627927,-0.24273127945782236,0.053767004089364745,0.07442263797657822,0.1305762059844935,0.05802830977353235,0.05032343597947175,0.08747073712493392,0.14333688560105795,0.039677569485496056,0.09109765599582231,0.11365986079640056,0.12110002429307198,0.09890106723095893,0.1006550950346341,-0.03595813182308383,0.09093998600026354,0.06369022785859535,0.04982287503647087,0.08091946456876142,-0.01401358883397108,0.02841931766349015,0.05186500153965268,0.08397371247877916,-0.010911488141293169,0.07244667848792452,-0.025961439880829218,0.012550583762173328,0.08549527424148917,-0.015051568036125507,0.04892757113227586,0.09863148080457695,0.13616123793161727,0.20347575581964916,0.24416682574211324,0.02515921176610192,0.09762852290506441,0.023598797376373604,0.16023227710362997,0.07218030413275067,0.006891110300435432,-0.061402964833186524,0.052384267851902866,0.05735454679819396,0.08298748834931824,0.0867498258266699,0.008749445117854693,0.040051935916819215,0.06599111444005845
2016-04-30,-0.13992091667423978,-0.06436415648703753,0.004477592273782305,0.076207063713986,0.05582587659615412,0.11109428941783261,0.025317005137456716,-0.0007973815468957923,-0.05718943926468256,-0.025591477219520042,0.07106879908613806,0.03977443800358338,0.03102594167954198,0.004597213503926056,0.1408025430744384,0.15250003337860107,-0.010392049976174822,0.07590013193145406,-0.03271443774396077,-0.07211929620593249,0.04541990339021096,0.0034474854721748827,-0.002759825779878433,0.035859299945082634,0.07510802601044353,-0.034274745963287945,0.06772819314580558,0.006444745171182209,0.0553335537570947,0.08789047455522625,-0.09704885912102212,0.02674283466070304,-0.006422224525002962,-0.1278538394457308,-0.0028068957396991667,0.10258718485126939,0.23107366044896227,-0.018632945068138285,0.04447223723082838,0.016330459057231073,0.02784099418244601,-0.0014906020730758307,-0.012123468214394806,0.04513924381247825,0.009273804770939753,-0.03229102505020953,-0.00027766052762745463,0.0215674042566798,0.09654288523860033,-0.023652655785540433,0.0026993982833325436
2016-05-31,0.0717727748670367,0.01876610174336535,0.055720653067094394,0.08108108108108114,0.004358131300310264,0.09581709440582009,-0.06703510075882924,0.041803865988153666,0.004320210698685267,0.0567477824410334,-0.0010996634046458453,-0.039124488838346516,0.019655649419672683,-0.039245805278005585,-0.015250216443246645,0.4078090202072411,0.05202861048441232,0.009607239564680459,-0.016910492498963814,0.05787689934433837,-0.024229533387443603,-0.00811009980485744,0.16798128660502276,0.012621192222502131,0.03275323768337035,-0.004464522812503979,-0.06316893359532227,-0.03502255671881882,0.016803665568273285,0.01145615771180375,0.07019676570475308,0.1832560296719421,0.02911979238252571,0.07994930839869552,0.31835968856180075,-0.09029941879009573,0.1964036783190597,0.011482363746090796,-0.004568696895110302,-0.09262755664491962,0.04668553662421582,0.08881690810333409,0.09753009227953324,0.058984342896815534,0.016072748839838003,0.007324120005927082,0.06241214658149841,0.015112362998197293,-0.028404660289877648,0.06622089803286091,0.015324602525288444
2016-06-30,-0.042659654708123274,-0.008074462198425003,-0.036996081833864936,-0.12849998474121094,-0.03672062979053792,-0.009919933525815994,0.04551066696564465,0.029857519165613633,0.05558946694621447,-0.012392291099589059,0.0379210880857479,-0.014110369676268553,0.014575891230523608,0.002691012846346874,0.02531937855401223,0.20338986413152882,0.03303084837069492,-0.012937676817491361,0.049238540823998145,-0.06051955361043848,-0.06834681725059444,-0.03353000482882562,-0.052481934758692006,0.07640450362861273,-0.047954311003924444,0.02416213040343118,-0.0487804730666791,-0.006844299686146971,0.07815564135530173,-0.05078552239914613,-0.03452844154175849,0.08176086750768152,0.08558093758153662,-0.036819374332007104,0.006207417676777238,-0.09679380036147867,0.097109878674283,0.044792913577318405,-0.05912582093141194,-0.07187505277494377,0.04062375742828794,-0.06557745629769429,-0.024581514377485125,-0.12458319282424091,0.008863358472073424,0.01458232554654093,0.03382870662025006,0.06114337482026855,0.03634617452281086,0.031647384484622565,0.0009109212401243738
2016-07-31,0.09006264599805158,0.14539910844978432,0.021609767982460504,0.08204247160862921,0.13066032866480404,0.06035326650727413,0.10219364442122991,0.035970198350129934,0.06482438499052345,0.07382835471771831,-0.022416790497339578,-0.011991153588981618,-0.001854706796976413,0.07170248241223165,-0.018682292942428402,0.17541618084937705,0.08415321626170913,0.05494131439744199,-0.010800313416783114,0.12481361641305355,0.06885175690985146,0.08262208684013106,0.12790691795653952,0.03239890528876366,0.03746322614780606,-0.03750254267292219,0.0338936677294257,-0.022353395666672493,0.0149251334051681,0.113469339864948,0.10768025196216069,-0.0014535516989553354,-0.01618098379474553,0.07961498574798953,0.21463532454098777,-0.06630955219054191,-0.056059039373743014,0.018786769837400463,0.056825819650858644,0.08417508561662168,0.11113373344915134,0.028365413637721826,0.16819133155300037,0.21730654608718725,0.02063527243958374,0.05813802396485901,0.1192957264093586,0.014163898681250897,0.06647515870562204,-0.0006843906438390723,0.035609800753315435
2016-08-31,0.023651904377186783,-0.06100575266188213,0.04547309340371575,0.27147395366862215,-0.005704249712016662,0.013639826927226206,-0.009787675023657516,-0.029591017669796105,-0.02807279687344988,0.029806582071089105,-0.00819919118412027,-0.015528872807208272,0.039449092141313535,-0.04929104207375512,0.08310881801924164,0.21459686795912036,-0.005590624066184269,0.03628557978010183,0.0032114535331357885,-0.0018829169425929049,0.07123451008525894,-0.024828379878728768,-0.10098659464369308,-0.0406759360286042,0.055182272209566285,-0.004583823452460112,0.029845269597885693,-0.009274755458071438,-0.006847195174170317,0.11590654351437535,0.020080033679124032,0.20014585858976974,-0.050658587545266975,0.31271339698973577,0.07623521320483473,-0.03957171063103071,0.061118351722873054,0.02009614001435689,0.07854608524712026,-0.010351907802793603,-0.025325594667955253,0.07609070974751497,0.01638464331326972,-0.0766136979837253,-0.05071285944519366,-0.049344362756318816,-0.0030105211904162266,-0.049929868908080044,0.03262314086177409,-0.014265601707259212,-0.0012192428990193127
2016-09-30,0.06550415585587577,0.006425802452711071,0.060893397572076235,0.09090910537075336,-0.019111139160343793,0.08860318280928281,0.0832210982027346,0.016549432384333818,-0.0591029594159842,0.008905886069904057,0.02326518976325631,-0.016938224622928044,-0.007867960315577904,0.034738122869446775,0.09289179341281217,0.14708523761715875,0.015562584376047184,0.019314608855905524,-0.04445682822989916,0.01799068915503632,-0.048330423678646595,-0.04056032694449985,0.16263875079621815,-0.010139173133687396,-0.013481508136737319,-0.01759783957012717,0.02807085202949522,-0.0025937336696357782,-0.0022826546812974025,0.0,0.0024365865090265615,0.07822897627547598,0.011410569348089039,0.035559323896911854,0.11705251550166107,0.03733033090029858,0.0959696965683483,0.027946224065932945,0.024483830779243432,0.07845187940170306,0.016385522770457017,0.043089220771079795,0.08609451639011256,0.024124395630577,-0.02484910273070895,-0.034349322127100734,0.009203100201105485,0.03378520217827208,0.02093608592136631,0.009518452929333954,-0.0012344511393173052
2016-10-31,0.004334395475407593,-0.06622282338250218,-0.009489577764961399,-0.03287464126023831,-0.15376774314181652,-0.05671734948914742,-0.051517790899933136,-0.06425523643846087,-0.030423921483353267,-0.02479353956598296,0.017780679671540955,-0.0018309581467382818,-0.062027598725377,-0.07026231705806918,-0.06340591512830462,-0.17200936793016208,0.10887361513695382,-0.02365492466962582,-0.01755556612159037,0.007263376545252775,0.10522714296502045,-0.05183418653485172,-0.07763283088078521,-0.01811574854155995,0.04765684514574331,0.0018908010762306304,0.05839429528877105,-0.024184989380103494,-0.05069413199162931,0.053370853825832176,0.04027772070097102,-0.03487056704605118,0.04643584298293546,-0.04729043064042693,0.03852886069583028,-0.13486007725724636,-0.0456772552056367,-0.025401745964011124,-0.022146207300607457,-0.05916591518181924,-0.025775341239860916,-0.030293424706366312,0.003212145990853621,-0.1417842123976264,-0.11494271314878268,-0.01377370094024033,0.009546523011612518,0.00949989322296596,-0.09586760463799249,-0.02911788962903261,-0.01942567890903446
2016-11-30,-0.021600852706800455,-0.02981628000536407,-0.043716905257625616,0.3715415734918035,0.027509091929995844,-0.0496949044026711,0.14497974434349747,0.12439368177816879,0.018273064014357354,-0.028031221290538477,0.07567386470658066,0.06937099365774713,0.022422704560461693,0.12436465003715136,0.13382048823748782,0.5977336952312682,0.018377781367099555,0.16326164642519014,0.05704434983552664,-0.04200538216960892,0.23412096662803705,0.06620007664157335,0.17615269035062764,-0.033803747561505504,0.15752232389213994,-0.040303764350641424,0.08036338286324396,0.06775757980031027,-0.10985141313445645,0.232052657843816,0.012468402942751977,0.1381121170779258,-0.10073624179179497,0.07719516588609054,0.29761159986521935,0.12624037524268528,0.1342145182803689,-0.05000032641325769,0.1375158797380278,0.030927855323080733,-0.024156313958391018,0.2146366400023434,-0.0008312943608751455,0.09918301216740621,0.1007187635476754,0.0660172679876656,0.051106922863979776,0.12467545866733865,0.15597658935036596,0.005855051760330188,0.034174521829295035
2016-12-31,0.047954942783145826,0.008930680195421647,0.0013617293354049043,0.010086411136189355,0.014853499190296215,-0.0009326204826226592,-0.029510558773600426,-0.0027048531973172807,0.06661725888032577,0.01341366490381124,0.055037660117440046,0.05955611954213502,0.007251669267241967,-0.012225150561219977,-0.013851147029357858,-0.1187943392327746,0.028206047749222973,-0.015340765929569011,0.03503964936253268,0.021356383855237304,0.09193286238583909,0.03616704769952572,-0.019747817522546396,0.03513018416689051,0.07633810408982455,0.027509064218649515,-0.1147368624063485,0.02054147541966711,-0.01855445414631396,0.02151876546692022,0.031197853248929652,0.12237540221265042,0.04578468367795496,-0.03528461286198137,0.15770026884843236,0.05853653917384194,0.045148135085504304,0.019646046142493212,0.007701849423211282,0.13000001907348624,0.04561645993756658,0.03597130325530662,-0.043005881754510256,-0.03203781666190664,0.00026061729359971864,-0.04097486702345832,-0.012985269591393678,0.010864019717724105,0.023191385380273877,-0.011575978550734334,0.01820076244186586
2017-01-31,0.047746847994451835,0.09450176140295619,0.10131132214039251,-0.025677538681085577,0.07160966670228519,0.0981636831579693,0.040044832420701004,0.09225183164749784,0.023983640810428586,0.025274033687086694,-0.053950724918466864,0.06169634636934851,0.024824858049176335,0.05219721719480708,0.006359467197995627,0.21529181922684204,-0.07386679347178571,0.05331566388854192,-0.06012649667405767,0.035005411173891776,-0.0423050956141503,0.026104049681630714,0.20883617375541452,-0.01701230064027137,-0.013811293787800216,0.002653373193801878,0.009784393174533612,0.006983302301531102,0.06724700956279639,0.010270353957992473,0.04039251839071589,0.0999088220591724,0.035660295407041076,0.09231036437526674,0.02285975504771831,-0.012761332616483712,-0.029315991993959734,0.050121694488602264,0.050928974076143385,0.017699097866309854,-0.07463555943037614,-0.027343728974125736,-0.1805215621604066,-0.02124819386869503,0.1304978502582379,-0.0027956802538759984,0.04179190298036617,0.012872320096895873,0.02797048025620663,-0.03443264248000044,0.01788435819838252
2017-02-28,0.13377773310303054,0.07924353986492849,0.04374668552325378,-0.05710104467965371,0.13446227810535194,0.026181549535707394,0.010453760825990033,-0.007690266986313143,0.08360614288842982,0.11263010012154195,0.01999864300278653,-0.005061133956301145,0.03196568090651852,0.03227333879366201,-0.04518624239578528,0.18818982833757847,0.06893983121181169,0.04821063262159564,0.011708892749755506,0.030163501724377317,0.08454721120789799,0.05327778000309613,0.09809427529783821,0.08625755938334723,0.07077912343910531,0.009381644205927131,0.06689054240813586,0.04911133599820605,0.06432514920318644,0.07484076058272993,-0.0043639236132516634,-0.027789194196280453,0.06696231607950476,0.0915972903385942,-0.06935273749498172,0.02222999174581064,-0.019234063842377358,0.039612154026423596,0.057117304548320647,-0.06956523397694458,0.04503602318705746,0.13297634793002877,0.06696682298661316,0.0395501971036476,0.01833911230402374,0.050743885758567364,0.014296770669032233,0.020233912824677347,0.018535587866013392,0.06278081582385275,0.03719816006681631
2017-03-31,0.04868956911429412,-0.014862737694277262,0.09962826525073076,-0.006211203670828613,-0.07058299667615064,0.049110120630820875,-0.04034782215452959,0.004543022202601277,-0.05356114417354574,-0.011117609441483323,-0.04560007081899475,0.029975581456536338,0.014047914046796173,-0.003993181494822973,0.0057738305849317495,0.006502526018741683,-0.004885858360909823,-0.013750420893905435,-0.00033531838865752395,0.0033968154854824295,-0.07393358369881531,0.01941621428267326,0.004282434555159975,0.019147393353435183,-0.03067761820744286,0.020366910084950618,0.10053700852534031,0.015354536318456846,0.0009800436448201832,-0.0619660178758763,0.029384525939592177,0.23293516127320268,-0.020076317276634614,0.0004780827013819433,0.07341323671663491,-0.043785312275409494,0.025716418035583777,-0.013396495434772837,0.035391585549287674,0.0,0.025391703431573598,0.06380480649785358,0.0152265696130085,0.037510125215752366,0.005347709382731658,0.008030482088829505,0.05142285161853932,-0.004587588997683745,-0.018714068015602825,0.02368526422504491,-0.0003891971352694146
2017-04-30,-6.958854993455166e-05,-0.011327692589457317,0.02774149292934025,0.06093752384185791,-0.0045712486478023395,0.043370871588667814,0.11157204958762246,0.046965186482746724,0.0586198328874572,0.016768988661815865,-0.006239864072322465,0.019490251830431404,0.029918355839580135,0.007016044122055476,-0.05014961003216112,0.033687103814776576,-0.09426949393950945,0.03985606634500205,-0.027181038312479533,0.09049316109622696,-0.025770317178007707,0.06313441495011607,-0.07024762114367977,-0.00867110504436408,-0.0038718351954581953,0.016729305166484743,-0.0142986110271629,0.07962321116213,0.0314051538440181,0.016955648468158113,0.039477785534514975,-0.0425604952730263,0.040430010455411614,-0.04337732891935375,-0.0425040343128551,-0.025480119254593925,-0.04021528242681871,-0.020604213754803924,0.0029939176061968276,0.07476637429863708,0.048766309108633,0.05516468745569947,-0.0627829353784719,0.002528852738269416,0.07895205107984649,-0.005564137153810211,-0.011033622333859516,0.06627666980367963,0.05702408083478283,0.04300787423708963,0.009091208748854607
2017-05-31,0.06780731579549149,0.04628749192203685,0.06071478079610615,0.09278343565223857,-0.0426013785850744,0.0752764613149639,0.03099926072749093,0.06379198710633083,0.060541369770772846,-0.07455199954523906,-0.020312650013353473,-0.0662629132062511,0.029049706926742358,-0.011178197007710278,-0.02367554359775237,-0.16473216950437286,-0.007744133525802277,0.04881542474403222,-0.05553647643138038,0.06767827041883767,-0.05285463287751746,-0.010909132171527003,0.040634077094946486,0.04560187635608415,-0.05574735395829211,0.05376594578462668,-0.013653244996674974,0.07832510609608678,0.014321656962423157,-0.037583812723726795,0.026005035710922497,0.11203451289674149,0.06647969031287704,0.016060325685570698,0.38544589125577855,-0.07091418166555497,-0.05569291722831704,0.008702428784961969,-0.016632244165233234,-0.12608693993609887,0.020767838291658514,0.10526306056020918,0.07618096430584553,0.1816520502325225,-0.006187414201808017,-0.03978749098488743,0.041803236760895146,0.0017153061417412019,-0.009363166416336721,0.0524871544840575,0.011576251246328662
2017-06-30,-0.05721360529502484,0.06460836228257882,-0.0029606525245895465,0.002695479593836536,0.10944333511844495,-0.026763939876424114,0.019254419410410284,-0.06263277886642737,-0.11361742427133048,-0.007295063428260806,0.008213923673925594,-0.015656869818183816,0.0020923932192227213,0.008457195897782155,0.0023250911579673073,0.3164083573476455,-0.008350950467826634,-0.025338061221355512,-0.005191636816833656,-0.05816074741386412,0.05036438301784574,-0.0007165213921415114,-0.02644396598256371,0.03150102320473147,0.11259931044998606,-0.00551796638948121,0.04532653308679557,0.021406746809336852,0.0530379658861746,0.06756126119125305,-0.013029468988180248,-0.029574264465399902,-0.00926167680313228,-0.010866702393266814,0.001454704778136362,-0.06316648607285402,0.04991933707149654,-0.010670654976562943,0.014923456975333593,-0.06467667262373067,0.06401052527013729,-0.059047689726228536,-0.03579538331867416,0.06988198044900851,0.05784100820838156,-0.04042090293647527,-0.06740158559438936,0.06282572427623623,-0.01260190801670047,-0.037150179267384176,0.004813775207812565
2017-07-31,0.03270316028055276,0.017324795006627536,0.03570420648041095,-0.08736558960605767,0.01323781116678191,0.020433850865833714,0.06804882720539362,0.03931181959875896,-0.00887890195369423,0.014180194206920627,0.04658287339762146,0.0423321485958823,-0.008135503020226587,-0.0001678210102505906,0.05299183091199211,0.1006902774700611,-0.04966155894725166,-0.004747983515238308,-0.05183257213421055,0.017016576251702276,0.015457832090607138,-0.024771967593903987,0.05861321109820872,0.003250289663927486,0.00990082866221953,0.022073406371154958,0.027115023296598206,0.012927972142010802,-0.04893331806173551,0.05811664870442845,0.05469276069298612,-0.0582718923516663,0.042531525084105404,0.08965215511003599,0.1241698974355474,0.1230297460852594,0.08454777845090278,0.05028672100496845,0.03854366638229911,0.06914899984923828,0.037005591706077645,0.09176792711946113,-0.036762144301920485,0.0009772803794263485,-0.03900732210094893,-0.025772248722814695,0.06429235138816569,0.03446222811708566,-0.05463229370665834,0.05695037661130842,0.019348826001101882
2017-08-31,0.10700025182751993,0.035787090378389674,0.059184912579922644,0.002945463089068845,0.02555160528359446,-0.007268848531284733,0.03106629320383525,0.003954926906344802,-0.008004768049464706,0.024165271132926325,-0.004475553810224464,-0.07941416824792558,0.012379414409596778,-0.0016318094826580642,-0.10668474273389283,0.07856876107753719,-0.011345778439602716,0.02556969410431642,-0.0413903201767003,0.010301446484017651,-0.003665071608445092,0.007729324568612306,0.03091012516695213,0.003707473349924051,-0.009912875721669545,-0.006325902166783637,-0.052425245956132294,0.03725072089224257,-0.03989518777557899,-0.02985063910068586,0.033952365798147977,0.13691330515665023,0.0370137300148452,-0.10962702939499347,0.04356092456102201,-0.11496268306721769,-0.029542254238251076,0.01596584701907844,-0.026588991002043705,-0.21393035368790592,0.04193389996706709,0.03461056171886612,-0.0064112195290123575,0.010740027213817172,0.008507549744421805,0.03287721435403124,0.017694970627248008,0.036963481563575984,0.028679927099586333,-0.017864196088000273,0.000546433019853243
2017-09-30,-0.06024432001101854,0.047506689054528595,-0.03854093094345845,0.03671072035265954,0.04882643064384129,-0.019630792069039615,0.061451914414352604,-0.05244996893624587,0.048168683706010906,0.044085707602929736,0.0918045726974368,-0.025988082378005095,-0.03245173768902532,0.06436298339702407,0.13825144843419146,-0.17134063844386438,0.009884405531279228,0.021008091860588163,-0.005230162969659946,0.019345932079521955,0.060114188232918364,0.09134560290066052,-0.15042577139556235,-0.017828890305225054,0.05083077858367324,-0.003992663352449521,0.06156859716155072,-0.020566160155245372,-0.029616372644823197,0.05868148557873831,-0.0037447442800723207,0.2302160632619037,-0.02631068174796658,0.1319195772609032,0.055064640142294285,0.1649668002910334,0.023079911950759868,-0.013980955805283801,0.08782410888172332,0.1202531993207665,0.008373718637329386,0.10454014747788509,-0.008226408370463956,-0.10018113225233438,0.0553247537699324,0.019778713217262878,0.08234672577561919,-0.01159741352071808,0.10132972178685118,0.0008968656727486035,0.019302978562167672
2017-10-31,0.096807689309228,0.0212758969065705,0.17415211329840652,0.01983005037021468,-0.06023045563634055,0.1497165176249049,0.09542128538759864,-0.059756606256960665,-0.019538261358106435,0.02423735261789073,-0.013702235526738993,-0.0077102843565580725,0.015939846920191902,0.025779742797815475,0.034152977980203,0.02311190193441215,0.0058891763341948344,-0.00870661912196824,-0.16625302539568299,0.060920904363255035,0.022302923002939012,0.013573268131383598,-0.02989547650876445,0.07230227362314356,0.05955497495041562,0.02155066292297625,-0.0036993508199735237,0.06529192187297572,0.035360553238689585,0.04308714788768597,0.11666015661956908,0.12662074499887455,0.05813729066457318,0.019668984214964436,0.15684936889379109,-0.23030076280874978,-0.020574295781532803,-0.04388869970676179,0.043366326140756195,0.09604512894430517,0.01764905200765199,0.03407244435497825,-0.01601095781593509,-0.0995259076573034,0.10364751992808552,-0.05330237301260665,0.08555115838343652,0.0733722111446784,-0.0015525496740214084,0.11735372894671037,0.02218813506615125
2017-11-30,0.020277898801827954,0.039461464281596914,0.036024191748511125,-0.07500002119276261,0.009364028268454394,0.06466237678888143,0.039396458076048635,0.04190966431436327,0.14835621536195687,0.09224001291449135,0.036361336750092565,0.07166953531269904,0.04025632462433415,0.013836630038129183,0.02453200917312026,0.09237591462710903,0.10662159365958113,0.020593065226762963,-0.09275812374339987,0.003029979725827081,0.024489527645411124,0.09018520931252327,-0.12591613365324916,0.005546386622188537,0.038862698609617885,0.003594020739737802,0.028284982256830515,0.03645855192283909,0.01999528618585522,0.032199973762984335,0.016983747111891434,-0.04333119533707874,0.025606737949264824,0.2721746934532818,-0.02882162611477368,-0.033629991143374394,-0.030126403677286917,0.042274533088138,0.030402204354434748,-0.005154658940003776,0.025549638778057604,-0.15062777653864823,0.3115000200880138,-0.1012369358293631,0.013036808756939022,0.08736144530812151,0.006205886957144191,0.08905153260724474,0.09864491310819434,0.1136178480561374,0.028082627806563343
2017-12-31,-0.015245817783536952,0.012417963873759374,-0.03433071959900502,0.04504504607707638,-0.010019179960825797,-0.006186568401839843,0.11640097759983337,0.06686192661767265,0.009163421145356176,0.026809729380318226,0.052105154242438445,0.03391390085300472,-0.009798043042077098,0.07513053728290697,0.05463237918364383,0.122599693655016,-0.022205631857714403,-0.01790869107297599,-0.03933918167606343,0.016628521048895895,0.028751316124975945,0.053998555144425975,-0.043236679176284376,0.002799254793544703,0.023153973680796414,0.002402966179665178,-0.06000236253133184,0.0008716336615184339,-0.011239714345833152,0.016663657246561048,0.016276719908786763,-0.029959945555560585,-0.01170591005188848,-0.021058070454919142,-0.03592237157098166,0.08188323434773559,0.029864657155433072,0.021002627872588775,0.06448330399001057,-0.11606216889464105,-0.019424018346735683,-0.07389146432902716,-0.034971471158565914,0.03896539060141602,0.026588513499446353,0.012044596495430104,0.07349131575677825,-0.0337904461576054,0.06007916773563604,0.020985896688678674,0.009831630594270502
2018-01-31,-0.010636739269834883,0.09439749722074064,0.13992232506879465,0.03017239253104176,0.06986775844178483,0.24063897541810575,0.037793577639933185,0.06612834915719801,0.04701303119990219,0.09268494654610593,0.001277914847852113,0.010789573623650295,0.02608428556247544,0.036447785023367096,0.06725268159959641,-0.002960531372277808,0.10150885491173223,0.09795955671799561,-0.0733525042006068,0.1222897249458379,0.05153909018592073,0.05999065931733094,-0.04666875949394822,-0.010950636908872324,0.08726897396038447,0.037271284904025315,0.011451178896839886,-0.0056930726540148635,0.06365307817268118,0.0824692237872473,0.11070827760080215,0.06322952654534064,0.01427746445842959,0.11562338717019105,0.27028404494014224,-0.02175965457680673,0.11539340634331441,-0.05313242350997871,0.00921976407599212,-0.015240342146603525,0.009300734673708622,0.026595647640110576,0.06607361947189827,-0.02476326353491498,0.01724262080979644,0.05048385881198958,0.05588801592091297,0.07402696088964023,-0.004473998371062993,0.07949354997519875,0.05617870412552817
2018-02-28,0.06818535443770846,-0.0294403337900091,0.0469063407771364,-0.041841005964973754,-0.004788022682243098,0.04242906360200127,-0.05006727575995218,-0.14860097997519683,-0.017751323986745948,0.07799689298365431,-0.09825203102598978,-0.05070372302146886,-0.05251314867270729,-0.009461632288283561,-0.11808700363803848,-0.14879578714441966,0.027535707563298706,-0.00013486300906018212,-0.12017493457454043,-0.06623139609524276,-0.015760674639020422,-0.09273256252309037,-0.05681689225163977,-0.05411650070172902,-0.001469901964016307,-0.09182576242929297,-0.0053733224205253505,-0.07246767507292806,-0.06985634043024225,-0.00937194502261951,-0.008415053856028365,0.11642277909692589,-0.03270742679253047,-0.01544728044796806,-0.014847558570825647,-0.11121862236305369,-0.04298322877058036,-0.0905717583556428,-0.11073942661770553,-0.07142850655276467,-0.0680385094967707,-0.008419551262485947,-0.03944498576187594,-0.12603303458978143,-0.03515243171246063,0.033665385594345176,-0.012035971009570101,-0.04485181109544645,-0.019185833821747766,-0.15562873958481904,-0.0389473718793677
2018-03-31,-0.05805056109998974,-0.006795879712973352,0.033232901955588146,0.4163028729835687,-0.07231876586273145,-0.04304936888568922,-0.0468860916231707,-0.056337874850162395,-0.012938830548987812,-0.04220613268878348,0.018942467424443832,-0.026366916806817242,0.053876815232069,-0.03884029473631412,0.03796128651404307,-0.14147285761494177,-0.02632644458410094,-0.006968004270380246,-0.04464911773971758,-0.060493499157742714,-0.042102134576022965,-0.01653366114917887,-0.02148898253123155,-0.013319820439776642,-0.04787871890296347,0.013729259129322768,0.033921360752092955,-0.008621833353947062,0.009934069783518629,-0.03677300151919449,-0.026661123268308273,0.06822358553519003,0.07348058266950375,0.018827492973228832,-0.04301649273643027,0.008705210123310492,0.01047395932410855,0.009678961798984087,-0.04168784105281276,0.05769228182835984,0.045991335891975904,0.015022823111745742,-0.14753847490535454,0.07464735682006252,-0.023556872511234173,-0.013546409811891147,-0.04116307213014825,-0.05063411553467456,0.03209208945431263,-0.005661177892349878,-0.02688449860055664
2018-04-30,-0.015020159931807053,-0.02520356001622237,0.0255461135953563,0.07913665680098947,0.023462874313135096,0.08207479647163018,-0.015559759243760962,-0.07612127380851408,0.046330503692180613,0.04094334709430836,0.09707080786821631,-0.001095122427501538,0.05617532407719095,-0.02767202239511357,0.12443303762825852,-0.0600451443165444,0.1277919621709498,-0.08474792603720704,0.04376883321656555,-0.017895398319781042,-0.053720341487937695,0.03680447633828199,-0.25669030042399765,-0.012953403895708648,-0.005804940276086912,-0.005065612623163407,-0.03915153319522424,0.07072478315807151,-0.0011218130513517277,-0.038761927944896746,0.024652304514715784,-0.11814330289497066,0.003550925529207216,0.0827537298995713,-0.028887640029972572,0.1456309990432394,0.07215110857373341,-0.07909439670693219,-0.03747901811336052,-0.07272726116758399,0.030481125424119293,0.02767049384106457,-0.07940802459382401,-0.11813222866504702,-0.062378652944713786,0.040338279590511616,-0.023678913490676634,0.10467293560320945,-0.005950892510863559,-0.005732166833799401,0.0027187749953683227
2018-05-31,0.1351242092382101,0.058489670628705026,0.12490971080050928,0.09047619047619038,0.037405212817579914,0.04053941088038626,0.05229956369779498,-0.006690115270835406,0.008409663416177215,-0.03567421642884727,0.0021897544668001423,-0.008571788029158922,-0.014920159496914609,0.07394789867648144,-0.0030463180271075307,-0.004322773962876836,0.06143849713321137,0.0019874348309598666,0.0007107648656521359,0.07993489849856572,-0.04888708392172336,0.015121503311541051,0.10219564347274424,-0.04729874501786058,-0.016271164339583533,-0.004859965916974351,0.12376076983488349,-0.044373684861298446,0.077250031543318,-0.02867078562901959,0.06146725200898984,0.25250116984438953,0.011591802700820608,0.026134144523673353,0.1220365022806631,0.12193974484452363,0.1318499666902022,0.01147371496934424,0.04278028400416578,0.13725486285072708,-0.0086273998352151,0.13901071887050231,0.15128905107959434,-0.01106415750604739,0.03385638065813734,0.0693392655778704,0.10996526118178607,0.02161574638038055,0.0737645094523276,-0.06104451532772748,0.0216083418545836
2018-06-30,-0.00941804037296512,-0.008775953593441521,-0.021943201410017932,0.0,0.027669178567312436,0.043065192317739864,-0.10690532084292104,0.05227719121564145,0.054176531294413355,0.007492241150208079,0.01713573090169751,0.05368442090975578,-0.013227003386729552,-0.02399774025004564,0.05619167177175166,0.03810906574878392,-0.003812625843581108,-0.07585159988716272,-0.024801211040810567,0.026536377879959216,-0.023507884804805923,0.0458323368545539,-0.01860255903784913,0.014378663418642024,-0.02625952982612989,0.029084042023698853,-0.014529626462538192,-0.014528539351303826,-0.008225598630792641,-0.05464681773820812,-0.0023268121936376174,-0.08942519058659892,0.014261234364432829,0.14944345580456786,-0.060628966680116414,0.06840113999098585,0.024501396157272204,0.06683046399757897,-0.08806311800480149,-0.08275859838811495,0.02835849413169922,0.03463438691808762,-0.03441180263088062,0.14874147697665618,0.07467383836978114,0.05380882090431549,-0.01483369330601747,0.01945206884512829,-0.007565406092187921,0.03767862627403873,0.00484243626760783
2018-07-31,0.02798333577420542,0.07943260742501823,0.003568332414171982,0.15545854193674935,0.06479261584487994,0.04567600755093726,0.06642388963377877,0.09687316839210136,0.04655994963772825,-0.009536997301995864,-0.0012654697550148475,0.09219377542594542,0.002636354995681378,0.0454152677933124,0.03776979184876783,-0.038104074227767515,-0.00620465111258206,0.07689589416278864,0.0014694371635231018,0.08681427814318377,0.07643817450288681,0.012403873816349442,-0.006865657977203843,0.09213765476225455,0.10916204856399703,0.06315577080530854,-0.02938426621120893,0.005424640365186528,0.060131170875315165,0.07297222844917117,0.07575275297983608,0.0066741275376260845,0.0030534095658074634,-0.007725815696436711,0.03360076476281404,0.07462692828758444,0.008735391750755106,0.04552935122655377,0.0846967842521349,0.12781954617650992,-0.0010654811098292916,0.048352842982230415,0.1420172935181212,0.06672651155215248,0.08136049243114907,0.021853330550447136,0.015295919860581986,0.032118526150486604,0.057947777917344956,0.041798286744223034,0.03602155617289915
2018-08-31,0.2004220151252032,0.01983514990757551,0.0769577311324956,-0.018896447031992558,0.023504837190429617,0.13236448128539746,-0.034422968329922865,0.03381753477654659,0.06857781600221635,0.1295813959193297,-0.052857230686885415,-0.01356110661954979,0.06950976781084872,0.06861185083175769,-0.0830619297015942,-0.09227052062875796,0.10351260198939416,-0.0318385745093035,-0.050623916810032754,0.003732193115324911,0.00491748016446758,0.02166423796027339,0.1107604845984036,0.023148418012644,-0.003218621369689423,-0.044177808572931965,0.020834136415364135,0.03619914772386368,0.06849144202141311,-0.03421685534678154,0.0629929906143003,-0.005114522455975656,0.021930457090826527,0.1198401097131141,0.14691467840834527,0.03326022759911096,-0.05290329271022065,0.025593691909134852,0.04336861917236812,0.18888886769612623,0.023773113919286715,0.05068424675971395,0.0720863302626722,0.10526878839237752,0.03572458065565032,0.13506321187710224,0.009701627932978463,0.06018474441510735,0.010228551876271252,0.08054174992073104,0.030263211276748248
2018-09-30,-0.008302893151503565,0.09754669008964179,0.024439308575542107,0.08089368068668779,0.03743573228839203,-0.004824306834253944,0.0982353907284288,-0.04271425653092731,0.007506663815442183,0.01842148813675948,0.03224720481162513,0.043920883151225665,0.04459209832799371,-0.001954723392675106,0.07899873677723068,-0.05694526610100603,0.05446279250047281,0.05853175363313734,-0.11919554872318916,-0.020068199966448375,-0.057062217223639466,0.03177777406677573,-0.06534977123172336,0.025837118828409,-0.015186040476910745,0.04516227789874905,0.046674257281373865,0.03119000671794203,0.02032972097313035,-0.04628313120658678,0.018160616441597277,-0.13880409790415948,-0.01469716052554737,-0.01059782523298014,0.0012113233945019175,-0.02370003768818285,0.028523701589128203,0.0033756673364095935,0.04743732918363763,-0.07943920027544249,0.016297443086166652,-0.10564407299574219,0.05786428231523888,-0.0066625602677656826,-0.0008122757712949458,0.01864173214511755,-0.04546249302715333,-0.005670444079876824,0.08106509611534096,-0.020342131318316414,0.0042942874264617625
2018-10-31,-0.030477486366151996,-0.05638698424180244,-0.08960924840278728,-0.0662865491765311,-0.06995041110323275,-0.20219175018307878,-0.1993361602960072,0.08288931017206114,-0.026609597955131736,-0.053251332467990964,-0.08693164689004473,-0.018043523310087184,-0.023153803430797426,-0.11360712756436553,-0.17277274059507042,-0.21726859915247843,-0.12105104609015904,-0.15316661980991475,-0.10540269797279345,-0.09651399758822998,0.005039002764242628,-0.1509536892544342,-0.06166766102075283,0.013172236611285859,-0.027087816103852358,0.0365882848443142,-0.04608908384905308,0.057445160023081865,-0.08691673497941377,-0.012802145327464487,-0.06610127233540597,-0.16604046209028334,0.02923651849283515,-0.08187513109061362,-0.24976856443827278,-0.3137681060767781,-0.03230556245467553,0.07489608989192176,-0.17561007579017218,-0.011167574222484378,-0.04897469017563061,-0.084358073476268,-0.12689140057747872,-0.16038008169071039,-0.13562959329424962,-0.019103638954810265,-0.12732356054608496,-0.017629103398799417,-0.10200826547895592,0.0678309265052992,-0.0694033560936963
2018-11-30,-0.18119759811038527,0.07412231006410064,0.020874043772286077,0.1331297896290553,0.08773362840841603,0.05767175245241973,0.11828226384831808,0.02281069154443971,0.013995403269307483,0.04633842770808183,0.0757045135378549,0.0057475538836235796,0.047926834373591465,0.0019811567491787585,-0.0192708548862891,0.4643114371679544,-0.01888405740327237,0.07132948839400344,-0.25742591969949313,0.017486092582404522,-0.1504537223499306,0.03137722417592137,-0.008793577561058363,0.05604274319342917,0.019904917429953484,0.06095524943335029,0.061334362841284795,0.07220184054605183,0.08583850871406784,-0.02781405710512197,0.042683730879398585,0.022269753892928845,0.059999511649218906,-0.14804403261802657,-0.2240503897533057,-0.1135163441344248,-0.051048098288899,0.06574204879097767,0.13966851325339458,-0.0041067723606769135,0.04451656919749025,-0.036875588765684086,-0.07362075368642951,0.07785042484778604,0.08000795495823643,-0.10761093223058038,0.07562194765525998,0.08000404218841095,0.05726811107440399,-0.02622634789681022,0.01785935665477978
2018-12-31,-0.11669847936130595,-0.02322748666874319,-0.09825020509566562,-0.0854217712612575,-0.06521019698678132,-0.11134970006404432,-0.0633891534818225,-0.1222919808554177,-0.11920632077723425,-0.0948398424365372,-0.08533727306377892,-0.043202716493323856,-0.07913191918610096,-0.11507698327701599,-0.15584199130545906,-0.03151154143167978,-0.05780079299208374,-0.14971065128332928,0.010721442808612647,-0.05829756676264575,-0.12397082546971694,-0.04713852321110534,-0.010272371165947258,-0.12151095065928663,-0.12204325230772517,-0.060515863484663535,-0.04853715426216121,-0.058033880910968394,-0.062074803665875034,-0.10678085335577403,-0.08404716914462174,-0.1771268432161004,-0.043420756507813296,-0.10767166701007669,-0.1831362507122829,-0.2793329528481633,-0.12176472358640633,-0.027404615877238303,-0.13310885572202402,-0.002061804585836491,-0.1215003937054886,-0.12941895823820415,-0.0125670992410295,0.021468609454616372,-0.0721813810450771,-0.08413491229100434,-0.05358023928475775,-0.11458624580173071,-0.10111846497598354,-0.04087751005271811,-0.09177689467997252
2019-01-31,0.055153805929359256,0.013665575869461932,0.09538543717771764,-0.11387737242652629,-0.0388346473023492,0.14431709005232074,0.05466792560887335,0.07400886298157783,0.05360574400143725,0.09984196249246091,0.05386531910479908,0.01705439679706222,0.07343076767347712,0.09573213629646671,0.14002880296555587,0.19827145924775613,-0.006665443678276928,0.09502305950802281,0.34214004309825485,0.07744787006674891,0.1853335545601802,0.06815300159681992,0.2673375710726571,0.031228251963333342,0.06884357166348876,0.01647276833998168,-0.10774045919715536,0.006814195894369046,-0.02825383421295158,0.0744207874432048,0.028157923055967427,0.20453821832248198,0.029685957641234273,0.07584289167765967,0.07677889655705639,0.2966941393168381,0.20674135315147146,0.057800255277766555,0.10506908618422606,0.10433876481052229,0.17779307969289637,0.11310939029305711,-0.12985412223168613,0.1493171680688079,0.07131619541508005,0.11153330082583923,0.07355303027116733,0.08461806806963246,0.15076293074908098,0.028770733775020707,0.07868440166582613
2019-02-28,0.04477666918390821,0.06357888199858985,0.05923651134662289,0.11737319001656643,0.02372784575048814,-0.04590598487961817,0.031390571091547415,0.057424155992003234,0.021902174033064714,0.09473432261366055,0.05348540199797336,0.01183646559040663,0.0679016941849584,0.048444696013184796,-0.0524195408934387,-0.050063653816461384,0.04467227448111344,-0.005549965025096082,0.06354369976025387,0.0005863253816502656,-0.002603988118930367,0.008772481160210344,0.0699839592422371,0.033560452623695,0.008309190234743413,-0.05796771149023705,0.08051679540472922,0.03484979022422574,0.023871486933337627,-0.007564867182783819,0.07735763584809519,0.06959695862012416,0.05584360161422608,0.022424141605399628,0.0742190378079608,-0.015296352934147217,0.0007786181865052644,0.021561300268593264,0.0737835876292583,-0.08231984988862351,0.013013015391429184,0.12900790507839766,0.07815020727623678,0.003424515237693493,0.0303573863402824,0.03542768589169931,0.05065559845804746,-0.10355301538235406,0.05973399225958742,0.032974939662292924,0.029728889343927145
2019-03-31,0.0970257363341398,0.029889011283590117,0.015199962797619149,-0.053861017425918756,-0.0005262365652499712,0.08593570731353273,-0.013470079361079579,0.033876110177243346,0.10697627930741205,0.042882155000383504,0.030105123733415784,-0.01604031887652191,0.04793464091019728,0.004695632570973274,0.012553381727772317,0.06297453710802658,-0.06667067178874586,-0.005522322213618258,-0.03748027156483136,0.04468495837826825,-0.02394532803456073,0.04417673333575345,-0.0025513303042847824,0.02305328262509021,-0.029992381605923102,0.04254672114775282,0.046717671047938,0.032963471986812376,0.011924869874410104,0.005240653724683186,0.05275372686264368,0.011008034063910488,0.02983173852742871,0.0634971063755605,0.16400886035893492,0.020712016339743622,0.0868343254910422,0.055809196079843026,-0.025772097094375668,-0.03669730835400198,0.03455232452980961,-0.01006275224368025,0.08059805994007818,-0.046710329218463076,-0.005748416944941326,0.03743431953829646,0.002741158952239031,0.024703643132940156,-0.0029816258794009842,-0.009447703472118985,0.01792425624958849
2019-04-30,0.056435865470533475,-0.0006805744604017061,0.0854066216356113,0.06777797394164042,-0.056111252744589724,0.08185874546916994,0.03524327876205868,0.09449657098216258,0.014000042251544276,0.04286455954488577,-0.025328907017274527,0.2336304384724348,0.0427098035464748,0.03680415359127953,0.011253370679915609,-0.1739495597630849,-0.00019116026697874045,0.06216211792722848,0.018017965206048592,0.01875280303192417,0.07255617841834772,0.06154548869465537,-0.10708055872251954,0.010086431076747226,0.1551711539895091,0.04694845156512928,-0.12181015822633456,0.04038982205795505,-0.024922883286626507,0.15057167305476482,0.10734272226309782,0.017662785500629496,0.005793326682278943,0.05645624078280642,0.008019582544597226,0.2175015983266615,-0.015136184163910826,0.030578469763323346,0.05512176770430699,-0.01164017554470198,0.06560115291890245,0.0649425946940898,0.5102581464839535,-0.16433683111255482,0.05600077017468963,0.03138520492218788,0.11087039113950592,-0.057388904218390935,0.058851707855192226,0.054444790150489863,0.03931349831373798
2019-05-31,-0.12421278303101435,-0.043111902426948734,-0.06343995195683882,0.007069156358650686,-0.06237351614256825,-0.07861319674779288,-0.14065418177867683,-0.058120765355257675,-0.0215980107634568,-0.07006271585058377,-0.042394138223025735,-0.03599335253974367,5.423321086106547e-05,-0.1450386969362305,-0.14752754707269522,-0.003560513497838813,-0.15818988547446866,-0.10015640704909345,-0.07177961549466494,-0.07711668325530652,-0.10978771576836122,-0.06799204828771388,0.023828048553941716,-0.0648204446978593,-0.08694503846642865,0.0014271744793457053,-0.06235069497718282,0.009419875539645739,0.042450120720468165,-0.1566836192717419,-0.04948062700274103,-0.22467894683288492,0.025834743895551293,-0.18737128903896538,-0.2507480697494133,-0.14583338714307992,-0.0634474626620537,-0.03352753126589014,-0.15449803235565207,-0.13169169976617623,-0.0391287977155107,-0.25060984797512387,-0.22419608251253786,-0.12070872008242828,-0.07536246734502972,-0.07961101643455493,-0.10889997098011417,0.03745646013412829,-0.05302195375634766,-0.008373271717292408,-0.0657777313668354
2019-06-30,0.13051917142557312,0.10468964282050375,0.08767072918087737,0.09608072475457452,0.10545914469041118,0.06679174655008091,0.13755092003628522,0.031219474447516715,0.10301377595434902,0.05189305611950723,0.0930171578815695,0.05755840425524217,0.07500565346088006,0.10756964793846624,0.13776276096246165,0.09086271938647039,0.10258936147721887,0.13058078322324818,0.11335868455336073,-0.02141905717307846,0.12115709630885219,0.10312768397810768,0.08050365066977694,0.06199038046764094,0.05511499986223378,0.04452442076820229,0.03565181991285282,0.04735952654975972,0.05195504109804183,0.07667754713502362,0.08311751466410677,0.1833791537945011,0.033550477032038506,0.04222961491784938,0.2123875276734657,0.2432926746296924,0.08157812897167283,0.06549415389793922,0.11613743525360376,0.01109742988876583,0.09464113737369217,-0.024341975867539722,0.14883750610981372,0.037385488652369014,0.09259720792514647,0.05150101753293934,0.10018221420490847,0.013608712903037112,0.013970463460680094,0.08921521212576211,0.0689301639982407
2019-07-31,0.07639448982315677,0.03954974401979516,0.01428810976509709,0.07525016169838161,0.012480649516794395,-0.014179183493694736,-0.02646444110460444,0.026095268172158903,0.04302569597963801,0.018630088381782928,-0.010687960409247577,0.030475788914572144,0.021728371917550504,-0.027577919053574318,-0.07546731224230563,-0.004679474849908938,0.007484696157002313,0.028373943505739962,-0.004761829464158596,0.12504629696478986,0.0759040464296028,0.027503737130659456,-0.00047082057389824516,-0.06504874696781282,0.044912572864236555,0.03358207953055725,0.10959731853242127,0.014735823467954212,0.05247143329066595,0.025051337868490675,0.017244105608744675,0.16325491235244494,0.011275961372759769,-0.04462098373366874,0.027339466179159055,-0.24227561197923486,0.018456474160292835,0.08348754652645285,0.029821686318216134,0.1743902851753767,0.006366637156818067,0.10095733690143671,-0.03825434460276045,-0.026325670358184117,0.1194659528650579,0.03177033230088666,0.09580904871503249,0.020491076400784403,0.06410030995159399,-0.0009957785036873723,0.013128152166957952
2019-08-31,-0.016461363513423755,-0.020436195387313116,-0.04801571401088367,0.09169881318841111,0.12604791360664236,-0.048473822697145064,-0.09622563505754755,0.02524873663313909,0.07177012273620642,-0.15505416146389106,-0.0339521838555622,-0.040207033781538226,0.02270334137651875,-0.07359082234026293,-0.13581810106923953,-0.06676069796583561,-0.12261454023642382,0.02866519273216217,-0.2105260728874201,-0.022713861975502403,-0.06786976929876254,0.0665450799307239,-0.03650492865006616,-0.006897293372033042,-0.052930834495638734,0.04579157850651172,-0.02897142395959096,0.039875156646362875,0.05836723613625949,-0.06889603146849999,0.01503662600906952,0.00846495925515045,0.06342297731397761,-0.17832112608160522,-0.006188456247917307,-0.16116503571896146,0.030036873377753404,0.018553333411065243,-0.047891548839469555,0.12149533358150655,0.03734056752774295,0.07667995055713095,0.06301251995027601,-0.048267470223194775,0.028979678307278656,0.011861663886170604,-0.010079390651579923,-0.060278796236647336,-0.0944266467923639,0.04024688106470786,-0.018091627240523933
2019-09-30,0.07296172778753673,-0.01933861745304888,-0.02903240477348923,-0.09888615873701356,-0.07242823859996161,-0.022732743159706414,0.061429077400178,0.018527109813464504,-0.022561145135250982,0.055543660493262426,0.0074751941244339815,-0.0505609456344398,-0.0378600935167851,0.12200059563274213,0.00040437336914300737,-0.10931990098698807,0.09081024492650869,-0.04464906612439168,0.08480743560303061,0.025711200188750727,0.016281492117301122,0.024250103582273086,-0.09276456081887219,0.007946408308978636,0.07127246754782934,-0.0036696548104830917,0.05200534586011596,-0.014955925593081676,0.011843171379759543,0.028440540763474242,0.008486848145698112,-0.05345722328136915,0.06349284461025695,0.09259274112922777,0.0391615873293818,0.04552470299778255,0.03381026352610039,0.034516993614781555,0.08952161395426228,0.007407400212333881,0.025485045062122458,-0.06889388084398773,-0.011371351357162607,-0.043613260166100454,0.04389170638872808,0.01400730441135467,0.044363784184481725,-0.06690252814790909,0.00012336203395535428,0.038684120703358804,0.017181177931020697
2019-10-31,0.1106845212486054,0.0032886667945322134,0.006081421450791824,0.0621846667644399,0.10201017471061968,0.023474701269111886,0.09954169159107362,-0.0011140002022437256,0.033478561701531184,-0.031170959039622637,-0.020741960802657,-0.003069410554845886,-0.030145239395606427,0.04920713080437,-0.06225478076243918,-0.12613124759154082,0.026064689572961486,-0.02684574342827295,0.11633128572583318,0.030840141342185712,0.029677196425756946,0.01103367073257977,0.13054013705775502,0.02055925135238401,0.06993552417118276,-0.0001836898544722576,0.01680104547326322,-0.08388060344253379,0.002578033194108542,0.08733897301380922,0.031216417338169045,0.10968479004322607,0.0229623061140376,0.07421366432507548,0.15482288361982266,0.04501842421333313,-0.052381582280856875,0.007439643490396275,0.015946042564298102,0.08455882965229367,0.02980510815453874,0.02681039949270758,0.054535570792022536,0.10410947768578915,0.040828204714725924,0.034266329570421084,-0.08016526304216842,0.16280144630257443,0.021484423482685866,-0.011965173168888565,0.020431770513684056
2019-11-30,0.07755386631542649,0.022007030701113983,0.11369771862074107,0.10687566913487223,0.1079934283874775,0.013587301227403925,0.05029023133630095,-0.014948836072853022,0.009087952594957205,-0.04630588178310002,0.01846166761084822,0.16671795968849823,-0.028114857772433277,0.060090005825738535,0.022940225190965613,0.07637536349960583,0.011313193101731178,0.027941136651631338,0.12925851925430298,0.035978487773545176,0.043200075934872295,-0.059979611202347516,0.12202104047415707,0.0484897941585698,0.05475470685643802,-0.01159514405444273,-0.041029046100534816,-0.0049499282075670115,0.022864851414050813,0.07448417639707738,0.05946241762097593,-0.000840886447832756,-0.013716445080785844,0.08428755157676249,0.07899666343896872,-0.052966102265676995,0.030980365088708384,-0.01967709868903722,0.08819117361820172,-0.0033898272208872093,0.04318588027130521,0.06962755423651035,0.038662581599968604,0.2047798716582252,0.020843880225835276,0.06455658094306016,0.01881518824277184,0.10751873805635848,0.06946581687573983,0.01560639522094398,0.034047037714499906
2019-12-31,0.09878405425189496,0.016501016810615,0.0655186859408643,0.043021158412375415,0.027053631517974575,0.026121694264473083,0.020382648495162137,0.018573096069595563,-0.0196455573674027,0.058485695670164484,0.028856744755490826,-0.04013378834656833,0.03648251200852992,0.03249429710612439,0.18138271733899192,0.05953107206417685,-0.04158954456218611,-0.029657400905598097,-0.00886297021415794,0.027068870450526195,0.03876189658805029,-0.0033253597530367163,-0.07264235026827659,0.06094986511481726,0.057984031611098885,0.03651676177731211,0.06395442576841037,0.016094224946361146,0.023350816636056537,0.03314490402888359,0.04174879124760378,0.13197210429575312,0.035668326160394725,0.027397318861692277,0.085632822856188,0.11185682453900059,0.06502451189533431,0.023267258005862157,0.035363967672130014,0.34013604780178874,-0.020377716064787443,0.008615578102675103,0.06420261979569397,0.017561093953309515,0.0007032189884637052,-0.0011448096369334193,0.06721542433114092,0.054454822928233115,0.02727415497575625,0.002376847130516113,0.02858981890573009
2020-01-31,0.05400960366525198,0.0074843053689692685,0.0646736522474709,-0.029623584104617295,-0.10378731774081118,0.0870638027865227,-0.10433802529615799,-0.03504547650314438,0.039466161725620896,-0.03444626505315462,-0.1109449875211701,-0.043697715456741615,0.016166752492480008,-0.06071339661021968,-0.1266368796855467,-0.023836552570347003,-0.12552804809212137,0.00045855505910163963,0.11559158791413138,0.0697254668067151,0.034010796725805426,0.04450964070568775,-0.16319285444116471,0.02056636095494002,-0.04440608724931605,0.05510403006301745,0.04208782612827999,0.08278909885987562,0.017540926075858554,0.029009627227779333,0.07945512745241512,-0.01282996249886803,0.10753225684680179,-0.1355028221949276,0.004802360476464873,-0.16767270459992112,0.0017046168887402402,0.0036861158574770236,-0.04921766622943147,-0.18908632313656215,0.04195604096157002,-0.05421757929855353,-0.03309575779754448,-0.09997869339217036,-0.04549828631140718,-0.03308226933465308,-0.052758845969082424,-0.07323623760391185,-0.0075778218076058,-0.03660386463648391,-0.0016280928190489652
2020-02-29,-0.11470114955716604,-0.11601994376168034,-0.01714421393208987,-0.19154123803550116,-0.06897573790774847,-0.06221372013363058,-0.05413004419711598,-0.06390371382850746,-0.07785814679488645,-0.13139021216448166,-0.11862111609686365,-0.1493745275019469,-0.07985315906919566,-0.09900931201628083,-0.13235517237801198,0.08081391441815788,-0.01776945422154097,-0.08977416831182627,-0.1261045136286646,-0.06527854648289988,-0.15037845707389064,-0.04497995782474562,0.0320241409204618,-0.09090125548927064,-0.12277130016997051,-0.08407542322259087,-0.007183980991226857,-0.08685756140846101,-0.12794531225397288,-0.13834655763969328,-0.04568859325190944,-0.009983123089152612,-0.05264715443010215,-0.1250934662774178,0.14296611479292864,-0.15068492413793533,-0.10885541758697759,-0.09139759543436832,-0.05183778156043395,-0.025821590813862594,-0.09259240477861341,-0.04967392807147075,-0.08217052092087107,0.31552941742715834,-0.06987322198719426,0.01661605236960262,-0.0539578666856545,-0.06419533889626416,-0.10405397848951237,-0.059481139304245034,-0.08411048363840312
2020-03-31,-0.06976153775568306,0.024405956429359055,-0.07788596796220182,-0.11367508260843073,0.015020292898970444,0.035020571318223226,-0.06600145794601431,-0.14409467025212774,0.014192108688235283,-0.015527061945151077,-0.22369827132237607,-0.17892062258001273,-0.13417675073587676,-0.2567459246689473,-0.4321846631725761,-0.0736955797734451,-0.11104626955990449,-0.1714574169953026,-0.26949575109363844,-0.1323874588704601,-0.23001429017045405,-0.13716909899640073,-0.028908635450327513,-0.02491043446911856,-0.22461454175593853,-0.1654873891468127,-0.07522993593550131,-0.14842643394464217,-0.09859542459656279,-0.24494798777457383,-0.02654139727655158,-0.19977156417582653,-0.048029596181290324,-0.107662832067418,-0.023956669798944175,-0.7210626121573932,-0.6731114824314091,-0.028526078402903443,-0.297883965297575,-0.17590358344853385,-0.038446288202025336,-0.1734424124613142,-0.12914241416811245,0.09834227720447886,-0.11074985125406966,-0.20050164916730395,-0.1244962310762121,-0.01764914345633173,-0.11745152202113529,0.05983194165373984,-0.12511928240892822
2020-04-30,0.15537388554316522,0.1719402115465296,0.11123688254261,0.19852068745360718,0.179993066551837,0.2689001176660717,0.012137721886588793,0.09453172341751293,0.06510076327816527,0.08831872481206116,0.26966647389425047,0.1195652359851116,0.24173764913437057,0.19685155510468233,0.3345120557430199,0.4343787310016938,0.3060114235571927,-0.004626306032494698,-0.14357681544334566,0.15899998104247048,0.18649317069396476,0.17738762522979368,0.33360643432037596,0.1442077190167299,0.0746980733160838,0.03706213750571141,-0.017252659941779713,0.13432089423002136,0.0826127478005203,0.16990980649449372,0.13632627164664313,0.1386110554607174,-0.03948153643047969,0.06264068476160456,0.10880144486299903,0.748299240288133,0.41770191218074393,0.0786915438677076,0.21883979664434827,0.16471730435501963,0.1102402964661926,0.12983067603641318,0.1628969701076075,0.0769826132067657,0.16724005228550665,0.025936046083549602,0.16151295807618293,0.17278850901995413,0.13294129591113335,0.06979414772065251,0.1268440381652789
2020-05-31,0.08509389399675094,0.030730608645172852,0.09320209843290628,0.22142684750335073,-0.033296519292853266,-0.012784941240091774,0.03222188327359099,0.05235199639743904,0.0180530089009161,0.12836263086190547,0.011371937475375793,0.08460481719234036,0.09860468120006427,0.08037153514404927,0.07282658723574142,0.00040479033297047273,0.040643428733092124,0.12410055750318127,-0.0338236322079134,0.06446877807392859,0.07795349343019886,0.1303277725822265,0.04351832726429583,-0.001725224597400432,0.01618634597135471,0.017215068600684225,0.04746041579268634,1.221741428558687e-05,0.009730534704171179,0.1209734824252362,0.025391163230809255,0.000417825830425711,0.10574614747426025,0.01759193767518563,0.21465713988124047,0.24902728464145518,0.2258601246903318,-0.016543778847300072,0.14475447179254752,0.003347277195938858,0.025439930197464156,0.04183753511220578,0.028092153846016377,0.16530398036710103,0.10979861720177553,0.07563705803240461,0.030997882173843694,0.04232930061109763,0.0689848205542587,0.025139799284412456,0.04528181966555822
2020-06-30,0.14738630686641097,-0.03676790005854991,0.12599583726347796,-0.06467261100534005,0.026817599789232593,0.12956672853391127,0.053025946698822546,-0.009808266932425203,-0.017051792311338243,-0.024675701601012512,-0.02693583887730444,-0.049360532933050316,-0.061956417888227144,0.016552036657328628,-0.006081929613587889,-0.03925533586781971,-0.03753796929437159,0.017911753736695735,0.04113238432058708,-0.01079166569508827,0.005750800729351413,0.014189444800330797,0.020213889555178888,-0.05458818850288383,-0.033398280482924814,-0.0341493255733446,-0.01820702779123151,-0.009929226993753426,-0.06368455066881773,0.09276044149726914,0.11055941136840075,0.07534985136838568,-0.055044275110294416,-0.003816952018262265,0.07059690810485542,-0.004672929821157856,-0.09457599461297417,0.03148723704023926,0.018336386072155042,-0.07172641143403824,0.02630161205283299,-0.041107206821449305,0.13644849159281836,0.01768908519410406,-0.026942813173414515,-0.041698092166639555,0.06931106985208224,-0.028307824896955824,-0.0046507316972699275,-0.03449950873915586,0.01838839651392421
2020-07-31,0.1651321048537202,0.10500634412470156,0.020697916005047112,0.04159470835204404,0.03735261128523959,0.1471136218500213,0.0583020401371388,0.09799905418825294,0.0759215382687981,0.017817367580295063,-0.059284891175273025,0.04869514679329545,-0.05966328854597103,-0.00032250802387367994,-0.06784195150207395,-0.027379933647727173,-0.02566677617375246,-0.010919234095282948,-0.11127376062606154,0.049292864642840994,0.001720587173575927,0.05979824545261492,-0.05011059943543805,0.03647858083392874,0.03744094517877938,0.05729638845275109,0.05162162895578026,0.05317942331476022,0.052126885447354,0.019058584798317124,0.007370823287072392,-0.028338620147561056,0.16875544318869795,0.009495415779290362,0.11760683315796094,-0.12050078200549352,-0.13189315831548099,0.1035160076142354,-0.023735390044711036,0.06738544405106461,0.129540425140646,0.054612600188093996,0.15787760139897222,0.013501398241259732,0.1212600416424352,0.028283042000336156,0.01148339116750563,0.026546671760213192,0.025314480700745046,0.080313901126704,0.055101321480443666
2020-08-31,0.21656889633588938,0.08773848939790363,0.15545104020899658,-0.02852401094846957,0.04228912440688681,0.09046103369298208,0.07096594114708044,0.046962317155777145,0.067981520893873,-0.1036093130541339,0.014295802213808217,0.12767209614347963,0.053453180747006446,0.12816089846551426,-0.03223056430336235,-0.03767868486288817,-0.026269258467730094,0.017786437608317884,0.04448094210649134,0.09515119347138801,0.041171759887541404,0.07363733481538448,-0.02440262869562304,0.059488433141246855,0.03673433897926115,0.04847586189435371,0.033633291110619856,0.10546185423259957,0.11390942866690068,0.06914883744213074,0.10275163269680299,-0.09089101090159801,-0.0004346290556693777,0.06975208058960525,0.25999187655981326,-0.04092527113114086,-0.01540657829145986,0.05498786288325186,0.15625863043295296,-0.1557239363340519,-0.033769584329817026,0.029245744865367573,0.1277339880587094,-0.01920699091775291,0.03778951102481276,0.05385653145364744,0.11446486382060095,0.03226747134031416,0.11568982971213981,0.07744072931112034,0.07006466690171775
2020-09-30,-0.10252647371430945,-0.005846395876324073,-0.044722377369140975,0.009075362384007413,0.0033158858647399647,-0.08757859185260553,0.04806456855198493,0.032359350719882496,0.02111252235548089,-0.06702977391518417,-0.14214245467268705,-0.05907319556384305,0.016350566883573725,-0.056139463507701826,-0.20732254319573018,0.10036010434278908,-0.07224367154618128,-0.07311695698774712,-0.015725748507826043,-0.10059955807111043,-0.019036271380776792,-0.02057752213144215,-0.06860405516380952,-0.029528475963287226,-0.03912564804489349,0.004838378168632973,-0.03252296242457642,0.027960116180599348,-0.027555529711771554,-0.07481826351899346,-0.06739646085556106,0.031861369976761145,-0.005767221415161505,-0.07491048708495052,0.01196667820718389,-0.34693876287206016,-0.05458527839222216,0.004771229194338034,-0.017814497984762312,-0.0069790325710689105,-0.0065647239605300944,-0.04588100913063753,-0.006630807013395468,-0.0970269271057983,0.0382833195202652,0.015696303880770035,0.004502072367433163,0.0016150208734442284,0.0230205081785253,0.0076341040352723155,-0.039227970178423055
2020-10-31,-0.06001192986868642,-0.03096265203809545,-0.08835101282419056,0.03237749962361591,-0.1464433732695538,-0.03575408533520552,0.059398107137968115,-0.08229275671752634,0.009316134671538023,-0.0801944779282503,-0.0347218714662163,-0.022807946116056854,-0.08131513349026331,-0.011896066457614207,-0.0377087856214714,-0.16237223299889336,0.08283787632500683,-0.04403066918849308,0.1910111565918049,0.10269496196299932,-0.05936224450855576,-0.03960990536442921,-0.03454422273139646,-0.07905713293052874,0.027835826168558286,-0.026534265316053074,0.08916037805152133,-0.029568579902017,-0.03223635724151097,0.0032450938591417344,-0.037370076552526554,0.07197587914112846,0.05505112949748914,0.012034988938255609,-0.07364835124073354,0.15909089369714735,0.1516645704582782,-0.008120934656913548,0.0297517793887756,-0.02108434109866153,-0.014112361736545065,-0.07773214842191878,0.04826659087650098,-0.028975872737116326,-0.012572967931813839,-0.08715197649033346,0.019880909190451046,-0.02126571099079111,-0.09996460902431858,-0.008291111553836661,-0.027665786221379718
2020-11-30,0.09549316860451462,0.02958790853978477,0.07016326255635197,0.01721841047894257,0.03046139589080865,0.043439868865324804,0.10531669410666278,0.1893939367814803,0.09549251054079622,0.1983285556689678,0.2728456605345748,0.22070097385494214,0.2100330590091284,0.1937253640585559,0.36915898648822454,-0.06445311153947808,0.2246877882400582,0.13721189267818157,0.37196760531803474,0.0855699131001535,0.21974177918114934,0.04011874535767168,-0.02423820970585089,0.06254356837732611,0.20236608970202807,0.08207635163281601,0.10294303879279587,0.026912685279109283,0.13055563311587415,0.2841121686018486,0.06006053934490807,0.2731426155733927,0.009904662118106478,0.2146273513317487,0.06921180263368232,0.4877451679331679,0.23689659498464977,0.0129100207238535,0.2878839801390545,0.18871796436798882,0.00856836498818736,0.24885196321552017,0.19301239110403534,-0.050647378256627906,0.08870866191473903,0.25019717464225133,0.11522192462091185,0.10224813545673905,0.1571743695601051,0.10118925811247914,0.10754563544385909
2020-12-31,0.11457389491356129,0.011735507674102363,0.045248383056930574,0.17974807393340675,0.03548954775749458,0.028058383014484267,0.04856288058209368,0.04299368612835708,-0.013070655842608025,0.04021371466439838,-0.03131444526230254,0.2241065308940826,-0.023945712292253618,0.046212099515957394,0.0637800705961804,0.04749477320768469,0.080646183156456,-0.0035489951421276977,0.06187969533057647,-0.0010031380440871374,0.14991502666430878,-0.03727977729120047,0.02886210568940384,0.08777965915058328,0.07796086519529744,0.06279052939164975,0.10913499301225382,-0.013153173240339155,0.035401005101991956,0.1083618002901463,0.039005968468241115,0.17303791005995683,0.048375969834714594,0.24254346704538943,-0.025567684573646665,0.30971986564033305,0.0699752362938626,0.0019443287674161258,0.019269783104403082,-0.037100974936550624,0.0019217592854721133,0.04317398642700865,0.039596998370707626,-0.06379478814527628,-0.017013772906893987,0.07526374595046792,0.017860497862889124,0.046386638764005506,0.020285960292413474,-0.05309944039624903,0.03712145909357001
2021-01-31,-0.005501806651776242,0.13332621220672447,-0.08268016977370907,-0.03877353683598728,0.050060737429444835,-0.01557601223652838,0.00984946242942275,-0.049680497238623667,-0.06462668967980456,0.004280430598989637,0.008881118704421986,-0.07180702634747838,-0.05476992676548542,-0.01269159753506821,0.028233080752316786,0.10662677738855741,0.11373192127526499,-0.007224928845133705,-0.011111112726488237,0.04263253949455237,0.028288875485431797,0.019577080902650534,0.03184636164819832,0.03653613507706521,0.019883693721020945,-0.12199134475082052,0.08850975120579907,-0.03141031653160953,-0.04959899392997025,-0.016565669223023716,0.04289173838985216,0.04110128490037557,0.04821808086742152,0.01045488182942056,-0.004998041314080548,0.06289308326992504,0.061345694758133895,-0.07299586759272636,-0.02863337257515086,-0.005376296304905104,0.035520791614950475,-0.04445703715225802,0.025862825905312192,0.04290945666577195,-0.05866034349299076,-0.062234851759850884,0.01562640460303899,-0.04876258903035757,-0.05162790778940152,-0.025390450966398137,-0.011136660755445171
2021-02-28,-0.07971204031021162,-0.03082782497400738,0.0019618205977194325,-0.04424702995915042,-0.06145720331529836,-0.03532841376742368,0.1807045724167753,0.06354687036548423,-0.05895189000277601,0.006505011974144326,0.19029960000510004,0.12410054185302477,0.02371536491399384,0.08901162326551826,0.26687607866458696,-0.024763586660616288,-0.03046696256024961,0.11446683740789299,0.1741574024836836,0.10646518924839721,0.17815377578555025,-0.046082579850967864,-0.12356541880658078,-0.022570268902704305,0.14377871788474583,0.017445420073319173,0.14835883977433073,-0.002076743692740579,0.05066028115301946,0.14645809051452718,0.004118123662787854,0.16941391868160682,-0.08661365179502789,-0.05779660395249331,0.05579412998543343,0.39644975823509077,0.1119757713003724,-0.036502790190655054,0.08790006131112782,0.07297292235183983,-0.040019359512713626,0.12517838362599476,-0.1285510759664924,-0.10572812659140018,-0.014149069078585041,0.0343473774268499,0.03971279366365099,-0.0040768426545158,0.04780729520145255,-0.07523669346436057,0.026091451377448394
2021-03-31,0.007339850641656209,0.000501025638522945,0.03415489640574809,-0.027702922426214083,0.10621547171301637,0.00037178414851712915,0.07406898008863094,0.026365421431438385,0.06489411030610714,0.15244060248999425,0.04789997824158543,-0.023910148690729827,0.024787927973137336,0.050290759676213215,0.12345094469239815,0.04293630248048674,0.09811559010866122,0.1106626169181133,0.047821475107451494,0.020084966448362662,0.027558502087237757,0.18898715312370662,0.033180687254585894,0.037170450180819437,0.03438205391277038,0.08488951733326067,0.039750959352948145,0.087319323572141,0.01499385588030444,0.010276556709495566,0.014587960657118204,-0.03627244707165955,0.02898729325856242,0.16086275143253936,-0.026369450320814947,-0.03220339900835656,0.14382484192279077,0.09633305840380757,0.09921213783226435,0.07976488844973062,0.07659364217082554,0.05372249431340803,-0.021793980608731944,0.05009225876868517,0.0847664057353994,0.002424459726438899,0.0970570471658132,0.12392934565113167,0.07015944082970949,0.04985491444065038,0.042438632533165155
2021-04-30,0.07621786131280173,0.0056819270298253954,0.06935650453196018,0.011569048247770386,-0.03685530822976113,0.12066273709568343,-0.01176912996047308,0.04245678276032061,0.05789597468171914,-0.008412925936910898,-0.016413828654520346,0.008129034239004351,0.046947363317336954,0.002992810369668142,0.020992927376793702,0.08986280092667243,-0.10478382284532317,0.05454383010828123,-0.0007613721715393762,0.14107996403157097,0.06559660561364078,0.06034381741160977,0.0505721764503384,-0.009857049122506734,0.016329953831893063,0.024094080544791563,-0.0050416015858207874,0.05327036530375984,0.10827054688832716,0.06748314616954909,0.06960172192629388,-0.02426027105655293,0.02512883143258504,0.03453734988014712,0.12445439162528382,-0.05866900804009245,0.05244209606357986,-0.008538851361761468,-0.005135778259358181,-0.012441668093593816,0.09933933966049113,0.007226052809492511,0.04683627908133703,0.017246531883699623,0.11327748975858354,0.07331832586602549,-0.03959842578120476,0.07184116451365141,0.007621950026859059,0.030037516167957357,0.05242532134755851
2021-05-31,-0.05049718085208299,-0.028564453639830845,-0.0073966435706659395,-0.09102083747673861,-0.0001126375818613079,-0.07047025525869377,0.05685859828394335,0.02119333293175285,0.01660866075049383,0.039088712452779895,0.01931200741598893,-0.03961937233237023,-0.04033560986363249,0.06321669430650645,0.09098343253837737,-0.08407804758780446,-0.007121449294142046,-0.0016821760434928557,0.07164563998013884,0.0014232405993961361,0.07124810198073805,-0.01470625604664233,-0.01873973442950705,0.046555064079267794,0.06781085364441619,0.024268277320324216,-0.0048989424212547705,-0.003804764244408232,-0.033073725522109854,0.10175622231254189,-0.00762752518961185,-0.02242384245623985,-0.055347407435958895,0.0358818238380203,0.08228136449543633,0.32744190304778353,0.007642137003109006,0.010718199379668558,-0.014822152315153159,0.06614174529160843,0.01124182241570093,-0.057692270561659376,-0.030691772776725745,0.0439018620435665,0.03730076658959214,-0.045285165775871494,0.051575985111892875,0.03289888061753854,0.016747281566801497,0.019139082167752397,0.00548648867060697
2021-06-30,0.09910924831471335,-0.006172392402450155,0.16064852002322239,-0.09285640506603865,0.024417852168566734,0.06735498737093981,-0.0972705459740224,-0.0055807674090097015,0.04599896951418336,0.001890404001306356,0.009153073305152137,-0.016120826829506996,-0.04020843982080036,0.00574754783704523,0.038585677257616746,-0.19201774147245965,0.00663329037864302,-0.008688630206689751,-0.041945266570979856,0.03603978442716449,0.020186951785912788,0.005180917830630127,0.004177589868950671,-0.026646997825109486,-0.05297146814521769,-0.013967832108766398,0.0039480764268060575,-0.012399260933620426,-0.014485144478801004,0.008136619424677694,0.08498909725473358,0.009983543170769327,0.006109659238797693,0.05751567970241278,0.2316220797961699,0.09110015384430326,0.05498680733696304,0.0005931798238587582,-0.003375189636125153,-0.024372224862317715,0.019432295851467885,-0.08332452943974211,0.06778171947526968,0.11167711320049967,-0.03907893271450724,-0.0017769642905132166,0.013065061925908728,-0.024309058233629832,-0.0213590122900158,-0.007111211895105551,0.022214009565834747
2021-07-31,0.06498246898468829,0.04753383817321044,0.06145411743420559,-0.005158149464250195,-0.009066524055910019,-0.032722282722282725,-0.04489504817725809,0.03617754685866226,0.08809239486508558,0.052000504112333035,-0.027974142519246015,0.0014223738529615115,0.07214628164862424,0.04831676944401031,-0.11102892343469417,-0.07519204080763131,0.10634303254734134,0.04789666921894775,-0.03789000243322915,0.10350602674442744,-0.01225203828203314,0.029163650997853896,-0.08058955189162831,0.045283663301948884,-0.01855053730497147,0.05396398858819085,-0.027771128632301245,0.05073830443669225,0.05784264779512749,0.05447133887174971,0.051716449031750544,-0.08707927210844335,0.06304559469926896,-0.021325181342618627,-0.025171652302863556,-0.14836220367494757,-0.049439816719985874,0.060731729693128234,0.016020444183530325,0.012112024750194683,0.07119532434972076,0.06655889746383248,0.048065453272328806,0.028771497961131764,0.06819614142208597,0.020617002207883095,-0.0032081914651461707,0.029417816154352794,-0.005319890674350458,0.010849648833781256,0.02274805482838871
2021-08-31,0.04248932082051149,0.044552790445083756,0.06767692517054358,0.03606403065330532,-0.059072943535550926,0.043034169499993835,0.019927563916438684,0.03144647071555706,0.05996924515746116,0.06592031355514494,-0.036689083416517554,0.02999658725317156,0.02051345021174744,0.05078196830450432,-0.07329153474492744,0.1376854387122488,-0.014236537023973761,0.021833462016171756,0.017470819014329564,0.07400908507799375,0.10840634337867838,-0.0061248305259160585,-0.011118301581341195,0.011375078511021153,0.0538282484802064,-0.012624628157087647,0.027221156375793587,-0.01626703037527477,0.016525661515059742,0.08803898858309211,0.06159115009157623,-0.05001277765687018,0.08311021071807811,0.11735178704943805,0.14820969200978107,-0.072398191672424,0.010582938317057922,0.0011248473859253316,-0.04598851256631431,0.1271503233968838,0.051702655806653786,0.17045220581824716,-0.020761038814056554,0.17192562745814333,0.045341328818925275,0.060684186383610506,0.0015215948320743689,0.009824641770451281,-0.003963755156117799,0.04275703245349227,0.028990416255438634
2021-09-30,-0.06803687111338619,-0.06520547638941354,-0.13255995161329337,-0.11310051574775959,-0.05710985385855272,-0.05351810876292584,-0.08962872186985194,-0.07827949824356828,-0.013480025146198282,-0.07777020253789702,0.04836212460167166,-0.06690568788971774,-0.07230928563969097,-0.10710906111597884,0.18883281568684906,0.10276470033981044,-0.023530030812903613,-0.021366947577829642,-0.021818326332759486,-0.07616919300338143,-0.08580192881224413,0.011493639420499857,-0.10079748071380967,-0.06717507261663302,0.023381988736635995,-0.06116165004250396,-0.07866496499768871,0.01537098802448389,-0.05629611941447943,-0.06817957134919406,-0.06611899394393672,-0.035560294493574784,-0.06512672381449325,0.009333129538520168,-0.0745588377980636,0.08292678766441663,0.10415073659508867,-0.018189234446772784,-0.05747108932211009,-0.0955540550460573,-0.06411944740556641,-0.05183880171684663,-0.11663588913096667,-0.10130691685866389,-0.07883546366010985,-0.09268433551986266,0.006809423533453929,-0.058035398078518985,-0.09606145952348355,-0.05887914676114925,-0.047569168801901096
2021-10-31,0.05865714474296202,0.09529878544008663,0.12964638790848237,0.17241379310344818,-0.02671071351024168,0.02660245759664326,0.06858596942003992,-0.07639116171053306,0.09566085721640594,0.0352398244561567,0.12853612366989453,-0.0005911093030315229,0.0651901815592133,0.02983042700335492,0.15714848915392543,0.017502405388648112,0.062229576381684915,0.040491306495202606,0.017859082589430475,0.10749868662330875,0.09343138662019168,0.13245581228860126,-0.02617033228132437,0.008545073456343477,0.044130570897744414,0.07432816648906937,-0.04031859529710857,0.018414677077266628,-0.04379736089501418,0.06352010979358735,0.1762910706247307,-0.026486263960039058,0.08672949753825976,0.00042334506603936006,0.23416688982553513,0.021021073052599926,0.11297323413056715,0.029158973267461086,0.06068934236250878,-0.04695527057587301,0.15570431345945535,0.07757519264136792,0.0314775680962911,0.057437269262434976,0.1318409277872925,-0.007426438401637592,-0.018601002303756498,0.1784564036779126,0.2315695543491596,0.0720331731292827,0.0691438364006065
2021-11-30,0.10508221918809069,-0.024206736166643927,0.02996800337253136,-0.06716576234542115,-0.031020365130613015,0.039923701306487036,-0.05225235507882253,-0.028193697044832433,0.09732664427532844,-0.02018935161673252,-0.002755308163837178,-0.14295852517661156,-0.0033749817462838116,-0.08971851257086982,-0.05905228227558845,-0.219432787686207,0.077812021830439,-0.06796537264126257,-0.09421217370977886,-0.041531021899329224,-0.0782873038592018,0.07766180486178009,0.011048041604687864,-0.03639905060379989,-0.06510074277848632,-0.06232477253671542,0.0010591985482444333,0.0016537756136414394,-0.10979480875195413,-0.07744690010550603,-0.0012819186378159042,0.21562959197380072,0.02149719586674914,-0.004703282149138288,0.27805342610146244,-0.21397064113699293,-0.05941522370084673,0.01111969187397066,0.021635800859101995,0.016936125550822245,0.03994204381466315,-0.045943736463652796,0.35718603487132894,-0.005328514890929892,0.04793853265132664,0.06366070749286723,0.026082868701750472,-0.03529022854977837,-0.023860778941012795,-0.05882733269492857,-0.008333706184746159
2021-12-31,0.07422869086368489,0.11902701908544722,-0.15345223822308918,0.07211649653169583,0.13118490523771564,-0.04925196878828486,0.06925253010457078,0.0070029089799330535,0.05250508102246676,0.15554335568404887,0.03969168491221642,0.06894403839457541,0.061574052707300764,0.058401889813467056,0.044770824911375406,0.08874328111204677,0.07527025549252375,0.10319081640512451,-0.0046034546326884085,0.020821260873898018,0.009393696521303285,0.040229742929204226,0.08387478149423466,0.09709486412561086,-0.0030221668133054713,0.12888439984858624,0.04452997402919956,0.09595271934184035,-0.024282875400695736,0.03522469006933471,0.017332675341533266,0.11011099572470906,0.07582406437473077,0.03499069800808252,-0.09980996264257924,0.05799820987562354,-0.01804807544806475,0.13141504059705222,0.053168316831683216,0.4269493056045368,0.121256601206712,0.02151868181201988,0.01662213783969202,-0.007870753013164755,0.06315656042608131,0.09394833140241321,-0.02027338551368507,0.13407269975617275,0.0742350485653136,0.033012541938354456,0.04361291346206486
2022-01-31,-0.015712334734794497,-0.09116410004612474,-0.0577716818443712,-0.14629451387720016,0.009645644772489304,-0.10282991021845667,-0.02032481369200756,-0.0018377011904687768,-0.1102168358808624,-0.11633199629302593,0.1191305779923677,-0.0769578184561921,-0.19242077280427405,-0.01097124910029812,0.2642076970762657,-0.009846843458123145,-0.15156720436058035,0.023157839787871115,0.0001059708861723685,-0.06591880630460578,-0.0728533890199019,-0.1157320960708309,0.012670303621831414,0.007131629044835552,-0.05594724712085708,0.03040028108382642,-0.16940783176125673,-0.032155838810140835,0.0003863705197757472,0.05190056759245154,-0.07534489945743039,-0.11680110007806355,-0.16323919201296755,-0.05446876222498098,-0.16745447807976388,0.15207774089656345,0.048975751989529526,-0.013838356718594014,-0.02549309932388133,-0.05145894965905007,-0.06854352773600603,-0.1468077350385485,-0.03887984340338524,-0.03630931492648315,-0.18642092071353322,-0.052028581155031395,-0.04134028065951756,-0.05888791838947882,-0.029293700573779224,-0.03372725870725579,-0.052585165027393854
2022-02-28,-0.05406575759084331,-0.05366383837896993,-0.12468649941837828,0.06526367236591879,0.00564377184002951,0.026672518265588474,-0.06935907200723246,-0.06461274468756151,0.029511216987873956,0.001796338873990333,0.10798650563421974,0.03839969600965332,-0.06962263499911792,0.01586507718551977,0.030857662232882888,0.13425415767745208,-0.03260759644007638,0.105374721038622,0.010901718010935202,-0.001821904015497866,-0.0377521463477789,-0.13938098893543382,-0.08112469569155278,-0.03867638026118325,-0.045760620955238585,0.020160881521300578,0.041980501300885376,-0.05133313054285482,0.014494211668197199,-0.11507719032765995,-0.03721210079916715,0.08010225484706845,0.007469155354516532,-0.09397766788718331,-0.004124780510119108,0.1235610624210226,0.07613700287837499,-0.028420075865398853,-0.040790220305673475,0.030201394903431877,-0.06995311425242501,0.0202306088766655,-0.021449730030673075,0.016053577255056517,-0.07946964082637309,-0.07815912425731308,-0.052927648149747375,0.006983044428948926,0.010650836492484661,-0.03325959823396796,-0.031360491945908286
2022-03-31,0.05747340712003224,-0.018736676973901134,-0.025786857995771295,0.09701316922838421,0.0677320864032982,0.061437285030015776,0.18786648220600344,0.001283144212844034,0.10900303053927196,-0.00017943606739523332,0.13076377648788662,-0.0761148144649918,0.004928528724783332,0.055208646792724636,0.04647299569460683,0.10423766770940635,0.04032855662723711,0.02870557580986799,-0.04112450322556371,0.029694793311560108,-0.027086270257244416,-0.04652386668200248,0.1628110486138743,0.0769273919226785,-0.03864595904396273,0.0037689191300096514,0.1966312289788663,0.010254489555852286,0.06307606586419223,-0.03680836335458715,0.03186150650045638,-0.12345275531178701,0.08227961916267845,0.058943655354773083,0.11915719571915773,0.035519090976423806,0.08162325088152333,-0.01982171273363542,-0.042612968343736846,-0.0787188250235441,0.11285273160638698,0.1953091875777111,-0.10775325470525898,0.12947144218317552,-0.051343555150414666,-0.08350990997870245,0.07935756030824126,0.07482940215321388,0.11083533300922199,0.10606709698270067,0.03577328837154625
2022-04-30,-0.09713097971674078,-0.037238903599097095,-0.13096436405256728,-0.0965805772087931,-0.03568787462098455,-0.2375250931362105,-0.05058037029951756,-0.1459974213895323,-0.07513195073690493,-0.11557702234325584,-0.03783083779006069,-0.1861331259744331,-0.04089294904879748,-0.08026523906570138,-0.01478456572830511,-0.014556679426354968,-0.19880351228922222,-0.014120674833582592,-0.18524587631142397,-0.1794667246491174,-0.07455305085216302,0.0035747037357165556,-0.05615712902668635,0.018225132157421386,-0.11792296747294928,0.042097002872219846,-0.1392270120506931,0.0076025683351794715,-0.05939607136177072,-0.0699991580487811,-0.09986695651995237,-0.1233381616992214,-0.16161037085316576,-0.11190616776242068,-0.3202739937320779,-0.2526385199377067,-0.09065019404933683,0.0566149026249132,-0.045601866447355976,-0.11667646566598111,-0.007369271083600748,0.0074918743318479475,-0.08591849806736607,-0.05628408903752924,0.10151412671843807,0.011555065863512626,-0.0721059636832121,-0.002784323371766706,-0.14245452641366319,0.02732985557836831,-0.08795671180434306
2022-05-31,-0.05449608133911865,0.03488977669083804,0.05184997637672084,-0.009254850386738234,0.10983649588815503,-0.03276431760316645,0.025220916115125114,0.11368187354906456,-0.12318522384652775,-0.08023666774042204,0.12399882173228649,-0.01065998732432516,-0.03206561477357239,-0.010726649003021227,0.17300468062062113,-0.1794986661366389,-0.02610363945034455,-0.04912691489546073,0.050167552409108085,-0.003045240213342959,0.07647287433319816,0.007823002792478162,0.012406621085037095,0.0012392535877361333,0.10782514961959588,-0.019037297682965137,-0.06527605898845412,0.012241428880076732,-0.04034109585460499,0.06886729646323708,-0.018077200379976732,0.08285647927170725,0.07182692750466879,-0.017747330025616015,0.006739659618359983,0.12268317322883826,0.039791562396130686,-0.07891654236959,0.010056411280443545,0.45030020700904183,-0.2046914728382907,0.00460344715432881,0.025270725846827657,0.008541578136880279,-0.02290916212629801,0.042843359873050435,0.045297226247246636,-0.023144123898644176,-0.0563882103351071,-0.15616988820375133,5.317770464463578e-05
2022-06-30,-0.08142980349962003,-0.07500433874300738,-0.12106226492917938,-0.0026347451581212322,-0.052348548632902836,-0.11645921262241288,-0.1718323714769654,-0.11382094367820528,0.02801244322257257,-0.05349639853792587,-0.17107516544365375,-0.14523724328646337,-0.05862747020864201,-0.10286469658150599,-0.18254757539237543,0.13584286860240868,-0.06133464433140734,-0.010588089902891396,-0.18577037865726986,-0.042184730431266804,-0.09126503315654544,-0.08834966180763504,0.001054181469206883,-0.011251727482717522,-0.14837785959684902,-0.0002443082386985873,0.05412698437884278,-0.01570823561553436,-0.09696388702613035,-0.11701857666794391,-0.05532049455063481,-0.25135413851921906,0.02338475082554181,-0.0932592881436255,-0.18797119895708558,-0.16037735212481552,-0.15717533592651012,-0.027657122585291183,-0.09596964571914324,-0.10395585338893476,-0.07047431493739553,-0.06379981111601452,-0.10339029107817022,-0.11073488386577679,-0.1646397404069473,-0.1214409642216302,-0.13074234691065856,0.03760527656330015,-0.029575173212679662,-0.054808236337568816,-0.08391999993382682
2022-07-31,0.18863412747110497,0.006201403401807859,0.12036277619092006,0.11443322429137681,0.017139402815740112,0.27059597129750057,0.11675341368229075,-0.03738215470448181,0.1313519015356419,0.07360109366041434,0.13123345017401133,0.12394056414498222,0.0742065440377242,0.13238620986395855,0.014719975060605517,0.004803092360015082,0.09357036037923239,0.02449718978618165,0.16082920128385547,0.0675185325899681,0.1224496310140828,0.09724015617186366,0.022508872673371094,-0.016844005666471595,0.03348218168706629,0.020028551890051594,0.15916285525898988,0.06679361954555274,0.030863362400086913,0.11884446061839604,0.09309687674355116,0.12122157834399783,0.09075641268940937,0.1020487200989244,0.1981661379632127,-0.005618016657510938,0.09332972300030051,-0.027666892779151797,0.1749239220596741,0.22227926208713678,0.1267316688130884,0.04612204128256803,0.1355878585624566,-0.015969406744445025,0.0805234168427682,0.09507608643247623,0.1719381122751542,0.05589649198898239,0.06573528959574615,0.08611587546005617,0.09111639173021002
2022-08-31,-0.031208129319237665,-0.05687254032571143,-0.08943722108769736,-0.03868113815673957,-0.021474534282298063,-0.06061504624052039,-0.06829766105732527,-0.03544736807088733,-0.03547005975600859,-0.01432646766685386,-0.026156014354446477,0.056362008510870476,-0.008112495851509749,-0.08711324241492402,0.09063099912916517,-0.15200766221694628,-0.06154399506569275,0.009970409938892422,-0.006359333537111489,-0.06963556238882285,0.005373879828095118,-0.03534985133885615,-0.09333161652313915,-0.06930995831068176,-0.01412959721065965,-0.03833563394712092,0.04368336468908973,-0.036864720541892715,-0.049718853346138125,0.01091323168690117,-0.0666634473576565,-0.08616235235489311,0.011628644787350373,0.011215371812026032,-0.1689698143872984,-0.1666666217667454,0.024941308633038117,-0.006983342787262203,-0.07914148426387202,-0.294414127934311,-0.06072703429107473,-0.15206052987843643,-0.08305405566495705,-0.0010830060307283063,-0.03837676051211514,0.02427618398053366,-0.07647166172231834,-0.04242738987893857,-0.006718741388232585,0.008158349670005949,-0.04244012827299837
2022-09-30,-0.12097709110914967,-0.057379316795402646,-0.2630676670740144,0.06747362206569307,-0.06200575394255081,-0.10862189009783763,-0.11168861704886646,-0.18955533580966288,-0.09544153529578048,-0.10554562809067836,-0.09104139546638579,-0.15836909078769512,-0.1156155305188129,-0.10423273515850096,-0.06751513621498939,-0.11612173013080818,-0.07850504280349802,-0.07321013329940584,-0.1559528138113454,-0.11615227998076705,-0.11909700085573804,-0.04327021157367117,-0.05381230866257458,0.012520320568860432,-0.08115706370361941,-0.08558700348155801,-0.10651016912206035,-0.08538150145352152,-0.07420821020013169,-0.07287019535986139,-0.1092666814847637,-0.11374496504289411,-0.0781800752245867,-0.14252049813842405,-0.19553424172717282,-0.1005650062101976,-0.16315521643370856,-0.08474666426219934,-0.08562285711250794,-0.1297618720536855,-0.17881483926092967,-0.1184210342341735,-0.14583801653476713,0.18554007919976145,-0.11783730403653869,-0.0036888996902647575,-0.06313185166354796,-0.02446474855822811,-0.1322435366951885,-0.021501444538688408,-0.09339567201327437
2022-10-31,0.10955150502993694,0.02735472089565638,0.15734006494300012,0.07538849712539886,0.19942324000275913,-0.09345130582826322,0.3280618277467271,0.09179241209620703,0.06380972130660978,0.14629941630889576,0.2591355459463507,0.1294391751545334,0.08759182276656263,0.182736743571154,0.22911341604824398,0.05739793373812585,-0.012575085463665148,0.18393872730612038,0.25682442471414735,-0.011918401869800754,0.17560136002887128,0.07316797269426933,0.11554617375098997,0.06494849190557184,0.21537052488837238,0.06836851270957855,0.1816024372903282,0.18167665817837553,0.08160964847180341,0.05008067160896812,-0.0033062716597926922,0.08211869868042276,-0.011605606735968998,0.12836467442286748,0.11187076264712292,0.7575376512655054,0.17610279518662653,0.07426336458434979,0.19937279407158925,0.10943908620517928,0.09005910217457958,0.17284550932594378,0.041423240703833075,0.08692511734708397,0.09904759062709312,0.16065697309910432,0.04607033804796634,0.09921987199533389,0.011908497611657243,0.09737869544033728,0.0798634138370089
2022-11-30,-0.03302764319099072,0.08732561853443466,0.0829827085581829,0.07674283099855383,0.06666410930708033,-0.05759470309709913,0.09216494197399272,0.15437948847374372,0.0752741213720578,0.09443097539701184,0.0211607111530816,-0.08137774128176345,-0.04609412316887507,0.11222685600808857,0.039627566347335774,0.030156815579058138,0.0818696847556255,0.01036827629319359,0.10487081632253714,0.06856403590623317,0.1282178619603307,0.10069945963422122,0.07169763375866656,0.02976899713371317,0.09771206957476175,0.07036161557570053,0.04458904926468543,0.006111224620209521,-0.09503077728779619,0.13265184191114798,0.10222317797887759,0.06561933332740266,0.09845369678918381,-0.023964283094958683,0.2541551382415801,0.08577554173678337,0.1281188859497735,0.1075962671632622,0.03338055525807193,0.15906288735671215,0.0635667558358981,0.019293921233551004,0.08190119924247607,0.003939902761807668,0.11008483794115187,0.1148639554340467,0.12345147333574746,-0.013311981267233985,0.10292176113675389,0.07089161992422022,0.053752893352493114
2022-12-31,-0.12227251452576282,0.020542755360515308,-0.02435275005029791,-0.09784186647590876,-0.08296067393980044,-0.1298943525647971,0.013324215818546481,-0.045578670959423695,-0.15345397185709153,-0.04183431382971081,-0.020838974814100464,-0.1122919952074255,-0.024911516616026863,0.0030279257332397336,-0.07656977425622413,-0.060889871945213114,-0.07179358424226312,-0.016957949734160538,-0.02441588006638784,-0.1263491549732848,-0.11075983541448697,-0.025093530649593965,0.008158673789605775,-0.007584146661123392,-0.02952650700274162,0.0,-0.07728491220868716,-0.03394536931071934,-0.007953126188101844,-0.08649412119693589,-0.060045434091911654,-0.13107133943972316,-0.012987384722184303,-0.11166988875208061,-0.13644156190951262,0.15141542161101396,-0.01823095905123373,0.016089989695448947,-0.02656083926854136,-0.10478720177131817,-0.036539616310588885,-0.10833677296634969,-0.13084029537906916,-0.04018902492549825,-0.04755566879897888,-0.005621391872310255,-0.08445095045949513,-0.0291104387824227,-0.04178008051283966,-0.06623456183577314,-0.05897147407473047
2023-01-31,0.11052110092927503,0.011481534116702052,0.10046651912528914,0.08071161877289668,-0.03898890405052269,0.22773806254069018,0.058161506621182024,0.1340056630785178,0.11969339948518853,0.02978339638330607,-0.0304751805507274,0.2487339386323657,0.06368544969631751,-0.06079528026334169,0.027576266885016798,0.09850373026952597,0.028917910348576825,-0.055637879583031014,0.23039595965698267,0.12025402700455468,0.06532103772602493,0.02630940556428052,0.060009956587871116,-0.07489409548050341,0.05140797048073176,-0.036000619609798834,-0.03825599444565031,0.014685157728194564,0.0768143989197021,0.1540232983187233,0.033316687511641074,0.20648239752619113,-0.107296533005383,0.11170609573491563,0.3368689967381773,0.22069757923757738,0.05682692762876296,-0.054675174543246774,0.12027497725774206,0.07664889610072434,0.1468108179660943,0.12420960760758204,0.21166104947015874,0.05125502289250283,-0.003118292046179749,0.028391700656344998,0.08021368594682299,-0.05845181801128152,-0.013908515603950788,0.014669483144522433,0.0617528578346791
2023-02-28,0.023183055387609786,-0.07987348596015664,-0.1252632299767431,0.010416692536739047,-0.07407698870931667,-0.08629878923214462,-0.050497439547682266,-0.05540009146233227,-0.05109596273582995,-0.005136613650160604,-0.06797347344727411,-0.08185069487333496,0.02932240824551191,-0.07772348395272033,-0.14540649801942163,-0.030647042554331594,-0.0316944861066073,-0.02209721638879636,0.05255976790763617,-0.08883053604905211,-0.03870856275432233,-0.08523337496016381,-0.09584209644364827,-0.05542568983951213,0.024221360869109976,-0.029517475864134002,-0.03704345959997901,-0.0073532424430967636,-0.010634519295366962,-0.00852776588821913,0.009017807524132504,-0.041127552065275075,-0.04209017027837314,-0.025366018324012196,0.188308904193494,-0.021545713517669873,-0.04424631246794852,-0.03385298311552176,0.08338815847304293,-0.027593817706531243,-0.04548265349430369,0.08818801027339407,-0.0726674119964471,0.0025710363426640903,-0.061870511567364006,-0.06078656919802916,-0.03250402552571763,-0.0465754740871126,0.021980756186261496,-0.0120943464642993,-0.02611249393181858
2023-03-31,0.1186486020765134,-0.004522100121666983,0.18959710015662457,-0.017304834904086963,0.043555226900753974,0.0961476943206232,-0.044708678642014554,0.01990823434848621,0.026209206804005847,0.07971885483397223,0.014865824848751874,0.005220205111141851,0.04222538024235889,0.053560969091849486,0.023619193581311704,0.136416857969194,0.018953747341210914,0.0013162479720576492,0.1296023775585169,0.15178769042465823,-0.06312469410028332,0.0024185955305515705,-0.061184807852349365,0.011353183248608012,-0.09096622263884202,0.05034115911061465,0.004252844973312797,0.059489884231825885,-0.017975012365638365,-0.09015535666531649,0.15588140919128501,0.04358341186511061,0.08517552860394972,-0.010844408673619688,0.19666257797625541,-0.15605554447728964,-0.02918264795818626,0.08091017819664525,-0.04473508011032068,-0.05902388569764627,0.018485528458202616,-0.09470187636066019,0.039094294581750955,0.08054754355587157,0.015450525189377062,0.022976873935753206,0.08492275862028253,-0.0035021500311051,-0.029042955859724495,0.041682744762266966,0.03505161257710898
2023-04-30,0.028987213625508268,0.09640598345940399,-0.02026623156330265,-0.23435747257230577,-0.008314428175061672,0.02091195675834423,-0.03868344157361414,0.09965877097958886,0.012780116257306018,-0.0894236988147249,0.03321900073532724,0.023669251937499247,0.013955351269845817,-0.04452633335671208,0.04930051139199754,-0.0571870488963222,-0.07776787453628742,-0.0377086702660252,0.0352510705282818,0.034801904760348945,0.04992208336031556,0.018365074039005336,0.02961127879405101,0.056129003479346906,0.0691803853629922,0.03417705008930727,-0.20108524348407453,0.05772341583212004,0.12813177131386588,0.03358984946299959,0.06576495800284121,0.06877823315127163,-0.005838095246449848,-0.0071794891570478025,-0.0010079591548446398,0.005672171652297386,0.04470892662617176,0.058302953916172795,-0.033411499926577215,-0.12786489115285882,0.003847000964359415,-0.11215329425284848,-0.08449592496275982,-0.02419455521280911,0.05681374349574386,0.005870009453535108,-0.10112352110569356,0.041262143446797905,-0.027625866919909425,0.02387243270388928,0.014642341662481018
2023-05-31,0.04605832136016086,-0.07667239433036643,0.10655263069834309,0.10288725081845196,-0.07094396091257282,0.14348037288458837,-0.05964371129908885,-0.04882763486996178,0.01869369726097614,0.05121701313421334,-0.09778790529631043,-0.14185359779486584,-0.016623084436576674,-0.06109957477087913,-0.10195031670373567,0.053551994013218085,0.09839238732248567,-0.06485297633848441,0.02586626923144575,0.14468052618954141,-0.04971405979493848,-0.05007437459695929,-0.17282628399596922,-0.04563285112837445,-0.01830142038216709,-0.06999222211197798,-0.021593719368335096,-0.035976254799523044,-0.09004942355668033,-0.09125275479961381,0.07110565201363817,0.05966420014088092,-0.035215301252114584,0.05501687718862591,0.3634365332711422,-0.13649177580939675,-0.13377143702837302,-0.08875809624805875,-0.009180700357679261,0.46818806958709525,-0.005588726844494518,0.1343592193871297,-0.02228125360637878,-0.08260266222089752,-0.038532628503856636,-0.021609140776431057,0.047958883102076744,-0.00985590056621688,-0.009581592248753434,-0.023462011628716084,0.002482347368192972
2023-06-30,0.09433009618824739,0.06882357600063371,0.17042049889471578,0.028286138427088936,0.006208824730228324,0.08110796675057008,0.19586883790047738,0.05590866433720687,0.052427326240380934,0.041674892418887,0.04468196617904874,0.015006729625605564,0.13441149054775714,0.16362001564047235,0.06664205372272636,-0.008817431029019551,-0.008944350913681731,0.05372705830829427,0.0819462950207217,-0.02579964048170713,-0.004198611297327792,0.09592525697974508,0.011372880123741158,0.06745800443681094,0.0716969467784101,0.017074078385135527,0.013072917728337075,0.05220430640284679,0.07290592023372611,0.044520684775414265,0.03699880053811366,-0.07463332892098018,0.010073317130572468,0.15146928795172232,0.11821050819346168,0.22142392229977648,0.08930457917242007,0.06484210663791257,0.21720147243210253,0.21479046027387128,-0.008359599649474636,0.13990680308011538,0.04964296318788142,-0.02313884875581229,0.1656863825288284,0.10418014580333956,0.03531156369960198,-0.009496227147711367,0.06285063106138744,0.07019803289758841,0.06472746490423464
2023-07-31,0.012785391554662295,0.02608630630594222,0.11693489400135704,-0.012189830535257573,0.05463479400772342,0.025467873963526566,0.08304476046778286,0.09694622032313904,0.041402210358737035,0.013425273101137059,0.04010172274248269,-0.004368261296801235,-0.019015641844531417,0.010620567624929134,0.16592152586920594,0.03139709340438657,0.08190900749533525,0.04559579339455344,0.04073274143167338,0.10877203006595715,0.10333590239890067,0.07468438895799423,0.02361447744101408,0.012143168591717268,0.09354253968884452,0.02839589673829379,0.11052482689604193,-0.017459024366519138,-0.003859024883724138,0.08204736338848861,-0.013566775645463158,0.1333277976242746,-0.01212901014704737,0.02780970034047936,0.10465225963876357,0.20053475117669128,0.10184975961678822,0.036541481219554806,0.05119989067615949,0.025591307637943705,0.017287822155720223,0.0008881272217808878,0.11029896041042164,0.03252431896272023,0.04135267323488301,0.020521343923892044,0.006914464588923197,0.05353255599258344,0.13390668371893244,0.01705050158336796,0.031138932355010862
2023-08-31,-0.04238377184857489,-0.07572092001322672,0.02411345251003838,-0.04226277994408223,0.10363840327236651,0.0323907994336623,0.06018787971583173,0.033142043265432575,-0.018463515974858402,0.10203703543550335,-0.006181698041850425,-0.05861174354135501,0.0036584866850650766,0.08138873109342559,-0.029502713703424388,0.1359716098255459,0.03425175670370817,0.01368651151201905,0.0019256680235084644,0.0259945737859264,-0.07145145226765759,-0.004285923085093568,0.012711825848656488,-0.02791189958270024,-0.07362636137970202,-0.03390937127972038,-0.060960941262071744,-0.035943066463521745,-0.07133110049067981,-0.07000874457323547,-0.022225717222508323,-0.020310978836507676,-0.08236324875094791,-0.016792815676170414,0.05619647586122234,0.015144772429102282,-0.0274462795322975,-0.012540031125841233,0.020596426817720115,-0.1017013405090984,-0.0044088961271663285,0.1779946492802662,-0.12732842169360203,0.11400295918747827,-0.015105244258626915,0.07288861689106496,-0.06633332736006248,-0.058830475013992634,-0.04378580612096994,0.020818565271330858,-0.017716390070854016
2023-09-30,-0.08867828355509644,-0.05879485255590522,-0.08838994276331213,-0.028620234825290303,0.04845130487074378,-0.07890726899285905,-0.028919197761202442,-0.05175390098555821,0.02854641073883113,-0.06259826076864594,0.04667860701645887,-0.03142932881812022,-0.0756432844780841,-0.01709903797241208,-0.01446111177849052,-0.02411786614109368,-0.01539780163798421,-0.025017645080863016,-0.033465400647339494,-0.03899526240056472,-0.01263317989885926,-0.0851950184049668,-0.10475745311345042,-0.03667719050755647,-0.008952259886439218,-0.05692576388315296,-0.05173237227409644,-0.06299112994764977,-0.030315997533321037,-0.04086897588142557,-0.036642739908567035,-0.02730905036136122,-0.14236521449027495,-0.01069106336700365,-0.1185780613309324,0.1285650846916322,-0.027147252143712275,-0.05494359001792071,-0.06567529672694283,-0.14941082113685844,-0.09017131680231172,-0.043085188368161,-0.030297876472569873,-0.0042710856854557555,-0.06135007041000207,-0.038927305143241386,-0.053849961233219945,0.06205214500956435,-0.0768010358623743,-0.01648107900662643,-0.048719367465624885
2023-10-31,-0.0025701205354283774,-0.018343931932166657,0.04345950956533673,-0.07383496578549353,-0.04859366858147052,0.046963447626806376,-0.16769935613392595,-0.06267692646314715,-0.022161238107432535,-0.023316488774236532,-0.13574897237043992,0.006662593544512374,-0.009799175099888036,-0.078699438367416,0.002153942748055915,-0.0576659133585371,-0.0592652543622344,0.09866070806953608,-0.0173676088390472,-0.05181134534128373,-0.0616868433527048,-0.057817052962704674,-0.06647048852622672,-0.047576240226955835,-0.034022252369610984,0.009110492104963841,0.061522597957611724,-0.004820787483711841,-0.09954069744522942,-0.12225371267293506,0.07081568116197201,-0.015411283766367578,0.017629465099095132,-0.03444536289174871,-0.06250724843451383,-0.14502331422301462,0.04308758352615394,0.035081033998301425,-0.05291109300751817,-0.09153877080293626,-0.1021299070884395,-0.01605802007176249,-0.01863851988103904,-0.05233547101152802,-0.06602615964154479,-0.009113379368056673,-0.09872493248338587,0.062218590185313616,0.019545167188231405,0.021759547397514956,-0.02197968873798295
2023-11-30,0.11378041798425942,0.10301429844185517,0.14838554405386728,0.10519639115141088,0.06280842006988974,0.0976782655173829,0.10913522505100715,0.014531447086112648,0.07491837616860031,-0.07193549995352544,-0.0042868136382731015,0.13604611508440612,0.1430188008681168,0.005184844675689471,-0.0251882227064969,0.059252030321192306,0.12929617109975822,0.02345532361557412,0.12123704587548434,0.0681013182153769,0.13416751724969478,0.10855677207164738,0.007602444744892134,0.05095379653520493,0.12239320957193534,0.042756898770994534,-0.042304792767657085,0.08146900245929989,0.12344119822747746,0.12030452659725022,0.12294520155674915,0.138328001844656,0.011768918609984302,0.2557024610351104,0.1468857790179774,-0.06048203444971778,0.05598161866515716,0.023262063435051106,0.17844070420206348,0.1508713757260598,0.14074439505965253,0.0156800435741411,0.19158403906928778,0.05631561671366492,0.1730759590980262,0.004137923455982184,0.07534704525565505,0.03250795876230961,0.08506352482845703,-0.04724313045690476,0.08917926878197013
2023-12-31,0.013582495082376633,0.055422255901004025,-0.023583957626512553,0.06479359774785864,0.06816507883464662,0.04004385139407618,0.17928377380811122,0.04678910866486685,0.13893201076821216,0.04423309741579806,0.03871881454283188,-0.022718102159850928,0.03753322871301368,0.09482563013250322,-0.004624161173613861,0.09995416591274942,0.045504954582842094,0.051423328699127246,0.04852339494919122,0.054025533679614046,0.12950140905765117,0.10545765428666498,0.15550240594795128,0.013448888882256815,0.08982574626892759,0.008384557205310506,0.08255799728538804,0.05205081011101487,0.04793854009017395,0.1753215638936565,-0.007574241999980913,0.12262568911044114,0.03811306017416993,-0.03534289166683735,0.05893421969130652,0.030009721384923527,0.019898359925962117,-0.0454663757802537,0.06353033205226644,0.48461912376598915,0.16724244160295854,0.25771892667266916,0.12072857860416941,0.06613176769071671,0.11872332736928892,0.06469194331926786,0.11623322230920397,-0.044674997526395144,0.09645428510953158,0.016349977436143526,0.04422923115636013
2024-01-31,-0.042227252927439896,0.032948443937793837,0.03550126479662685,-0.06731287132699293,0.09110472508823264,0.021455801332457725,0.020398611281437162,0.0684115340070428,0.052720862138859514,0.0009990346397734662,-0.011598268402640555,0.0637944133620092,-0.0006554658052319029,-0.05753608527308485,-0.05176235766401405,-0.09295537988795854,0.026371669088026906,0.025904794209376636,0.037530576447143194,0.0029350167702641983,-0.0045620179249336035,0.018496754317263386,-0.06402293994503772,0.01378081716056756,0.031364730278615305,0.009502784732601244,0.007355276904578156,-0.012782179829559204,0.06263667514393001,-0.05528568572868575,0.05728110668979003,0.004804173855863292,-0.034738120933960115,-0.005126104111656704,0.24241762006843204,-0.023496239843346478,-0.014199741627992868,0.07910767246879713,0.008248130300645418,-0.06853686542430604,-0.049587451198359056,-0.05385765052348712,0.026826765973010147,0.07342687977639883,-0.02411042819930398,0.011725944559086487,-0.05324696350014324,-0.027978847011217778,-0.00688055108822716,0.04820802497544063,0.015895707598991615
2024-02-29,-0.01854307952766665,0.04851969186097982,-0.09307520035156125,0.06558891922929022,-0.12183982804911864,0.1389175127740745,0.11205107104770384,-0.07928679441432773,0.0721037948544121,-0.03607031949604611,0.042316153614457175,0.16168673964848956,0.134295182131275,0.17061625666968872,0.0058880456100851575,0.006433795412493559,0.019161700222851463,0.031170965113154647,0.18479066549604561,-0.01170582057400904,0.020304106952340417,0.07833746033969313,-0.006976345826418151,0.023318727767975167,0.06710258993649765,0.008909025301918616,-0.08042989402565903,0.004177925082346379,-0.04774978013198983,-0.013755245268811889,0.04231839410303939,0.056676607476273455,-0.05005706390140985,0.02201837081316249,0.2858095456014653,-0.049085679694860995,0.1006593937885949,0.011454663505056306,0.15607226245418437,-0.014715893495268695,0.051937699685629335,0.0906803879018665,0.06788423948678823,0.02472469967697921,0.09327864684324205,0.048131490194445625,0.045028835765230646,-0.035447623776494463,0.04537674453223173,0.06402412300923266,0.05172064062372317
2024-03-31,-0.05128654583488079,-0.04197572182122922,-0.09937891818709865,0.11985259758233835,0.038308502203621364,0.020479805886374214,0.0972270517065037,0.011668841360830795,-0.015136493356297187,0.03183806429574454,0.03769505272833462,0.09661228746706141,0.029541163475843124,0.06148800761003681,0.11689665096936364,0.08356164180741055,0.012658877800100221,0.033815326794379263,0.11880922529270577,0.0900620264617904,0.07361515956724096,0.013883702571865664,-0.023817672637273524,-0.019766985539267257,0.07653451176203108,0.027480181480593613,-0.013829465660932905,-0.035342699722745174,0.05412021160624336,0.09437479220351386,0.017116166031759583,0.3023263651090562,0.15799976470755994,0.17785028754655174,0.14218116756207388,0.184210493293826,0.06722558278980961,0.020825262679271095,0.03798691386606001,-0.016325154767523387,-0.015658456513804486,-0.046728925363883955,0.07294510290531009,-0.0037264243806315323,0.04608009095799526,0.0229977594224664,0.041116422888890725,0.006179507584000321,-0.030588446797177538,0.030113078378590785,0.031018779915342964
2024-04-30,-0.0067060852657184755,-0.063034041312796,-0.08277847607215671,-0.06957610863951069,-0.03650810001412763,-0.029825949313549094,-0.08361871630566908,-0.11438332118628303,-0.011697244296178355,-0.05101536842558241,0.022378562751184772,-0.09202356539250267,-0.02057175557943891,-0.049726616121336886,0.04055675913462231,-0.011378022038437297,-0.1280658222917238,0.021283884505033823,0.15718798337547701,0.07851328107769318,0.021594850390697307,-0.12872784305420903,-0.08636127572794627,-0.08597243511533359,-0.037152143240336,0.009643635846105836,-0.012833533370252614,-0.03160137664626328,-0.07928865920906569,-0.02634396342684253,-0.07461019969755123,-0.041818756470355045,0.047879667150265925,-0.02169950414810673,-0.04376020231617472,-0.02094016150026501,-0.0009492211360193625,0.012350057591593133,-0.01957578360158785,-0.032132763319853486,-0.21632615637124564,-0.021135773861716944,-0.020378023356991126,-0.07462936119316232,-0.13739109532733917,-0.07227382403221883,0.012685818252448744,-0.022235813810421834,-0.0356605458033884,-0.013628065972159042,-0.04161507173789869
2024-05-31,0.13022226122352198,-0.03567050551600304,-0.03904236400166605,0.19407171852922422,0.12441521594945493,0.00822858537946436,0.01180622537885978,0.050380497148680314,0.12033475015121575,-0.010217125182134246,0.016549296698992633,-0.06471649268014079,0.026752105741002064,0.045418363217879065,-0.05736785214201712,-0.07544751148718243,0.02214024388217717,0.044167083089787784,0.020516422845760385,0.05971235105719064,0.07633464019684433,0.008910162684159673,0.11027861215375023,0.022584769687375994,0.056795870967914164,0.018779364370375307,-0.008508405728105406,-0.05182389978937507,0.014083036888023148,0.077058691017309,0.06819098609557295,0.1065865106629027,0.19486334010938466,0.17826041430205763,0.2688711155456016,0.033609797594592816,0.023761370986891128,0.008210959004471663,-0.021699145578002788,-0.002188962651455406,0.08270442349636165,-0.026534901380698472,0.2353705233329373,0.10048730803504169,0.016281858583367725,0.09992412112692506,0.1133404265629745,0.02412657871587709,-0.012701035178976028,0.1118386609675408,0.0480211901511991
2024-06-30,0.095552689356186,0.01683148223500508,0.2490780776808068,0.011323082304695253,0.02157932126132356,0.09527316552932019,-0.01601083198117581,-0.02173359483537185,0.049512850887827975,0.021720333729142505,-0.03622944911474735,-0.04446147654305632,0.02738656009427687,-0.01783167010181752,0.010598234361033132,0.03596121531081198,0.019293333037133875,-0.03212461461613514,-0.03736218364029931,0.05715397352782303,-0.009200030309011287,0.02798098522641035,0.04897037500473611,-0.0034768968712022286,-0.001826197447410749,0.019289500198137244,0.0701968585156918,-0.009252928965784335,-0.024078875295221236,-0.006643523331261392,0.0766507657244051,0.05223995881326893,-0.1093642138685792,0.06950090624994232,0.1269430297426406,-0.0008446139149458354,0.006789996914498886,0.0023093132783889025,-0.04837074028306221,-0.09798904087005222,0.025237118244909817,-0.015499575115050401,-0.02386661359731801,0.07230457279844993,-0.017676214731924267,0.06789505702229759,-0.0024613687856992472,0.03240089851546646,-0.028176301383647684,0.029653223327115397,0.03466980128308328
2024-07-31,0.05441078960960466,0.024944995272114134,-0.007002112840004848,0.0452157434536431,0.06407401035345206,-0.032445041513381345,0.043560360520733754,0.06251312840144951,-0.03155312666891652,0.028521966431257484,0.02589201167180688,-0.052047237911791,-0.030714317873770436,0.06308996118931076,0.014407297888039183,0.043613773009887113,0.18237243477494336,0.034695090388476624,0.07245459193553194,-0.058248761322445386,0.1253758398337439,0.06948638355952674,0.0734081300123357,0.07998059504458555,0.05794099961496291,0.04854667247620048,0.025309157226528267,0.04143798317326097,0.020454650267513808,0.0714927631826463,-0.06398927345471173,-0.16432710711377607,0.0788026111095006,-0.01017897362412079,-0.052776535629643684,0.2688081424923259,0.021827045593041827,-0.019361672321614676,0.10942824277024288,0.02999593712321258,0.1223399394056024,0.24755672741281254,-0.09152528177511954,0.026792747610160372,0.17548514715987973,0.026521384172466078,0.05452525538546871,0.13136697557140686,0.0904712364413418,0.013734850759921535,0.011321316887868749
2024-08-31,0.03235334532072942,0.06919010837365036,0.041257949285225415,0.09599533485409917,0.011082105178835011,-0.0453524222981363,0.02859608938552527,-0.041192516699040116,0.08562060234530566,0.04313731221451267,-0.06770223465881686,-0.035329258983957,0.09749015622106372,-0.0955236785419693,0.01593062647179444,0.11002131512863333,-0.0024062340141067784,0.002176018681916414,0.025969312539358747,-0.04756908734508947,0.00832690794017954,0.007003039039769732,0.009067219456773579,0.05871966250500704,0.05639116817012191,0.08585558187233278,-0.01245813496964876,0.08764128505054125,0.1028388582471833,0.0038754982466482346,-0.00109516512028629,-0.12365693968239766,0.06075990587705404,-0.04929915441242738,0.02008208031891745,-0.10093273285949933,0.12169059467974641,0.06705657411323629,0.07253299407927027,0.01770959329562083,0.014042054565108542,0.043951390433055515,-0.031224157149832732,0.09775844628906549,0.05505245106155976,0.04118348047909981,0.0516657829391054,0.024368278857869408,0.04345839274249963,0.12835308272042134,0.022834706936630367
2024-09-30,0.01746736480313671,0.006533100127564584,-0.09858802335489258,0.00015039676180061967,-0.034808160430957025,0.043865556476496925,0.09834312379906662,0.05559791659553803,-0.006566780500450564,0.053027367720494434,-0.004595951712082491,0.06428425132375848,0.010767409293569008,0.03776455294954206,-0.04572276694774946,-0.0030733738607658934,0.08392814946598359,0.009486859699990635,0.08154454350524376,0.016465387774959428,-0.029671852317238567,0.09959296594519218,0.006701108551195878,-0.022910801495915956,-0.062010753511823946,-0.001619326646252306,0.004756045773665729,0.06104716608266547,0.024385752924420467,0.006080583847726473,0.0315481067383061,0.07761849099172591,0.049931540386045636,0.023111402387482105,0.01742813318985359,-0.07854757131763168,-0.013317430091289273,0.009676977196788838,0.05268250824822762,-0.04253675001961932,-0.00469719113786915,0.024801837553682704,-0.024935583145369034,-0.1126453610072462,0.03329989281540224,0.002302426770352417,-0.03625078135114823,-0.00583993268049221,-0.03752593835088924,0.04557810784608196,0.020196884090601275
2024-10-31,-0.03042914541512065,-0.000927112658144158,-0.0766735688483785,-0.06472224828503503,-0.00636235944177177,0.00037563497419568215,-0.034691117606836186,0.053317523773002806,-0.013919559605706566,0.036989185366569366,0.010524941149716804,0.00010381077252263893,-0.03759837021753054,-0.010057663070412448,-0.0007508534594936611,0.2793834214584727,0.06212537749392344,-0.030392267544537055,-0.08908701094921923,0.0317152544320094,0.04580808881819465,-0.028257682358190706,0.12133138362477958,-0.013575082475695055,0.05890120546249111,-0.09114951309599073,-0.03963406130413971,-0.04072110306400001,-0.008663815472830128,0.12403214251191308,-0.05565877170579925,-0.03806575405743928,-0.062463032303710975,-0.062418326050485695,0.09321460769799583,-0.018898319454886403,0.06309657046242756,-0.040697577651331085,0.003561128558718263,-0.07915997470529113,-0.10563817402773612,-0.09548490872343007,-0.042810934241600984,-0.202656069707002,-0.05999961255756292,-0.0383699449646292,-0.010032699730360473,-0.03451456164347633,-0.058463075686526755,0.014860772852931081,-0.009896743303151712
2024-11-30,0.05170681366698693,0.04763156999606144,0.07917086505731463,-0.012698937906342578,-0.10940756433621979,0.1152897328156477,0.07950556470851211,-0.010991256125207904,0.11323911716583779,0.08106634463022111,0.09919241995499206,0.22110194693572094,0.012371234030357448,0.22974958765305442,0.09265322074804261,0.09819271827162956,0.07042073232791135,-0.026062090769489954,0.06042629450758619,-0.012623579238930316,0.17532207623862517,0.0955931018547529,0.006340981838809601,-0.0225587977830225,0.12527047579956374,-0.011391399131709057,0.11240865622302687,0.013351129136471407,-0.030364116603954883,0.1321289657675777,0.04419246659745313,-0.017059623336617813,-0.0006657130124376742,0.06356775018636185,0.041352897466727434,0.22868852503868053,0.18469069650395653,0.08524044444500456,0.11117849946599612,0.09254388951565562,0.034000266834544046,-0.09094995098889669,-0.026049022794705223,-0.1049630406704044,0.10971593945183988,0.11545892199088903,-0.01048439074292784,0.08095661956577982,0.054250924323171024,0.12873685408964963,0.057301295482098835
2024-12-31,0.05515530193183382,-0.04765500831745528,-0.13810013182306824,0.020433101685596977,-0.07858721988086237,0.05531771626226978,-0.1067443755938301,-0.13104894923255683,-0.057218947896638506,-0.00016883585199145568,-0.10553950303504633,-0.047898261753628435,-0.05561445475464999,-0.06538479656419427,-0.08014400905083185,-0.08667032163360278,0.004473717155510704,-0.07225121466418827,-0.08288470280817084,0.1217339874309431,-0.054411544338965445,-0.09353820146483316,-0.07400451687999787,-0.0670279294722147,-0.04008486267561073,-0.028402053833062824,-0.1089102114368008,-0.01478364371388352,-0.06897192675740504,-0.044753427248156896,-0.004628459664375306,-0.13966990353592013,-0.08872511505990865,-0.05348982232946664,-0.02857680729967016,-0.13008671374513825,-0.11619709343247187,-0.06476629631776487,-0.09513459303969429,-0.054195118014421784,-0.08699220947188457,-0.08632208332790148,-0.025903200119114622,-0.05050500156241078,-0.14461485281242736,-0.038825640753693214,-0.06725362561592996,-0.16781353282603728,-0.06255286595235121,-0.021079155046589193,-0.02499013704848363
2025-01-31,-0.057583234908321734,0.13695800724609009,-0.016258839137881842,-0.001515714513957045,0.09507369602308136,0.08336748865953902,0.02768133922618521,-0.09557671510136445,0.06942280303694703,0.030624001433536385,0.03003334293456339,0.015356996987949456,0.06772784587702274,0.04857597237045996,0.03348622260799816,-0.004504435874421953,0.1820893479247816,-0.0195275814603304,0.22051686365773748,0.07776026640777434,0.11836826582722004,0.059101938407531085,0.07369341233204874,0.05206737353375157,0.12085647574502523,0.019595255538304546,0.13422364440230572,-0.0041052747315754035,0.13695570426103743,0.1084244552422775,-0.015278837069997553,0.08412549717081519,-0.0018133546601454276,0.05660044856764479,-0.10589021820828082,-0.047162559272797,-0.032171375851244854,-0.003864302105454409,0.11166154252630278,-0.024193535982383718,0.12819307969234717,0.08148347094432262,0.12569990395659225,-0.055241391174714494,0.05362866211086725,0.03294440046824487,-0.008185417086525315,0.07241140894152842,0.08660759478529112,0.08644167288386062,0.0270163042404441
2025-02-28,0.025872506946242657,0.07879307335157759,0.002537399292692699,-0.23481948033803413,0.08804142770796242,-0.10686635257151178,-0.07400923757948863,0.0659535960807176,0.07132360390839798,0.057920856698409295,0.07500063254168454,0.006545275695435615,0.07522281591340718,-0.060218440577991306,0.009142100688845689,0.1671190602059316,-0.01624845902969585,-0.017044049893246482,0.016750915963556157,-0.16537592694180447,-0.02346093721784681,-0.037331962921304696,-0.0088997253171198,0.09326943767910523,-0.009913891470314962,0.1217705768977464,-0.01270133768073578,0.0679946962345781,0.013212699183950294,-0.03843098387945887,-0.04161813622532773,0.026194680043978513,-0.011344647086941606,-0.18255518622074385,0.04039302685584234,-0.11106640589590999,0.04420635684621388,0.0472920160137793,-0.05227463398231835,-0.09351890560831022,0.0391614599728114,-0.19424281768534635,-0.09113503190385797,0.039611825514285215,0.011475228446577113,0.0027821231207081354,0.06164365508432912,-0.12448165504909547,0.0010342299454340065,0.004584314211373952,-0.014242092699825126
2025-03-31,-0.08150021920555539,-0.03883778088805434,-0.12547883775456425,0.03257808140278251,0.01132893827146697,-0.1037309421475675,-0.041139745936833894,0.02842824200222349,-0.09806320444178795,-0.03743574530707705,0.05465893730603555,-0.13268892236188579,-0.05514325153024302,-0.09842936586440332,0.0102411038727519,-0.045748268818541216,-0.08945732078553625,0.07909722462979052,-0.031199143285882247,-0.09080285341534977,-0.12212947661798279,-0.07005604648098929,-0.17619048657060477,0.004968927751173746,-0.07311542883648225,0.013179707194370671,-0.04238560438275951,0.018952195634981628,-0.015729966002406948,-0.12350688845567437,-0.05440932737992932,-0.07077711664610531,0.010260699022904163,-0.11992794187905165,-0.13232493099312648,-0.012675449737953315,-0.011654430384323011,-0.019673181918918647,-0.09073902123083033,-0.0038387679040453593,-0.08985315673115968,-0.05203473420813365,-0.017380712309698843,-0.0923233577618725,-0.03399891720467618,-0.023725502728802805,-0.08311658850276216,0.10743700460916816,-0.04236076904702357,-0.10728044251552415,-0.05754469768137538
2025-04-30,-0.043352951328328726,-0.009757445979681645,-0.02229287883654929,0.05723534934819563,-0.06621710834817573,-0.030694820280155133,-0.05773472123576784,-0.06476591279524402,0.05151310093221095,-0.05824934510750013,-0.1866819079466664,-0.0785208446933865,-0.00824394642065951,-0.04131696286825759,-0.13178397757829108,0.06040096065902101,-0.005746042897903592,0.003851992560637063,0.006944745525975238,0.026901180782505696,0.0023063567367671567,-0.01637144941916191,0.03484724421037,-0.05746495351669212,0.003370234314092224,0.012985204855967769,0.02007582927796525,0.023305685331694415,-0.05675487711398175,-0.002776370959163832,0.05293173949287122,-0.1143976216700423,-0.05656639901381977,0.02829615082152359,0.004982410811787075,-0.18615312083259394,-0.17194115618149142,-0.04011644997342456,-0.004589996291364362,-0.11994218418427638,-0.08578591469749197,0.02179252957100375,-0.033526437113679974,-0.05592603695823639,0.010681736117726048,0.05648598548297046,-0.10175030084305081,-0.21443421561528864,-0.08711482261722292,0.10775728735725698,-0.007624943346289825
2025-05-31,-0.053584115788252284,0.021644440140096588,0.10696566263908114,0.06083214179537633,-0.0006643406520450146,0.1116473080052216,0.12532744284302422,0.01081858471016428,0.04729532119853852,0.09197987697195975,0.01694154161252448,0.24288070383368998,0.056437207050542115,0.14077130417153816,-0.01595219967535455,0.09936141093320461,0.07796334293948126,0.02340892968740671,0.22015481368441714,0.08148629708371224,0.10207831745574203,0.02163720327279628,0.03830191058132848,0.0014753618226499565,0.07922499179179132,-0.006202614305056309,0.08287395175378376,-0.018144787287051045,-0.021000423009069458,0.10925306243584476,0.16683974396329448,0.22755045098792714,0.05622014353812865,0.1048468081814713,0.2406355273027898,0.07436617999009676,-0.0036693942999598272,0.04502674488680669,0.10165995679617734,-0.08538595151638906,0.06262238350133265,0.14448377937503953,-0.021958878493561707,-0.17996476777034065,0.018916324758194714,-0.010629146720771643,0.1424554046448543,-0.2662113106471409,0.03404873744772363,0.01757011173284284,0.06152382614078289
2025-06-30,0.021508605533881342,0.01819120973810473,-0.06796114506241846,0.03858983534376237,-0.03112649164573067,0.07014294555445688,0.11544985269401198,0.03239814987663592,-0.04829938043771842,0.10057088141294002,0.047476233669519585,0.10172359257588592,0.01686496319523001,0.1168537572888313,0.10168560533994109,0.024163589530783458,0.031326660201990375,0.04729052963169367,0.04668372894732209,0.02738626822226653,0.17869933421482243,0.0017065738099208971,0.04672611481101718,-0.015849432617937143,0.09814391336021089,-0.011747103579637042,0.03479202613531873,-0.06379778496571253,0.05922044914615743,0.1002109235989217,0.08048050874655854,0.3047850063447415,-0.00931901818123948,0.07452611450156721,0.1692514502480753,0.0865233164622492,0.00977235293607892,-0.062216793675969106,0.050804864967355146,0.1268701948166686,-0.022804585211590678,0.010228314449670206,0.10342071168854683,0.0708168233683919,-0.04305912104241716,-0.026871504031476534,0.1354662756669045,0.04065639165835333,0.037986240048231146,-0.009521934742778071,0.049606839467715824
2025-07-31,0.011697625680163082,-0.06803593071476799,-0.07544975721929081,-0.07300984012381884,0.05691061513943563,0.06709513314943583,0.13244008631865833,-0.06039204608632964,-0.050811027459599534,-0.012836327034730477,0.05901236014162037,-0.03951290438025057,-0.02850355424454032,0.09135226375464844,0.011731077442733273,-0.17831216614909784,0.06489537112057531,0.07388214034928864,0.05472567348382085,0.08891780692538997,0.022380925270024887,0.002372926992145752,0.09970632992169048,0.07849422513217874,0.02675709917036695,-0.04042415853094761,-0.05365693402975813,0.027039030542292286,0.03521849903129004,0.018385206520393327,0.07255593683333572,-0.1136493100938718,0.023624480244002655,-0.017966952503549072,0.1258308785272324,0.047297368825361286,0.005880230970227718,-0.04908977855142804,0.04786169915011307,0.08125335596625849,0.01579132640697911,-0.10152566336975966,-0.07848807557615523,0.03897132553064209,-0.03634656364135158,0.008421669670477527,-0.12162281822232979,-0.20005131582555347,-0.035248689017813084,0.002045411527177521,0.0216665625306407
2025-08-31,0.11963891239084878,0.05127187024918678,-0.0027677324711841145,0.07857276161792903,-0.01713317732976749,-0.021827348669553603,-0.04333127521838154,0.02226907912508924,0.00530717713303952,0.014835469465392492,0.07087731090801785,-0.006128863915736971,0.058374040240186886,-0.08926728580653698,0.03999335910669988,0.033130781551610644,-0.0008933659859007292,0.041590536646009424,0.015198691629857208,0.10948423326630241,0.035447479682811034,0.10682691469587668,0.12979037655122028,0.08334609388349379,0.01748593066730275,0.01620275299691243,0.007924418720813398,0.04488934974511172,0.02847959218769458,0.05629629597174102,-0.048691866006817075,0.0904344847630345,0.021772521995577554,0.08316525362919824,-0.02074564330151807,0.12442390602133235,-0.057967494870106884,0.043663134819144966,0.03750515098442486,0.11345773068238119,0.065555337868759,0.12103945424882934,0.09518944202505852,0.06622267999617915,0.108021752729075,0.10049269805421002,0.11830342186526144,0.2416653676379048,0.01349840352058207,-0.007894354704465423,0.019066444295036122
2025-09-30,0.09688125410892989,0.009648848838859525,-0.011073765270124603,0.024485540849688237,-0.01915119389997877,-0.04117900731782209,0.13867410646970102,-0.07506626061495181,-0.018752933074392963,-0.0096976394197692,-0.033063676153831545,-0.032775778954340806,-0.00909833480344624,-0.006212059623937227,-0.10174650415817454,0.10368790106823766,0.032094230449123184,0.05062073174267323,0.09443157133319735,0.1428182966261622,0.0685674869129842,0.0017670311936286431,0.0023637507008564818,0.04656552636137512,0.04647988835606376,-0.03132886759313436,0.024265843028216105,-0.02527494748442305,0.03396738657612852,0.05635309672568889,0.02222274040750971,0.40593222640750537,0.04774454932435668,0.05027043563934619,0.07125121360969189,0.015573814510498885,-0.044645155148395954,-0.021586811700328057,0.0007920900184714696,0.012351155081746334,0.01547939457807912,-0.01879230389675346,0.040918002110069684,-0.031737697519410135,-0.05349463526894138,0.05804829257058519,-0.09260181694947955,0.12136849370131886,0.05725283244187107,0.06269324811370014,0.035323687218701494
2025-10-31,0.06181516967143552,-0.07294536123304785,-0.03526577587925228,-0.00932281120465095,0.057512301145558054,0.11226484981660545,0.21328401663293173,-0.10453524520728774,-0.013926200614410078,0.07499961871236782,0.015648238194422737,-0.016419203772243374,-0.06375523435048436,0.06395808921330315,-0.046947449713746425,-0.0636804144479306,-0.2170240380575036,0.015882621928590135,0.02702616277411929,0.15668434622824723,-0.008764879088151822,-0.06318027359065959,0.10222858210023977,0.01860630632738114,-0.008868578599891541,0.03890224146851162,-0.20859428546043202,-0.01796703929454857,-0.0476689733389033,0.037986970628400174,-0.000270291399078193,0.3382149947862205,0.0782885959629902,-0.0014156868164976188,0.0852717678839181,-0.06012912549760974,-0.08181444399004834,-0.014503548423008827,0.019362921714882297,0.041394284270565906,0.0835662110097053,0.030277408573367026,0.08740068146938285,0.15922964978308252,-0.003812224796347796,-0.030441321260326837,-0.11336643385540146,-0.010831183716386694,-0.06769051459550823,-0.018241728413789238,0.0226868719049238
2025-11-30,0.03236421756367314,0.04271151514160931,-0.05929885345876951,0.02831720058069287,0.1658478371792762,-0.04504135592915348,-0.0025984050435396977,-0.04130749624394925,0.0023479278198506037,0.05238684818981887,-0.031080967749136712,-0.07236729838488809,0.07316700868540194,-0.04020389942945468,0.018990952573042064,0.14222912491412742,-0.05489033480393768,-0.00948104593175303,-0.03398609594807245,0.13866077890276451,0.04645465071595756,-0.05972231006215756,0.11745822992340171,0.10252442195527811,0.006299815132071229,0.061248240718820623,0.036599761001739006,0.044868230607110204,0.16130104727024985,0.034512246399961866,-0.04804685731303826,0.056799420640435416,0.06725197961586726,-0.05281035833272962,-0.125882777513319,0.04765988232584828,0.10383509050789597,-0.014697080251840244,0.11740413369298053,-0.041422585226762565,0.03578042579363516,0.22809054116559957,-0.0708125208268574,0.19847823134418752,-0.0012953720724961926,0.08718858268393426,0.04217752236220873,-0.03451803962339217,0.0520034191007257,0.09221186088900746,0.0012996181666717899
2025-12-31,-0.02506728904622013,-0.028006158827649896,0.09327456001037171,-0.10657236176228613,-0.05253858092023045,-0.010290686407351424,-0.005019434818166801,0.11989511583155443,-0.05609741891386444,0.0011696461825327908,0.008469399383149279,0.09638897694953119,-0.04326214408637985,-0.004948303132332521,-0.026332783972377816,-0.0076974496713849705,0.06731891034536441,-0.014547805764491994,0.03327942290798913,-0.02178548616629794,0.06938852697455733,-0.029682932353462532,-0.05447063460918633,0.00014498676237151287,0.029193898748310465,-0.03718496416604311,0.025580801059012392,-0.013969581491785177,-0.0813034259801173,0.04638682722165033,-0.0170525388427748,0.20739718483900438,-0.06964890509155197,-0.04006811424919576,0.05373093153479269,-0.015163890888087339,0.00933811920099381,-0.03273478672243324,0.0200302327807238,0.39676997874858944,0.0009686847802055087,-0.021205382953179197,0.022809189062108937,-0.0106640310711269,-0.057202650729784144,0.011124297400924466,0.031021606386243183,0.007761430232629429,0.0036369904856377033,0.010199159973349747,-0.0005241344225139777
2026-01-31,-0.04553807543927224,-0.12320483313047881,-0.16211889430431536,-0.036409312365558444,0.04451441856438043,0.036738564502459825,0.1501702131035041,0.07445214608477091,0.09183680796104499,0.02218736609902705,0.1606849850776988,-0.008525903042483463,0.07416574956544819,0.10729348206874478,0.07798202677345478,-0.05635412086506153,0.07972260159310474,0.04712227447305217,-0.004025512062678094,0.07987215515972257,0.06417522511998941,0.08860793445086457,0.013161922607487275,0.09809131433435514,-0.04639747628251545,0.07009011436043622,0.06278100312061241,0.030657960122141947,0.07183019333634166,0.03536146325127909,-0.11027248002775836,0.45362808188767456,0.09491786859402329,-0.09589935184774856,0.024825817152531737,0.2526008956045338,0.07741493902599994,0.06655195244740408,0.06471283250455584,0.08031249046325684,0.0227165762473005,-0.021550785990921972,-0.11376796625279961,-0.03941075648204062,0.0944665288704718,-0.024737928047513846,0.250544391482157,-0.13080491222323398,0.016340997796464363,0.06938326484533874,0.013662958900920286
2026-02-28,0.01906584775625153,0.0645012733772301,-0.10516622792119568,0.00048314090395651377,0.14323618348252132,-0.12244046250772744,0.13002012336465052,0.040672188404298426,0.07502260827146623,0.014555681727582703,0.0660653626018497,-0.0599291395226238,0.09347857168193863,0.029731340274492757,0.10657280008134595,0.06528048169959888,-0.015420341155560013,0.016975657453472515,0.11561659821809278,-0.07763296448008339,-0.08107674377403729,0.016364595871060983,0.011991575416225864,0.0990129015558252,-0.018274626056834276,0.09022843278304404,0.07823985369928921,0.08273018081931549,-0.05147628327566922,-0.08911382432899162,-0.08518351769513588,-0.006049905538305755,0.07405433230145286,0.027815287491163687,-0.07293465552553402,0.17940197840843353,0.05952379642709804,0.10166688897023568,0.08037784973023943,0.08273070973673624,0.091988390082133,-0.05702374844982694,-0.060887812316557266,0.055513153519317626,0.02241703202170675,0.08215096917384179,-0.015959207270170417,0.022095899708169275,0.13298491562555448,0.07394659943934112,-0.008668344740704326
2026-03-31,-0.03932929687093156,-0.11757627664812376,-0.07366335719405293,-0.09543125055453683,-0.09354385368866647,-0.008238074893043179,-0.0462689696284706,-0.0726743445974557,-0.014206744807467864,-0.02353384736520714,0.10783885804832316,-0.09109766888503268,-0.13496693456078968,-0.1308789410482487,0.16513537138839474,-0.026554742332618897,0.06622200099775921,-0.03873402059615039,-0.16968577605510138,-0.07697462092431295,-0.01061900793197934,-0.13036131672009132,-0.0706032796829752,-0.01606083571446837,-0.020446181140362008,-0.061146053997494954,-0.11603562557403535,-0.08366231052241346,-0.10549392754344988,-0.011650867323405811,-0.05746798756249527,-0.1803915633187605,-0.009491348852940784,0.03392904438978128,-0.0156925510196515,-0.0008450360365317433,0.09206237163780484,-0.1361243367152879,-0.1129035314594461,0.07961526898048832,-0.06541780132454367,-0.06707164933766929,-0.08958404228659933,-0.011552144992361124,-0.1139887505586068,-0.012124257178000253,-0.08472022833531756,-0.0701617019014652,-0.08438378029714988,-0.026689605593673726,-0.050932690968577
2026-04-30,0.06919111547343992,-0.11016280685942059,0.012423910851209863,0.03459687998909655,-0.01591593214975573,0.27267485533749536,0.2587930318670144,-0.04721632918658303,0.01816486961120667,0.18566585894906873,-0.0656838150807596,0.07646814645498035,-0.0203744260921489,0.07189741712483544,-0.02011876192366202,0.036605262699144214,0.11948297421146914,0.0078061423800031005,0.0217076582004585,0.33815544466040715,0.09193967591335794,-0.00027367114108622914,0.012218379334101082,-0.0596874531344056,0.07027816638364426,0.03563449898738713,-0.05962880942753401,-0.05534285194570954,-0.06555099614137805,0.16433261973140567,0.10160193378338178,0.5307836853293346,0.05383291911360866,0.08738525080305659,0.14432340855381232,0.05835916615689318,0.0229007501625631,0.026014896323122372,0.01583930949141865,0.22444938700995976,0.07444409858407974,0.1254484273245442,0.3944712472044034,-0.08487782321735893,0.0033067816864911226,-0.01847214172662126,0.44782114271204376,0.36915629038311715,0.11070826252291677,0.06155438702275062,0.10423338582985764
2026-05-31,0.15108715221843583,-0.057164871337442524,0.05327096719391444,-0.05377231001437377,-0.019976138535479193,0.021051901989134425,-0.015998012717017285,-0.0802514824629792,-0.05600855872458643,0.3160655117551403,-0.04748235279370605,-0.018505980557842583,-0.017651560315359194,0.028206035872321067,-0.05114882886271899,0.13540262217113086,0.18385310105803376,0.007319240645030423,0.11668341308167962,-0.01159041994984078,0.11018974942443238,-0.035462266282002886,0.015429844363389122,-0.014027084349572339,-0.04444019264251231,0.0031741222026810956,-0.02053114006313994,-0.04901387621073916,-0.0884279246598284,0.09134797790233162,0.10651617603697683,0.8775622219761785,-0.11105425899235843,0.573440500132609,0.05797465881657349,0.018380357215803445,-0.08126872839015653,-0.02399892227042677,-0.06914394773845556,-0.3462005098341401,0.010209775376716967,-0.030700337132603117,0.3978172167713141,-0.12921355170718862,-0.052803736579961735,-0.009525498369995167,0.0930453760623069,0.026533131703182278,-0.020318722229141217,-0.12096629560125094,0.05147035515724263
2026-06-30,-0.07274245453871875,0.060046729412394084,-0.20905824994793254,0.09587697301775755,0.07521007235357136,-0.11934679486514488,0.21581978711898242,-0.012866910265511566,-0.02180238086486541,-0.02458062594372834,-0.09152695932975907,-0.047554695460799046,0.09128634078142839,-0.004658737522797551,-0.027365509719138315,0.07785262164845252,0.0847828353451563,0.021394368437798184,0.1543427748457873,-0.05983206320284973,-0.00949012567281815,0.1204051440627032,0.1718007351001447,0.12710251067166634,0.09361524528603349,0.035244926753956296,0.13276601860514758,-0.025274795911808146,0.06944647825450279,0.004999977502166519,-0.17150856157139238,0.18876418311149634,0.016123041184471276,-0.1120545867016659,-0.051230493410720945,0.05990062628688664,0.035739831706407044,0.021454420265916818,0.15804552487679202,0.0055641518907574294,-0.048907828016363064,0.017220099488545415,-0.2611246057056156,0.014248954954711346,0.13322814473261513,-0.021001705474233967,-0.024895293742470237,0.09911351790371681,0.035638049624849844,-0.021511891036546937,-0.010646379407113993
2026-07-31,0.06756296301144094,0.1731748157333668,0.22139302723517407,0.1493978496452677,0.06362529611326817,0.1394645915293682,-0.23342895579309253,-0.010734939564530754,0.01917057509242004,-0.008820773725339293,0.18743967785350568,-0.0006233512581168554,-0.003517391767252742,0.046594622113699025,0.1546558130700304,-0.025363004447441995,-0.03219055776018165,0.08713723859386535,-0.03534952877242259,-0.0034697744415898013,0.006931187292394725,-0.058750128682016345,0.05434011996778643,0.009371173771967722,0.07956745208724691,0.07776547257140076,-0.10484657018728849,0.0012209204225490655,0.09152493577235976,0.012142701699750624,0.24583136341252132,-0.28687195184510217,-0.009684432699191836,0.1569019466674051,0.003298534030631073,0.20384990691555083,0.04451338364799984,-0.0073061194109649286,-0.0016255549899717447,-0.06885945120892956,0.06746880716977222,0.11029669304128187,-0.2012013772201099,0.22306511341840451,-0.010077856131392449,0.03854791247262557,-0.07017882553817867,-0.002959389293068271,0.07400736609847569,-0.018188275839716495,-0.0012853961689047733
2026-08-31,0.026587852979950588,0.044087074708159424,0.1692424594186659,-0.007014246314876349,0.12263020304928585,-0.04348625871756273,-0.021281067865421943,0.11101844141908024,-0.008404332304036921,-0.04741788172511008,0.05643967175402209,0.11809959790022306,0.02006269937058791,0.020938193857616083,-0.02508571972758511,0.030360185695122333,0.011327216324193978,-0.03147985734055492,-0.06765355451337574,-0.0471176381209264,0.007384265029629633,-0.012441273184306323,0.030957201150920266,0.0421734373436351,0.01202416318259325,0.012330196097833257,0.04034230935032612,-0.02623413222872073,0.06159974439428462,0.013782003519195118,0.0936585239403942,0.16487849330091287,-0.04556850194269502,0.038039178073573154,0.09977583451704541,0.06109060305063174,0.06986855829859917,0.004360091356306661,0.004999965867761524,-0.07098056985454781,-0.03243207538628923,-0.04505770076005944,0.1549352880307282,0.04901862983566896,-0.0036875347576915685,-0.14622781472364732,-0.05378250198551304,-0.06030403137654827,0.03400995644762572,-0.0546666679504465,0.026225268266459212
2026-09-30,-0.004765692714336467,-0.046484208273344096,-0.1295467974575738,0.03976633174154198,-0.08981579843348586,-0.028371233894919246,0.022684273414733003,-0.07625847568169974,-0.04374454483224821,-0.009593606471969496,0.03720771413435098,-0.0313342877820304,-0.038806568779096495,-0.013775951652341467,0.014141747364948554,0.06753298833501309,-0.006140544715488638,-0.050302928150684156,-0.03065139045383658,-0.025010982951184202,0.007718684194698788,-0.046036623705227875,0.022642435382954407,0.004626595600946137,-0.003679561819613042,-0.012631049287421203,0.05186666864964962,-0.03133608506202701,0.013678961311606175,0.009516213714598099,-0.030830519791427258,0.07201197466333986,0.0037649405122164303,-0.002968254157791672,0.013089951108014253,-0.06317613502908526,-0.001978985909579012,-0.0170892765365408,-0.030599150191513824,0.034115174578661644,-0.030445930264323184,0.0036376002089779647,0.040357001858964736,0.01072484249503547,-0.0536288274876362,-0.05817340529079207,0.0026062345875472737,0.009373138497108302,-0.05298174903360664,0.00915418193315487,-0.006476628392408035
