Date,AAPL,ABT,ADBE,ADUS,AMGN,AMZN,CAT,CMCSA,COST,CSCO,CVX,DIS,ECL,EMR,EOG,EXEL,FFIV,GD,GE,GOOGL,GS,HD,INCY,JNJ,JPM,KO,LNN,MCD,MDT,MS,MSFT,MU,NEE,NTAP,NVDA,OII,OKE,PG,PH,PLAB,PLD,PLUS,QCOM,REGN,SHW,TJX,TXN,UNH,UNP,WMT,^GSPC
2010-01-31,5.744444370269775,17.702560424804688,32.29999923706055,8.819999694824219,39.0306396484375,6.270500183105469,35.08098602294922,5.075743198394775,40.57765579223633,14.406983375549316,36.97874450683594,24.95551300048828,36.38467788696289,26.53412628173828,31.36111068725586,6.630000114440918,49.43000030517578,45.725608825683594,55.63800048828125,13.136754989624023,110.63502502441406,18.714929580688477,10.680000305175781,38.65930938720703,25.58350944519043,16.363693237304688,33.52668380737305,39.556190490722656,28.621858596801758,18.668794631958008,20.927173614501953,8.503195762634277,7.480323314666748,21.319496154785156,0.35232239961624146,24.17691421508789,7.7185235023498535,38.11669158935547,42.391170501708984,3.8499999046325684,14.36208724975586,3.641016960144043,25.784412384033203,26.410768508911133,17.59603500366211,7.622422218322754,14.65296745300293,25.400550842285156,21.12180519104004,12.688374519348145,1073.8699951171875
2010-02-28,6.1201090812683105,18.150644302368164,34.650001525878906,7.900000095367432,37.7825927734375,5.920000076293945,38.31106948852539,5.27133321762085,43.21123504638672,15.599552154541016,37.42583465576172,26.38275146484375,34.92599105834961,30.461702346801758,32.62013244628906,6.46999979019165,55.79999923706055,49.624446868896484,55.9156494140625,13.058917045593262,116.57186126708984,20.846338272094727,10.65999984741211,39.04187774658203,27.57423210144043,15.902193069458008,30.733335494995117,40.79977798461914,28.962203979492188,19.644777297973633,21.390613555908203,8.83474349975586,7.190495014190674,21.96354866027832,0.3708656132221222,26.718368530273438,8.110031127929688,39.18804168701172,45.93202209472656,4.400000095367432,14.565553665161133,3.7985167503356934,24.239913940429688,24.231334686279297,17.703750610351562,8.37496566772461,15.877302169799805,26.062509536743164,23.616315841674805,12.840357780456543,1104.489990234375
2010-03-31,7.028762340545654,17.61561393737793,35.369998931884766,6.039999961853027,39.938350677490234,6.78849983215332,42.20597457885742,6.037665367126465,42.31821823120117,16.68953514099121,39.25312805175781,29.48213768005371,36.558895111083984,32.3921012878418,32.23514938354492,6.070000171661377,61.630001068115234,52.8050537109375,63.36646270751953,14.058417320251465,127.21881103515625,21.775501251220703,13.930000305175781,40.40523147583008,29.400671005249023,16.725706100463867,34.573944091796875,42.63370895385742,30.049951553344727,20.41857147216797,21.853195190429688,10.112170219421387,7.494424343109131,23.815195083618164,0.39833709597587585,28.06201934814453,8.351521492004395,39.18184280395508,49.305908203125,5.099999904632568,16.467010498046875,4.06487512588501,27.729185104370117,26.242355346679688,18.90486717224121,8.5540132522583,15.935917854309082,25.14655303955078,25.695037841796875,13.278125762939453,1169.4300537109375
2010-04-30,7.80910587310791,17.251466751098633,33.599998474121094,4.840000152587891,38.24977111816406,6.855000019073486,46.01002502441406,6.371157646179199,41.87173843383789,17.26658821105957,42.15711212158203,31.11204719543457,40.62654113769531,33.608253479003906,38.94371032714844,5.800000190734863,68.43000030517578,52.51542282104492,65.66437530517578,13.03165054321289,108.25859832763672,23.714107513427734,13.4399995803833,39.847503662109375,28.006288528442383,16.25433921813965,31.751911163330078,45.10658264160156,29.287874221801758,21.10213851928711,22.785823822021484,9.117530822753906,8.071276664733887,25.374086380004883,0.3596479296684265,28.95041847229004,9.072242736816406,38.790706634521484,52.68740463256836,5.449999809265137,16.841808319091797,4.310389518737793,25.561607360839844,25.29133415222168,21.80706787109375,9.322504997253418,17.015769958496094,23.351472854614258,26.522340774536133,12.810043334960938,1186.68994140625
2010-05-31,7.68318510055542,16.037519454956055,32.08000183105469,6.179999828338623,34.55894088745117,6.2729997634887695,41.05698013305664,5.829756259918213,41.42529296875,14.849390983581543,38.5955810546875,28.22380256652832,39.28727340698242,30.084548950195312,36.41508483886719,5.179999828338623,70.33000183105469,46.697181701660156,56.92534255981445,12.038349151611328,107.82673645019531,22.79191780090332,12.890000343322754,36.4592399597168,26.033077239990234,15.630922317504883,28.591182708740234,43.08854675292969,26.26455307006836,18.930479049682617,19.336179733276367,8.863997459411621,7.7425336837768555,27.577030181884766,0.30081331729888916,20.450927734375,8.210066795349121,38.12296676635742,46.99220657348633,5.059999942779541,15.675098419189453,4.053295135498047,23.625823974609375,28.302913665771484,21.503982543945312,9.175543785095215,15.975578308105469,22.396146774291992,25.160621643066406,12.144637107849121,1089.4100341796875
2010-06-30,7.5231709480285645,15.774499893188477,26.43000030517578,5.980000019073486,35.106231689453125,5.4629998207092285,40.590736389160156,5.597724437713623,38.99312210083008,13.663241386413574,35.45547866821289,26.602323532104492,37.482452392578125,28.303064346313477,34.16777801513672,3.4700000286102295,68.56999969482422,40.56039047241211,50.524497985839844,11.029926300048828,98.11746978759766,19.027162551879883,11.069999694824219,36.934513092041016,24.079608917236328,15.370609283447266,26.51607894897461,42.44420623779297,24.313817977905273,16.20716667175293,17.245166778564453,8.278915405273438,7.6391520500183105,27.306243896484375,0.23373688757419586,19.845399856567383,7.984830379486084,37.43028259277344,42.404624938964844,4.519999980926514,14.3330659866333,4.053295135498047,21.81867218017578,22.11134147644043,19.41616439819336,8.467096328735352,15.229804039001465,21.971782684326172,24.484315872192383,11.546534538269043,1030.7099609375
2010-07-31,7.694250106811523,16.70377540588379,28.719999313354492,5.28000020980835,36.39435577392578,5.894499778747559,47.44562911987305,6.308262825012207,40.33012008666992,14.7916841506958,39.81816864013672,28.451820373535156,40.820926666259766,32.09278869628906,33.914833068847656,3.119999885559082,87.83000183105469,42.42355728149414,56.480918884277344,12.019013404846191,112.73001861572266,19.325407028198242,13.020000457763672,36.327880859375,26.52972412109375,16.90093231201172,29.10158348083496,44.931453704833984,24.938066482543945,18.88164710998535,19.343673706054688,7.098998546600342,8.193757057189941,30.958282470703125,0.21038611233234406,21.869720458984375,8.673666000366211,38.46534729003906,47.496849060058594,4.519999980926514,15.269031524658203,4.148258209228516,25.300086975097656,23.9638614654541,19.404939651489258,8.3803071975708,16.228355407714844,23.557777404785156,26.301881790161133,12.295970916748047,1101.5999755859375
2010-08-31,7.271029472351074,16.792253494262695,27.700000762939453,5.21999979019165,34.065059661865234,6.241499900817871,44.32338333129883,5.540383815765381,40.32695388793945,12.816899299621582,39.067264556884766,27.480623245239258,39.560638427734375,30.42140007019043,30.217248916625977,2.9700000286102295,87.43000030517578,38.697200775146484,50.734710693359375,11.155608177185059,102.60494995117188,19.018043518066406,12.510000228881836,35.995052337646484,23.947895050048828,17.137069702148438,30.92413330078125,47.42970275878906,21.214563369750977,17.272619247436523,17.68375015258789,6.299386024475098,8.4960355758667,29.553083419799805,0.2135910838842392,22.103971481323242,7.998856067657471,37.52825164794922,45.419822692871094,4.309999942779541,14.55329704284668,4.183000087738037,25.573993682861328,21.774518966674805,19.852672576904297,8.038996696472168,15.130690574645996,24.540319442749023,25.810131072998047,12.114044189453125,1049.3299560546875
2010-09-30,8.486857414245605,17.779237747192383,26.149999618530273,3.9700000286102295,36.78145217895508,7.853000164031982,53.52000427246094,5.857904434204102,46.02983474731445,14.041523933410645,42.743011474609375,27.953556060791016,42.47956085205078,34.34066390991211,32.3390998840332,3.9200000762939453,103.80999755859375,43.50407028198242,57.357627868652344,13.033883094787598,108.33727264404297,21.656780242919922,15.989999771118164,39.11351776123047,25.067564010620117,18.082653045654297,36.33396530151367,48.371063232421875,22.65134620666504,17.265615463256836,18.452287673950195,7.030738353729248,8.600400924682617,36.44002151489258,0.2673896551132202,23.805641174316406,8.39590835571289,37.71693420410156,53.78826141357422,5.289999961853027,16.19276237487793,4.968181133270264,30.134584426879883,27.143850326538086,21.19536590576172,9.039569854736328,17.838703155517578,27.263195037841797,28.945289611816406,12.930669784545898,1141.199951171875
2010-10-31,9.002197265625,17.61094093322754,28.149999618530273,3.0399999618530273,38.169681549072266,8.261500358581543,53.76011657714844,6.71992301940918,44.94688034057617,14.657049179077148,43.5604133605957,30.512447357177734,41.29072952270508,35.80139923095703,33.34791946411133,4.46999979019165,117.69999694824219,47.49653244018555,56.54579162597656,15.213093757629395,120.73861694335938,21.123563766479492,16.65999984741211,40.23716735839844,24.81632423400879,18.94785499572754,48.3530387878418,50.48740768432617,23.923227310180664,17.43457794189453,20.09483528137207,8.054635047912598,8.703182220458984,38.972312927246094,0.275173157453537,27.345993041992188,9.376824378967285,40.28843307495117,58.77090835571289,6.289999961853027,17.42931365966797,4.870902061462402,30.154613494873047,25.86591148376465,20.583255767822266,9.294772148132324,19.522098541259766,27.99309539794922,31.025957107543945,13.087709426879883,1183.260009765625
2010-11-30,9.30638313293457,15.960335731506348,27.799999237060547,4.150000095367432,35.16628646850586,8.770000457763672,57.86393356323242,6.5277419090271,48.41259002685547,12.284730911254883,43.06620788574219,30.833370208740234,40.02656555175781,36.131492614746094,30.989315032958984,5.789999961853027,131.8800048828125,46.08110809326172,55.875179290771484,13.77557373046875,117.2571029663086,20.81191062927246,14.510000228881836,39.189056396484375,24.664636611938477,19.654386520385742,49.58498001098633,51.2293701171875,22.76881980895996,17.147159576416016,19.14940643310547,7.089245319366455,8.081847190856934,37.27437210083008,0.311572790145874,30.54157829284668,9.619619369506836,38.70401382446289,61.81570053100586,6.389999866485596,18.04759979248047,5.37351131439209,31.387393951416016,28.550575256347656,21.02463722229004,9.267584800720215,20.994338989257812,28.358057022094727,32.01988983154297,13.068387031555176,1180.550048828125
2010-12-31,9.647647857666016,16.440759658813477,30.780000686645508,4.099999904632568,36.641292572021484,9.0,64.06068420410156,7.156412601470947,51.70645523071289,12.97077751159668,48.53391647338867,32.02436828613281,42.36058044433594,37.50929641723633,31.84636688232422,8.210000038146973,130.16000366210938,49.476688385009766,65.067138671875,14.724004745483398,126.28380584716797,24.153125762939453,16.559999465942383,39.380062103271484,27.97523307800293,20.463342666625977,49.912532806396484,50.221778869628906,25.186288833618164,19.07497787475586,21.158340454101562,7.820600509643555,8.300577163696289,40.223812103271484,0.35255128145217896,32.543800354003906,10.440237045288086,40.77010726928711,66.49253845214844,5.909999847412109,19.782407760620117,5.475421905517578,33.17731475830078,32.52309036254883,23.740251541137695,9.01968765258789,21.45648956298828,28.132108688354492,32.926002502441406,13.101786613464355,1257.6400146484375
2011-01-31,10.14893627166748,15.640931129455566,33.04999923706055,4.630000114440918,36.76144027709961,8.482000350952148,66.66402435302734,7.442667007446289,51.441490173339844,13.560654640197754,50.49122619628906,33.18547821044922,41.747291564941406,38.63125228881836,37.12474060058594,8.670000076293945,108.37999725341797,52.88420867919922,71.64852905273438,14.882407188415527,122.87445831298828,25.33114242553711,14.739999771118164,38.05572509765625,29.671175003051758,19.55483055114746,54.65770721435547,48.20010757446289,26.1803035736084,20.645822525024414,21.021883010864258,10.277944564819336,8.535269737243652,40.05549240112305,0.547599196434021,34.13498306274414,11.182266235351562,40.30619430541992,68.88873291015625,6.590000152587891,20.930299758911133,5.984979629516602,36.28789138793945,33.36514663696289,24.018051147460938,9.629260063171387,22.47248077392578,31.980709075927734,33.62603759765625,13.621681213378906,1286.1199951171875
2011-02-28,10.564382553100586,16.659189224243164,34.5,4.489999771118164,34.258609771728516,8.66450023651123,70.73216247558594,8.427389144897461,53.70106887817383,11.900033950805664,55.59743118286133,37.34326934814453,40.865108489990234,39.364437103271484,39.19051742553711,12.449999809265137,118.01000213623047,53.38921356201172,74.93843078613281,15.205657005310059,123.25582885742188,25.813390731811523,13.680000305175781,39.472801208496094,30.82659912109375,19.887737274169922,59.37369155883789,49.9200553894043,27.27341079711914,20.84244728088379,20.269180297851562,10.853278160095215,8.856184959411621,37.808631896972656,0.5187540650367737,36.963714599609375,12.260805130004883,40.25511169433594,68.95208740234375,8.9399995803833,22.88601303100586,6.582551002502441,40.072227478027344,35.930931091308594,23.37972640991211,10.163803100585938,23.599102020263672,33.172691345214844,34.042991638183594,12.628055572509766,1327.219970703125
2011-03-31,10.423806190490723,16.988216400146484,33.15999984741211,5.010000228881836,35.67354202270508,9.006500244140625,76.5182876586914,8.087151527404785,52.645565032958984,11.034501075744629,57.601646423339844,36.78832244873047,43.01829528808594,38.55284881591797,41.354007720947266,11.329999923706055,102.56999969482422,53.69780349731445,71.82198333740234,14.54527473449707,119.35758209228516,25.70523452758789,15.850000381469727,38.06581497192383,30.437057495117188,20.790353775024414,66.44537353515625,50.19050216674805,26.883991241455078,19.18515396118164,19.361709594726562,11.184823989868164,8.890641212463379,35.23975372314453,0.4226036071777344,39.536094665527344,12.699438095092773,39.329341888427734,73.20455932617188,8.970000267028809,22.628095626831055,6.16332483291626,36.87745666503906,44.51988220214844,23.9121150970459,10.135265350341797,22.90325355529785,35.3151741027832,35.08488082885742,12.733689308166504,1325.8299560546875
2011-04-30,10.472257614135742,18.19492530822754,33.54999923706055,5.989999771118164,37.9427490234375,9.790499687194824,79.63854217529297,8.613215446472168,58.08101272583008,11.272568702697754,58.6466178894043,36.79685974121094,44.48539733886719,40.09681701660156,39.506614685058594,12.260000228881836,101.36000061035156,51.39848709106445,73.25484466552734,13.487770080566406,113.64551544189453,25.76766014099121,18.479999542236328,42.22254180908203,30.290122985839844,21.141357421875,61.652442932128906,51.654850006103516,28.688133239746094,18.39912986755371,19.76587677001953,11.038552284240723,9.124520301818848,38.13798522949219,0.45785877108573914,38.63885498046875,13.382096290588379,41.7798957824707,72.92621612548828,8.729999542236328,22.898595809936523,6.404206275939941,38.39750289916992,50.56285858154297,23.42812156677246,10.92807388305664,23.63164710998535,38.463836669921875,36.91884994506836,13.450495719909668,1363.6099853515625
2011-05-31,10.403464317321777,18.26835060119629,34.630001068115234,5.659999847412109,40.40553283691406,9.834500312805176,73.00715637207031,8.294448852539062,59.39603042602539,10.809309005737305,56.65378189086914,35.54184341430664,46.27290725708008,36.21846389770508,38.140201568603516,11.630000114440918,113.58000183105469,52.386634826660156,70.35330963134766,13.113951683044434,106.18184661865234,25.16421127319336,17.729999542236328,43.60615158081055,28.703588485717773,20.93764877319336,56.4791145324707,54.1864128112793,27.966629028320312,16.998964309692383,19.196945190429688,9.946398735046387,9.347108840942383,40.08476638793945,0.45877447724342346,36.02228546142578,13.602140426635742,43.13179016113281,68.98334503173828,10.039999961853027,23.454124450683594,6.086891174316406,39.55741500854492,59.458900451660156,25.115312576293945,10.844545364379883,23.478673934936523,38.24508285522461,37.62830352783203,13.59859561920166,1345.199951171875
2011-06-30,10.039765357971191,18.397727966308594,31.450000762939453,5.429999828338623,38.94388961791992,10.224499702453613,73.46257781982422,8.327313423156738,58.503055572509766,10.04365062713623,55.535945892333984,33.330623626708984,47.69081497192383,37.34718322753906,36.53620147705078,8.960000038146973,110.25,52.93577575683594,68.11481475830078,12.552722930908203,100.41741180419922,25.311439514160156,18.940000534057617,43.1071662902832,27.17681312561035,21.240747451782227,57.92728805541992,56.03382873535156,26.475528717041016,16.18982696533203,19.956838607788086,7.294025897979736,9.356880187988281,38.62833023071289,0.3649134337902069,35.87419891357422,14.160842895507812,40.9236946105957,69.6743392944336,8.470000267028809,22.72494125366211,6.1239495277404785,38.342124938964844,56.17984390258789,23.98020362854004,10.744325637817383,21.83583641052246,40.43336486816406,37.42397689819336,13.086370468139648,1320.6400146484375
2011-07-31,11.67911148071289,18.106281280517578,27.709999084472656,5.829999923706055,36.50782012939453,11.12600040435791,68.45787048339844,7.928888320922852,56.34986877441406,10.314299583435059,56.17315673828125,32.972042083740234,42.29410171508789,32.593292236328125,35.70283126831055,7.699999809265137,93.4800033569336,48.40370559692383,64.6838150024414,14.964953422546387,101.83583068847656,24.409955978393555,17.440000534057617,41.98607635498047,27.016517639160156,21.468021392822266,53.29645919799805,57.46924591064453,24.931026458740234,15.688448905944824,21.031444549560547,7.186760902404785,8.996997833251953,34.7786865234375,0.316609263420105,38.26580810546875,14.033843994140625,39.90898132324219,61.35126495361328,7.480000019073486,22.59178924560547,6.144794940948486,36.98505401611328,52.563968658447266,22.064531326293945,11.310894012451172,19.872278213500977,38.9047737121582,36.735721588134766,12.980476379394531,1292.280029296875
2011-08-31,11.510126113891602,18.526134490966797,25.239999771118164,5.010000228881836,37.17673873901367,10.761500358581543,63.059688568115234,7.100348472595215,56.73830795288086,10.120543479919434,53.80347442626953,29.078907012939453,45.33926773071289,31.1471004486084,32.40906524658203,7.480000019073486,81.56999969482422,45.51966857910156,58.905216217041016,13.409933090209961,87.95405578613281,23.499614715576172,16.06999969482422,43.020484924316406,25.086280822753906,22.238229751586914,52.452049255371094,60.487274169921875,24.253286361694336,12.339223861694336,20.54625701904297,5.763059616088867,9.32947063446045,27.533111572265625,0.30470502376556396,37.949127197265625,13.669454574584961,41.33035659790039,57.32381820678711,6.460000038146973,17.26563835144043,5.827480316162109,34.899658203125,58.478153228759766,21.761873245239258,11.213773727416992,17.507648468017578,37.250736236572266,33.21611022949219,13.193434715270996,1218.8900146484375
2011-09-30,11.405139923095703,18.04277992248535,24.170000076293945,4.050000190734863,36.8814697265625,10.81149959564209,51.16842269897461,6.9055914878845215,59.33177185058594,10.010746955871582,50.40130615234375,25.749265670776367,41.49596405029297,27.640949249267578,24.855470657348633,5.460000038146973,71.05000305175781,40.41219711303711,55.49578094482422,12.767399787902832,71.5544662475586,23.14057159423828,13.970000267028809,41.64093017578125,20.11711883544922,21.471424102783203,45.36850357055664,58.75448989868164,22.98771858215332,9.52588176727295,19.225419998168945,4.91469144821167,8.885364532470703,24.832496643066406,0.2863907516002655,31.415382385253906,12.732450485229492,41.00584030151367,49.283016204833984,4.980000019073486,15.539944648742676,5.713988304138184,32.980384826660156,57.65591812133789,21.3538761138916,11.388280868530273,17.801549911499023,36.27863693237305,29.43213653564453,12.873456954956055,1131.4200439453125
2011-10-31,12.106820106506348,19.18065643310547,29.40999984741211,3.8499999046325684,38.431636810302734,10.67549991607666,65.81969451904297,7.782769203186035,60.14085388183594,12.015144348144531,57.18387985229492,29.77899742126465,45.69734191894531,32.197601318359375,31.36497688293457,7.730000019073486,103.94999694824219,45.97616195678711,60.928672790527344,14.691034317016602,82.90628814697266,25.20330047607422,13.770000457763672,42.09860610961914,23.4205322265625,21.712963104248047,48.99458694458008,62.119720458984375,24.208099365234375,12.47542667388916,20.569425582885742,5.451017379760742,9.276832580566406,29.977581024169922,0.3388155400753021,37.184654235839844,14.662361145019531,41.870147705078125,63.66277313232422,6.269999980926514,19.07086944580078,6.290713787078857,34.9946174621582,54.783023834228516,23.764514923095703,12.098640441894531,20.640087127685547,37.74959945678711,35.88292694091797,14.069034576416016,1253.300048828125
2011-11-30,11.431458473205566,19.422773361206055,27.420000076293945,3.799999952316284,39.051841735839844,9.614500045776367,68.20275115966797,7.523900985717773,61.79806137084961,12.086468696594238,56.412452697753906,30.607135772705078,48.39642333984375,35.23799514770508,36.383792877197266,4.610000133514404,113.02999877929688,47.31553649902344,58.01168441772461,14.85836124420166,72.82660675048828,27.827335357666016,13.770000457763672,42.7070426940918,20.86691665649414,21.52176284790039,47.70743179321289,64.38673400878906,25.385759353637695,10.459834098815918,19.907176971435547,5.841070652008057,9.21155071258545,26.954927444458008,0.3578166365623474,42.42426300048828,16.152732849121094,42.249656677246094,64.9124984741211,5.789999961853027,17.827674865722656,6.432000160217285,37.30889892578125,58.864505767822266,25.054595947265625,12.707191467285156,20.216938018798828,38.36315155029297,37.50324249267578,14.609770774841309,1246.9599609375
2011-12-31,12.113402366638184,20.02094268798828,28.270000457763672,3.569999933242798,43.300262451171875,8.654999732971191,63.1300163269043,7.906551837921143,60.36357498168945,11.723357200622559,58.37661361694336,32.553462982177734,49.248165130615234,31.420820236206055,34.549503326416016,4.739999771118164,106.12000274658203,47.566253662109375,65.9378433227539,16.011306762695312,68.70134735107422,29.828187942504883,15.010000228881836,43.2745475769043,22.40312385559082,22.398893356323242,46.35618209838867,67.62899780273438,26.65399932861328,10.70029354095459,20.202903747558594,6.133613109588623,10.115427017211914,26.545080184936523,0.31729620695114136,41.148685455322266,16.838394165039062,43.64990997314453,59.79195022583008,6.079999923706055,18.5133113861084,6.5501251220703125,37.240814208984375,54.91181564331055,25.758665084838867,13.29415225982666,19.551990509033203,40.00078201293945,38.420780181884766,14.915704727172852,1257.5999755859375
2012-01-31,13.653149604797363,19.446704864501953,30.950000762939453,3.6500000953674316,45.8088493347168,9.722000122070312,76.37464141845703,8.863607406616211,59.602867126464844,12.783799171447754,56.57703399658203,33.768795013427734,51.48865509033203,34.651275634765625,37.28334045410156,5.320000171661377,119.73999786376953,49.86396026611328,68.88312530517578,14.380426406860352,84.68582153320312,31.49555206298828,17.700000762939453,43.4923095703125,25.31283950805664,21.6178035736084,51.626041412353516,66.76622009277344,27.04685401916504,13.226051330566406,22.98118019104004,7.411041736602783,9.944287300109863,27.62094497680664,0.3381286859512329,43.34304428100586,16.265460968017578,41.57797622680664,63.26576614379883,6.860000133514404,20.533647537231445,6.605712413787842,40.04579544067383,90.01058959960938,28.142061233520508,14.033516883850098,21.863174438476562,40.87687301635742,41.4562873840332,15.315055847167969,1312.4100341796875
2012-02-29,16.22418212890625,20.330163955688477,32.88999938964844,3.5999999046325684,46.109222412109375,8.98449993133545,79.93720245361328,9.807329177856445,62.52610778808594,12.933426856994629,60.32781982421875,36.451202392578125,51.113826751708984,34.19459915161133,39.9951057434082,5.679999828338623,124.95999908447266,52.79839324951172,70.75519561767578,15.325885772705078,87.73819732666016,33.751834869384766,16.959999084472656,43.32393264770508,26.629377365112305,22.363679885864258,55.4749870300293,67.39128112792969,26.731300354003906,13.14804744720459,24.863697052001953,8.337424278259277,9.986872673034668,31.47060775756836,0.34682807326316833,48.54147720336914,16.16375732421875,44.59872817993164,70.73951721191406,7.010000228881836,21.79636001586914,7.416371822357178,42.47906494140625,103.81037139892578,29.880264282226562,15.121603965759277,22.51812171936035,44.00241470336914,40.198036193847656,14.745978355407715,1365.6800537109375
2012-03-31,17.932313919067383,22.010866165161133,34.310001373291016,4.949999809265137,46.08210754394531,10.125499725341797,74.55485534667969,10.007410049438477,65.96990966796875,13.759659767150879,59.271881103515625,38.00508117675781,52.754600524902344,35.46561813354492,39.025604248046875,5.179999828338623,134.9600067138672,52.90653610229492,74.54366302490234,15.895787239074707,94.77159118652344,35.915687561035156,19.299999237060547,43.90976333618164,31.203344345092773,23.865694046020508,56.050113677978516,66.59027099609375,27.48162078857422,13.928136825561523,25.271039962768555,7.898610591888428,10.250347137451172,32.76601791381836,0.35255128145217896,48.20159912109375,15.972076416015625,44.328311920166016,66.59642028808594,6.650000095367432,23.517061233520508,7.40479040145874,46.49604415893555,115.52978515625,31.479297637939453,16.402050018310547,22.693675994873047,46.65665054321289,39.18806076049805,15.377364158630371,1408.469970703125
2012-04-30,17.466625213623047,22.4780216217041,33.54999923706055,4.619999885559082,48.21095275878906,11.595000267028809,72.23442077636719,10.176057815551758,64.06636047363281,13.16529369354248,58.912506103515625,37.423465728759766,54.438438415527344,35.710304260253906,38.63627624511719,4.800000190734863,133.92999267578125,49.026973724365234,72.7237548828125,14.993709564208984,87.7458267211914,36.97224044799805,22.65999984741211,43.337249755859375,29.358373641967773,24.610591888427734,56.48991394042969,66.14905548095703,26.953031539916992,12.290348052978516,25.083036422729492,6.426154136657715,10.79910945892334,28.418685913085938,0.2976081967353821,46.18016052246094,16.921794891357422,42.328765869140625,69.06966400146484,6.190000057220459,23.347299575805664,6.869755268096924,43.60627746582031,133.99551391601562,34.84245681762695,17.228139877319336,21.681381225585938,44.448097229003906,40.99653244018555,14.801972389221191,1397.9100341796875
2012-05-31,17.279691696166992,22.380224227905273,31.049999237060547,3.990000009536743,47.37390899658203,10.645500183105469,61.585880279541016,9.693238258361816,62.973575592041016,10.664146423339844,54.840606689453125,39.680503845214844,54.028167724609375,32.0493278503418,34.938385009765625,4.630000114440918,103.4800033569336,46.492095947265625,70.90380096435547,14.399018287658691,73.2732162475586,35.43104934692383,21.309999465942383,41.964420318603516,22.643796920776367,24.097858428955078,47.13715362548828,61.1187858581543,25.99346160888672,9.502253532409668,23.016178131103516,5.6948018074035645,11.067146301269531,21.780576705932617,0.2845591902732849,41.49463653564453,16.350444793701172,41.430843353271484,64.69622802734375,6.0,20.879371643066406,7.279717922210693,39.32040023803711,134.3818817138672,37.677913665771484,17.5866641998291,19.332672119140625,44.147308349609375,40.836326599121094,16.65043067932129,1310.3299560546875
2012-06-30,17.46722412109375,23.350914001464844,32.369998931884766,4.909999847412109,49.68402862548828,11.417499542236328,59.68107604980469,10.775816917419434,69.24979400634766,11.212702751159668,58.851444244384766,42.10247802734375,58.75113296508789,31.91913414001465,31.704910278320312,5.53000020980835,99.55999755859375,47.90841293334961,78.28218078613281,14.379435539245605,73.39574432373047,38.05211639404297,22.700000762939453,45.41271209716797,24.406105041503906,25.385774612426758,54.972171783447266,60.56465148925781,27.327003479003906,10.37708854675293,24.120073318481445,6.153115749359131,11.654886245727539,23.288244247436523,0.31638047099113464,42.96696853637695,16.67158317565918,40.739105224609375,60.8495979309082,6.099999904632568,21.887001037597656,7.492805004119873,38.20207977294922,113.1522216796875,38.465538024902344,17.781333923339844,19.475223541259766,46.47951126098633,43.73591613769531,17.63701057434082,1362.1600341796875
2012-07-31,18.267608642578125,24.20534324645996,30.8799991607666,4.429999828338623,56.28720474243164,11.664999961853027,59.56721496582031,10.971312522888184,70.10992431640625,10.464749336242676,61.12738037109375,42.65805435180664,56.11064910888672,32.73458480834961,34.54899215698242,6.25,93.37999725341797,46.43656921386719,77.94410705566406,15.690779685974121,77.25464630126953,37.47044372558594,24.989999771118164,46.52854919433594,24.795576095581055,26.2331485748291,60.05433654785156,61.13245391845703,27.999692916870117,9.753144264221191,23.236957550048828,6.055602073669434,12.008885383605957,23.910341262817383,0.3099704384803772,46.40540313720703,17.5384521484375,43.29975128173828,63.57233810424805,5.849999904632568,21.29421615600586,7.870339870452881,40.94647979736328,133.39120483398438,39.04679489135742,18.340503692626953,18.60788345336914,40.59211349487305,44.94562911987305,18.828489303588867,1379.3199462890625
2012-08-31,19.982507705688477,23.924264907836914,31.270000457763672,4.869999885559082,57.43817901611328,12.41349983215332,60.35948944091797,11.301627159118652,71.54723358154297,12.518335342407227,63.0674934387207,42.944541931152344,54.89326477050781,35.02650451660156,38.17627716064453,4.429999828338623,97.48999786376953,47.951786041259766,77.79386138916016,16.9827938079834,81.30083465576172,40.96177673339844,20.010000228881836,45.73720932006836,25.580772399902344,24.28513526916504,55.45053482055664,61.70317840576172,28.880455017089844,10.709892272949219,24.46241569519043,6.055602073669434,11.501728057861328,25.26430892944336,0.32118791341781616,48.22484588623047,17.67689323425293,45.07762908935547,63.62227249145508,5.869999885559082,22.506134033203125,7.886553764343262,42.16773223876953,146.6659393310547,41.69908142089844,19.014257431030273,19.837478637695312,43.142520904541016,44.734066009521484,18.464889526367188,1406.5799560546875
2012-09-30,20.038381576538086,25.026670455932617,32.439998626708984,5.349999904632568,57.691410064697266,12.715999603271484,60.8617057800293,12.046533584594727,73.22132873535156,12.531458854675293,65.5416030883789,45.38386535644531,55.73371887207031,33.334564208984375,39.4981803894043,4.829999923706055,104.63999938964844,48.39828109741211,85.95800018310547,18.703407287597656,87.42222595214844,43.57466506958008,18.049999237060547,46.7410888671875,27.881244659423828,24.796695709228516,61.05836486816406,63.261474609375,30.627779006958008,11.952239990234375,23.621078491210938,5.831320762634277,12.017772674560547,24.064027786254883,0.30539175868034363,49.76509094238281,19.177425384521484,46.533485412597656,66.48596954345703,5.369999885559082,23.252525329589844,9.084013938903809,43.037628173828125,151.23284912109375,43.39817428588867,18.599002838134766,18.82648468017578,44.2027587890625,43.7247428894043,18.77008819580078,1440.6700439453125
2012-10-31,17.882246017456055,24.08421516418457,34.029998779296875,5.429999828338623,59.19717788696289,11.644499778747559,60.353939056396484,12.707830429077148,71.95660400390625,11.335418701171875,61.987876892089844,42.64069366455078,59.85291290283203,33.445064544677734,41.12757110595703,4.739999771118164,82.58999633789062,50.213478088378906,79.71270751953125,16.864049911499023,94.12043762207031,44.30368423461914,15.960000038146973,48.03660202026367,28.919801712036133,24.306398391723633,64.791259765625,59.848426818847656,29.710649490356445,12.445716857910156,22.652742385864258,5.294993877410889,11.971636772155762,19.694746017456055,0.2742573916912079,47.13496780395508,18.776491165161133,46.834434509277344,62.572242736816406,4.889999866485596,22.76132583618164,8.284934997558594,40.37833786010742,140.96971130371094,41.55337905883789,17.28681755065918,19.32888412475586,44.67342758178711,45.31975173950195,19.08037567138672,1412.1600341796875
2012-11-30,17.66097068786621,23.900362014770508,34.61000061035156,6.78000020980835,61.03516387939453,12.602499961853027,60.659912109375,12.596090316772461,76.18901062011719,12.591188430786133,59.941837310791016,43.10947036743164,61.985626220703125,34.97542953491211,41.526527404785156,4.880000114440918,93.68000030517578,49.04811477661133,79.9776611328125,17.311992645263672,90.96705627441406,47.17866134643555,17.600000381469727,47.71551513671875,28.503477096557617,24.96026039123535,67.200927734375,60.5528450012207,30.08936882019043,12.080511093139648,21.302413940429688,5.821568489074707,11.845751762390137,23.207735061645508,0.2757965624332428,47.61188507080078,17.937002182006836,47.233516693115234,65.6833267211914,5.150000095367432,22.52899932861328,9.366584777832031,43.82990264892578,174.89950561523438,44.5645751953125,18.46271514892578,20.278465270996094,43.38906478881836,45.484397888183594,18.31736183166504,1416.1800537109375
2012-12-31,16.058359146118164,24.08421516418457,37.68000030517578,7.150000095367432,59.24809265136719,12.543499946594238,64.13712310791016,12.706259727478027,77.50457000732422,13.083915710449219,61.33134460449219,43.88604736328125,62.03268814086914,36.87635040283203,42.64570617675781,4.570000171661377,97.1500015258789,51.47725296020508,80.17280578613281,17.53533935546875,98.51225280761719,44.84402084350586,16.610000610351562,47.96871566772461,30.508708953857422,23.861005783081055,68.07610321044922,61.36678695678711,29.490379333496094,13.691722869873047,21.374431610107422,6.182370662689209,11.928505897521973,24.55438232421875,0.2824781835079193,48.61510467529297,17.089521408081055,45.92127227783203,68.0100326538086,5.960000038146973,24.41548728942871,10.172882080078125,42.78590393066406,169.4707489013672,44.944419860839844,17.67573356628418,21.25557518005371,43.44187927246094,46.57352828979492,17.449731826782227,1426.18994140625
2013-01-31,13.744523048400879,26.071996688842773,37.83000183105469,8.279999732971191,58.73945617675781,13.274999618530273,70.42129516601562,12.951132774353027,80.33845520019531,13.696490287780762,65.30706024169922,47.49106979370117,62.464073181152344,39.86351013183594,44.18527603149414,4.659999847412109,104.87999725341797,49.27013397216797,85.10008239746094,18.732906341552734,114.18959045410156,48.52001953125,18.3799991607666,50.582679748535156,32.87004852294922,24.51266098022461,79.05393981933594,66.29228210449219,33.501991271972656,16.362754821777344,21.96662139892578,7.372037410736084,12.421577453613281,26.347482681274414,0.2824781835079193,57.128841400146484,18.93639373779297,51.250946044921875,74.3344955444336,5.989999771118164,26.697120666503906,11.464794158935547,45.6631965637207,172.31390380859375,47.37543487548828,18.81247901916504,22.908138275146484,44.21876525878906,48.69993591308594,17.889623641967773,1498.1099853515625
2013-02-28,13.396981239318848,26.00274085998535,39.310001373291016,8.8100004196167,63.268043518066406,13.213500022888184,66.11255645751953,13.532706260681152,79.72642517089844,13.889588356018066,66.95861053466797,48.116878509521484,66.0445327758789,39.76121520996094,44.44335174560547,4.559999942779541,94.43000030517578,50.51118850708008,89.41619110107422,19.86105728149414,116.04988098144531,49.66557312011719,22.229999542236328,52.49789047241211,34.17647933959961,25.486845016479492,72.69623565673828,67.25484466552734,32.32293701171875,16.183334350585938,22.430889129638672,8.171648979187012,12.504737854003906,24.766633987426758,0.29348403215408325,57.64118576049805,18.122697830200195,51.94647216796875,75.88915252685547,6.639999866485596,26.054779052734375,11.30976390838623,45.400367736816406,165.43881225585938,47.36336898803711,18.772581100463867,23.843019485473633,42.80915069580078,51.05752944946289,18.101884841918945,1514.6800537109375
2013-03-31,13.435219764709473,27.180137634277344,43.52000045776367,13.1899995803833,70.84222412109375,13.32450008392334,62.247589111328125,14.277532577514648,83.52034759521484,13.916221618652344,67.91311645507812,50.0648307800293,69.38484191894531,39.179168701171875,45.27770233154297,4.619999885559082,89.08000183105469,52.398765563964844,89.03109741210938,19.687286376953125,114.02738952636719,50.8718147277832,23.40999984741211,56.23640441894531,33.156471252441406,26.81170082092285,75.01878356933594,69.91278076171875,33.76079559326172,15.774267196655273,23.08445167541504,9.731868743896484,13.515633583068848,25.00082778930664,0.2974248230457306,60.19737243652344,19.202253341674805,52.54653549194336,73.55977630615234,6.679999828338623,26.941865921020508,11.371284484863281,46.47043991088867,174.75091552734375,49.50304412841797,19.515634536743164,24.570146560668945,45.99846267700195,53.03115463256836,19.261146545410156,1569.18994140625
2013-04-30,13.438859939575195,28.519020080566406,45.08000183105469,11.84000015258789,72.01705932617188,12.690500259399414,60.99067687988281,14.111818313598633,85.34642028808594,14.042139053344727,69.7364273071289,55.38861846923828,73.2270278930664,38.92670822143555,42.89762496948242,5.190000057220459,76.43000030517578,55.41013717651367,85.83487701416016,20.44038200378418,113.1904525756836,53.47444152832031,22.149999618530273,58.78853988647461,34.45341873168945,28.064769744873047,65.35432434082031,71.6309585571289,33.744873046875,15.933441162109375,26.707279205322266,9.185792922973633,14.272490501403809,25.535104751586914,0.3192159831523895,63.60560989379883,20.834392547607422,52.733402252197266,71.14208221435547,7.889999866485596,28.269428253173828,11.19164752960205,42.76335144042969,213.1287841796875,53.67105484008789,20.358890533447266,25.27164077758789,48.1854248046875,55.09788131713867,20.005020141601562,1597.5699462890625
2013-05-31,13.74014949798584,28.32589340209961,42.90999984741211,17.989999771118164,69.78072357177734,13.460000038146973,61.80467224121094,13.725707054138184,86.53175354003906,16.190086364746094,70.7251968383789,55.600162506103516,73.09719848632812,40.576141357421875,45.708866119384766,4.840000152587891,83.20999908447266,57.76258087158203,89.8012466430664,21.59679412841797,125.99371337890625,57.34563064575195,22.170000076293945,58.50074768066406,38.37609100341797,26.51334571838379,69.2203369140625,68.25533294677734,36.87503433227539,18.6309871673584,28.35710334777832,11.389603614807129,13.272903442382812,27.467248916625977,0.33714738488197327,65.89417266845703,18.31122589111328,52.726531982421875,80.51923370361328,7.630000114440918,27.157516479492188,12.237481117248535,44.06847381591797,239.61878967285156,55.40281295776367,21.187644958496094,25.062267303466797,50.35630798339844,57.830909729003906,19.379249572753906,1630.739990234375
2013-06-30,12.114789009094238,26.943206787109375,45.560001373291016,19.739999771118164,68.48271942138672,13.884499549865723,59.42035675048828,14.26557445526123,87.27369689941406,16.33775520324707,68.18426513671875,55.661865234375,73.92088317871094,38.51414489746094,46.6223258972168,4.539999961853027,68.80000305175781,58.684104919433594,90.01383209228516,21.82361602783203,117.57487487792969,56.75798797607422,22.0,59.66826248168945,37.11073303222656,26.776723861694336,63.87864303588867,69.97285461425781,37.207557678222656,17.573543548583984,28.064592361450195,13.973714828491211,14.301456451416016,27.65021514892578,0.3271283507347107,65.63961029052734,16.757572174072266,52.88450622558594,77.00019073486328,8.0600004196167,25.60148811340332,14.737637519836426,42.64442825317383,222.7777099609375,51.89698791503906,20.957387924194336,24.322467803955078,52.87974548339844,57.70378494262695,19.288625717163086,1606.280029296875
2013-07-31,13.825701713562012,28.409488677978516,47.279998779296875,19.639999389648438,75.16715240478516,15.060999870300293,60.13925552368164,15.475686073303223,92.68047332763672,17.2976016998291,72.53436279296875,56.9839973449707,79.9515151977539,43.33723449707031,51.57886505126953,5.059999942779541,87.80000305175781,64.39231872558594,94.59410858154297,22.00655746459961,127.50946807861328,57.90091323852539,23.40999984741211,64.97766876220703,39.46320343017578,26.756698608398438,63.98088455200195,69.32259368896484,40.148860931396484,19.608715057373047,25.870773315429688,12.910816192626953,15.201875686645508,30.21229362487793,0.3364483118057251,73.72180938720703,21.479387283325195,55.5713005065918,83.3603286743164,7.650000095367432,26.035856246948242,15.623520851135254,45.06669616699219,267.5353088378906,51.18289566040039,21.786306381225586,27.54163360595703,58.83154296875,59.3157958984375,20.181968688964844,1685.72998046875
2013-08-31,14.983832359313965,25.850074768066406,45.75,21.18000030517578,75.94927215576172,14.048999786376953,59.87083053588867,14.44924259185791,88.52946472167969,15.756428718566895,69.96168518066406,53.61696243286133,79.2660140991211,42.912986755371094,55.67707824707031,5.010000228881836,83.37999725341797,62.81535720825195,89.81977081298828,20.993921279907227,118.64608764648438,54.57468795776367,33.88999938964844,60.5029182434082,35.781002044677734,25.48828125,64.87686920166016,67.23210906982422,37.612300872802734,18.563785552978516,27.329545974731445,13.232611656188965,14.220610618591309,30.520891189575195,0.34540408849716187,70.72686767578125,21.017681121826172,53.90348815917969,81.0241928100586,7.28000020980835,23.918249130249023,12.783775329589844,46.511383056640625,240.04473876953125,50.8072509765625,22.13222885131836,26.85274887084961,57.93513107299805,57.723907470703125,19.01236915588379,1632.969970703125
2013-09-30,14.661847114562988,25.741498947143555,51.939998626708984,28.969999313354492,78.0268325805664,15.631999969482422,60.49465560913086,15.557229995727539,91.14098358154297,15.83754825592041,70.58329010009766,56.84297180175781,85.90164184570312,45.99089050292969,60.012840270996094,5.820000171661377,85.80999755859375,66.03721618652344,93.44515228271484,21.71305274963379,123.38788604736328,55.86357498168945,38.150001525878906,60.698970794677734,36.60242462158203,25.471925735473633,69.656005859375,68.55026245117188,38.702510833740234,19.421348571777344,27.231359481811523,17.035646438598633,14.185222625732422,31.314409255981445,0.3643718957901001,74.06356048583984,21.78582191467285,52.311767578125,88.13355255126953,7.840000152587891,25.726057052612305,12.717334747314453,47.2411994934082,309.94512939453125,53.68947219848633,23.67292022705078,28.321903228759766,58.04792785644531,58.40061950683594,19.267683029174805,1681.550048828125
2013-10-31,16.074981689453125,28.467594146728516,54.220001220703125,25.850000381469727,80.96890258789062,18.201499938964844,60.889122009277344,16.412322998046875,93.3805160522461,15.360919952392578,69.68862915039062,60.45680236816406,92.19898986816406,47.6044807434082,63.3117790222168,4.929999828338623,81.54000091552734,65.79936218261719,102.24595642089844,25.547189712524414,125.45460510253906,57.366031646728516,39.0,64.84408569335938,36.765071868896484,26.608346939086914,64.86839294433594,68.77111053466797,41.938175201416016,20.739883422851562,28.97423553466797,17.24042510986328,14.997476577758789,28.621219635009766,0.35570773482322693,78.29368591308594,23.240528106689453,56.31965255737305,94.61873626708984,8.399999618530273,27.31940269470215,13.376824378967285,48.763980865478516,284.9114074707031,55.404659271240234,25.52007484436035,29.80524444580078,55.33238983154297,56.91938018798828,19.994518280029297,1756.5400390625
2013-11-30,17.201074600219727,29.744945526123047,56.779998779296875,29.0,79.86441802978516,19.680999755859375,61.79486846923828,17.195011138916016,99.51226806640625,14.468957901000977,71.72660827636719,62.175575256347656,93.21660614013672,47.929569244384766,58.556297302246094,5.829999923706055,82.26000213623047,69.61988067626953,104.27989959716797,26.266324996948242,132.18887329101562,59.41350555419922,46.599998474121094,66.74213409423828,40.816802978515625,27.214555740356445,65.30154418945312,69.95377349853516,41.87971115112305,22.595142364501953,31.436491012573242,20.575393676757812,15.084792137145996,30.420656204223633,0.36728715896606445,70.57295227050781,23.88632583618164,58.73981475830078,95.89887237548828,8.640000343322754,25.93804359436035,13.293157577514648,51.88063430786133,291.1128234863281,54.086551666259766,26.45966339111328,30.449655532836914,60.3744010925293,61.216487884521484,21.10430908203125,1805.81005859375
2013-12-31,17.354198455810547,29.853984832763672,59.880001068115234,22.450000762939453,79.86441802978516,19.93950080871582,66.33086395263672,17.98680877685547,94.4267578125,15.272409439086914,73.17356872558594,68.17208099365234,90.9374008178711,50.21190643310547,59.56420135498047,6.130000114440918,90.86000061035156,72.57447814941406,110.52574920654297,27.781436920166016,138.69891357421875,60.94139099121094,50.630001068115234,64.57757568359375,41.71559143066406,27.972980499267578,70.73839569091797,69.70950317382812,42.136512756347656,22.638458251953125,30.8428897857666,21.209232330322266,15.268473625183105,30.339523315429688,0.37717556953430176,72.11808776855469,25.576923370361328,56.77999496459961,104.68798065185547,9.029999732971191,25.464353561401367,13.987098693847656,52.353057861328125,272.6668701171875,54.22544479370117,26.817333221435547,31.094053268432617,61.27177429199219,63.468109130859375,20.619251251220703,1848.3599853515625
2014-01-31,15.48520278930664,28.71291160583496,59.189998626708984,23.639999389648438,83.2737808227539,17.934499740600586,69.04351043701172,18.84512710571289,89.14293670654297,15.032269477844238,65.3940200805664,64.79024505615234,87.684326171875,47.17829895019531,58.706947326660156,6.880000114440918,107.0199966430664,77.40113830566406,99.09068298339844,29.275230407714844,128.41746520996094,56.878173828125,65.5199966430664,62.377777099609375,39.7482795715332,25.609737396240234,72.66178894042969,67.6547622680664,41.52711868286133,21.33837127685547,31.1973876953125,22.467161178588867,16.393722534179688,31.34157943725586,0.3696414828300476,62.30791091918945,28.172452926635742,53.843421936035156,92.26116180419922,8.300000190734863,26.711734771728516,13.273470878601074,52.3318977355957,285.89208984375,54.15452194213867,24.136873245239258,30.236225128173828,58.814422607421875,65.82548522949219,19.568498611450195,1782.5899658203125
2014-02-28,16.375774383544922,31.15656280517578,68.62999725341797,28.760000228881836,87.26565551757812,18.104999542236328,71.29324340820312,17.88990020751953,92.91595458984375,14.956803321838379,68.16162872314453,72.10713195800781,93.972412109375,47.00297546386719,67.2977294921875,7.059999942779541,112.33999633789062,83.68890380859375,101.3088150024414,30.134918212890625,130.68019104003906,60.71196365356445,64.26000213623047,65.41864013671875,40.79656219482422,25.867046356201172,72.75646209716797,68.9411849975586,43.50949478149414,22.271154403686523,31.82173728942871,23.58856964111328,16.427385330200195,29.912925720214844,0.4346935749053955,65.64912414550781,27.974157333374023,55.277008056640625,98.52422332763672,8.699999809265137,28.386384963989258,13.994481086730957,53.08635711669922,329.3916320800781,59.40768814086914,25.925561904907227,32.06180953979492,62.874778747558594,68.49388885498047,19.573741912841797,1859.449951171875
2014-03-31,16.702518463134766,30.161869049072266,65.73999786376953,23.049999237060547,86.78716278076172,16.818500518798828,73.05774688720703,17.3978214263916,88.84290313720703,15.382186889648438,70.27745819091797,71.44684600830078,94.41805267333984,48.112144470214844,69.69583892822266,3.5399999618530273,106.62999725341797,83.21520233154297,102.97942352294922,27.627742767333984,128.63890075683594,58.902496337890625,53.52000045776367,69.75763702392578,43.58956527709961,26.385955810546875,75.6029052734375,71.0279312133789,45.183502197265625,22.5386962890625,34.0478515625,23.071746826171875,17.187734603881836,27.31468963623047,0.42357778549194336,65.90592193603516,28.026180267333984,56.6402702331543,97.83769226074219,8.529999732971191,28.367334365844727,13.721333503723145,55.86322784423828,297.4728698730469,58.415008544921875,25.583879470825195,33.630653381347656,66.9565200805664,71.25826263427734,20.156265258789062,1872.3399658203125
2014-04-30,18.362680435180664,30.522232055664062,61.689998626708984,21.6200008392334,78.63194274902344,15.206500053405762,77.94732666015625,17.99582290649414,92.02499389648438,15.99110221862793,74.1840591430664,70.79546356201172,91.48909759521484,49.10606384277344,69.72384643554688,3.5399999618530273,105.16999816894531,84.11034393310547,106.95697021484375,26.491910934448242,125.47502899169922,59.185340881347656,48.560001373291016,71.93064880371094,40.44675827026367,27.839710235595703,75.56004333496094,73.45518493652344,43.383609771728516,22.43853187561035,33.557769775390625,25.4705867767334,17.948074340820312,26.46917724609375,0.43682193756103516,67.20825958251953,30.173595428466797,58.47410583496094,103.6976547241211,8.680000305175781,28.22838020324707,12.313765525817871,55.75697326660156,294.114501953125,59.21804428100586,24.54197120666504,32.62242889404297,61.28083801269531,72.31006622314453,21.02126693725586,1883.949951171875
2014-05-31,19.808000564575195,31.5228214263916,64.54000091552734,22.760000228881836,82.06342315673828,15.6274995803833,75.60301208496094,18.1488037109375,92.57806396484375,17.035961151123047,73.19005584716797,74.96251678466797,95.46723175048828,48.36631393432617,75.27326965332031,3.309999942779541,108.55000305175781,90.77308654785156,106.55924224853516,28.313081741333008,125.8951416015625,59.72133255004883,49.54999923706055,72.55355834960938,40.15053939819336,27.921602249145508,72.48806762695312,74.08380126953125,45.013633728027344,22.387752532958984,34.246219635009766,27.879165649414062,17.63179588317871,27.50979995727539,0.4514262080192566,66.32640838623047,30.779735565185547,57.22742462158203,102.74880981445312,8.789999961853027,28.839771270751953,13.955109596252441,56.98954772949219,304.0903625488281,60.798500061035156,23.03589630126953,33.720603942871094,65.02920532226562,75.6667709350586,20.371273040771484,1923.5699462890625
2014-06-30,20.355918884277344,32.224037170410156,72.36000061035156,22.479999542236328,83.74729919433594,16.23900032043457,80.36563873291016,18.741268157958984,91.8918228149414,17.195106506347656,77.81546020507812,76.5062026977539,97.59476470947266,48.09812927246094,83.14210510253906,3.390000104904175,111.44000244140625,89.5665512084961,105.3929214477539,28.957944869995117,131.90591430664062,60.61711883544922,56.439998626708984,74.81326293945312,41.6317253112793,29.128684997558594,72.64286804199219,73.57978820800781,47.02720260620117,23.454181671142578,34.88195037841797,32.130767822265625,18.559019088745117,27.145578384399414,0.44049692153930664,71.92342376708984,32.493160247802734,55.66904830932617,103.15904998779297,8.600000381469727,28.77303695678711,14.321765899658203,56.39850616455078,279.829345703125,61.48194885253906,22.485910415649414,34.3019905090332,67.07425689697266,76.09297943115234,19.920167922973633,1960.22998046875
2014-07-31,20.940778732299805,33.36321258544922,69.25,22.139999389648438,90.12899017333984,15.649499893188477,74.97962188720703,18.758731842041016,94.0752944946289,17.591318130493164,77.0346450805664,76.6311264038086,95.1316909790039,46.1339111328125,77.94723510742188,4.03000020980835,112.58999633789062,90.21553039550781,100.86119079589844,28.70435905456543,136.18356323242188,60.53477478027344,47.56999969482422,71.57386779785156,41.9591178894043,27.017608642578125,69.61573028564453,69.06597137451172,45.75619125366211,23.532596588134766,36.10322952270508,29.790441513061523,17.00337791442871,28.99860954284668,0.4157874882221222,62.51528549194336,31.020994186401367,55.20697021484375,94.31424713134766,7.96999979019165,28.57696533203125,13.458029747009277,52.49618148803711,313.2638244628906,61.279876708984375,22.54513931274414,33.40830612182617,66.49991607666016,74.9944839477539,19.5247859954834,1930.6700439453125
2014-08-31,22.563871383666992,33.4582633972168,71.9000015258789,21.899999618530273,99.08670806884766,16.95199966430664,81.17145538330078,19.104360580444336,96.90856170654297,17.423986434936523,77.81566619873047,80.2003402709961,100.6451416015625,46.72267532348633,78.26061248779297,4.139999866485596,124.19000244140625,95.22191619873047,104.1898193359375,28.843536376953125,141.536865234375,70.00621032714844,54.20000076293945,74.67854309082031,43.254188537597656,28.688587188720703,67.12255859375,69.04332733154297,47.31993103027344,24.96609115600586,38.23944091796875,31.789472579956055,17.963844299316406,31.477378845214844,0.46416231989860535,64.28336334228516,33.7990608215332,59.3410758972168,95.15585327148438,8.829999923706055,28.66799545288086,14.38820743560791,54.490779876708984,347.1837158203125,64.9796142578125,25.300209045410156,34.802425384521484,71.11920928955078,80.68600463867188,20.166259765625,2003.3699951171875
2014-09-30,22.178634643554688,32.94340515136719,69.19000244140625,19.600000381469727,99.85446166992188,16.121999740600586,73.69957733154297,18.854389190673828,100.3021469116211,17.68323516845703,71.72623443603516,79.44188690185547,100.89582824707031,45.6717414855957,70.52572631835938,1.5299999713897705,118.73999786376953,98.18867492675781,103.61381530761719,29.1431827545166,145.06129455566406,69.03544616699219,49.04999923706055,76.73758697509766,43.828975677490234,29.54867935180664,64.5077133178711,69.84627532958984,45.911808013916016,25.155275344848633,39.02223205566406,33.408199310302734,17.129968643188477,32.074676513671875,0.440297931432724,60.226383209228516,31.560226440429688,59.7908935546875,94.04364013671875,8.050000190734863,26.62454605102539,13.792696952819824,53.53844451904297,357.1496887207031,65.2418212890625,25.113460540771484,34.448486328125,71.06735229492188,83.10038757324219,20.42534637451172,1972.2900390625
2014-10-31,23.77461051940918,34.711036682128906,70.12000274658203,19.8700008392334,115.29539489746094,15.27299976348877,76.04573059082031,19.404809951782227,106.74512481689453,17.191444396972656,72.10494995117188,81.53880310058594,97.732666015625,46.751853942871094,67.83405303955078,1.7000000476837158,122.9800033569336,108.53495788574219,104.38220977783203,28.125864028930664,150.1344757080078,73.38497924804688,67.05999755859375,77.59427642822266,44.3000602722168,29.008411407470703,75.68331146240234,69.05064392089844,50.764034271240234,25.506031036376953,39.51887130737305,32.26728439331055,18.286813735961914,32.088069915771484,0.4663102328777313,64.93951416015625,28.662569046020508,62.78923034667969,104.65493774414062,8.989999771118164,29.41411781311035,15.028010368347168,56.2164421081543,390.039306640625,68.39082336425781,26.874835968017578,36.12473678588867,78.2853012084961,89.25511932373047,20.371929168701172,2018.050048828125
2014-11-30,26.294221878051758,35.44364929199219,73.68000030517578,23.079999923706055,117.96961975097656,16.93199920654297,75.4383316040039,19.997297286987305,114.04373168945312,19.418535232543945,66.05139923095703,82.547119140625,95.72932434082031,46.86681365966797,61.889198303222656,1.659999966621399,129.19000244140625,112.88381958007812,107.13229370117188,27.195219039916992,149.361328125,74.79971313476562,75.55000305175781,78.44021606445312,44.065670013427734,31.266393661499023,76.12091064453125,71.95018768310547,55.016719818115234,25.673879623413086,40.496559143066406,35.056182861328125,19.182435989379883,31.900636672973633,0.5025540590286255,58.17540740966797,26.338056564331055,65.06282043457031,106.82939910888672,9.020000457763672,29.85904312133789,16.940038681030273,52.50457763671875,412.219970703125,73.1182632446289,28.15721321105957,39.58735656738281,81.26805114746094,89.8647689819336,23.382177352905273,2067.56005859375
2014-12-31,24.403900146484375,35.849754333496094,72.69999694824219,24.270000457763672,113.67363739013672,15.517499923706055,68.63687896728516,20.33736228942871,113.74683380126953,19.544994354248047,68.0595474243164,85.11441040039062,92.12742614746094,45.38178253173828,65.70731353759766,1.440000057220459,130.47000122070312,106.87310791015625,103.16048431396484,26.28290367126465,153.65805053710938,79.36844635009766,73.11000061035156,75.77359008789062,45.8382568359375,29.446056365966797,74.22501373291016,69.6387939453125,53.996421813964844,28.31569480895996,39.34459686279297,34.13955307006836,19.531572341918945,31.075956344604492,0.48050573468208313,54.55742263793945,24.21291732788086,65.53766632080078,106.76314544677734,8.3100004196167,30.627981185913086,18.62567710876465,53.53450393676758,406.41473388671875,78.5470199584961,29.187143325805664,38.896297454833984,83.60911560058594,91.68099975585938,23.06694221496582,2058.89990234375
2015-01-31,25.902889251708984,35.83137893676758,70.12999725341797,22.18000030517578,108.65680694580078,17.726499557495117,60.459930419921875,18.706920623779297,114.74187469482422,18.65369415283203,62.204917907714844,82.19563293457031,91.46637725830078,41.8603401184082,63.66352462768555,1.8700000047683716,111.62000274658203,103.91595458984375,97.52684783935547,26.6241512298584,136.67735290527344,78.95258331298828,79.70999908447266,72.56352996826172,40.08821105957031,28.713743209838867,74.81371307373047,68.70235443115234,53.39813995361328,24.745466232299805,34.22006607055664,28.542268753051758,20.073654174804688,28.457773208618164,0.46013525128364563,48.57382583618164,21.70566749572754,61.07652282714844,96.42215728759766,8.399999618530273,32.129844665527344,16.595531463623047,44.98539733886719,412.764892578125,81.0046157836914,28.063579559326172,39.12434387207031,87.87682342529297,90.20340728759766,22.825204849243164,1994.989990234375
2015-02-28,28.5132999420166,37.92076110839844,79.0999984741211,21.899999618530273,113.14912414550781,19.007999420166016,62.67512130737305,20.899658203125,122.12701416015625,20.874874114990234,65.35859680175781,94.05146789550781,101.84086608886719,42.92843246459961,64.15694427490234,2.930000066757202,118.12000274658203,108.26103210449219,107.0750961303711,27.8663330078125,150.92764282226562,86.76317596435547,85.8499984741211,74.80086517333984,45.17478561401367,30.199302673339844,76.05229187011719,74.14228057861328,58.02745819091797,26.194625854492188,37.406639099121094,29.907459259033203,19.15054702758789,29.097698211669922,0.5307117700576782,50.84239959716797,21.819055557250977,61.685176849365234,102.11487579345703,8.3100004196167,30.400211334228516,20.46634292602539,52.22370147705078,409.97119140625,85.36304473876953,29.288606643676758,43.040443420410156,93.98060607910156,92.96739959716797,22.54318618774414,2104.5
2015-03-31,27.61878204345703,37.08820724487305,73.94000244140625,23.020000457763672,114.67716979980469,18.604999542236328,60.50529861450195,19.964672088623047,125.89987182617188,19.623294830322266,64.31707763671875,94.7834243774414,101.1041030883789,41.96490478515625,65.5656509399414,2.569999933242798,114.94000244140625,105.88176727294922,102.21367645263672,27.47356605529785,149.48031616210938,86.34323120117188,91.66000366210938,73.40715026855469,44.65876770019531,28.515993118286133,66.21361541748047,73.04774475097656,58.55678176879883,26.121429443359375,34.68539047241211,26.455472946166992,19.259756088256836,26.696104049682617,0.5035266280174255,50.28297424316406,23.78110122680664,59.37369155883789,98.86056518554688,8.5,31.27042579650879,21.3916015625,50.23151779174805,447.25933837890625,85.15354919433594,29.8902587890625,41.861934661865234,98.16212463378906,83.72943115234375,22.22463035583496,2067.889892578125
2015-04-30,27.77859115600586,37.350372314453125,76.05999755859375,26.84000015258789,113.28543853759766,21.089000701904297,66.22850036621094,20.420738220214844,119.20301818847656,20.549930572509766,68.04204559326172,98.24436950683594,98.98268127441406,43.60289001464844,70.88288879394531,2.569999933242798,122.0199966430664,107.6724853515625,111.56572723388672,27.17986488342285,156.20005798339844,81.304443359375,97.16000366210938,72.38555908203125,46.94438552856445,28.523035049438477,68.76661682128906,72.38053131103516,55.89883804321289,27.418115615844727,41.49280548095703,27.43060874938965,18.68223762512207,27.41718292236328,0.534079909324646,51.3831787109375,24.011165618896484,58.07632827758789,99.34329986572266,8.770000457763672,28.85837745666504,20.41466522216797,49.26079177856445,453.18341064453125,83.20802307128906,27.53915023803711,39.92497253417969,92.44450378417969,82.12146759033203,21.089746475219727,2085.510009765625
2015-05-31,29.038055419921875,39.10443115234375,79.08999633789062,28.010000228881836,112.65426635742188,21.46150016784668,65.03931427001953,20.668228149414062,118.81967163085938,20.892072677612305,63.732810974121094,99.73538970947266,101.3427734375,45.051666259765625,63.53312683105469,3.1500000953674316,125.69000244140625,109.89930725097656,112.3485107421875,27.008991241455078,164.48089599609375,84.67881774902344,110.1500015258789,73.60433959960938,48.8144416809082,28.8043270111084,70.18476867675781,72.54071044921875,57.302913665771484,28.0721492767334,40.234153747558594,27.235580444335938,19.088716506958008,25.261629104614258,0.5348602533340454,47.61137771606445,20.9261531829834,57.258243560791016,100.75323486328125,10.09000015258789,28.420480728149414,19.10799217224121,50.47783660888672,507.76837158203125,86.45561981201172,27.55744743347168,41.18436050415039,99.75540924072266,78.42801666259766,20.195016860961914,2107.389892578125
2015-06-30,27.957040786743164,39.490657806396484,81.01000213623047,27.860000610351562,110.67892456054688,21.704500198364258,64.65816497802734,21.349288940429688,112.5449447631836,19.57339859008789,59.692283630371094,103.14214324951172,100.23200225830078,41.40630340576172,62.716461181640625,3.759999990463257,120.3499984741211,111.64208221435547,110.39570617675781,26.747478485107422,166.5549774169922,84.90705108642578,104.20999908447266,71.63447570800781,50.283782958984375,27.815330505371094,76.60718536376953,71.8904037475586,55.91838073730469,28.505718231201172,37.90734100341797,18.371585845947266,18.28480339050293,23.869962692260742,0.48603886365890503,43.66563034057617,19.70812225341797,57.148685455322266,97.32308959960938,9.510000228881836,26.876079559326172,18.86191177368164,45.68535232543945,505.3610534667969,82.50755310058594,28.32364845275879,37.936458587646484,101.66963958740234,74.12226867675781,19.286832809448242,2063.110107421875
2015-07-31,27.03650665283203,40.98309326171875,81.98999786376953,27.139999389648438,127.31104278564453,26.8075008392334,60.493003845214844,22.15512466430664,121.07786560058594,20.413803100585938,54.74832534790039,109.06818389892578,102.66089630126953,38.657325744628906,55.404293060302734,5.730000019073486,134.13999938964844,117.48854064941406,108.44290161132812,32.565128326416016,163.58749389648438,89.41481018066406,104.27999877929688,73.65579223632812,51.18757247924805,29.12705421447754,73.08660125732422,75.51251220703125,59.15575408935547,28.651973724365234,40.09676742553711,18.049793243408203,19.62217140197754,23.69483757019043,0.48217180371284485,37.50802230834961,19.15419578552246,56.48257827758789,94.32799530029297,8.25,29.418811798095703,18.925893783569336,46.96918487548828,548.4840698242188,83.32958221435547,29.88601303100586,37.06123352050781,101.16964721679688,75.84766387939453,19.572341918945312,2103.840087890625
2015-08-31,25.246795654296875,36.61716842651367,78.56999969482422,28.739999771118164,109.93350982666016,25.644500732421875,58.808143615722656,19.99676513671875,117.02395629882812,18.589345932006836,50.74522018432617,92.59886932373047,96.74820709228516,35.992637634277344,56.20817565917969,5.949999809265137,121.41000366210938,111.90998077392578,103.12462615966797,32.0856819152832,150.96774291992188,88.97933959960938,116.19000244140625,69.60507202148438,47.878631591796875,27.879135131835938,66.6497802734375,72.48561096191406,54.55248260498047,25.41349983215332,37.612823486328125,16.002002716064453,18.497390747070312,24.310983657836914,0.5456053614616394,41.370906829833984,18.251983642578125,52.042022705078125,90.63831329345703,9.109999656677246,27.528051376342773,18.633058547973633,41.61992263793945,508.69952392578125,76.93462371826172,30.190385818481445,35.474395751953125,96.41948699951172,67.07643127441406,17.721149444580078,1972.1800537109375
2015-09-30,24.696002960205078,32.51805877685547,82.22000122070312,31.149999618530273,100.1844711303711,25.594499588012695,50.28390121459961,20.19200897216797,120.8008041381836,18.85511589050293,49.42318344116211,92.88971710205078,97.55387115478516,33.31507873535156,52.2533073425293,5.610000133514404,115.80000305175781,108.69515991210938,105.72434997558594,31.61763572692871,139.0887908935547,88.68751525878906,110.33000183105469,69.13845825195312,45.540733337402344,28.69282341003418,59.270503997802734,75.16321563720703,50.79035186767578,23.237306594848633,38.25237274169922,14.607555389404297,18.33574676513672,22.51580238342285,0.5982729196548462,37.084651947021484,16.320858001708984,52.9772834777832,81.9162826538086,9.0600004196167,28.481922149658203,19.457422256469727,39.52347946166992,460.7916259765625,67.00091552734375,30.662654876708984,36.72014236450195,97.09603881835938,69.1652603149414,17.751262664794922,1920.030029296875
2015-10-31,26.75586700439453,36.43132781982422,88.66000366210938,24.979999542236328,114.56897735595703,31.295000076293945,56.78150939941406,22.324718475341797,132.12301635742188,20.889780044555664,56.941917419433594,103.37844848632812,107.00517272949219,35.623069763183594,61.741783142089844,6.019999980926514,110.19999694824219,117.64806365966797,121.23505401611328,36.52196502685547,150.0872344970703,94.94608306884766,117.52999877929688,74.82657623291016,48.336944580078125,30.28766632080078,59.261741638183594,85.62945556640625,56.08638000488281,24.4354305267334,45.494911193847656,16.148271560668945,19.29623031616211,26.01219367980957,0.6885598301887512,39.6715087890625,17.512819290161133,56.752464294433594,88.14630889892578,9.59000015258789,31.28616714477539,20.773941040039062,43.709022521972656,552.1792602539062,80.24891662597656,31.422565460205078,42.33446502685547,98.57746887207031,69.90064239501953,15.67061710357666,2079.360107421875
2015-11-30,26.600570678710938,36.52891540527344,91.45999908447266,22.790000915527344,117.27456665039062,33.2400016784668,56.51700210571289,21.697256088256836,135.22901916503906,19.731246948242188,57.916412353515625,103.13304138183594,105.9471435546875,38.086734771728516,60.0013542175293,5.71999979019165,103.0,115.96940612792969,125.51103210449219,37.78297424316406,152.625244140625,102.80963897705078,114.23999786376953,75.53482055664062,50.16510772705078,30.714513778686523,61.23626708984375,87.76931762695312,57.16379165649414,25.4211483001709,47.289424896240234,15.533936500549316,18.914871215820312,23.456878662109375,0.7727900147438049,41.55040740966797,15.220455169677734,55.608184814453125,88.63849639892578,10.970000267028809,31.30081558227539,21.701658248901367,36.243961334228516,539.40966796875,83.23701477050781,30.39813232421875,43.37938690185547,94.33406066894531,66.10482025146484,16.1086483001709,2080.409912109375
2015-12-31,23.668437957763672,36.52077865600586,93.94000244140625,23.280000686645508,118.16995239257812,33.794498443603516,52.86848449707031,20.117916107177734,135.29608154296875,19.66608428955078,57.05387878417969,96.11959838867188,102.00503540039062,36.43376541137695,50.91090393066406,5.639999866485596,96.95999908447266,108.76387023925781,131.56016540527344,38.5338249206543,144.76181030273438,102.00748443603516,108.44999694824219,76.63908386230469,49.67609786987305,30.959537506103516,63.553672790527344,90.82925415039062,58.65328598022461,23.575716018676758,48.27262496948242,13.807942390441895,19.67820930480957,20.297157287597656,0.8029999732971191,35.64177322387695,12.731902122497559,59.00382614135742,82.1341781616211,12.449999809265137,31.7275333404541,22.949277877807617,37.13541030883789,537.794921875,78.27119445800781,30.5316104888916,40.90889358520508,98.88555145263672,61.57710647583008,16.922685623168945,2043.93994140625
2016-01-31,21.887561798095703,30.973831176757812,89.12999725341797,21.209999084472656,111.18148040771484,29.350000381469727,49.0249137878418,19.94961166381836,126.60021209716797,17.360153198242188,54.84048843383789,87.64920806884766,96.19937133789062,35.02455520629883,51.21303939819336,4.619999885559082,93.77999877929688,106.47573852539062,122.90208435058594,37.70867156982422,129.7659912109375,97.00160217285156,70.55999755859375,77.92236328125,45.063690185546875,30.930727005004883,61.74538803100586,95.16545104980469,57.890769958496094,19.294279098510742,47.933284759521484,10.755760192871094,21.159427642822266,16.897615432739258,0.7135882377624512,32.155494689941406,13.21227741241455,61.22700119018555,82.28660583496094,11.9399995803833,29.177200317382812,23.306089401245117,33.68111801147461,416.1628112792969,77.08631896972656,30.673688888549805,39.8042106628418,96.80093383789062,56.69504165649414,18.3195743560791,1940.239990234375
2016-02-29,21.8593807220459,31.70213508605957,85.1500015258789,22.700000762939453,104.29454040527344,27.625999450683594,53.32563018798828,20.6729679107666,126.02787017822266,19.104202270507812,53.590023040771484,87.37480163574219,91.45492553710938,37.57598876953125,46.68448257446289,3.640000104904175,96.16999816894531,108.46566772460938,124.05628967285156,35.52297592163086,120.6252212524414,95.73661804199219,73.5,79.06572723388672,42.640098571777344,31.082048416137695,63.80792999267578,90.78142547607422,59.011680603027344,18.4145565032959,44.58806610107422,10.365708351135254,21.53099250793457,19.13983917236328,0.7668026685714722,26.49809455871582,12.729610443115234,60.17767333984375,86.24339294433594,10.170000076293945,28.43058967590332,18.478029251098633,38.08380889892578,380.4299621582031,81.82230377197266,32.003936767578125,39.87189483642578,100.11280822753906,62.52619934082031,18.314043045043945,1932.22998046875
2016-03-31,24.640132904052734,34.23078536987305,93.80000305175781,17.190000534057617,109.90214538574219,29.68199920654297,60.28868865966797,21.87258529663086,132.37002563476562,20.77526092529297,61.27145004272461,90.84162139892578,99.7862548828125,41.84687042236328,52.337974548339844,4.0,105.8499984741211,104.56544494628906,135.3379669189453,37.78544235229492,126.63511657714844,103.48357391357422,72.47000122070312,81.3127212524414,44.851627349853516,33.69212341308594,63.111690521240234,97.35823822021484,57.479652404785156,18.64566993713379,48.4001350402832,10.209688186645508,22.58445167541504,21.027629852294922,0.8712114691734314,31.889814376831055,15.837759017944336,61.69169616699219,94.6632080078125,10.40999984741211,32.986087799072266,19.811779022216797,38.346248626708984,357.0704345703125,86.10850524902344,33.839508056640625,43.180763244628906,108.79757690429688,63.07326889038086,19.047555923461914,2059.739990234375
2016-04-30,21.192462921142578,32.027549743652344,94.22000122070312,18.5,116.03752899169922,32.97949981689453,61.81501770019531,21.855144500732422,124.79985809326172,20.24359130859375,65.62593841552734,94.45479583740234,102.88221740722656,42.039249420166016,59.70729446411133,4.610000133514404,104.75,112.5019760131836,130.91046142578125,35.06038284301758,132.38687133789062,103.84033203125,72.2699966430664,84.2285385131836,48.22034454345703,32.53733444213867,67.3861312866211,97.98568725585938,60.66020584106445,20.284446716308594,43.70295715332031,10.4827241897583,22.439409255981445,18.33916664123535,0.8687660694122314,35.16130065917969,19.497447967529297,60.542198181152344,98.87309265136719,10.579999923706055,33.90445327758789,19.78224754333496,37.8813591003418,373.1883239746094,86.90705871582031,32.746795654296875,43.16877365112305,111.14405822753906,69.16254425048828,18.597030639648438,2065.300048828125
2016-05-31,22.713504791259766,32.62858200073242,99.47000122070312,20.0,116.5432357788086,36.13949966430664,57.671241760253906,22.768774032592773,125.33901977539062,21.392370223999023,65.55377197265625,90.7593002319336,104.90443420410156,40.38938522338867,58.79674530029297,6.489999771118164,110.19999694824219,113.58280944824219,128.6967010498047,37.089569091796875,129.17919921875,102.99817657470703,84.41000366210938,85.2916030883789,49.79971694946289,32.39207077026367,63.12942123413086,94.5539779663086,61.67951965332031,20.516828536987305,46.7707633972168,12.403746604919434,23.09284019470215,19.805370330810547,1.1453461647033691,31.986255645751953,23.326818466186523,61.23736572265625,98.42137145996094,9.600000381469727,35.487300872802734,21.53924560546875,41.575931549072266,395.2005920410156,88.30389404296875,32.986637115478516,45.86302947998047,112.8237075805664,67.19800567626953,19.828542709350586,2096.949951171875
2016-06-30,21.74455451965332,32.3651237487793,95.79000091552734,17.43000030517578,112.2636947631836,35.78099822998047,60.2958984375,23.448593139648438,132.30654907226562,21.127269744873047,68.03964233398438,89.47865295410156,106.43350982666016,40.49807357788086,60.28544235229492,7.809999942779541,113.83999633789062,112.11331176757812,135.03353881835938,34.84492492675781,120.35021209716797,99.54464721679688,79.9800033569336,91.80826568603516,47.41160583496094,33.17473220825195,60.0499382019043,93.90682220458984,66.5001220703125,19.474870681762695,45.15584182739258,13.417887687683105,25.06914710998535,19.076148986816406,1.1524558067321777,28.89018440246582,25.592082977294922,63.98036575317383,92.60212707519531,8.90999984741211,36.92892837524414,20.12675666809082,40.553932189941406,345.9652404785156,89.08656311035156,33.46765899658203,47.41451644897461,119.72212982177734,69.64039611816406,20.456064224243164,2098.860107421875
2016-07-31,23.702926635742188,37.07098388671875,97.86000061035156,18.860000610351562,126.9321060180664,37.94049835205078,66.45775604248047,24.292043685913086,140.88323974609375,22.687061309814453,66.51441192626953,88.40570068359375,106.2361068725586,43.401885986328125,59.15917205810547,9.180000305175781,123.41999816894531,118.27296447753906,133.57513427734375,39.19404602050781,128.63653564453125,107.76923370361328,90.20999908447266,94.78275299072266,49.18779754638672,31.93059539794922,62.08525085449219,91.80768585205078,67.49264526367188,21.68467140197754,50.01823425292969,13.398384094238281,24.663503646850586,20.59489631652832,1.3998135328292847,26.974489212036133,24.15741539001465,65.1823501586914,97.86431884765625,9.65999984741211,41.03297805786133,20.697660446166992,47.374752044677734,421.145751953125,90.92488861083984,35.41340255737305,53.070865631103516,121.41786193847656,74.2697525024414,20.44206428527832,2173.60009765625
2016-08-31,24.263545989990234,34.80944061279297,102.30999755859375,23.979999542236328,126.20805358886719,38.45800018310547,65.80728912353516,23.573217391967773,136.92825317382812,23.363285064697266,65.96904754638672,87.0328598022461,110.4270248413086,41.2625617980957,64.07582092285156,11.149999618530273,122.7300033569336,122.56456756591797,134.0041046142578,39.12024688720703,137.79989624023438,105.09349822998047,81.0999984741211,90.92737579345703,51.90209197998047,31.784231185913086,63.938201904296875,90.95619201660156,67.03050994873047,24.19806671142578,51.02260208129883,16.080015182495117,23.414085388183594,27.03519630432129,1.506528615951538,25.907062530517578,25.63387680053711,66.49226379394531,105.55117797851562,9.5600004196167,39.99379348754883,22.272560119628906,48.150970458984375,388.8802185058594,86.31382751464844,33.665950775146484,52.911094665527344,115.35548400878906,76.69266510009766,20.15044593811035,2170.949951171875
2016-09-30,25.852909088134766,35.033119201660156,108.54000091552734,26.15999984741211,123.79607391357422,41.865501403808594,71.28384399414062,23.963340759277344,128.83538818359375,23.57135581970215,67.50382995605469,85.55867767333984,109.55818939208984,42.695945739746094,70.02793884277344,12.789999961853027,124.63999938964844,124.93185424804688,128.0467071533203,39.82404708862305,131.1399688720703,100.83087158203125,94.29000091552734,90.00544738769531,51.20237350463867,31.224897384643555,65.73300170898438,90.72027587890625,66.87750244140625,24.19806671142578,51.14692306518555,17.33793830871582,23.68125343322754,27.996549606323242,1.6828715801239014,26.874181747436523,28.093952178955078,68.35047149658203,108.1354751586914,10.3100004196167,40.649112701416016,23.232267379760742,52.296504974365234,398.26171875,84.16900634765625,32.50954818725586,53.398040771484375,119.25279235839844,78.29830932617188,20.342247009277344,2168.27001953125
2016-10-31,25.9649658203125,32.71312713623047,107.51000213623047,25.299999237060547,104.7602310180664,39.49100112915039,67.61145782470703,22.42357063293457,124.91571044921875,22.9869384765625,68.70409393310547,85.40202331542969,102.76255798339844,39.69602966308594,65.58775329589844,10.59000015258789,138.2100067138672,121.97660064697266,125.79877471923828,40.113304138183594,144.939453125,95.60438537597656,86.97000122070312,88.37493133544922,53.64251708984375,31.283937454223633,69.5714340209961,88.52620697021484,63.487205505371094,25.489538192749023,53.20700454711914,16.733354568481445,24.780912399291992,26.67258071899414,1.7477107048034668,23.249927520751953,26.810697555541992,66.61425018310547,105.74068450927734,9.699999809265137,39.60136795043945,22.52848243713379,52.4644889831543,341.79449462890625,74.49439239501953,32.061771392822266,53.907806396484375,120.38568115234375,70.79203796386719,19.749923706054688,2126.14990234375
2016-11-30,25.40410041809082,31.737743377685547,102.80999755859375,34.70000076293945,107.64208984375,37.528499603271484,77.41374969482422,25.212921142578125,127.19830322265625,22.342586517333984,73.9031982421875,91.32644653320312,105.0667724609375,44.6328125,74.36473846435547,16.920000076293945,140.75,141.8907012939453,132.97488403320312,38.42832946777344,178.87281799316406,101.93340301513672,102.29000091552734,85.38752746582031,62.092411041259766,30.0230770111084,75.16242980957031,94.52452850341797,56.51304626464844,31.40445327758789,53.87041091918945,19.04443359375,22.284576416015625,28.73157501220703,2.2678496837615967,26.185007095336914,30.409082412719727,63.28351593017578,120.28170776367188,10.0,38.644744873046875,27.363920211791992,52.420875549316406,375.6947021484375,81.99737548828125,34.178401947021484,56.66286849975586,135.3948211669922,81.83393859863281,19.86556053161621,2198.81005859375
2016-12-31,26.622352600097656,32.021183013916016,102.94999694824219,35.04999923706055,109.24095153808594,37.493499755859375,75.12922668457031,25.144723892211914,135.67190551757812,22.642282485961914,77.97065734863281,96.76549530029297,105.82868194580078,44.0871696472168,73.33470153808594,14.90999984741211,144.72000122070312,139.7139892578125,137.63427734375,39.249019622802734,195.31710815429688,105.62003326416016,100.2699966430664,88.38720703125,66.83242797851562,30.848983764648438,66.53852844238281,96.46620178222656,55.4644775390625,32.080238342285156,55.55105209350586,21.375003814697266,23.304868698120117,27.717792510986328,2.625490188598633,27.71778678894043,31.78199577331543,64.52678680419922,121.20809936523438,11.300000190734863,40.4075813293457,28.348236083984375,50.16646957397461,363.65826416015625,82.01874542236328,32.77794647216797,55.927085876464844,136.86575317382812,83.73178100585938,19.635597229003906,2238.830078125
2017-01-31,27.89348602294922,35.0472412109375,113.37999725341797,34.150001525878906,117.06365966796875,41.17399978637695,78.13776397705078,27.464370727539062,138.92581176757812,23.21454429626465,73.76408386230469,102.7355728149414,108.45586395263672,46.388397216796875,73.80107116699219,18.1200008392334,134.02999877929688,147.16293334960938,129.3588104248047,40.622947692871094,187.05419921875,108.37714385986328,121.20999908447266,86.88353729248047,65.90938568115234,30.930837631225586,67.18956756591797,97.13985443115234,59.194297790527344,32.40971374511719,57.794898986816406,23.510555267333984,24.135927200317383,30.276432037353516,2.6855082511901855,27.364070892333984,30.85027503967285,67.76097869873047,127.381103515625,11.5,37.39173889160156,27.573089599609375,41.1103401184082,355.9311828613281,92.72201538085938,32.686309814453125,58.26438522338867,138.62753295898438,86.07379913330078,18.959491729736328,2278.8701171875
2017-02-28,31.62501335144043,37.82450866699219,118.33999633789062,32.20000076293945,132.80430603027344,42.25199890136719,78.95459747314453,27.253162384033203,150.54086303710938,25.829200744628906,75.23926544189453,102.21561431884766,111.9227294921875,47.88550567626953,70.46627807617188,21.530000686645508,143.27000427246094,154.25775146484375,130.8734588623047,41.8482780456543,202.86911010742188,114.15123748779297,133.10000610351562,94.37789916992188,70.57439422607422,31.221019744873047,71.68391418457031,101.9105224609375,63.00197982788086,34.83528137207031,57.542686462402344,22.857215881347656,25.752124786376953,33.0496711730957,2.499260902404785,27.972373962402344,30.256898880004883,70.44513702392578,134.65676879882812,10.699999809265137,39.075714111328125,31.23965835571289,43.86336898803711,370.0083312988281,94.42245483398438,34.344940185546875,59.09737777709961,141.43251037597656,87.66922760009766,20.149784088134766,2363.639892578125
2017-03-31,33.16482162475586,37.262332916259766,130.1300048828125,32.0,123.43058013916016,44.32699966430664,75.76895141601562,27.37697410583496,142.47772216796875,25.542041778564453,71.808349609375,105.27958679199219,113.49501037597656,47.69429016113281,70.87313842773438,21.670000076293945,142.57000732421875,152.1366424560547,130.82957458496094,41.99042892456055,187.87026977539062,116.36762237548828,133.6699981689453,96.18498992919922,68.40933990478516,31.856895446777344,78.89080047607422,103.47531127929688,63.063724517822266,32.67667770385742,59.233551025390625,28.18146514892578,25.235116958618164,33.06547164916992,2.682739734649658,26.747594833374023,31.034997940063477,69.50141906738281,139.4224853515625,10.699999809265137,40.06791305541992,33.2328987121582,44.53125762939453,383.88739013671875,94.92739868164062,34.62074661254883,62.13633346557617,140.78367614746094,86.02857971191406,20.627037048339844,2362.719970703125
2017-04-30,33.162513732910156,36.84023666381836,133.74000549316406,33.95000076293945,122.86634826660156,46.2495002746582,84.22264862060547,28.662738800048828,150.82974243164062,25.970355987548828,71.36027526855469,107.33151245117188,116.89059448242188,48.02891540527344,67.31887817382812,22.399999618530273,129.1300048828125,158.20021057128906,127.27349090576172,45.79027557373047,183.02879333496094,123.71442413330078,124.27999877929688,95.35095977783203,68.14447021484375,32.38983917236328,77.76277160644531,111.71434783935547,65.04425048828125,33.23073196411133,61.57196044921875,26.98204803466797,26.255373001098633,31.631179809570312,2.5687124729156494,26.066062927246094,29.786916732788086,68.06939697265625,139.83990478515625,11.5,42.02187728881836,35.06618118286133,41.73545455932617,384.8581848144531,102.42211151123047,34.4281120300293,61.45074462890625,150.11434936523438,90.93428039550781,21.514162063598633,2384.199951171875
2017-05-31,35.41117477416992,38.54547882080078,141.86000061035156,37.099998474121094,117.63207244873047,49.73099899291992,86.83348846435547,30.491191864013672,159.961181640625,24.03421401977539,69.91075897216797,100.21941375732422,120.2862319946289,47.49203872680664,65.72506713867188,18.709999084472656,128.1300048828125,165.92282104492188,120.20516967773438,48.8892822265625,173.35487365722656,122.36480712890625,129.3300018310547,99.69914245605469,64.34559631347656,34.131309509277344,76.70105743408203,120.46438598632812,65.97579193115234,31.981794357299805,63.17314147949219,30.004968643188477,28.000822067260742,32.13918685913086,3.558812141418457,24.217609405517578,28.12799644470215,68.6617660522461,137.51405334472656,10.050000190734863,42.89458084106445,38.757354736328125,44.91490173339844,454.7684631347656,101.78838348388672,33.05830383300781,64.01958465576172,150.37184143066406,90.08284759521484,22.64337921142578,2411.800048828125
2017-06-30,33.38517379760742,41.03583908081055,141.44000244140625,37.20000076293945,130.50611877441406,48.400001525878906,88.50541687011719,28.581443786621094,141.78680419921875,23.858882904052734,70.48500061035156,98.6502914428711,120.53791809082031,47.8936882019043,65.87788391113281,24.6299991607666,127.05999755859375,161.71865844726562,119.58110809326172,46.04584503173828,182.08578491210938,122.27713012695312,125.91000366210938,102.83976745605469,71.59086608886719,33.94297409057617,80.17765045166016,123.04313659667969,69.47501373291016,34.14252471923828,62.35002899169922,29.11759376525879,27.741487503051758,31.789939880371094,3.5639891624450684,22.687868118286133,29.532127380371094,67.9291000366211,139.5662384033203,9.399999618530273,45.64028549194336,36.46882247924805,43.30715560913086,486.548583984375,107.6759262084961,31.722057342529297,59.70456314086914,159.81906127929688,88.9476318359375,21.802173614501953,2423.409912109375
2017-07-31,34.47697448730469,41.74677658081055,146.49000549316406,33.95000076293945,132.23373413085938,49.388999938964844,94.52810668945312,29.705032348632812,140.52789306640625,24.197206497192383,73.76839447021484,102.82637023925781,119.55728149414062,47.885650634765625,69.3688735961914,27.110000610351562,120.75,160.95082092285156,113.3829116821289,46.82938766479492,184.9004364013672,119.24808502197266,133.2899932861328,103.17402648925781,72.29967498779297,34.69221115112305,82.35166931152344,124.63383483886719,66.07537078857422,36.126773834228516,65.76012420654297,27.420856475830078,28.921375274658203,34.639976501464844,4.006529331207275,25.479150772094727,32.02900314331055,71.34503173828125,144.9456329345703,10.050000190734863,47.32923126220703,39.81549072265625,41.715091705322266,487.0240783691406,103.47577667236328,30.904508590698242,63.54310989379883,165.3267822265625,84.08821868896484,23.04381561279297,2470.300048828125
2017-08-31,38.166019439697266,43.24077224731445,155.16000366210938,34.04999923706055,135.61251831054688,49.029998779296875,97.4647445678711,29.822513580322266,139.4029998779297,24.781938552856445,73.43824005126953,94.6604995727539,121.0373306274414,47.80751037597656,61.9682731628418,29.239999771118164,119.37999725341797,165.0662841796875,108.68995666503906,47.311798095703125,184.22276306152344,120.16979217529297,137.41000366210938,103.5565414428711,71.58297729492188,34.47275161743164,78.03436279296875,129.2765350341797,63.43928146362305,35.04836654663086,67.99283599853516,31.17513656616211,29.991863250732422,30.842498779296875,4.181057453155518,22.549999237060547,31.082794189453125,72.48411560058594,141.0916748046875,7.900000095367432,49.31393051147461,41.19352722167969,41.44764709472656,492.2547302246094,104.3561019897461,31.920562744140625,64.6675033569336,171.43783569335938,86.49986267089844,22.632156372070312,2471.64990234375
2017-09-30,35.86673355102539,45.29499816894531,149.17999267578125,35.29999923706055,142.23399353027344,48.067501068115234,103.45413970947266,28.258323669433594,146.11785888671875,25.874467849731445,80.18020629882812,92.20045471191406,117.10945892333984,50.884544372558594,70.53547668457031,24.229999542236328,120.55999755859375,168.5340118408203,108.12149047851562,48.227088928222656,195.2971649169922,131.1467742919922,116.73999786376953,101.71024322509766,75.22159576416016,34.335113525390625,82.83882904052734,126.61781311035156,61.56044006347656,37.10505676269531,67.73822021484375,38.35215377807617,29.202756881713867,34.91122817993164,4.411285877227783,26.270000457763672,31.800182342529297,71.47071838378906,153.48292541503906,8.850000381469727,49.726871490478516,45.49990463256836,41.10668182373047,442.9400939941406,110.12957763671875,32.551910400390625,69.99266052246094,169.44960021972656,95.2648696899414,22.652454376220703,2519.360107421875
2017-10-31,39.33890914916992,46.258689880371094,175.16000366210938,36.0,133.66717529296875,55.263999938964844,113.32586669921875,26.5697021484375,143.26296997070312,26.501596450805664,79.08155822753906,91.48956298828125,118.97616577148438,52.19633483886719,72.94447326660156,24.790000915527344,121.2699966430664,167.066650390625,90.14596557617188,51.16512680053711,199.65286254882812,132.92686462402344,113.25,109.06412506103516,79.701416015625,35.07505798339844,82.53237915039062,134.8849334716797,63.73725128173828,38.70380783081055,75.64057159423828,43.20833206176758,30.90052604675293,35.597896575927734,5.103193283081055,20.219999313354492,31.145915985107422,68.3339614868164,160.138916015625,9.699999809265137,50.6045036315918,47.05019760131836,40.448524475097656,398.8560791015625,121.54423522949219,30.816816329956055,75.9806137084961,181.8824920654297,95.1169662475586,25.31080436706543,2575.260009765625
2017-11-30,40.136619567871094,48.08412551879883,181.47000122070312,33.29999923706055,134.91883850097656,58.837501525878906,117.7905044555664,27.683229446411133,164.5169219970703,28.946104049682617,81.95706939697266,98.04657745361328,123.76570892333984,52.918556213378906,74.73394775390625,27.079999923706055,134.1999969482422,170.50706481933594,81.78419494628906,51.32015609741211,204.54226684570312,144.91490173339844,98.98999786376953,109.66903686523438,82.798828125,35.20111846923828,84.86680603027344,139.80264282226562,65.0116958618164,39.950069427490234,76.92523193359375,41.336063385009766,31.691787719726562,45.2867431640625,4.956110954284668,19.540000915527344,30.20760154724121,71.22274780273438,165.0074920654297,9.649999618530273,51.897430419921875,39.963130950927734,53.048240661621094,358.47711181640625,123.1287841796875,33.50901794433594,76.45214080810547,198.07940673828125,104.49977111816406,28.18656349182129,2647.580078125
2017-12-31,39.52470397949219,48.68123245239258,175.24000549316406,34.79999923706055,133.5670623779297,58.4734992980957,131.50143432617188,29.534183502197266,166.0244598388672,29.72214126586914,86.22745513916016,101.37171936035156,122.55304718017578,56.89435577392578,78.81684112548828,30.399999618530273,131.22000122070312,167.45350646972656,78.5668716430664,52.17353439331055,210.42312622070312,152.74009704589844,94.70999908447266,109.97602844238281,84.71595001220703,35.28570556640625,79.77459716796875,139.92449951171875,64.2809829711914,40.61578369140625,78.17732238769531,40.09763717651367,31.3208065032959,44.333091735839844,4.778075695037842,21.139999389648438,31.1097412109375,72.71861267089844,175.64772033691406,8.529999732971191,50.889373779296875,37.010196685791016,51.19306564331055,372.4453125,126.40259552001953,33.912620544433594,82.07070922851562,191.38621520996094,110.77803039550781,28.77808380126953,2673.610107421875
2018-01-31,39.10429000854492,53.27661895751953,199.75999450683594,35.849998474121094,142.8990936279297,72.54450225830078,136.47134399414062,31.48723030090332,173.82977294921875,32.47693634033203,86.337646484375,102.4654769897461,125.749755859375,58.9680290222168,84.11748504638672,30.309999465942383,144.5399932861328,183.857177734375,72.80379486083984,58.5538215637207,221.2681427001953,161.903076171875,90.29000091552734,108.77172088623047,92.10902404785156,36.60084915161133,80.6881103515625,139.12789916992188,68.37266540527344,43.965335845947266,86.83219909667969,42.632991790771484,31.767988204956055,49.45903396606445,6.069513320922852,20.68000030517578,34.69960021972656,68.85489654541016,177.26715087890625,8.399999618530273,51.3626823425293,37.9945068359375,54.57557678222656,363.22235107421875,128.5821075439453,35.62466049194336,86.65747833251953,205.553955078125,110.28240966796875,31.06575584411621,2823.81005859375
2018-02-28,41.7706298828125,51.70813751220703,209.1300048828125,34.349998474121094,142.2148895263672,75.62249755859375,129.6385955810547,26.808197021484375,170.7440643310547,35.01003646850586,77.85479736328125,97.27009582519531,119.146240234375,58.41009521484375,74.1843032836914,25.799999237060547,148.52000427246094,183.83238220214844,64.05460357666016,54.67572021484375,217.7808074951172,146.88938903808594,85.16000366210938,102.8853759765625,91.9736328125,33.23994827270508,80.25454711914062,129.04562377929688,63.59640121459961,43.55329513549805,86.10150146484375,47.59644317626953,30.728939056396484,48.69502639770508,5.979395866394043,18.3799991607666,33.208099365234375,62.618587493896484,157.63668823242188,7.800000190734863,47.8680419921875,37.67461013793945,52.42284393310547,317.4443359375,124.0621337890625,36.823978424072266,85.61447143554688,196.33448791503906,108.16654968261719,26.23103141784668,2713.830078125
2018-03-31,39.345821380615234,51.35673522949219,216.0800018310547,48.650001525878906,131.93008422851562,72.36699676513672,123.56034851074219,25.297880172729492,168.5348358154297,33.53239822387695,79.32955932617188,94.70538330078125,125.56546020507812,56.14142990112305,77.00043487548828,22.149999618530273,144.61000061035156,182.5514373779297,61.19462203979492,51.368194580078125,208.6117706298828,144.4607696533203,83.33000183105469,101.51496124267578,87.57005310058594,33.69630813598633,82.97689056396484,127.93301391601562,64.2281723022461,41.95170974731445,83.80593872070312,50.84364318847656,32.98691940307617,49.61183166503906,5.7221832275390625,18.540000915527344,33.5559196472168,63.22467041015625,151.06515502929688,8.25,50.069557189941406,38.2405891418457,44.68845748901367,341.1407165527344,121.13961791992188,36.32514572143555,82.09031677246094,186.3932647705078,111.6378402709961,26.08253288269043,2640.8701171875
2018-04-30,38.75484085083008,50.06236267089844,221.60000610351562,52.5,135.02554321289062,78.30650329589844,121.63777923583984,23.372173309326172,176.3431396484375,34.90532684326172,87.03014373779297,94.60166931152344,132.619140625,54.58788299560547,86.58183288574219,20.81999969482422,163.08999633789062,167.08058166503906,63.87303924560547,50.44894027709961,197.4050750732422,149.77757263183594,61.939998626708984,100.19999694824219,87.06171417236328,33.52561569213867,79.72821807861328,136.98104858398438,64.15612030029297,40.32558059692383,85.8719482421875,44.83680725097656,33.10405349731445,53.7173957824707,5.556882858276367,21.239999771118164,35.97701644897461,58.22395324707031,145.40338134765625,7.650000095367432,51.595733642578125,39.29872512817383,41.139835357666016,300.84100341796875,113.58309173583984,37.79043960571289,80.1465072631836,205.90359497070312,110.97349548339844,25.93302345275879,2648.050048828125
2018-05-31,43.99155807495117,52.99049377441406,249.27999877929688,57.25,140.07620239257812,81.48100280761719,127.99938201904297,23.215810775756836,177.8261260986328,33.66010665893555,87.22071838378906,93.79076385498047,130.64044189453125,58.624542236328125,86.31807708740234,20.729999542236328,173.11000061035156,167.4126434326172,63.91843795776367,54.481571197509766,187.7545166015625,152.0424346923828,68.2699966430664,95.46066284179688,85.6451187133789,33.3626823425293,89.59544372558594,130.90269470214844,69.1121826171875,39.16941452026367,91.15026092529297,56.15815353393555,33.487789154052734,55.121253967285156,6.235025405883789,23.829999923706055,40.720584869384766,58.891998291015625,151.623779296875,8.699999809265137,51.150596618652344,44.76166915893555,47.36384201049805,297.512451171875,117.42860412597656,40.41080093383789,88.9598388671875,210.35435485839844,119.1594009399414,24.34995460510254,2705.27001953125
2018-06-30,43.57724380493164,52.52545166015625,243.80999755859375,57.25,143.95199584960938,84.98999786376953,114.31556701660156,24.429468154907227,187.4601287841797,33.912296295166016,88.7153091430664,98.82586669921875,128.91246032714844,57.21768569946289,91.1684341430664,21.520000457763672,172.4499969482422,154.71412658691406,62.33318328857422,55.92731475830078,183.34080505371094,159.01089477539062,67.0,96.83325958251953,83.3961181640625,34.333003997802734,88.29365539550781,129.00086975097656,68.54369354248047,37.0289306640625,90.93817138671875,51.136199951171875,33.96536636352539,63.3587646484375,5.857002258300781,25.459999084472656,41.71829605102539,62.82777786254883,138.2713165283203,7.980000019073486,52.60115051269531,46.31196212768555,45.73396682739258,341.764892578125,126.19744873046875,42.58525848388672,87.6402359008789,214.44618225097656,118.2579116821289,25.267427444458008,2718.3701171875
2018-07-31,44.79668045043945,56.69768524169922,244.67999267578125,66.1500015258789,153.27902221679688,88.87200164794922,121.90885162353516,26.79602813720703,196.18826293945312,33.58887481689453,88.60304260253906,107.93699645996094,129.2523193359375,59.81624221801758,94.61184692382812,20.700000762939453,171.3800048828125,166.6110076904297,62.42477798461914,60.7826042175293,197.35504150390625,160.98324584960938,66.54000091552734,105.7552490234375,92.49980926513672,36.5013313293457,85.69921112060547,129.70065307617188,72.6653060913086,39.731014251708984,97.82698822021484,51.47748947143555,34.06907653808594,62.869266510009766,6.053802013397217,27.360000610351562,42.08272171020508,65.68828582763672,149.98245239257812,9.0,52.54510498046875,48.55127716064453,52.228981018066406,364.5696716308594,136.46493530273438,43.51588821411133,88.98077392578125,221.33387756347656,125.1106948852539,26.323562622070312,2816.2900390625
2018-08-31,53.77492141723633,57.82229232788086,263.510009765625,64.9000015258789,156.88182067871094,100.635498046875,117.71238708496094,27.70220375061035,209.64242553710938,37.941368103027344,83.91973114013672,106.47325134277344,138.2366180419922,63.920345306396484,86.75320434570312,18.790000915527344,189.1199951171875,161.3063507080078,59.264591217041016,61.009456634521484,198.32553100585938,164.4708251953125,73.91000366210938,108.20331573486328,92.20208740234375,34.8887825012207,87.48468017578125,134.3957061767578,77.64225769042969,38.371543884277344,103.9894027709961,51.21420669555664,34.816226959228516,70.40352630615234,6.943194389343262,28.270000457763672,39.856407165527344,67.36949157714844,156.4869842529297,10.699999809265137,53.79426574707031,51.012062072753906,55.99397659301758,402.9474792480469,141.340087890625,49.39328384399414,89.84403228759766,234.65480041503906,126.39039611816406,28.443708419799805,2901.52001953125
2018-09-30,53.328433990478516,63.46266555786133,269.95001220703125,70.1500015258789,162.7548065185547,100.1500015258789,129.27590942382812,26.518924713134766,211.2161407470703,38.64030456542969,86.62590789794922,111.14965057373047,144.40087890625,63.7953987121582,93.60659790039062,17.719999313354492,199.4199981689453,170.74789428710938,52.20051574707031,59.78510665893555,187.00863647460938,169.6973419189453,69.08000183105469,110.99897766113281,90.8019027709961,36.464439392089844,91.56796264648438,138.58750915527344,79.220703125,36.59558868408203,105.87791442871094,44.105464935302734,34.304527282714844,69.65740203857422,6.951604843139648,27.600000381469727,40.99325942993164,67.59690856933594,163.91030883789062,9.850000381469727,54.67097473144531,45.62294006347656,59.23402786254883,400.2628173828125,141.22528076171875,50.31406021118164,85.7594985961914,233.32420349121094,136.63624572753906,27.865102767944336,2913.97998046875
2018-10-31,51.70311737060547,59.88419723510742,245.75999450683594,65.5,151.3700408935547,79.90049743652344,103.50654602050781,28.717060089111328,205.59576416015625,36.58265686035156,79.09537506103516,109.14411926269531,141.0574493408203,56.547786712646484,77.43392944335938,13.869999885559082,175.27999877929688,144.5950164794922,46.69844055175781,54.01500701904297,187.9509735107422,144.08090209960938,64.81999969482422,112.4610824584961,88.34227752685547,37.79861068725586,87.3476791381836,146.54869079589844,72.33509826660156,36.1270866394043,98.8792495727539,36.78217315673828,35.307472229003906,63.954193115234375,5.215312480926514,18.940000534057617,39.668949127197266,72.65965270996094,135.12600708007812,9.739999771118164,51.99348068237305,41.77427673339844,51.71773910522461,336.0686340332031,122.07095336914062,49.35287857055664,74.84029388427734,229.21090698242188,122.6982192993164,29.755218505859375,2711.739990234375
2018-11-30,42.33463668823242,64.32295227050781,250.88999938964844,74.22000122070312,164.65028381347656,84.50849914550781,115.7495346069336,29.372116088867188,208.47315979003906,38.27783966064453,85.083251953125,109.77143096923828,147.81788635253906,56.65981674194336,75.94171142578125,20.309999465942383,171.97000122070312,154.90890502929688,34.67705154418945,54.95951843261719,159.6730499267578,148.6017608642578,64.25,118.76371002197266,90.10072326660156,40.10263442993164,92.70509338378906,157.12977600097656,78.54423522949219,35.12224578857422,103.09978485107422,37.60130310058594,37.4259033203125,54.48615646362305,4.046819686889648,16.790000915527344,37.643924713134766,77.43644714355469,153.9988555908203,9.699999809265137,54.30805206298828,40.23382568359375,47.910240173339844,362.2317199707031,131.8376007080078,44.041969299316406,80.49986267089844,247.5487060546875,129.72491455078125,28.9748477935791,2760.169921875
2018-12-31,37.394248962402344,62.82889175415039,226.24000549316406,67.87999725341797,153.9134063720703,75.09850311279297,108.41226959228516,25.780141830444336,183.62184143066406,34.64757537841797,77.82247924804688,105.02900695800781,136.1207733154297,50.13957595825195,64.10680389404297,19.670000076293945,162.02999877929688,131.71739196777344,35.0488395690918,51.75551223754883,139.8782501220703,141.59689331054688,63.59000015258789,104.3326187133789,79.10453796386719,37.67578887939453,88.20545196533203,148.01092529296875,73.66861724853516,31.371862411499023,94.43453979492188,30.941102981567383,35.80084228515625,48.61954116821289,3.3057003021240234,12.100000381469727,33.06022262573242,75.3143310546875,133.500244140625,9.680000305175781,47.70960235595703,35.02680587768555,47.30814743041992,370.0083312988281,122.32138061523438,40.33650207519531,76.18666076660156,219.1830291748047,116.60733032226562,27.790428161621094,2506.85009765625
2019-01-31,39.45668411254883,63.68748474121094,247.82000732421875,60.150001525878906,147.9362335205078,85.9365005493164,114.33894348144531,27.688100814819336,193.46502685546875,38.10685729980469,82.01441192626953,106.8202133178711,146.11622619628906,54.939544677734375,73.08360290527344,23.56999969482422,160.9499969482422,144.23358154296875,47.04045104980469,55.76386642456055,165.80238342285156,151.2471466064453,80.58999633789062,107.59074401855469,84.55037689208984,38.29641342163086,78.70215606689453,149.01950073242188,71.58719635009766,33.706581115722656,97.09362030029297,37.26974105834961,36.863624572753906,52.30698776245117,3.5595083236694336,15.6899995803833,39.895137786865234,79.66751861572266,147.52699279785156,10.6899995803833,56.192039489746094,38.98866653442383,41.16498947143555,425.2569274902344,131.0448760986328,44.835365295410156,81.79042053222656,237.72987365722656,134.18739318847656,28.58997917175293,2704.10009765625
2019-02-28,41.22342300415039,67.73666381835938,262.5,67.20999908447266,151.44644165039062,81.99150085449219,117.92810821533203,29.278066635131836,197.70233154296875,41.71688461303711,86.40098571777344,108.08458709716797,156.0377655029297,57.60107421875,69.25259399414062,22.389999389648438,168.13999938964844,143.43309020996094,50.02957534790039,55.79656219482422,165.37063598632812,152.57395935058594,86.2300033569336,111.2015380859375,85.25292205810547,36.07645797729492,85.03900146484375,154.21279907226562,73.29608917236328,33.451595306396484,104.60455322265625,39.86360168457031,38.92222213745117,53.47992706298828,3.8236916065216064,15.449999809265137,39.92620086669922,81.38525390625,158.4120635986328,9.8100004196167,56.92326736450195,44.01851272583008,44.382041931152344,426.7132263183594,135.02305603027344,46.42377853393555,85.93356323242188,213.1122283935547,142.20294189453125,29.532732009887695,2784.489990234375
2019-03-31,45.2231559753418,69.76124572753906,266.489990234375,63.59000015258789,151.3667449951172,89.0374984741211,116.33960723876953,30.269893646240234,218.85179138183594,43.505794525146484,89.0020980834961,106.35087585449219,163.5173797607422,57.87154769897461,70.1219482421875,23.799999237060547,156.92999267578125,142.64100646972656,48.15445327758789,58.28982925415039,161.41078186035156,159.31417846679688,86.01000213623047,113.76509857177734,82.69598388671875,37.611392974853516,89.01182556152344,159.2961883544922,74.17013549804688,33.62690353393555,110.12283325195312,40.30242156982422,40.08333969116211,56.87574768066406,4.45081090927124,15.770000457763672,43.393165588378906,85.92729949951172,154.32945251464844,9.449999809265137,58.890098571777344,43.575565338134766,47.95914840698242,406.78131103515625,134.24688720703125,48.16162109375,86.16912078857422,218.3768768310547,141.77894592285156,29.25371551513672,2834.39990234375
2019-04-30,47.77536392211914,69.7137680053711,289.25,67.9000015258789,142.8733673095703,96.32599639892578,120.4397964477539,33.13029479980469,221.9157257080078,45.37065124511719,86.74777221679688,131.1976776123047,170.5011749267578,60.001461029052734,70.91105651855469,19.65999984741211,156.89999389648438,151.50787353515625,49.022098541259766,59.38292694091797,173.12213134765625,169.11924743652344,76.80000305175781,114.91258239746094,95.52801513671875,39.37718963623047,78.16928100585938,165.73013305664062,72.32160186767578,38.690162658691406,121.94371795654297,41.01427459716797,40.315555572509766,60.08673858642578,4.486504554748535,19.200000762939453,42.736358642578125,88.55482482910156,162.83636474609375,9.34000015258789,62.75335693359375,46.40547561645508,72.43069458007812,339.9321594238281,141.7648162841797,49.67318344116211,95.72272491455078,205.84446716308594,150.1228790283203,30.84642791748047,2945.830078125
2019-05-31,41.8410530090332,66.7082748413086,270.8999938964844,68.37999725341797,133.96185302734375,88.75350189208984,103.49943542480469,31.204736709594727,217.12278747558594,42.19186019897461,83.07017517089844,126.47543334960938,170.5104217529297,51.298927307128906,60.44972229003906,19.59000015258789,132.0800018310547,136.33338928222656,45.50331115722656,54.80351257324219,154.11544799804688,157.6204833984375,78.62999725341797,107.46389770507812,87.22232818603516,39.433387756347656,73.29537200927734,167.29129028320312,75.39166259765625,32.628047943115234,115.90986633300781,31.799230575561523,41.35709762573242,48.828208923339844,3.3615221977233887,16.399999618530273,40.024845123291016,85.58580017089844,137.678466796875,8.109999656677246,60.29789352416992,34.77580642700195,56.1920166015625,298.8993835449219,131.08106994628906,45.718650817871094,85.29852294921875,213.55467224121094,142.16307067871094,30.58814239501953,2752.06005859375
2019-06-30,47.3021125793457,73.69194030761719,294.6499938964844,74.94999694824219,148.08935546875,94.68150329589844,117.73587799072266,32.178932189941406,239.4894256591797,44.381324768066406,90.79712677001953,133.75515747070312,183.29966735839844,56.817134857177734,68.7774429321289,21.3700008392334,145.6300048828125,154.1359100341797,50.66150665283203,53.62967300415039,172.78762817382812,173.87551879882812,84.95999908447266,114.12562561035156,92.02958679199219,41.18913650512695,75.90848541259766,175.21412658691406,79.30863952636719,35.129886627197266,125.54400634765625,37.63054656982422,42.74464797973633,50.89020538330078,4.075467586517334,20.389999389648438,43.28999710083008,91.19116973876953,153.6680908203125,8.199999809265137,66.00455474853516,33.92929458618164,64.55549621582031,310.0738830566406,143.21881103515625,48.07320785522461,93.84391784667969,216.46087646484375,144.14915466308594,33.31707000732422,2941.760009765625
2019-07-31,50.915733337402344,76.60643768310547,298.8599853515625,80.58999633789062,149.93760681152344,93.33899688720703,114.62006378173828,33.01865005493164,249.7936248779297,45.208152770996094,89.82669067382812,137.83145141601562,187.282470703125,55.25023651123047,63.58699417114258,21.270000457763672,146.72000122070312,158.5093536376953,50.420265197753906,60.33586502075195,185.9029083251953,178.65774536132812,84.91999816894531,106.70189666748047,96.16287231445312,42.57235336303711,84.22785186767578,177.79605102539062,83.47007751464844,36.00993728637695,127.70890045166016,43.77391815185547,43.22663497924805,48.61943435668945,4.186888694763184,15.449999809265137,44.0889778137207,98.80449676513672,158.250732421875,9.630000114440918,66.4247817993164,37.354705810546875,62.085968017578125,301.9109802246094,160.32858276367188,49.60050964355469,102.83501434326172,220.89639282226562,153.38916015625,33.28389358520508,2980.3798828125
2019-08-31,50.07759094238281,75.0408935546875,284.510009765625,87.9800033569336,168.83692932128906,88.81449890136719,103.5906753540039,33.85232925415039,267.7213439941406,38.19844055175781,86.7768783569336,132.28965759277344,191.53440856933594,51.184326171875,54.95072937011719,19.850000381469727,128.72999572753906,163.0530548095703,39.805484771728516,58.96540451049805,173.2857208251953,190.54653930664062,81.81999969482422,105.9659423828125,91.07289123535156,44.52180862426758,81.78765106201172,184.8856964111328,88.34199523925781,33.528995513916016,129.62921142578125,44.14446258544922,45.968196868896484,39.949562072753906,4.160978317260742,12.960000038146973,45.413272857666016,100.63764953613281,150.67185974121094,10.800000190734863,68.90512084960938,40.21906280517578,65.99816131591797,287.3385009765625,164.974853515625,50.1888542175293,101.79850006103516,207.58102416992188,138.90513610839844,34.62346649169922,2926.4599609375
2019-09-30,53.73133850097656,73.58970642089844,276.25,79.27999877929688,156.60836791992188,86.79550170898438,109.95415496826172,34.479515075683594,261.6812438964844,40.32012176513672,87.42555236816406,125.60096740722656,184.28289794921875,57.4288444519043,54.97294998168945,17.68000030517578,140.4199981689453,155.77288818359375,43.1812858581543,60.481475830078125,176.10707092285156,195.1673126220703,74.2300033569336,106.80799102783203,97.56388092041016,44.358428955078125,86.04104614257812,182.1205596923828,89.38824462890625,34.48257827758789,130.72935485839844,41.78462219238281,48.88684844970703,43.64860153198242,4.3239288330078125,13.550000190734863,46.948707580566406,104.11135864257812,164.16024780273438,10.880000114440918,70.66117095947266,37.44821548461914,65.24767303466797,274.8067321777344,172.21588134765625,50.89186477661133,106.31466674804688,193.69332885742188,138.92227172851562,35.96284484863281,2976.739990234375
2019-10-31,59.678565979003906,73.83171844482422,277.92999267578125,84.20999908447266,172.58401489257812,88.83300018310547,120.89917755126953,34.441104888916016,270.44195556640625,39.06330490112305,85.61217498779297,125.21544647216797,178.72764587402344,60.25475311279297,51.550621032714844,15.449999809265137,144.0800018310547,151.59104919433594,48.204620361328125,62.34673309326172,181.33343505859375,197.3207244873047,83.91999816894531,109.0038833618164,104.3870620727539,44.35028076171875,87.48662567138672,166.84417724609375,89.61869049072266,37.4942512512207,134.8102569580078,46.367759704589844,50.009403228759766,46.88792419433594,4.993371963500977,14.15999984741211,44.48945999145508,104.88591003417969,166.7779541015625,11.800000190734863,72.7672348022461,38.45221710205078,68.80599212646484,303.4167175292969,179.2471466064453,52.6357421875,97.79192352294922,225.2268829345703,141.9069366455078,35.53254318237305,3037.56005859375
2019-11-30,64.30686950683594,75.45653533935547,309.5299987792969,93.20999908447266,191.22195434570312,90.04000091552734,126.9792251586914,33.92625045776367,272.89971923828125,37.25444412231445,87.19271850585938,146.0911102294922,173.70274353027344,63.87546157836914,52.73320388793945,16.6299991607666,145.7100067138672,155.82667541503906,54.43547821044922,64.58987426757812,189.16705322265625,185.48550415039062,94.16000366210938,114.28945922851562,110.10274505615234,43.83603286743164,83.89713287353516,166.018310546875,91.66780853271484,40.28697967529297,142.82640075683594,46.32876968383789,49.32345199584961,50.83999252319336,5.387831687927246,13.40999984741211,45.867759704589844,102.82205963134766,181.48629760742188,11.760000228881836,75.90975189208984,41.12955093383789,71.4662094116211,365.55035400390625,182.9833526611328,56.03372573852539,99.63189697265625,249.4429931640625,151.76461791992188,36.08707809448242,3140.97998046875
2019-12-31,70.65936279296875,76.70164489746094,329.80999755859375,97.22000122070312,196.39520263671875,92.39199829101562,129.56739807128906,34.556365966796875,267.5384521484375,39.43329620361328,89.70881652832031,140.22792053222656,180.03985595703125,65.9510498046875,62.298095703125,17.6200008392334,139.64999389648438,151.20526123046875,53.95301818847656,66.33824920654297,196.49952697753906,184.8686981201172,87.31999969482422,121.25538635253906,116.48694610595703,45.43678283691406,89.26272583007812,168.69024658203125,93.8083267211914,41.62228775024414,148.7892303466797,52.442874908447266,51.08273696899414,52.232872009277344,5.849206924438477,14.90999984741211,48.85028839111328,105.21444702148438,187.9043731689453,15.760000228881836,74.36288452148438,41.48390579223633,76.05452728271484,371.9698181152344,183.11203002929688,55.96957778930664,106.32869720458984,263.0263671875,155.90386962890625,36.1728515625,3230.780029296875
2020-01-31,74.47564697265625,77.27570343017578,351.1400146484375,94.33999633789062,176.01187133789062,100.43599700927734,116.04859161376953,33.34532165527344,278.09716796875,38.07496643066406,79.75607299804688,134.10028076171875,182.9505157470703,61.946937561035156,54.40885925292969,17.200000762939453,122.12000274658203,151.27459716796875,60.18953323364258,70.96371459960938,203.18263244628906,193.09713745117188,73.06999969482422,123.7491683959961,111.31421661376953,47.94053268432617,93.01959991455078,182.6559600830078,95.45381164550781,42.829734802246094,160.61129760742188,51.77003479003906,56.57577896118164,45.15517044067383,5.8772969245910645,12.40999984741211,48.93355941772461,105.60227966308594,178.65615844726562,12.779999732971191,77.48285675048828,39.23474884033203,73.53744506835938,334.78076171875,174.78074645996094,54.117977142333984,100.71891784667969,243.7633056640625,154.7224578857422,34.848785400390625,3225.52001953125
2020-02-29,65.9332046508789,68.3101806640625,345.1199951171875,76.2699966430664,163.87132263183594,94.1875,109.76687622070312,31.214431762695312,256.4450378417969,33.072288513183594,70.29531860351562,114.0691146850586,168.34133911132812,55.81361389160156,47.20756530761719,18.59000015258789,119.94999694824219,137.6940460205078,52.599361419677734,66.33130645751953,172.6283416748047,184.41163635253906,75.41000366210938,112.50021362304688,97.64802551269531,43.909912109375,92.35134887695312,166.79090881347656,83.2409439086914,36.904388427734375,153.273193359375,51.25320816040039,53.597225189208984,39.506553649902344,6.717551231384277,10.539999961853027,43.606876373291016,95.95048522949219,169.39501953125,12.449999809265137,70.30853271484375,37.285804748535156,67.49483489990234,440.4139404296875,162.56825256347656,55.01720428466797,95.28433990478516,228.11483764648438,138.6229705810547,32.77593994140625,2954.219970703125
2020-03-31,61.33360290527344,69.97735595703125,318.239990234375,67.5999984741211,166.3327178955078,97.48600006103516,102.52210235595703,26.716598510742188,260.08453369140625,32.558773040771484,54.570377349853516,93.65979766845703,145.75384521484375,41.48369598388672,26.805179595947266,17.219999313354492,106.62999725341797,114.08538055419922,38.42405700683594,57.54987335205078,132.92135620117188,159.11605834960938,73.2300033569336,109.69778442382812,75.71485900878906,36.643375396728516,85.40376281738281,142.03472900390625,75.03376770019531,27.86473274230957,149.20510864257812,41.01427459716797,51.022972106933594,35.25316619873047,6.556621074676514,2.940000057220459,14.254587173461914,93.21339416503906,118.9349594116211,10.260000228881836,67.60543060302734,30.818864822387695,58.77838897705078,483.7252502441406,144.5638427734375,43.98616409301758,83.42179870605469,224.08880615234375,122.34149169921875,34.73698806762695,2584.590087890625
2020-04-30,70.86324310302734,82.00927734375,353.6400146484375,81.0199966430664,196.27145385742188,123.69999694824219,103.76648712158203,29.242164611816406,277.0162353515625,35.434322357177734,69.28617858886719,104.8582534790039,180.988037109375,49.64982604980469,35.77183532714844,24.700000762939453,139.25999450683594,113.55758666992188,32.90725326538086,66.70030212402344,157.7102813720703,187.34127807617188,97.66000366210938,125.51705169677734,81.37061309814453,38.00145721435547,83.9303207397461,161.1129608154297,81.23251342773438,32.59922409057617,169.54568481445312,46.69930648803711,49.008506774902344,37.461448669433594,7.269990921020508,5.139999866485596,20.208755493164062,100.54850006103516,144.96266174316406,11.949999809265137,75.05827331542969,34.820098876953125,68.35321044921875,520.9636840820312,168.74070739746094,45.126991271972656,96.89550018310547,262.80877685546875,138.60572814941406,37.16142654418945,2912.429931640625
2020-05-31,76.89327239990234,84.52947235107422,386.6000061035156,98.95999908447266,189.73629760742188,122.11849975585938,107.11003875732422,30.77305030822754,282.0172119140625,39.982765197753906,70.0740966796875,113.72976684570312,198.8343048095703,53.6402587890625,38.376976013183594,24.709999084472656,144.9199981689453,127.650146484375,31.79421043395996,71.0003890991211,170.0043487548828,211.75704956054688,101.91000366210938,125.30050659179688,82.68770599365234,38.65565490722656,87.91368865966797,161.11492919921875,82.02294921875,36.54286575317383,173.85064697265625,46.71881866455078,54.19096755981445,38.12046813964844,8.830546379089355,6.420000076293945,24.773107528686523,98.88504791259766,165.9466552734375,11.989999771118164,76.9677505493164,36.276885986328125,70.27339935302734,607.0810546875,187.26820373535156,48.54026412963867,99.89905548095703,273.93328857421875,148.16741943359375,38.09565734863281,3044.31005859375
2020-06-30,88.22628784179688,81.42150115966797,435.30999755859375,92.55999755859375,194.82456970214844,137.9409942626953,112.7896499633789,30.471220016479492,277.20831298828125,38.99616241455078,68.18659210205078,108.11600494384766,186.51524353027344,54.528114318847656,38.14356994628906,23.739999771118164,139.47999572753906,129.93658447265625,33.10198211669922,70.23417663574219,170.9820098876953,214.7617645263672,103.97000122070312,118.46057891845703,79.92607879638672,37.33559036254883,86.31304168701172,159.5151824951172,76.79935455322266,39.93259811401367,193.07147216796875,50.23907470703125,51.208065032958984,37.9749641418457,9.45395565032959,6.389999866485596,22.430166244506836,101.99866485595703,168.98951721191406,11.130000114440918,78.99212646484375,34.78564453125,79.86209869384766,617.8197631835938,182.22267150878906,46.51622772216797,106.82316589355469,266.1788330078125,147.47833251953125,36.781375885009766,3100.2900390625
2020-07-31,102.79528045654297,89.97127532958984,444.32000732421875,96.41000366210938,202.10177612304688,158.23399353027344,119.36551666259766,33.45737075805664,298.25439453125,39.69097137451172,64.14415740966797,113.38072967529297,175.3871307373047,54.510528564453125,35.55583572387695,23.09000015258789,135.89999389648438,128.5177764892578,29.41860008239746,73.69622039794922,171.2761993408203,227.60414123535156,98.76000213623047,122.78185272216797,82.91858673095703,39.47478485107422,90.76866149902344,167.99810791015625,80.80266571044922,40.69365692138672,194.49456787109375,48.81536865234375,59.84970474243164,38.33555221557617,10.565805435180664,5.619999885559082,19.47178077697754,112.55715942382812,164.97848510742188,11.880000114440918,89.22480010986328,36.68537902832031,92.47053527832031,626.1611938476562,204.31900024414062,47.83184814453125,108.04985809326172,273.2449951171875,151.211669921875,39.73543167114258,3271.1201171875
2020-08-31,125.05754089355469,97.86521911621094,513.3900146484375,93.66000366210938,210.6484832763672,172.54800415039062,127.8364028930664,35.02860641479492,318.5301818847656,35.578617095947266,65.06114959716797,127.85628509521484,184.7621307373047,61.496646881103516,34.40985107421875,22.219999313354492,132.3300018310547,130.80364990234375,30.7271671295166,80.70850372314453,178.32794189453125,244.3643035888672,96.3499984741211,130.08595275878906,85.96454620361328,41.38835906982422,93.8215103149414,185.7154998779297,90.00685119628906,43.50757598876953,214.4792022705078,44.37849044799805,59.823692321777344,41.00953674316406,13.31282901763916,5.389999866485596,19.17178726196289,118.7464370727539,190.75779724121094,10.029999732971191,86.21171569824219,37.758270263671875,104.28216552734375,614.134521484375,212.0401153564453,50.40790557861328,120.41777038574219,282.0619201660156,168.705322265625,42.81257247924805,3500.31005859375
2020-09-30,112.23583221435547,97.29306030273438,490.42999267578125,94.51000213623047,211.3469696044922,157.43649291992188,133.98080444335938,36.162109375,325.2551574707031,33.193790435791016,55.81319808959961,120.30340576171875,187.78309631347656,58.04425811767578,27.27591323852539,24.450000762939453,122.7699966430664,121.23968505859375,30.243959426879883,72.58926391601562,174.93324279785156,239.3358917236328,89.73999786376953,126.24471282958984,82.60112762451172,41.5886116027832,90.77015686035156,190.9081268310547,87.52666473388672,40.25241470336914,200.02406311035156,45.792449951171875,59.478675842285156,37.93749237060547,13.472139358520508,3.5199999809265137,18.125289916992188,119.31300354003906,187.3595428466797,9.960000038146973,85.64575958251953,36.025882720947266,103.59069061279297,554.5469360351562,220.15771484375,51.19912338256836,120.95989990234375,282.5174560546875,172.58900451660156,43.139408111572266,3363.0
2020-10-31,105.5003433227539,94.28060913085938,447.1000061035156,97.56999969482422,180.3966064453125,151.8074951171875,141.9390106201172,33.18622970581055,328.2852783203125,30.531831741333008,53.87525939941406,117.55953216552734,172.51348876953125,57.353759765625,26.247371673583984,20.479999542236328,132.94000244140625,115.90142059326172,36.02089309692383,80.04381561279297,164.54881286621094,229.85581970214844,86.63999938964844,116.26416778564453,84.90039825439453,40.48508834838867,98.8632583618164,185.26324462890625,84.70512390136719,40.38303756713867,192.5491485595703,49.088401794433594,62.75304412841797,38.39406967163086,12.479938507080078,4.079999923706055,20.87425422668457,118.34407043457031,192.93382263183594,9.75,84.43709564208984,33.22551345825195,108.59066009521484,538.4784545898438,217.38967895507812,46.73701858520508,123.36469268798828,276.509521484375,155.33621215820312,42.781734466552734,3269.9599609375
2020-11-30,115.57490539550781,97.07017517089844,478.4700012207031,99.25,185.89173889160156,158.40199279785156,156.88755798339844,39.471500396728516,359.6340637207031,36.58716583251953,68.57489013671875,143.50503540039062,208.7470245361328,68.46463775634766,35.936824798583984,19.15999984741211,162.80999755859375,131.80447387695312,49.419498443603516,86.89315795898438,200.70706176757812,239.0773468017578,84.54000091552734,123.5357437133789,102.08135986328125,43.80795669555664,109.04054260253906,190.24917602539062,95.76385498046875,51.85634994506836,204.11375427246094,62.49653625488281,63.37459182739258,46.63448715209961,13.343697547912598,6.070000171661377,25.819293975830078,119.87189483642578,248.47637939453125,11.59000015258789,85.16058349609375,41.49374771118164,129.5500030517578,511.2059326171875,236.6740264892578,58.43048858642578,137.57901000976562,304.7821044921875,179.75108337402344,47.11078643798828,3621.6298828125
2020-12-31,128.8167724609375,98.20934295654297,500.1199951171875,117.08999633789062,192.48895263671875,162.84649658203125,164.5064697265625,41.16852569580078,354.93341064453125,38.0584716796875,66.42750549316406,175.6654510498047,203.74842834472656,71.62853240966797,38.228878021240234,20.06999969482422,175.94000244140625,131.33670043945312,52.477561950683594,86.80599212646484,230.7960662841797,230.1645965576172,86.9800033569336,134.37966918945312,110.03971099853516,46.55868148803711,120.94068145751953,187.74679565429688,99.15399169921875,57.4755973815918,212.07540893554688,73.31080627441406,66.44039916992188,57.945377349853516,13.002530097961426,7.949999809265137,27.626005172729492,120.10496520996094,253.26446533203125,11.15999984741211,85.3242416381836,43.28519821166992,134.67979431152344,478.5936584472656,232.64730834960938,62.82818603515625,140.03623962402344,318.919921875,183.3975067138672,44.609230041503906,3756.070068359375
2021-01-31,128.10804748535156,111.30322265625,458.7699890136719,112.55000305175781,202.12509155273438,160.30999755859375,166.12677001953125,39.123252868652344,331.9952392578125,38.221378326416016,67.0174560546875,163.0514373779297,192.58914184570312,70.71945190429688,39.308197021484375,22.209999084472656,195.9499969482422,130.38780212402344,51.89447784423828,90.50675201416016,237.3250274658203,234.67054748535156,89.75,139.2893829345703,112.22770690917969,40.87892532348633,131.64511108398438,181.849609375,94.23605346679688,56.523475646972656,221.17169189453125,76.323974609375,69.64402770996094,58.55118942260742,12.937542915344238,8.449999809265137,29.320741653442383,111.33779907226562,246.0126495361328,11.100000381469727,88.35502624511719,41.36086654663086,138.16299438476562,499.1298522949219,219.00013732910156,58.91808319091797,142.22450256347656,303.3685607910156,173.9290771484375,43.47658157348633,3714.239990234375
2021-02-28,117.89629364013672,107.87198638916016,459.6700134277344,107.56999969482422,189.7030487060547,154.64649963378906,196.14663696289062,41.609413146972656,312.4234924316406,38.470008850097656,79.7708511352539,183.2862091064453,197.15646362304688,77.0143051147461,49.798614501953125,21.65999984741211,189.97999572753906,145.31288146972656,60.93228530883789,100.14257049560547,279.6053771972656,223.8563232421875,78.66000366210938,136.1455841064453,128.36366271972656,41.59207534790039,151.1758270263672,181.47195434570312,99.01007843017578,64.80179595947266,222.08250427246094,89.25431823730469,63.61190414428711,55.16712951660156,13.659381866455078,11.800000190734863,32.60395431518555,107.2736587524414,267.6371765136719,11.90999984741211,84.8191146850586,46.538352966308594,120.40199279785156,446.3577880859375,215.9014892578125,60.94176483154297,147.8726348876953,302.13177490234375,182.24415588378906,40.20554733276367,3811.14990234375
2021-03-31,118.76163482666016,107.92603302001953,475.3699951171875,104.58999633789062,209.85244750976562,154.70399475097656,210.67501831054688,42.70646286010742,332.69793701171875,44.33440017700195,83.59187316894531,178.90380859375,202.04356384277344,80.88741302490234,55.9463005065918,22.59000015258789,208.6199951171875,161.39358520507812,63.84615707397461,102.1539306640625,287.3108825683594,266.16229248046875,81.2699966430664,141.2061767578125,132.77706909179688,45.122806549072266,157.18521118164062,197.31796264648438,100.49462127685547,65.46773529052734,225.32223510742188,86.016845703125,65.45584106445312,64.04146575927734,13.29919147491455,11.420000076293945,37.293212890625,117.60765838623047,294.1900329589844,12.859999656677246,91.31571960449219,49.038509368896484,117.7779541015625,468.71685791015625,234.2026824951172,61.089515686035156,162.22471618652344,339.57476806640625,195.03030395507812,42.209991455078125,3972.889892578125
2021-04-30,127.81339263916016,108.53926086425781,508.3399963378906,105.80000305175781,202.11827087402344,173.37100219726562,208.195556640625,44.5196418762207,351.9598083496094,43.96141815185547,82.21981048583984,180.35812377929688,211.5289764404297,81.1294937133789,57.12077713012695,24.6200008392334,186.75999450683594,170.1966094970703,63.79754638671875,116.56580352783203,306.1575012207031,282.2235412597656,85.37999725341797,139.81430053710938,134.9453125,46.209999084472656,156.3927459716797,207.82916259765625,111.37522888183594,69.88570404052734,241.0050506591797,83.9300537109375,67.10066986083984,66.25328826904297,14.954334259033203,10.75,39.24894714355469,116.60342407226562,292.67913818359375,12.699999809265137,100.386962890625,49.39286422729492,123.29423522949219,476.80059814453125,260.7325744628906,65.56849670410156,155.80087280273438,363.97021484375,196.51681518554688,43.477874755859375,4181.169921875
2021-05-31,121.35917663574219,105.43889617919922,504.5799865722656,96.16999816894531,202.0955047607422,161.15350341796875,220.03326416015625,45.46316146850586,357.8053894042969,45.679813385009766,83.8076400756836,173.2124481201172,202.996826171875,86.25823211669922,62.31782150268555,22.549999237060547,185.42999267578125,169.91030883789062,68.36836242675781,116.73170471191406,327.97064208984375,278.0730895996094,83.77999877929688,146.3233642578125,144.0960693359375,47.33143615722656,155.6265869140625,207.03842163085938,107.69163513183594,76.99700927734375,239.16677856445312,82.04801940917969,63.38682174682617,68.63057708740234,16.184797286987305,14.270000457763672,39.548892974853516,117.85320281982422,288.34100341796875,13.539999961853027,101.51549530029297,46.543277740478516,119.51011657714844,497.7330322265625,270.4580993652344,62.59921646118164,163.83645629882812,375.9444274902344,199.8079376220703,44.310001373291016,4204.10986328125
2021-06-30,133.38699340820312,104.7880859375,585.6400146484375,87.23999786376953,207.03024291992188,172.00799560546875,198.63050842285156,45.209442138671875,374.2640686035156,45.76616668701172,84.57473754882812,170.4201202392578,194.8346405029297,86.7540054321289,64.72239685058594,18.219999313354492,186.66000366210938,168.43402099609375,65.5006332397461,120.93869018554688,334.59136962890625,279.5137634277344,84.12999725341797,142.42428588867188,136.4630889892578,46.670318603515625,156.2410125732422,204.47129821777344,106.13170623779297,77.62350463867188,259.49334716796875,82.86714935302734,63.77409362792969,72.57791137695312,19.93355369567871,15.569999694824219,41.72356033325195,117.92311096191406,287.3677978515625,13.210000038146973,103.48817443847656,42.66508102416992,127.6107177734375,553.3184204101562,259.8888854980469,62.487979888916016,165.97698974609375,366.8055725097656,195.5402374267578,43.994903564453125,4297.5
2021-07-31,142.0548095703125,109.7690658569336,621.6300048828125,86.79000091552734,205.1531982421875,166.37950134277344,189.71298217773438,46.845008850097656,407.23388671875,48.14603042602539,82.20883178710938,170.6625213623047,208.8912353515625,90.9456787109375,57.536338806152344,16.850000381469727,206.50999450683594,176.50144958496094,63.01881408691406,133.45657348632812,330.491943359375,287.6654052734375,77.3499984741211,148.873779296875,133.93162536621094,49.18883514404297,151.9020233154297,214.8458251953125,112.27064514160156,81.85176086425781,272.9134216308594,75.65113830566406,67.79476928710938,71.0301742553711,19.431793212890625,13.260000228881836,39.6607551574707,125.08478546142578,291.9715576171875,13.369999885559082,110.85604858398438,45.50482177734375,133.744384765625,569.2382202148438,277.6123046875,63.77629470825195,165.4445037841797,377.59619140625,194.49998474121094,44.472232818603516,4395.259765625
2021-08-31,148.0906219482422,114.65958404541016,663.7000122070312,89.91999816894531,193.03419494628906,173.5395050048828,193.49349975585938,48.318119049072266,431.6553955078125,51.31983184814453,79.19266510009766,175.7818145751953,213.1763153076172,95.56407928466797,53.31941223144531,19.170000076293945,203.57000732421875,180.35508728027344,64.11980438232422,143.3335723876953,366.3193664550781,285.90350341796875,76.48999786376953,150.56723022460938,141.14093017578125,48.56784439086914,156.03697204589844,211.35092163085938,114.12599182128906,89.05790710449219,289.72247314453125,71.86761474609375,73.42920684814453,79.36569213867188,22.3117733001709,12.300000190734863,40.080482482910156,125.2254867553711,278.5442199707031,15.069999694824219,116.58760070800781,53.2612190246582,130.96771240234375,667.1048583984375,290.1996154785156,67.6465072631836,165.6962432861328,381.3059387207031,193.72903442382812,46.37373352050781,4522.68017578125
2021-09-30,138.01499938964844,107.18315124511719,575.719970703125,79.75,182.01004028320312,164.2519989013672,176.1509246826172,44.53580093383789,425.836669921875,47.328678131103516,83.02259063720703,164.02101135253906,197.76168823242188,85.32830047607422,63.38786697387695,21.139999389648438,198.77999877929688,176.50144958496094,62.72081756591797,132.4159698486328,334.8884582519531,289.1895751953125,68.77999877929688,140.45286560058594,144.4410858154297,45.597354888916016,143.7623291015625,214.59959411621094,107.70114135742188,82.98597717285156,270.5663146972656,69.31198120117188,68.64700317382812,80.1064224243164,20.64823341369629,13.319999694824219,44.2548942565918,122.9477310180664,262.5359802246094,13.630000114440918,109.11206817626953,50.500221252441406,115.69217681884766,599.5225219726562,267.32159423828125,61.37673568725586,166.8245391845703,359.17669677734375,175.119140625,43.643287658691406,4307.5400390625
2021-10-31,146.11056518554688,117.39757537841797,650.3599853515625,93.5,177.14842224121094,168.6215057373047,188.23240661621094,41.13365936279297,466.57257080078125,48.99653244018555,93.6939926147461,163.92405700683594,210.65380859375,87.8736801147461,73.34917449951172,21.510000228881836,211.14999389648438,183.64822387695312,63.8409538269043,146.6505126953125,366.17755126953125,327.4944152832031,66.9800033569336,141.65304565429688,150.8153533935547,48.98652267456055,137.96603393554688,218.55137634277344,102.98411560058594,88.25725555419922,318.2647399902344,67.47616577148438,74.60072326660156,80.14033508300781,25.483366012573242,13.600000381469727,49.254512786865234,126.53276062011719,278.4691162109375,12.989999771118164,126.10128784179688,54.41778564453125,119.3338851928711,633.9574584960938,302.5655212402344,60.92092514038086,163.721435546875,423.2740783691406,215.67140197753906,46.787052154541016,4605.3798828125
2021-11-30,161.4641876220703,114.5557632446289,669.8499755859375,87.22000122070312,171.65321350097656,175.35350036621094,178.39682006835938,39.97394943237305,511.9825134277344,48.00732421875,93.43583679199219,140.48971557617188,209.94285583496094,79.98978424072266,69.01773834228516,16.790000915527344,227.5800018310547,171.16650390625,57.826358795166016,140.55996704101562,337.510498046875,352.92822265625,67.72000122070312,136.49700927734375,140.99716186523438,45.933448791503906,138.11216735839844,218.91281127929688,91.67699432373047,81.42200469970703,317.85675048828125,82.0260238647461,76.20442962646484,79.76341247558594,32.5691032409668,10.6899995803833,46.32804489135742,127.93976593017578,284.4940185546875,13.210000038146973,131.13803100585938,51.91762924194336,161.95828247070312,630.5794067382812,317.070068359375,64.7991943359375,167.99176025390625,408.3366394042969,210.5253143310547,44.03469467163086,4567.0
2021-12-31,173.449462890625,128.1909942626953,567.0599975585938,93.51000213623047,194.17152404785156,166.7169952392578,190.75125122070312,40.253883361816406,538.8641967773438,55.474544525146484,97.14446258544922,150.17564392089844,222.86988830566406,84.66133880615234,72.10771942138672,18.280000686645508,244.7100067138672,188.82931518554688,57.560157775878906,143.48660278320312,340.68096923828125,367.1264343261719,73.4000015258789,149.7501678466797,140.571044921875,51.853553771972656,144.26229858398438,239.9180908203125,89.45081329345703,84.29006958007812,323.3660583496094,91.05799102783203,81.98255920410156,82.55438995361328,29.318382263183594,11.3100004196167,45.491912841796875,144.7529754638672,299.6200866699219,18.850000381469727,147.0393829345703,53.034828186035156,164.65037536621094,625.6162719726562,337.0951232910156,70.88697052001953,164.58599853515625,463.08343505859375,226.15367126464844,45.4883918762207,4766.18017578125
2022-01-31,170.7241668701172,116.50457763671875,534.2999877929688,79.83000183105469,196.04443359375,149.57350158691406,186.874267578125,40.179908752441406,479.4722900390625,49.021080017089844,108.71733856201172,138.6184539794922,179.98509216308594,83.73249816894531,91.15913391113281,18.100000381469727,207.6199951171875,193.2021942138672,57.56625747680664,134.02813720703125,315.8612060546875,324.63812255859375,74.33000183105469,150.81813049316406,132.70648193359375,53.42991638183594,119.82313537597656,232.2033233642578,89.4853744506836,88.6647720336914,299.0020751953125,80.42231750488281,68.59979248046875,78.05775451660156,24.40888786315918,13.029999732971191,47.719913482666016,142.7498321533203,291.9818420410156,17.8799991607666,136.96078491210938,45.248905181884766,158.24879455566406,602.9005737304688,274.2535400390625,67.19882202148438,157.78196716308594,435.81341552734375,219.52879333496094,43.954193115234375,4515.5498046875
2022-02-28,161.49383544921875,110.25249481201172,467.67999267578125,85.04000091552734,197.15086364746094,153.56300354003906,173.912841796875,37.58377456665039,493.6221008300781,49.10913848876953,120.45734405517578,143.9413604736328,167.4540557861328,85.06092071533203,93.97209167480469,20.530000686645508,200.85000610351562,213.56082153320312,58.19382858276367,133.78395080566406,303.936767578125,279.3897399902344,68.30000305175781,144.9850311279297,126.63375091552734,54.507110595703125,124.8533706665039,220.28359985351562,90.78239440917969,78.46147918701172,287.8755798339844,86.86432647705078,69.11217498779297,70.7220687866211,24.30820655822754,14.640000343322754,51.35316467285156,138.69287109375,280.07183837890625,18.420000076293945,127.37995147705078,46.1643180847168,154.85440063476562,612.5792846679688,252.45870971679688,61.94662094116211,149.43093872070312,438.8567199707031,221.86695861816406,42.49229431152344,4373.93994140625
2022-03-31,170.7754364013672,108.18672943115234,455.6199951171875,93.29000091552734,210.50430297851562,162.99749755859375,206.58523559570312,37.63199996948242,547.4284057617188,49.10032653808594,136.20880126953125,132.98529052734375,168.27935791015625,89.75701904296875,98.3392562866211,22.670000076293945,208.9499969482422,219.6912078857422,55.800636291503906,137.7566375732422,295.7042541503906,266.3914489746094,79.41999816894531,156.1383514404297,121.7398681640625,54.71254348754883,149.4034423828125,222.54249572753906,96.50859069824219,75.57344055175781,297.0477294921875,76.14068603515625,74.79869842529297,74.89068603515625,27.20470428466797,15.15999984741211,55.544776916503906,135.94374084472656,268.13714599609375,16.969999313354492,141.755126953125,55.180633544921875,138.1683349609375,691.8908081054688,239.49658203125,56.77346420288086,161.28941345214844,471.69610595703125,246.45765686035156,46.99932861328125,4530.41015625
2022-04-30,154.18785095214844,104.15797424316406,395.95001220703125,84.27999877929688,202.99185180664062,124.28150177001953,196.13607788085938,32.13782501220703,506.2990417480469,43.42545700073242,131.055908203125,108.2323226928711,161.39791870117188,82.55265045166016,96.8853530883789,22.34000015258789,167.41000366210938,216.58901977539062,45.46379852294922,113.03390502929688,273.6585998535156,267.3437194824219,74.95999908447266,158.98399353027344,107.38394165039062,57.015777587890625,128.60244750976562,224.23439025878906,90.77635955810547,70.28336334228516,267.3824768066406,66.7496337890625,62.710453033447266,66.50995635986328,18.491744995117188,11.329999923706055,50.5096321105957,143.6401824951172,255.9095916748047,14.989999771118164,140.7104949951172,55.59403991699219,126.297119140625,652.9483642578125,263.8088684082031,57.42948532104492,149.65948486328125,470.38275146484375,211.34864807128906,48.2838134765625,4131.93017578125
2022-05-31,145.78521728515625,107.79202270507812,416.4800109863281,83.5,225.2877655029297,120.20950317382812,201.0828094482422,35.79131317138672,443.93048095703125,39.94114303588867,147.3066864013672,107.07856750488281,156.22259521484375,81.6671371459961,113.64697265625,18.329999923706055,163.0399932861328,205.94866943359375,47.744606018066406,112.68968963623047,294.5860595703125,269.4351501464844,75.88999938964844,159.18101501464844,118.96263122558594,55.93035125732422,120.2077865600586,226.97933959960938,87.11434173583984,75.12358856201172,262.5489501953125,72.2802734375,67.21475219726562,65.32958221435547,18.61637306213379,12.720000267028809,52.51948928833008,132.30459594726562,258.4831237792969,21.739999771118164,111.90825653076172,55.8499641418457,129.48873901367188,658.5255737304688,257.7652282714844,59.889957427978516,156.4386444091797,459.49615478515625,199.4310760498047,40.74333572387695,4132.14990234375
2022-06-30,133.91395568847656,99.7071533203125,366.05999755859375,83.27999877929688,213.49427795410156,106.20999908447266,166.5302734375,31.717512130737305,456.3660583496094,37.80443572998047,122.10617065429688,91.52677154541016,147.06365966796875,73.26647186279297,92.90099334716797,20.81999969482422,153.0399932861328,203.76806640625,38.87507247924805,107.93590545654297,267.7006530761719,245.63064575195312,75.97000122070312,157.38995361328125,101.31121063232422,55.91668701171875,126.71427154541016,223.4138946533203,78.66739654541016,66.33273315429688,248.0246124267578,54.112327575683594,68.78655242919922,59.23699188232422,15.11703109741211,10.680000305175781,44.26472091674805,128.6454315185547,233.6765899658203,19.479999542236328,104.02159881591797,52.286746978759766,116.10086059570312,585.6038208007812,215.3268280029297,52.61686325073242,135.98548889160156,476.775634765625,193.53286743164062,38.5102653503418,3785.3798828125
2022-07-31,159.17469787597656,100.32547760009766,410.1199951171875,92.80999755859375,217.1534423828125,134.9499969482422,185.97325134277344,30.531843185424805,516.3106079101562,40.586883544921875,138.13058471679688,102.87065124511719,157.97674560546875,82.9659423828125,94.26849365234375,20.920000076293945,167.36000061035156,208.7598114013672,45.1273193359375,115.22357940673828,300.4804992675781,269.51580810546875,77.68000030517578,154.73887634277344,104.70333099365234,57.036617279052734,146.88247680664062,238.33651733398438,81.0953369140625,74.21601104736328,271.11492919921875,60.67190933227539,75.02937316894531,65.28205108642578,18.112714767456055,10.619999885559082,48.39593505859375,125.08621215820312,274.5522155761719,23.809999465942383,117.20442962646484,54.69831848144531,131.8427276611328,576.2520751953125,232.66567993164062,57.619468688964844,159.3665771484375,503.42572021484375,206.2548065185547,41.82661056518555,4130.2900390625
2022-08-31,154.2071533203125,94.61971282958984,373.44000244140625,89.22000122070312,212.49017333984375,126.7699966430664,173.27171325683594,29.449569702148438,497.9970397949219,40.00541687011719,134.51763916015625,108.66864776611328,156.69515991210938,75.73851013183594,102.81214141845703,17.739999771118164,157.05999755859375,210.8412322998047,44.84033966064453,107.19992065429688,302.0952453613281,259.98846435546875,70.43000030517578,144.01393127441406,103.22391510009766,54.85008239746094,153.29879760742188,229.55030822753906,77.06336975097656,75.02594757080078,253.04147338867188,55.44427490234375,75.90186309814453,66.01421356201172,15.052212715148926,8.850000381469727,49.60299301147461,124.21269226074219,252.82374572753906,16.799999237060547,110.08695220947266,46.380863189697266,120.89265441894531,575.6279907226562,223.73672485351562,59.01824951171875,147.17955017089844,482.0666809082031,204.86903381347656,42.1678466796875,3955.0
2022-09-30,135.55162048339844,89.19049835205078,275.20001220703125,95.23999786376953,199.31455993652344,113.0,153.9192352294922,23.867246627807617,450.4674377441406,35.78302001953125,122.27096557617188,91.45889282226562,138.57876586914062,67.84407806396484,95.87076568603516,15.680000305175781,144.72999572753906,195.405517578125,37.84736251831055,94.74840545654297,266.1166076660156,248.73870849609375,66.63999938964844,145.81703186035156,94.84656524658203,50.1556282043457,136.97091674804688,209.95095825195312,71.34463500976562,69.55879211425781,225.39247131347656,49.13776779174805,69.96784973144531,56.6058349609375,12.108989715576172,7.960000038146973,41.510005950927734,113.68608093261719,231.17625427246094,14.619999885559082,90.40177154541016,40.88839340209961,103.26190948486328,682.4300537109375,197.3721923828125,58.800537109375,137.88783264160156,470.2730407714844,177.77642822265625,41.26117706298828,3585.6201171875
2022-10-31,150.40150451660156,91.63027954101562,318.5,102.41999816894531,239.06251525878906,102.44000244140625,204.4142608642578,26.05807876586914,479.2116394042969,41.0180549621582,153.95571899414062,103.29725646972656,150.71713256835938,80.24168395996094,117.83604431152344,16.579999923706055,142.91000366210938,231.34815979003906,47.56748962402344,93.61915588378906,312.8470458984375,266.93841552734375,74.33999633789062,155.28762817382812,115.27371978759766,53.584693908691406,161.8451690673828,248.09414672851562,77.16704559326172,73.04234313964844,224.6472625732422,53.17289733886719,69.15583038330078,63.87202453613281,13.463631629943848,13.989999771118164,48.82003402709961,122.12879180908203,277.2665100097656,16.219999313354492,98.54327392578125,47.95576858520508,107.53935241699219,741.7503662109375,216.9214324951172,68.24725341796875,144.24037170410156,516.9334716796875,179.8934783935547,45.279136657714844,3871.97998046875
2022-11-30,145.43409729003906,99.63195037841797,344.92999267578125,110.27999877929688,254.99940490722656,96.54000091552734,223.25408935546875,30.08091163635254,515.2838745117188,44.89142990112305,157.21353149414062,94.89115905761719,143.76995849609375,89.24695587158203,122.50559997558594,17.079999923706055,154.61000061035156,233.74684143066406,52.555931091308594,100.0380630493164,352.9596252441406,293.8189697265625,79.66999816894531,159.91038513183594,126.537353515625,57.35499954223633,169.0616912841797,249.6103057861328,69.83380126953125,82.7315444946289,247.61141967773438,56.66206741333008,75.9644775390625,62.34137725830078,16.885482788085938,15.1899995803833,55.07480239868164,135.26939392089844,286.5218200683594,18.799999237060547,104.8073501586914,48.88102340698242,116.34695434570312,744.6727905273438,240.8011932373047,76.0864028930664,162.04705810546875,510.05206298828125,198.40843200683594,48.48904800415039,4080.110107421875
2022-12-31,127.65150451660156,101.67866516113281,336.5299987792969,99.48999786376953,233.844482421875,84.0,226.22877502441406,28.709863662719727,436.2115173339844,43.013427734375,153.93736267089844,84.23564147949219,140.1884307861328,89.5171890258789,113.12537384033203,16.040000915527344,143.50999450683594,229.78297424316406,51.27273178100586,87.3983383178711,313.8658752441406,286.4460144042969,80.31999969482422,158.69760131835938,122.8011474609375,57.35499954223633,155.9957733154297,241.13719177246094,69.27840423583984,75.57575225830078,232.7434844970703,49.235294342041016,74.97789764404297,55.379722595214844,14.5816011428833,17.489999771118164,54.070735931396484,137.4458770751953,278.91156005859375,16.829999923706055,100.97772979736328,43.585411071777344,101.12408447265625,714.7451171875,229.3497314453125,75.65869140625,148.36203002929688,495.2042236328125,190.11891174316406,45.27739715576172,3839.5
2023-01-31,141.7596893310547,102.8460922241211,370.3399963378906,107.5199966430664,224.72714233398438,103.12999725341797,239.38658142089844,32.55714797973633,488.42315673828125,44.29451370239258,149.24609375,105.18790435791016,149.11639404296875,84.07496643066406,116.24494934082031,17.6200008392334,147.66000366210938,216.9983367919922,63.08576202392578,97.90834045410156,334.367919921875,293.98223876953125,85.13999938964844,146.8120880126953,129.11410522460938,55.290184020996094,150.0279998779297,244.67832946777344,74.59998321533203,87.21617889404297,240.4977264404297,59.40151596069336,66.93302917480469,61.565975189208984,19.493690490722656,21.350000381469727,57.143409729003906,129.93099975585938,312.4576416015625,18.1200008392334,115.80235290527344,48.99913787841797,122.52811431884766,751.37939453125,228.63455200195312,77.80677032470703,160.2626953125,466.2586364746094,187.47463989257812,45.941593170166016,4076.60009765625
2023-02-28,145.04611206054688,94.63141632080078,323.95001220703125,108.63999938964844,208.0800323486328,94.2300033569336,227.2981719970703,30.75347900390625,463.4667053222656,44.06698989868164,139.101318359375,96.57820129394531,153.4888458251953,77.54036712646484,99.34217834472656,17.079999923706055,142.97999572753906,212.20327758789062,66.40153503417969,89.21109008789062,321.4250183105469,268.9251403808594,76.9800033569336,138.6749267578125,132.24142456054688,53.65815734863281,144.47044372558594,242.879150390625,73.80664825439453,86.47241973876953,242.66648864746094,56.95847702026367,64.11580657958984,60.00429153442383,23.164525985717773,20.889999389648438,54.61502456665039,125.5324478149414,338.5129089355469,17.6200008392334,110.53535461425781,53.320274353027344,113.62431335449219,753.3112182617188,214.4888153076172,73.07716369628906,155.0535125732422,444.54241943359375,191.59547424316406,45.38595962524414,3970.14990234375
2023-03-31,162.25563049316406,94.20348358154297,385.3699951171875,106.76000213623047,217.14300537109375,103.29000091552734,217.13597106933594,31.365726470947266,475.6138000488281,47.579959869384766,141.16917419433594,97.08235931396484,159.969970703125,81.6935043334961,101.68856048583984,19.40999984741211,145.69000244140625,212.4825897216797,75.00733184814453,102.75223541259766,301.1351623535156,269.5755615234375,72.2699966430664,140.24932861328125,120.21192169189453,56.359371185302734,145.08485412597656,257.3280029296875,72.47997283935547,78.67646789550781,280.4936828613281,59.440921783447266,69.576904296875,59.353580474853516,27.720121383666992,17.6299991607666,53.02121353149414,135.68930053710938,323.3695068359375,16.579999923706055,112.57865905761719,48.27074432373047,118.06637573242188,813.9885864257812,217.8027801513672,74.7562484741211,168.22108459472656,442.9855651855469,186.03097534179688,47.27777099609375,4109.31005859375
2023-04-30,166.95896911621094,103.28526306152344,377.55999755859375,81.73999786376953,215.33758544921875,105.44999694824219,208.7364044189453,34.49159622192383,481.69219970703125,43.3251838684082,145.85867309570312,99.3802261352539,162.20240783691406,78.05599212646484,106.70185852050781,18.299999237060547,134.36000061035156,204.47015380859375,77.65142059326172,106.32820892333984,316.16845703125,274.5263366699219,74.41000366210938,148.1213836669922,128.52822875976562,58.28556823730469,115.91043090820312,272.1818542480469,81.76696014404297,81.31919860839844,298.9403381347656,63.5291633605957,69.17070770263672,58.927452087402344,27.692180633544922,17.729999542236328,55.3917350769043,143.6003875732422,312.56524658203125,14.460000038146973,113.01174926757812,42.85702133178711,108.09024810791016,794.2944946289062,230.17697143554688,75.195068359375,151.20997619628906,461.26409912109375,180.89170837402344,48.40640640258789,4169.47998046875
2023-05-31,174.64881896972656,95.36613464355469,417.7900085449219,90.1500015258789,200.06068420410156,120.58000183105469,196.28659057617188,32.80745315551758,490.6968078613281,45.54417037963867,131.595458984375,85.28278350830078,159.506103515625,73.28680419921875,95.82357025146484,19.280000686645508,147.5800018310547,191.20965576171875,79.65997314453125,121.71183013916016,300.450439453125,260.77960205078125,61.54999923706055,141.3621826171875,126.17597961425781,54.206031799316406,113.4074935913086,262.3897705078125,74.40389251708984,73.89859771728516,320.1966857910156,67.319580078125,66.7348403930664,62.169456481933594,37.75653076171875,15.3100004196167,47.981903076171875,130.8546905517578,309.6956787109375,21.229999542236328,112.38015747070312,48.615257263183594,105.6818618774414,728.6836547851562,221.30764770507812,73.5701675415039,158.4618377685547,456.7179260253906,179.15847778320312,47.270694732666016,4179.830078125
2023-06-30,191.1234588623047,101.92957305908203,488.989990234375,92.69999694824219,201.30282592773438,130.36000061035156,234.73301696777344,34.64167404174805,516.4227294921875,47.44221878051758,137.47540283203125,86.5625991821289,180.945556640625,85.27799224853516,102.2094497680664,19.110000610351562,146.25999450683594,201.4827880859375,86.18781280517578,118.57170867919922,299.18896484375,285.7949523925781,62.25,150.898193359375,135.222412109375,55.13154983520508,114.89006042480469,276.087646484375,79.82837677001953,77.18861389160156,332.0435791015625,62.29529571533203,67.4070816040039,71.58621978759766,42.219749450683594,18.700000762939453,52.26690673828125,139.33958435058594,376.9620361328125,25.790000915527344,111.44070434570312,55.41686248779297,110.92822265625,711.82275390625,257.9753112792969,81.2347183227539,164.057373046875,452.3808288574219,190.418701171875,50.58900451660156,4450.3798828125
2023-07-31,193.56704711914062,104.58853912353516,546.1699829101562,91.56999969482422,212.30096435546875,133.67999267578125,254.2263641357422,38.00005340576172,537.8037719726562,48.07914352416992,142.9884033203125,86.1844711303711,177.5047607421875,86.1836929321289,119.16819763183594,19.709999084472656,158.24000549316406,210.6695556640625,89.69847869873047,131.468994140625,330.1059265136719,307.1393737792969,63.720001220703125,152.73057556152344,147.8714599609375,56.697059631347656,127.58826446533203,271.2674255371094,79.52031707763672,83.52173614501953,327.538818359375,70.60099029541016,66.5895004272461,73.57701110839844,46.63814163208008,22.450000762939453,57.59027862548828,144.43125915527344,396.262451171875,26.450000762939453,113.36727142333984,55.46607971191406,123.16349029541016,734.9743041992188,268.6432800292969,82.90176391601562,165.19174194335938,476.5979309082031,215.9170379638672,51.45157241821289,4588.9599609375
2023-08-31,185.36294555664062,96.66899871826172,559.3400268554688,87.69999694824219,234.30349731445312,138.00999450683594,269.5277099609375,39.25945281982422,527.8740234375,52.9849967956543,142.1044921875,81.13304901123047,178.15415954589844,93.19807434082031,115.65241241455078,22.389999389648438,163.66000366210938,213.55288696289062,89.87120819091797,134.886474609375,306.5193786621094,305.822998046875,64.52999877929688,148.4675750732422,136.98422241210938,54.774497985839844,119.81036376953125,261.5172424316406,73.8480453491211,77.67448425292969,320.259033203125,69.1670150756836,61.10497283935547,72.34144592285156,49.25904083251953,22.790000915527344,56.009639739990234,142.62008666992188,404.4240417480469,23.760000228881836,112.86744689941406,65.3387451171875,107.48127746582031,818.7635498046875,264.5853576660156,88.9443588256836,154.23402404785156,448.5594482421875,206.4629364013672,52.52272033691406,4507.66015625
2023-09-30,168.92527770996094,90.98535919189453,509.8999938964844,85.19000244140625,245.6558074951172,127.12000274658203,261.7331848144531,37.227622985839844,542.9429321289062,49.66822814941406,148.73773193359375,78.58309173583984,164.67799377441406,91.60447692871094,113.97994995117188,21.850000381469727,161.13999938964844,208.21029663085938,86.86363220214844,129.6265411376953,302.6470642089844,279.7684020996094,57.77000045776367,143.02220153808594,135.75790405273438,51.65641784667969,113.61228942871094,245.04397583007812,71.60926818847656,74.50000762939453,308.52386474609375,67.27812957763672,52.4057502746582,71.56803894042969,43.417999267578125,25.719999313354492,54.489131927490234,134.78402709960938,377.8633728027344,20.209999084472656,102.6900405883789,62.52361297607422,104.22482299804688,815.2665405273438,248.35302734375,85.48199462890625,145.92852783203125,476.3935241699219,190.6063690185547,51.65708923339844,4288.0498046875
2023-10-31,168.49111938476562,89.31632995605469,532.0599975585938,78.9000015258789,233.71849060058594,133.08999633789062,217.8406982421875,34.894309997558594,530.91064453125,48.51013946533203,128.54673767089844,79.10665893554688,163.0642852783203,84.39525604248047,114.22545623779297,20.59000015258789,151.58999633789062,228.75247192382812,85.35501861572266,122.91041564941406,283.97772216796875,263.593017578125,53.93000030517578,136.21774291992188,131.1391143798828,52.12703323364258,120.60201263427734,243.8626708984375,64.48123168945312,65.39210510253906,330.3721923828125,66.24128723144531,53.32963562011719,69.10285186767578,40.70405960083008,21.989999771118164,56.836936950683594,139.51239013671875,357.8702087402344,18.360000610351562,92.20231628417969,61.51960754394531,102.2822265625,772.5991821289062,231.95523071289062,84.70296478271484,131.52174377441406,506.0340576171875,194.33180236816406,52.781124114990234,4193.7998046875
2023-11-30,187.662109375,98.5171890258789,611.010009765625,87.19999694824219,248.39797973632812,146.08999633789062,241.6147918701172,35.40137481689453,570.6856079101562,45.020538330078125,127.99568176269531,89.86881256103516,186.3855438232422,84.83283233642578,111.34832000732422,21.809999465942383,171.19000244140625,234.11793518066406,95.70320892333984,131.28077697753906,322.07830810546875,292.20782470703125,54.34000015258789,143.15855407714844,147.1896514892578,54.3558235168457,115.49996948242188,263.72991943359375,72.44087219238281,73.25907135009766,370.9898681640625,75.40431213378906,53.95726776123047,86.77262115478516,46.68290710449219,20.65999984741211,60.018760681152344,142.7577362060547,421.72882080078125,21.1299991607666,105.17927551269531,62.48423767089844,121.87786865234375,816.1085815429688,272.1011047363281,85.05345916748047,141.4315185546875,522.4841918945312,210.8623504638672,50.28757858276367,4567.7998046875
2023-12-31,190.21102905273438,103.97723388671875,596.5999755859375,92.8499984741211,265.3300476074219,151.94000244140625,284.9324035644531,37.05777359008789,649.9721069335938,47.01193618774414,132.95152282714844,87.82716369628906,193.38119506835938,92.87715911865234,110.83342742919922,23.989999771118164,178.97999572753906,246.1570587158203,100.34705352783203,138.373291015625,363.78790283203125,323.02337646484375,62.790000915527344,145.08387756347656,160.41107177734375,54.81157302856445,125.03541564941406,277.457275390625,75.91358184814453,86.10296630859375,368.1799011230469,84.65081787109375,56.01374435424805,83.70582580566406,49.43412780761719,21.280000686645508,61.213035583496094,136.26705932617188,448.5213928222656,31.3700008392334,122.76971435546875,78.58760833740234,136.59201049804688,870.0792846679688,304.4058532714844,90.55573272705078,157.8705596923828,499.1422119140625,231.200927734375,51.109779357910156,4769.830078125
2024-01-31,182.17893981933594,107.40312194824219,617.780029296875,86.5999984741211,289.50286865234375,155.1999969482422,290.74462890625,39.592952728271484,684.2391967773438,47.058902740478516,131.40951538085938,93.43004608154297,193.2544403076172,87.53337097167969,105.09642791748047,21.760000228881836,183.6999969482422,252.53370666503906,104.1131362915039,138.7794189453125,362.1282958984375,328.9982604980469,58.77000045776367,147.083251953125,165.44232177734375,55.332435607910156,125.95508575439453,273.9107666015625,80.6685562133789,81.34270477294922,389.2696533203125,85.0574951171875,54.06793212890625,83.27674102783203,61.41783142089844,20.780000686645508,60.34382629394531,147.0468292236328,452.2208557128906,29.219999313354492,116.68187713623047,74.35506439208984,140.25633239746094,933.9664916992188,297.0664978027344,91.61758422851562,149.4644317626953,485.1767883300781,229.61013793945312,53.57368087768555,4845.64990234375
2024-02-29,178.80078125,112.61428833007812,560.280029296875,92.27999877929688,254.22988891601562,176.75999450683594,323.3228759765625,36.45375442504883,733.575439453125,45.361473083496094,136.9702606201172,108.53644561767578,219.20758056640625,102.46798706054688,105.71524047851562,21.899999618530273,187.22000122070312,260.4054260253906,123.3522720336914,137.15489196777344,369.4809875488281,354.7711486816406,58.36000061035156,150.51304626464844,176.54393005371094,55.82539367675781,115.82453155517578,275.0551452636719,76.816650390625,80.22381591796875,405.742919921875,89.87826538085938,51.3614501953125,85.11035919189453,78.97163391113281,19.760000228881836,66.41799926757812,148.731201171875,522.7999877929688,28.790000915527344,122.7420654296875,81.09761047363281,149.77752685546875,957.0585327148438,324.7764587402344,96.02727508544922,156.19464111328125,467.9784240722656,240.0290985107422,57.00368881225586,5096.27001953125
2024-03-31,169.63070678710938,107.88722229003906,504.6000061035156,103.33999633789062,263.96905517578125,180.3800048828125,354.75860595703125,36.879127502441406,722.4716796875,46.805694580078125,142.13336181640625,119.02239990234375,225.6832275390625,108.76853942871094,118.072998046875,23.729999542236328,189.58999633789062,269.21112060546875,138.00765991210938,149.50733947753906,396.6803894042969,359.6966857910156,56.970001220703125,147.53785705566406,190.05563354492188,57.3594856262207,114.22274017333984,265.3339538574219,80.97398376464844,87.794921875,412.68768310546875,117.05083465576172,59.47654724121094,100.24726104736328,90.19991302490234,23.399999618530273,70.88298797607422,151.8285675048828,542.6595458984375,28.31999969482422,120.82011413574219,77.3080062866211,160.70306396484375,953.4921264648438,339.7421875,98.23568725585938,162.61680603027344,470.87030029296875,232.68698120117188,58.720245361328125,5254.35009765625
2024-04-30,168.49314880371094,101.08665466308594,462.8299865722656,96.1500015258789,254.33204650878906,175.0,325.0941467285156,32.660770416259766,714.020751953125,44.417884826660156,145.31410217285156,108.06953430175781,221.04052734375,103.35984802246094,122.86165618896484,23.459999084472656,165.30999755859375,274.94097900390625,159.7008056640625,161.2456512451172,405.24664306640625,313.3937072753906,52.04999923706055,134.85366821289062,182.99465942382812,57.91263961791992,112.7568588256836,256.94903564453125,74.55366516113281,85.4820556640625,381.89697265625,112.15591430664062,62.32426452636719,98.07194519042969,86.25274658203125,22.90999984741211,70.81570434570312,153.7036590576172,532.0365600585938,27.40999984741211,94.68356323242188,75.67404174804688,157.42825317382812,882.3336181640625,293.06463623046875,91.13581848144531,164.6797332763672,460.4001159667969,224.3892364501953,57.92000198364258,5035.68994140625
2024-05-31,190.43470764160156,97.48084259033203,444.760009765625,114.80999755859375,285.9748229980469,176.44000244140625,328.9322814941406,34.306236267089844,799.9422607421875,43.96406173706055,147.7189483642578,101.07565307617188,226.95382690429688,108.05428314208984,115.81334686279297,21.690000534057617,168.97000122070312,287.0843200683594,162.977294921875,170.87400817871094,436.1809997558594,316.18609619140625,57.790000915527344,137.89930725097656,193.38800048828125,59.00020217895508,111.79747772216797,243.6329345703125,75.60360717773438,92.0691909790039,407.93890380859375,124.11022186279297,74.46897888183594,115.55429077148438,109.44361877441406,23.68000030517578,72.49838256835938,154.96571350097656,520.4918212890625,27.350000381469727,102.51431274414062,73.6660385131836,194.4822235107422,970.9969482421875,297.8362731933594,100.24248504638672,183.3446044921875,471.50799560546875,221.5392608642578,64.39769744873047,5277.509765625
2024-06-30,208.63125610351562,99.12158966064453,555.5399780273438,116.11000061035156,292.1459655761719,193.25,323.6658020019531,33.560638427734375,839.5496826171875,44.918975830078125,142.36717224121094,96.58168029785156,233.1693115234375,106.12749481201172,117.04076385498047,22.469999313354492,172.22999572753906,277.8618469238281,156.8881072998047,180.64013671875,432.1681213378906,325.0332946777344,60.619998931884766,137.4198455810547,193.0348358154297,60.13828659057617,119.64530944824219,241.3786163330078,73.78315734863281,91.45752716064453,439.2077331542969,130.59373474121094,66.32473754882812,123.58541870117188,123.33672332763672,23.65999984741211,72.99064636230469,155.32357788085938,495.31524658203125,24.670000076293945,105.10147857666016,72.52424621582031,189.84059143066406,1041.2044677734375,292.5716552734375,107.04845428466797,182.89332580566406,486.7852783203125,215.29710388183594,66.30729675292969,5460.47998046875
2024-07-31,219.98304748535156,101.59417724609375,551.6500244140625,121.36000061035156,310.86492919921875,186.97999572753906,337.7648010253906,35.65861892700195,813.0592651367188,46.20015335083008,146.0533447265625,91.55487060546875,226.00767517089844,112.82307434082031,118.72700500488281,23.450000762939453,203.63999938964844,287.5022888183594,168.25537109375,170.11807250976562,486.3515625,347.6186828613281,65.06999969482422,148.4107666015625,204.21946716308594,63.05780029296875,122.67343139648438,251.380859375,75.29236602783203,97.99607849121094,411.1031494140625,109.1336441040039,71.55130004882812,122.32744598388672,116.82743835449219,30.020000457763672,74.58381652832031,152.31625366210938,549.5167236328125,25.40999984741211,117.95958709716797,90.47811126708984,172.4653778076172,1069.1011962890625,343.91363525390625,109.88752746582031,192.86563110351562,550.7327880859375,234.77529907226562,67.218017578125,5522.2998046875
2024-08-31,227.10023498535156,108.62348937988281,574.4099731445312,133.00999450683594,314.3099670410156,178.5,347.4235534667969,34.18975067138672,882.6738891601562,48.1931037902832,136.1652069091797,88.32030487060547,248.04119873046875,102.0457992553711,120.61840057373047,26.030000686645508,203.14999389648438,288.1278991699219,172.62484741210938,162.0257110595703,490.4013671875,350.0530700683594,65.66000366210938,157.12539672851562,215.7356414794922,68.47166442871094,121.14514923095703,273.4122009277344,83.03534698486328,98.37586212158203,410.6529235839844,95.63851165771484,75.89875030517578,116.29680633544922,119.17357635498047,26.989999771118164,83.65996551513672,162.53005981445312,589.3748168945312,25.860000610351562,119.61598205566406,94.45475006103516,167.08029174804688,1173.6148681640625,362.846923828125,114.41307830810547,202.83018493652344,564.1531982421875,244.97825622558594,75.84565734863281,5648.39990234375
2024-09-30,231.06707763671875,109.33313751220703,517.780029296875,133.02999877929688,303.3694152832031,186.3300018310547,381.59027099609375,36.09062957763672,876.8775634765625,50.7486572265625,135.53939819335938,93.99790954589844,250.7119598388672,105.8995132446289,115.1033935546875,25.950000762939453,220.1999969482422,290.861328125,186.7014617919922,164.6935272216797,475.8502502441406,384.9158935546875,66.0999984741211,153.52552795410156,202.3577117919922,68.36078643798828,121.72132110595703,290.1032409667969,85.06022644042969,98.97404479980469,423.6082458496094,103.06182861328125,79.68849182128906,118.98458862304688,121.25054931640625,24.8700008392334,82.54582977294922,164.1028594970703,620.424560546875,24.760000228881836,119.05412292480469,96.79740142822266,162.91404724121094,1041.41259765625,374.9296875,114.67650604248047,195.47743225097656,560.8585815429688,235.78521728515625,79.30255889892578,5762.47998046875
2024-10-31,224.03590393066406,109.23177337646484,478.0799865722656,124.41999816894531,301.43927001953125,186.39999389648438,368.35247802734375,38.014892578125,864.6718139648438,52.62580871582031,136.9659423828125,94.0076675415039,241.2855987548828,104.83441162109375,115.0169677734375,33.20000076293945,233.8800048828125,282.0213928222656,170.06878662109375,169.9168243408203,497.6480407714844,374.0390625,74.12000274658203,151.44140625,214.27682495117188,62.12973403930664,116.89701080322266,278.2899169921875,84.32328033447266,111.25000762939453,400.0307312011719,99.13870239257812,74.71090698242188,111.55776977539062,132.55287170410156,24.399999618530273,87.75418853759766,157.4242706298828,622.6339721679688,22.799999237060547,106.47746276855469,87.5547103881836,155.93954467773438,830.364013671875,352.4340515136719,110.27637481689453,193.51626586914062,541.5007934570312,222.00048828125,80.4810562133789,5705.4501953125
2024-11-30,235.62008666992188,114.43465423583984,515.9299926757812,122.83999633789062,268.45953369140625,207.88999938964844,397.6385498046875,37.59706115722656,962.5864868164062,56.891990661621094,150.5519256591797,114.7929458618164,244.27059936523438,128.92007446289062,125.67366027832031,36.459999084472656,250.35000610351562,274.67132568359375,180.3454132080078,167.77186584472656,584.896728515625,409.79461669921875,74.58999633789062,148.0250701904297,241.119384765625,61.42198944091797,130.03724670410156,282.0054016113281,81.76287841796875,125.94935607910156,417.7090759277344,97.44743347167969,74.66117095947266,118.64924621582031,138.03431701660156,29.979999542236328,103.9615707397461,170.8431854248047,691.8574829101562,24.90999984741211,110.09772491455078,79.59161376953125,151.87747192382812,743.2064819335938,391.1016845703125,123.0087661743164,191.48736572265625,585.3388671875,234.04421997070312,90.84193420410156,6032.3798828125
2024-12-31,248.61578369140625,108.98126983642578,444.67999267578125,125.3499984741211,247.36204528808594,219.38999938964844,355.19287109375,32.670005798339844,907.50830078125,56.88238525390625,134.66275024414062,109.29456329345703,230.6856231689453,120.49066162109375,115.60166931152344,33.29999923706055,251.47000122070312,254.82598876953125,165.3975372314453,188.19540405273438,553.0715942382812,371.4631652832031,69.06999969482422,138.10325622558594,231.4541473388672,59.6774787902832,115.87486267089844,277.8363342285156,76.12353515625,120.31269073486328,415.7757263183594,83.83695983886719,68.03684997558594,112.30271911621094,134.08973693847656,26.079999923706055,91.88153839111328,159.77830505371094,626.0379028320312,23.559999465942383,100.52008056640625,72.72109985351562,147.943359375,705.6708374023438,334.5425720214844,118.23287200927734,178.60914611816406,487.111083984375,219.40408325195312,88.92706298828125,5881.6298828125
2025-01-31,234.2996826171875,123.9071273803711,437.45001220703125,125.16000366210938,270.8796691894531,237.67999267578125,365.02508544921875,29.547513961791992,970.5100708007812,58.624351501464844,138.70712280273438,110.9729995727539,246.30946350097656,126.34361267089844,119.47273254394531,33.150001525878906,297.260009765625,249.849853515625,201.8704833984375,202.82952880859375,618.5377197265625,393.4173583984375,74.16000366210938,145.29393005371094,259.4268798828125,60.84687423706055,131.42800903320312,276.69573974609375,86.54908752441406,133.35752868652344,409.42315673828125,90.88978576660156,67.9134750366211,118.65910339355469,119.89094543457031,24.850000381469727,88.92558288574219,159.16087341308594,695.9422607421875,22.989999771118164,113.40605926513672,78.64666748046875,166.53982543945312,666.6885986328125,352.483642578125,122.12798309326172,177.14715576171875,522.3834838867188,238.40614318847656,96.61406707763672,6040.52978515625
2025-02-28,240.36160278320312,133.67015075683594,438.55999755859375,95.7699966430664,294.7283020019531,212.27999877929688,338.0098571777344,31.496278762817383,1039.7303466796875,62.01992416381836,149.11024475097656,111.69934844970703,264.8375549316406,118.73539733886719,120.5649642944336,38.689998626708984,292.42999267578125,245.59140014648438,205.2519989013672,169.28640747070312,604.0262451171875,378.7303161621094,73.5,158.8454132080078,256.8549499511719,68.25623321533203,129.75869750976562,295.50958251953125,87.69263458251953,128.2324676513672,392.38372802734375,93.27061462402344,67.14302062988281,96.99726867675781,124.73370361328125,22.09000015258789,92.85665893554688,166.6879119873047,659.5621337890625,20.84000015258789,117.84720611572266,63.3701171875,151.36221313476562,693.0973510742188,356.5284729003906,122.46775817871094,188.06715393066406,457.3563232421875,238.6527099609375,97.05697631835938,5954.5
2025-03-31,220.77207946777344,128.47869873046875,383.5299987792969,98.88999938964844,298.0672607421875,190.25999450683594,324.1042175292969,32.39166259765625,937.7710571289062,59.69816207885742,157.2604522705078,96.87808227539062,250.23355102539062,107.04834747314453,121.7996826171875,36.91999816894531,266.2699890136719,265.0169982910156,198.8483123779297,153.9147186279297,530.2568359375,352.1979675292969,60.54999923706055,159.63470458984375,238.07489013671875,69.15583038330078,124.25879669189453,301.1101379394531,86.313232421875,112.3948745727539,371.0343933105469,86.669189453125,67.83195495605469,85.36458587646484,108.22832489013672,21.809999465942383,91.77446746826172,163.40863037109375,599.714111328125,20.760000228881836,107.25826263427734,60.072669982910156,148.73143005371094,629.1082763671875,344.4068908691406,119.56214904785156,172.43565368652344,506.4933166503906,228.54319763183594,86.64466094970703,5611.85009765625
2025-04-30,211.20095825195312,127.2250747680664,374.9800109863281,104.55000305175781,278.3301086425781,184.4199981689453,305.39215087890625,30.293787002563477,986.0785522460938,56.22078323364258,127.90277099609375,89.27113342285156,248.17063903808594,102.62543487548828,105.7484359741211,39.150001525878906,264.739990234375,266.037841796875,200.22926330566406,158.05520629882812,531.4797973632812,346.4319763183594,62.65999984741211,150.4613037109375,238.87725830078125,70.0538330078125,126.7533950805664,308.1277160644531,81.41453552246094,112.08282470703125,390.67388916015625,76.75444030761719,63.99494552612305,87.78007507324219,108.76756286621094,17.75,75.99465942382812,156.85325622558594,596.96142578125,18.270000457763672,98.05701446533203,61.381805419921875,143.7449951171875,593.9247436523438,348.08575439453125,126.31573486328125,154.89027404785156,397.8838195800781,208.63369750976562,95.98125457763672,5569.06005859375
2025-05-31,199.88394165039062,129.97879028320312,415.0899963378906,110.91000366210938,278.14520263671875,205.00999450683594,343.6661682128906,30.621522903442383,1032.7154541015625,61.391963958740234,130.06964111328125,110.953369140625,262.17669677734375,117.07215118408203,104.06151580810547,43.040000915527344,285.3800048828125,272.2655029296875,244.31069946289062,170.93453979492188,585.7323608398438,353.92779541015625,65.05999755859375,150.68328857421875,257.80230712890625,69.61931610107422,137.25794982910156,302.53680419921875,79.70479583740234,124.32821655273438,455.85382080078125,94.2199478149414,67.5927505493164,96.98353576660156,134.94090270996094,19.06999969482422,75.71580505371094,163.9158477783203,657.6484985351562,16.709999084472656,104.19757843017578,70.25048065185547,140.58851623535156,487.0392150878906,354.6702575683594,124.97310638427734,176.95523071289062,291.962646484375,215.73741149902344,97.66765594482422,5911.68994140625
2025-06-30,204.18316650390625,132.34326171875,386.8800048828125,115.19000244140625,269.4875183105469,219.38999938964844,383.3423767089844,31.613603591918945,982.8359375,67.56620788574219,136.24485778808594,122.23994445800781,266.5982971191406,130.75247192382812,114.64307403564453,44.08000183105469,294.32000732421875,285.1410827636719,255.71603393554688,175.6157989501953,690.40234375,354.53179931640625,68.0999984741211,148.2950439453125,283.1040344238281,68.8014907836914,142.03343200683594,283.2356262207031,84.4249496459961,136.78726196289062,492.5411682128906,122.93677520751953,66.96285247802734,104.21134185791016,157.77984619140625,20.719999313354492,76.45572662353516,153.717529296875,691.0602416992188,18.829999923706055,101.82139587402344,70.96902465820312,155.12828063964844,521.52978515625,339.3984680175781,121.6148910522461,200.92669677734375,303.8327941894531,223.93246459960938,96.7376708984375,6204.9501953125
2025-07-31,206.57162475585938,123.33916473388672,357.69000244140625,106.77999877929688,284.82421875,234.11000061035156,434.1122741699219,29.70439338684082,932.8970336914062,66.69890594482422,144.2849884033203,117.4098892211914,258.9992980957031,142.69700622558594,115.98796081542969,36.220001220703125,313.4200134277344,306.2079162597656,269.71026611328125,191.23117065429688,705.8541870117188,355.3730773925781,74.88999938964844,159.9353485107422,290.6790771484375,66.02024841308594,134.412353515625,290.89404296875,87.39826965332031,139.3021240234375,528.2779541015625,108.96509552001953,68.54481506347656,102.33898162841797,177.6334228515625,21.700000762939453,76.90530395507812,146.17156982421875,724.1355590820312,20.360000610351562,103.42929077148438,63.76384735107422,142.9525604248047,541.8544921875,327.0625,122.63909149169922,176.4894256591797,243.05064392089844,216.0391387939453,96.93553924560547,6339.39013671875
2025-08-31,231.28562927246094,129.66299438476562,356.70001220703125,115.16999816894531,279.94427490234375,229.0,415.3016357421875,30.365882873535156,937.8480834960938,67.68841552734375,154.5115203857422,116.69029998779297,274.1181335449219,129.95883178710938,120.626708984375,37.41999816894531,313.1400146484375,318.9432678222656,273.80950927734375,212.16796875,730.8749389648438,393.33648681640625,84.61000061035156,173.2653350830078,295.7618713378906,67.08995819091797,135.4774932861328,303.95208740234375,89.88733673095703,147.14431762695312,502.55511474609375,118.81929779052734,70.0372085571289,110.85002899169922,173.94830322265625,24.399999618530273,72.44729614257812,152.5538787841797,751.2943725585938,22.670000076293945,110.20963287353516,71.4817886352539,156.5601348876953,577.737548828125,362.3923645019531,134.9634246826172,197.3687286376953,301.7875671386719,218.955322265625,96.17029571533203,6460.259765625
2025-09-30,253.69287109375,130.91409301757812,352.75,117.98999786376953,274.5830078125,219.57000732421875,472.8932189941406,28.086429595947266,920.2606811523438,67.03199768066406,149.40280151367188,112.86568450927734,271.6241149902344,129.15151977539062,108.35336303710938,41.29999923706055,323.19000244140625,335.0884094238281,299.665771484375,242.4694366455078,780.9891967773438,394.0315246582031,84.80999755859375,181.33352661132812,309.50885009765625,64.98810577392578,138.7649688720703,296.26971435546875,92.9405746459961,155.4363555908203,513.7232666015625,167.0518798828125,73.381103515625,116.4225082397461,186.3423309326172,24.780000686645508,69.21287536621094,149.26072692871094,751.8894653320312,22.950000762939453,111.91561126708984,70.13848114013672,162.9662628173828,559.4014892578125,343.0063171386719,142.79782104492188,179.09202575683594,338.4150695800781,231.4911346435547,102.19952392578125,6688.4599609375
2025-10-31,269.37493896484375,121.36451721191406,340.30999755859375,116.88999938964844,290.3749084472656,244.22000122070312,573.7537841796875,25.150407791137695,907.4449462890625,72.05937194824219,151.74069213867188,111.01251983642578,254.30665588378906,137.41180419921875,103.26644897460938,38.66999816894531,253.0500030517578,340.4104919433594,307.76458740234375,280.4606018066406,774.1439208984375,369.1365051269531,93.4800033569336,184.7074737548828,306.7639465332031,67.51628875732422,109.81938934326172,290.9466247558594,88.51019287109375,161.34091186523438,513.5844116210938,223.55133056640625,79.12600708007812,116.2576904296875,202.23207092285156,23.290000915527344,63.550262451171875,147.09591674804688,766.4482421875,23.899999618530273,121.26797485351562,72.26209259033203,177.20962524414062,648.4747924804688,341.6986999511719,138.45086669921875,158.78900146484375,334.7496337890625,215.82138061523438,100.3352279663086,6840.2001953125
2025-11-30,278.0930480957031,126.54817962646484,320.1300048828125,120.19999694824219,338.532958984375,233.22000122070312,572.262939453125,24.111507415771484,909.5755615234375,75.83433532714844,147.02444458007812,102.97884368896484,272.91351318359375,131.88731384277344,105.22757720947266,44.16999816894531,239.16000366210938,337.18304443359375,297.30487060546875,319.3494873046875,810.1065063476562,347.0908203125,104.45999908447266,203.64450073242188,308.6965026855469,71.65154266357422,113.83875274658203,304.0008850097656,102.78697967529297,166.90914916992188,488.9082946777344,236.24891662597656,84.4473876953125,110.11808013916016,176.7745361328125,24.399999618530273,70.14900970458984,144.9340362548828,856.4324340820312,22.90999984741211,125.60699462890625,88.74439239501953,164.6609649658203,777.1829223632812,341.2560729980469,150.52220153808594,165.486328125,323.1947326660156,227.04483032226562,109.58732604980469,6849.08984375
2025-12-31,271.12200927734375,123.0040512084961,349.989990234375,107.38999938964844,320.7469177246094,230.82000732421875,569.3905029296875,27.00235939025879,858.5507202148438,75.92303466796875,148.2696533203125,112.90486907958984,261.106689453125,131.2346954345703,102.4566421508789,43.83000183105469,255.25999450683594,332.27777099609375,307.1990051269531,312.3923034667969,866.318603515625,336.78814697265625,98.7699966430664,203.6740264892578,317.70855712890625,68.9871826171875,116.75083923339844,299.7541198730469,94.43004608154297,174.6515350341797,480.5711669921875,285.24627685546875,78.56571960449219,105.70585632324219,186.27279663085938,24.030000686645508,70.80406951904297,140.1896514892578,873.5869750976562,32.0,125.72866821289062,86.86253356933594,168.416748046875,768.89501953125,321.7353210449219,152.1966552734375,170.61997985839844,325.70318603515625,227.87059020996094,110.70502471923828,6845.5
2026-01-31,258.775634765625,107.84935760498047,293.25,103.4800033569336,335.0247802734375,239.3000030517578,654.89599609375,29.01274299621582,937.3972778320312,77.6075668334961,172.0943603515625,111.94225311279297,280.47186279296875,145.31532287597656,110.44641876220703,41.36000061035156,275.6099853515625,347.9354553222656,305.9623718261719,337.34375,921.914794921875,366.6302490234375,100.06999969482422,223.65267944335938,302.9676818847656,73.82250213623047,124.08057403564453,308.9439697265625,101.21297454833984,180.8274688720703,427.577392578125,414.6419982910156,86.02301025390625,95.56873321533203,190.8971710205078,30.100000381469727,76.28536224365234,149.51954650878906,930.1192626953125,34.56999969482422,128.5847930908203,84.9905776977539,149.25631713867188,738.59228515625,352.1285400390625,148.43162536621094,213.36785888671875,283.099609375,231.59422302246094,118.38610076904297,6939.02978515625
2026-02-28,263.70941162109375,114.80577850341797,262.4100036621094,103.52999877929688,383.012451171875,210.0,740.045654296875,30.1927547454834,1007.7232666015625,78.73719787597656,183.46383666992188,105.23365020751953,306.6899719238281,149.6357421875,122.21700286865234,44.060001373291016,271.3599853515625,353.8418884277344,341.3367004394531,311.1547546386719,847.1689453125,372.6300048828125,101.2699966430664,245.79718017578125,297.4310607910156,80.48339080810547,133.7886199951172,334.5029602050781,96.0029067993164,164.71324157714844,391.15484619140625,412.1334533691406,92.39338684082031,98.22700500488281,176.97415161132812,35.5,80.82615661621094,164.72073364257812,1004.8802490234375,37.43000030517578,140.41310119628906,80.14409637451172,140.16842651367188,779.5938720703125,360.022216796875,160.62542724609375,209.96267700195312,289.3549499511719,262.39276123046875,127.14035034179688,6878.8798828125
2026-03-31,253.33790588378906,101.30734252929688,243.0800018310547,93.6500015258789,347.1839904785156,208.27000427246094,705.8045043945312,27.998516082763672,993.4067993164062,76.88420867919922,203.2483673095703,95.64710998535156,265.2969665527344,130.05157470703125,142.39935302734375,42.88999938964844,289.3299865722656,340.13616943359375,283.4167175292969,287.2037353515625,838.1728515625,324.053466796875,94.12000274658203,241.84947204589844,291.3497314453125,75.56214904785156,118.26437377929688,306.5176696777344,85.87518310546875,162.794189453125,368.67596435546875,337.7880554199219,91.51644897460938,101.55975341796875,174.1969757080078,35.470001220703125,88.26720428466797,142.29823303222656,891.4257202148438,40.40999984741211,131.2275848388672,74.7686996459961,127.611572265625,770.587890625,318.9837341308594,158.67796325683594,192.17459106445312,269.0533142089844,240.25106811523438,123.74702453613281,6528.52001953125
2026-04-30,270.86663818359375,90.14704132080078,246.10000610351562,96.88999938964844,341.6582336425781,265.05999755859375,888.4617919921875,26.676528930664062,1011.451904296875,91.15898132324219,189.8982391357422,102.96106719970703,259.8916931152344,139.40194702148438,139.53445434570312,44.459999084472656,323.8999938964844,342.79132080078125,289.56903076171875,384.3232421875,915.2341918945312,323.96478271484375,95.2699966430664,227.41409301757812,311.82525634765625,78.25476837158203,111.21240997314453,289.5541076660156,80.24597930908203,189.5465850830078,406.1341552734375,517.0804443359375,96.44304656982422,110.43457794189453,199.33767700195312,37.540000915527344,90.28858947753906,146.00010681152344,905.5452880859375,49.47999954223633,140.9967041015625,84.1483154296875,177.95066833496094,705.1820678710938,320.0385437011719,155.74684143066406,278.23443603515625,368.37603759765625,266.8488464355469,131.36419677734375,7209.009765625
2026-05-31,311.7911071777344,84.9937973022461,259.2099914550781,91.68000030517578,334.8332214355469,270.6400146484375,874.2481689453125,24.53569793701172,954.8019409179688,119.97119140625,180.8814239501953,101.05567169189453,255.30419921875,143.33392333984375,132.39743041992188,50.47999954223633,383.45001220703125,345.30029296875,323.35693359375,379.8687744140625,1016.0836181640625,312.47625732421875,96.73999786376953,224.22413635253906,297.9676818847656,78.50315856933594,108.92909240722656,275.3619384765625,73.14999389648438,206.8612823486328,449.3940124511719,970.8507080078125,85.73263549804688,173.76223754882812,210.8942108154297,38.22999954223633,82.9509506225586,142.4962615966797,842.9323120117188,32.349998474121094,142.43624877929688,81.56493377685547,248.7425079345703,614.06298828125,303.1393127441406,154.26327514648438,304.12286376953125,378.15020751953125,261.42681884765625,115.47355651855469,7580.06005859375
2026-06-30,289.11065673828125,90.09739685058594,205.02000427246094,100.47000122070312,360.01605224609375,238.33999633789062,1062.92822265625,24.219999313354492,933.9849853515625,117.02222442626953,164.32589721679688,96.25,278.6099853515625,142.66616821289062,128.77430725097656,54.40999984741211,415.9599914550781,352.6877746582031,373.2647399902344,357.14044189453125,1006.4408569335938,350.1000061035156,113.36000061035156,252.7235870361328,325.86199951171875,81.2699966430664,123.39117431640625,268.4022216796875,78.2300033569336,207.8955841064453,372.319091796875,1154.112548828125,87.11490631103516,154.2913818359375,200.08999633789062,40.52000045776367,85.91560363769531,145.55343627929688,976.1539916992188,32.529998779296875,135.47000122070312,82.96949005126953,183.7897186279297,622.812744140625,343.5260009765625,151.0234832763672,296.5516357421875,415.6300048828125,270.7435607910156,112.989501953125,7499.35986328125
2026-07-31,308.6438293457031,105.69999694824219,250.41000366210938,115.4800033569336,382.92218017578125,271.5799865722656,814.8099975585938,23.959999084472656,951.8900146484375,115.98999786376953,195.12709045410156,96.19000244140625,277.6300048828125,149.3136444091797,148.69000244140625,53.029998779296875,402.57000732421875,383.4200134277344,360.07000732421875,355.9012451171875,1013.4166870117188,329.5315856933594,119.5199966430664,255.09190368652344,351.7900085449219,87.58999633789062,110.45403289794922,268.72991943359375,85.38999938964844,210.4199981689453,463.8468017578125,823.030029296875,86.27124786376953,178.5,200.75,48.779998779296875,89.73999786376953,144.49000549316406,974.5671997070312,30.290000915527344,144.61000061035156,92.1207504272461,146.81097412109375,761.7405395507812,340.0639953613281,156.84512329101562,275.739990234375,414.3999938964844,290.78057861328125,110.93441772460938,7489.72021484375
2026-08-31,316.8500061035156,110.36000061035156,292.7900085449219,114.66999816894531,429.8800048828125,259.7699890136719,797.469970703125,26.6200008392334,943.8900146484375,110.48999786376953,206.13999938964844,107.55000305175781,283.20001220703125,152.44000244140625,144.9600067138672,54.63999938964844,407.1300048828125,371.3500061035156,335.7099914550781,339.13201904296875,1020.9000244140625,325.4317932128906,123.22000122070312,265.8500061035156,356.0199890136719,88.66999816894531,114.91000366210938,261.6800231933594,90.6500015258789,213.32000732421875,507.2900085449219,958.72998046875,82.33999633789062,185.2899932861328,220.77999877929688,51.7599983215332,96.01000213623047,145.1199951171875,979.4400024414062,28.139999389648438,139.9199981689453,87.97000122070312,169.5571746826172,799.0800170898438,338.80999755859375,133.91000366210938,260.9100036621094,389.4100036621094,300.6700134277344,104.87000274658203,7686.14013671875
2026-09-30,315.3399963378906,105.2300033569336,254.86000061035156,119.2300033569336,391.2699890136719,252.39999389648438,815.5599975585938,24.59000015258789,902.5999755859375,109.43000030517578,213.80999755859375,104.18000030517578,272.2099914550781,150.33999633789062,147.00999450683594,58.33000183105469,404.6300048828125,352.6700134277344,325.4200134277344,330.6499938964844,1028.780029296875,310.45001220703125,126.01000213623047,267.0799865722656,354.7099914550781,87.55000305175781,120.87000274658203,253.47999572753906,91.88999938964844,215.35000610351562,491.6499938964844,1027.77001953125,82.6500015258789,184.74000549316406,223.6699981689453,48.4900016784668,95.81999969482422,142.63999938964844,949.469970703125,29.100000381469727,135.66000366210938,88.29000091552734,176.39999389648438,807.6500244140625,320.6400146484375,126.12000274658203,261.5899963378906,393.05999755859375,284.739990234375,105.83000183105469,7636.35986328125
