date,Agric,Food,Soda,Beer,Smoke,Toys,Fun,Books,Hshld,Clths,Hlth,MedEq,Drugs,Chems,Rubbr,Txtls,BldMt,Cnstr,Steel,FabPr,Mach,ElcEq,Autos,Aero,Ships,Guns,Gold,Mines,Coal,Oil,Util,Telcm,PerSv,BusSv,Hardw,Softw,Chips,LabEq,Paper,Boxes,Trans,Whlsl,Rtail,Meals,Banks,Insur,RlEst,Fin,Other
1926-07,99.8,31.19,,7.12,59.72,13.0,28.64,4.33,22.27,18.36,,19.14,28.07,57.59,,5.78,20.8,10.35,48.56,,27.47,110.78,52.29,9.52,43.95,,,27.74,40.52,92.79,81.22,350.36,,11.21,29.37,,26.17,227.11,,35.35,68.19,1.19,46.65,10.82,14.5,31.82,22.92,9.92,24.25
1926-08,102.06,31.14,,6.75,60.47,14.12,29.34,6.5,22.13,19.83,,20.16,28.08,62.13,,5.8,21.3,9.5,50.38,,28.91,114.29,55.11,9.46,44.21,,,29.3,40.79,91.47,86.81,353.27,,11.81,30.44,,26.06,230.17,,37.86,69.28,0.9,46.57,11.0,15.17,31.65,23.56,9.33,25.51
1926-09,104.34,31.95,,8.58,64.03,16.5,29.1,9.29,21.18,19.29,,20.72,29.13,65.51,,6.25,22.27,10.2,51.21,,29.34,116.69,57.11,8.78,44.95,,,29.45,41.18,94.45,85.01,360.96,,11.99,31.41,,24.84,241.94,,36.82,72.35,0.95,46.11,10.94,16.8,32.46,24.47,9.36,27.21
1926-10,102.91,32.21,,8.92,64.42,17.87,30.58,8.83,21.23,19.03,,21.43,29.04,68.47,,6.36,22.04,8.8,51.02,,29.3,114.93,59.8,8.15,45.96,,,29.46,41.3,90.9,86.41,364.16,,12.01,32.42,,23.27,240.4,,34.77,72.19,0.88,46.15,10.8,16.29,32.66,23.72,8.89,26.24
1926-11,102.34,30.9,,8.62,65.08,17.62,29.01,9.31,20.14,19.03,,22.17,28.29,65.06,,6.38,21.05,8.04,48.9,,29.53,108.33,54.81,7.07,43.22,,,28.51,41.9,89.9,83.37,363.74,,12.17,31.61,,21.91,240.92,,32.8,70.07,0.74,45.03,10.33,14.35,31.26,22.33,8.79,22.93
1926-12,109.25,32.79,,9.25,67.68,17.62,29.52,8.4,19.91,19.35,,22.92,29.77,68.4,,6.59,21.5,8.22,50.69,,30.28,113.84,53.21,7.47,46.61,,,30.92,41.7,89.33,86.7,369.65,,12.27,32.65,,22.2,247.05,,33.91,70.84,0.78,47.72,10.73,14.06,32.38,22.49,9.24,23.86
1927-01,104.84,32.55,,8.88,68.97,18.06,29.59,8.12,20.24,19.26,,21.74,29.98,70.73,,7.03,21.92,8.09,52.06,,31.62,109.94,58.62,8.15,47.32,,,30.86,42.3,91.36,86.12,371.52,,12.73,33.72,,22.02,272.12,,32.34,72.91,0.85,47.91,10.8,14.9,32.87,24.28,9.09,23.28
1927-02,101.01,32.36,,8.83,68.72,18.37,30.1,8.22,20.99,19.06,,22.93,31.22,70.67,,6.88,21.49,7.8,51.71,,31.94,108.81,58.01,7.97,46.81,,,32.1,40.48,95.05,84.41,378.52,,13.42,33.97,,21.9,263.93,,31.32,73.67,0.7,46.5,10.95,14.1,32.61,23.83,8.8,22.32
1927-03,108.73,33.51,,9.96,73.45,16.87,30.82,9.07,21.78,19.55,,23.87,31.28,77.5,,8.02,22.36,8.42,53.34,,34.29,113.49,63.06,7.59,49.0,,,33.75,42.76,95.61,87.9,393.55,,14.21,36.29,,23.17,269.56,,32.89,78.25,0.72,47.88,11.64,15.27,32.82,24.49,8.97,22.12
1927-04,105.94,34.13,,8.61,77.09,15.37,31.02,8.36,21.65,19.55,,23.99,31.56,81.51,,7.55,22.88,8.65,53.82,,33.35,112.85,63.88,7.59,47.82,,,34.78,45.06,88.38,87.84,409.87,,13.55,38.01,,20.26,286.44,,29.71,78.67,0.58,47.67,11.16,13.82,35.2,23.44,8.73,22.62
1927-05,111.66,34.77,,8.75,80.49,15.31,29.73,8.67,21.9,20.69,,23.9,32.48,83.7,,7.54,22.7,7.9,53.49,,33.91,119.95,65.6,6.72,47.28,,,35.72,45.24,83.12,89.13,489.8,,13.6,39.81,,22.05,290.53,,30.96,80.23,0.51,49.44,11.92,13.0,36.29,23.56,9.43,24.78
1927-06,116.26,37.03,,9.77,89.82,14.19,29.89,8.54,24.03,21.35,,25.06,33.49,86.9,,8.61,24.5,7.08,55.14,,36.71,129.82,68.34,8.81,52.36,,,35.8,46.65,86.76,97.0,506.18,,15.84,41.68,,21.57,302.81,,32.48,85.44,0.49,50.5,12.43,14.13,40.85,24.21,10.42,24.88
1927-07,111.43,35.79,,10.75,88.9,11.28,27.05,10.54,21.01,18.87,,27.53,35.26,85.18,,9.02,23.8,12.95,55.02,,33.41,103.9,67.02,10.04,49.41,,,35.93,44.04,93.23,100.48,421.56,7.0,15.98,40.59,,23.1,319.96,,32.35,80.37,1.79,47.61,13.15,15.07,36.41,19.4,18.82,19.29
1927-08,118.17,37.39,,11.15,92.78,11.57,27.29,10.49,22.11,20.02,,30.68,38.3,100.03,,9.44,25.43,12.85,60.55,,36.57,119.16,76.02,9.76,55.2,,,39.0,44.72,95.85,105.66,437.31,7.0,16.31,42.54,,26.36,342.0,,36.06,84.84,1.98,52.3,13.74,15.58,41.27,20.14,18.95,20.61
1927-09,120.52,38.25,,10.7,95.94,12.24,28.92,10.56,22.07,20.22,,29.74,38.53,101.82,,8.42,25.13,12.58,64.33,,36.74,127.58,81.08,12.65,57.18,,,39.24,45.81,94.98,108.73,439.17,7.2,17.61,45.49,,22.89,340.47,,37.24,83.13,1.93,56.1,13.77,16.36,41.32,20.34,19.53,21.61
1927-10,128.47,40.17,,11.45,99.89,12.2,29.69,10.6,22.49,21.02,,32.12,40.33,107.56,,8.57,26.11,12.2,65.93,,38.53,126.77,86.01,14.88,58.84,,,41.41,46.42,97.92,117.36,462.04,7.1,18.78,47.44,,25.03,350.72,,38.49,86.34,2.04,60.28,14.5,16.82,44.6,20.18,20.62,21.71
1927-11,121.02,39.32,,11.26,99.75,12.05,29.82,10.24,22.05,23.29,,32.61,42.43,99.32,,8.33,24.84,12.18,60.63,,36.47,116.25,81.97,12.15,54.67,,,40.02,43.5,95.35,111.96,452.37,7.3,19.58,47.64,,24.19,324.06,,38.37,82.19,1.6,57.11,14.22,17.26,49.39,19.3,20.49,20.67
1927-12,128.85,42.16,,12.42,105.83,11.45,31.15,11.09,22.5,8.41,,33.0,44.0,107.31,,8.76,26.31,12.02,69.47,,40.44,140.17,88.01,14.45,59.0,,,43.31,46.85,96.64,118.67,465.15,6.85,21.49,50.48,,29.81,348.67,,44.66,85.02,1.58,63.8,14.6,19.28,52.9,20.92,22.02,23.01
1928-01,126.95,43.55,,14.0,105.99,10.55,31.85,11.45,24.69,8.38,,32.73,43.67,106.75,,8.97,25.86,12.75,73.17,,41.43,140.73,94.58,20.3,59.83,,,48.54,45.23,98.39,120.98,465.55,6.5,20.58,55.86,,28.33,336.75,,45.12,84.57,1.76,63.31,14.24,21.02,63.26,21.13,22.54,23.26
1928-02,124.55,45.63,,13.99,103.12,10.39,31.78,11.78,25.55,8.92,,33.82,44.52,105.38,,9.9,26.2,13.81,71.24,,40.87,139.31,91.46,20.61,62.02,,,47.73,42.93,96.66,127.73,466.92,6.5,21.41,57.68,,28.15,336.36,,45.62,83.28,1.74,62.64,13.99,20.54,62.77,21.43,23.89,22.46
1928-03,125.08,43.96,,13.25,96.9,9.5,31.7,11.73,25.4,8.66,,32.95,42.76,106.14,,9.37,26.55,14.22,68.8,,39.57,137.27,91.7,18.48,59.23,,,43.91,42.36,96.0,126.36,465.52,6.03,20.76,59.36,,27.61,337.65,,45.84,81.87,1.6,61.75,13.58,19.94,61.73,21.6,22.3,21.66
1928-04,125.08,46.21,,15.17,98.64,12.84,33.27,12.82,27.83,8.97,,35.98,38.64,119.39,,10.08,28.09,14.57,72.82,,43.28,172.17,117.08,23.06,62.51,,,46.69,44.51,101.13,139.7,468.84,6.36,20.58,59.64,,31.07,348.67,,50.91,86.16,1.73,66.97,13.96,24.16,66.38,22.08,24.91,23.57
1928-05,124.72,47.61,,15.81,92.81,12.58,35.38,13.18,28.8,9.84,,38.02,38.83,118.86,,9.56,28.9,14.96,73.7,,44.74,176.32,118.22,37.32,62.52,,,46.32,45.03,117.66,154.57,483.5,6.83,23.36,60.86,,30.91,354.57,,50.61,89.23,1.62,66.7,14.0,26.8,69.59,27.44,27.4,26.16
1928-06,123.76,48.53,,16.68,92.31,13.66,35.7,14.65,28.04,9.71,,39.65,42.96,122.38,,9.06,28.31,17.92,77.39,,46.67,179.42,123.72,44.64,60.87,,,46.85,45.25,110.3,156.5,631.15,6.55,25.58,61.0,,31.79,372.26,,53.53,88.55,1.75,68.93,15.93,26.46,70.11,28.1,28.28,25.7
1928-07,120.29,46.86,,15.93,83.45,12.15,36.58,15.74,24.93,9.0,,46.87,69.99,117.98,,9.35,39.85,16.83,72.27,,44.73,164.66,113.31,36.58,56.3,,,45.07,36.75,107.63,154.49,644.26,6.02,23.92,69.83,,30.12,362.03,,42.6,90.14,3.95,65.87,15.51,52.79,82.2,34.25,24.26,22.63
1928-08,119.95,47.36,,15.94,86.22,13.38,36.81,16.22,25.06,9.03,,46.27,72.39,119.91,,8.98,40.64,16.37,74.06,,44.85,162.95,116.56,38.6,54.7,,,44.4,36.1,108.83,152.09,636.03,5.65,23.22,73.71,,31.96,380.29,,44.32,89.59,3.95,69.52,15.39,52.84,81.81,34.03,24.78,22.45
1928-09,121.14,51.44,,17.91,89.1,13.44,40.56,16.2,27.43,9.01,,49.88,83.81,130.17,,9.09,42.29,16.32,80.66,,48.05,182.99,129.47,43.94,57.42,,,47.67,36.76,110.92,161.4,664.99,5.1,26.27,77.8,,32.03,380.29,,49.79,92.77,4.11,78.83,17.24,55.45,86.6,35.31,25.94,25.11
1928-10,120.05,52.27,,17.91,88.25,16.22,44.27,16.34,30.1,8.87,,52.98,80.78,134.72,,9.44,44.45,16.06,84.93,,49.72,182.33,139.92,46.57,56.33,,,48.79,36.31,116.99,167.18,657.74,5.25,25.75,83.72,,33.17,366.66,,48.92,92.8,4.15,78.87,17.15,59.35,84.54,34.85,26.35,24.09
1928-11,125.73,51.5,,18.53,91.25,14.51,44.16,17.14,32.52,8.54,,52.64,80.87,141.55,,9.99,47.08,16.37,90.26,,50.73,186.12,139.71,43.8,55.66,,,50.39,35.41,119.55,163.61,677.23,4.9,27.51,84.5,,33.66,370.26,,46.12,91.31,4.87,83.57,16.75,50.96,87.62,34.16,26.58,22.83
1928-12,127.79,55.16,,19.59,97.07,15.45,48.84,17.82,37.88,8.71,,53.74,85.04,157.94,,10.88,51.39,16.48,103.07,,58.53,229.86,144.56,62.72,58.81,,,57.74,37.65,140.05,199.02,722.45,4.6,29.99,93.88,,37.74,382.6,,48.31,99.33,5.45,96.29,18.3,56.63,94.36,36.55,30.09,23.45
1929-01,125.32,55.85,,18.78,94.74,14.36,48.2,18.05,36.11,8.63,,52.39,84.94,161.29,,10.22,51.6,16.59,106.52,,60.15,244.17,144.29,63.05,59.31,,,58.53,37.36,133.48,201.65,711.49,4.15,28.55,110.04,,39.0,376.43,,48.81,99.0,5.22,95.02,17.61,56.9,93.02,35.93,30.65,20.49
1929-02,140.09,57.72,,20.44,97.84,15.01,53.36,18.72,38.46,8.45,,54.8,112.79,197.97,,10.07,55.75,16.73,114.57,,67.42,275.39,148.92,64.14,59.44,,,63.36,37.55,122.58,227.98,806.64,3.62,28.74,113.44,,43.89,378.49,,51.35,103.39,4.94,91.11,17.57,79.95,95.24,41.46,31.57,20.74
1929-03,149.08,55.29,,19.61,93.07,13.91,54.28,17.67,35.75,8.07,,55.85,111.23,197.58,,10.29,53.46,18.25,124.31,,68.05,270.3,148.65,65.27,59.87,,,68.5,37.82,121.72,222.98,797.33,3.9,29.92,114.61,,43.38,380.29,,54.39,101.58,4.78,88.58,17.55,83.28,90.24,43.45,32.31,19.24
1929-04,131.82,53.01,,18.99,88.56,12.84,48.42,16.57,32.78,7.57,,56.13,108.44,190.04,,9.52,49.86,18.0,123.47,,64.98,300.51,146.47,60.72,60.75,,,70.66,35.29,135.74,215.5,823.33,3.4,28.42,121.94,,42.98,368.2,,55.15,98.29,4.33,83.92,16.84,77.74,85.98,41.87,32.11,17.82
1929-05,123.33,56.07,,21.45,86.43,12.29,48.86,16.38,32.9,7.87,,57.05,109.81,196.96,,9.76,51.45,21.17,124.72,,67.67,303.71,144.51,64.94,59.55,,,66.48,34.24,136.84,225.75,851.22,3.3,29.21,130.47,,45.32,369.75,,59.33,99.5,4.44,86.63,18.56,83.36,87.18,43.23,32.07,15.9
1929-06,114.22,53.96,,19.09,85.85,10.22,44.72,17.5,29.45,7.3,,51.05,101.29,182.0,,8.39,47.68,19.82,108.55,,60.89,306.24,121.26,56.36,55.54,,,58.66,32.53,128.54,242.71,776.59,2.87,27.69,130.51,,44.13,352.78,,54.33,101.38,4.14,78.85,17.97,74.77,85.19,39.14,31.27,13.76
1929-07,111.87,59.96,,22.7,82.29,14.09,56.42,51.26,40.72,8.58,,56.87,114.37,210.12,,11.96,48.83,20.31,115.16,,64.48,332.83,125.54,110.77,57.8,,,69.37,27.78,130.92,352.91,864.12,3.5,34.88,148.46,,47.93,373.16,10.05,53.22,110.96,11.59,81.39,21.58,90.79,68.95,62.41,85.23,14.47
1929-08,115.25,63.55,,22.94,83.88,12.99,55.3,50.71,43.17,8.22,,57.49,117.99,220.66,,11.5,46.75,19.79,118.76,,67.98,366.45,120.3,117.74,59.75,,,67.48,33.07,129.65,384.78,982.32,4.5,35.47,157.88,,46.77,398.61,9.19,56.82,119.84,11.13,82.13,21.95,91.27,76.29,61.31,97.12,15.12
1929-09,116.74,66.23,,25.19,90.33,12.69,58.9,50.63,44.65,8.27,,56.25,123.62,246.18,,11.5,48.07,19.88,132.22,,74.75,415.49,121.98,131.22,62.37,,,73.16,34.8,144.23,417.85,1090.2,4.02,35.58,168.64,,44.51,454.76,10.17,62.06,129.38,10.48,88.59,22.93,95.91,85.2,64.1,100.5,14.65
1929-10,117.3,64.23,,24.55,83.09,12.81,57.45,49.89,47.53,7.88,,52.12,114.48,228.99,,11.04,46.36,19.32,120.01,,70.26,366.84,110.79,100.48,62.01,,,69.21,34.03,139.44,421.29,1067.01,3.92,42.84,196.6,,40.65,468.54,9.4,59.13,119.01,10.41,83.5,22.08,59.38,76.97,60.56,95.37,14.63
1929-11,116.52,54.19,,17.98,84.97,10.44,46.05,45.05,31.2,6.96,,43.97,92.39,172.28,,8.53,38.23,17.7,100.96,,54.34,255.83,79.41,59.95,53.89,,,60.1,31.07,127.46,292.91,902.81,2.8,35.68,141.88,,34.38,442.04,7.7,49.93,109.01,7.87,63.22,17.73,39.61,60.01,54.63,67.36,9.85
1929-12,107.94,48.64,,15.85,79.05,8.03,38.91,43.83,27.15,6.4,,40.2,84.34,143.4,,7.28,34.01,17.35,86.28,,46.58,208.87,64.34,41.89,52.12,,,51.08,30.09,118.4,246.93,817.32,1.7,31.36,101.69,,28.69,371.02,6.5,42.81,100.17,7.35,55.02,15.86,30.67,49.35,55.86,55.54,8.3
1930-01,101.8,48.16,,16.1,80.57,7.54,35.42,45.61,27.23,6.59,,39.67,85.41,152.38,,7.1,33.15,18.79,85.37,,47.87,234.06,66.59,47.67,51.91,,,49.18,28.35,117.01,256.52,817.28,1.7,24.15,109.34,,27.03,376.32,6.24,42.56,99.55,7.14,51.4,16.21,30.74,46.35,49.27,58.16,7.58
1930-02,100.93,50.75,,14.52,87.47,6.58,44.85,46.23,29.83,6.81,,41.45,86.57,164.6,,7.81,35.47,18.85,89.81,,51.8,259.69,70.72,48.14,53.06,,,51.86,28.1,118.05,287.65,827.04,2.15,20.5,119.65,,30.09,410.77,9.36,45.26,102.93,7.39,53.53,18.08,51.73,53.65,50.27,63.34,9.98
1930-03,123.19,51.11,,14.68,91.73,7.97,52.3,48.82,27.12,6.75,,43.34,86.75,167.8,,8.25,35.56,20.24,89.53,,54.14,280.02,72.48,59.99,53.7,,,51.17,29.36,111.42,311.32,885.44,1.6,27.92,124.22,,29.14,458.47,8.64,49.16,104.68,7.05,50.43,18.05,56.83,55.02,47.28,70.12,12.12
1930-04,121.48,51.4,,13.4,95.12,10.17,59.97,49.5,26.92,7.21,,50.94,91.94,184.91,,7.95,36.59,20.4,93.89,,56.76,303.97,83.13,76.53,52.4,,,51.54,29.61,132.47,341.69,954.99,1.57,26.97,123.97,,30.07,500.87,9.3,52.06,108.52,6.7,48.94,18.81,58.87,60.95,50.84,76.28,12.88
1930-05,126.25,53.87,,11.76,92.34,7.91,63.44,50.33,26.29,7.12,,46.24,93.4,174.86,,7.13,34.34,22.06,81.68,,60.24,313.01,75.81,72.33,48.42,,,44.29,26.91,144.82,352.48,911.8,2.1,27.38,115.75,,23.63,527.9,7.29,50.7,101.24,6.97,49.95,19.25,53.51,55.13,51.8,75.13,12.46
1930-06,122.35,55.0,,11.71,93.6,7.94,60.81,49.63,24.29,6.79,,43.8,92.18,170.21,,6.72,33.69,22.38,81.46,,56.46,297.68,78.84,66.29,46.13,,,46.68,26.37,138.6,346.82,915.48,1.77,24.06,114.19,,20.73,508.82,5.75,49.88,100.26,6.32,49.87,18.86,50.18,52.85,50.04,69.82,11.38
1930-07,128.24,55.01,,10.07,93.31,9.7,58.83,52.1,51.7,16.88,,31.21,81.74,116.78,19.69,6.33,28.77,53.46,71.96,,42.92,211.75,54.98,42.58,39.89,,,42.56,23.35,120.23,321.25,916.69,1.2,21.24,75.98,,9.48,454.14,2.61,42.7,88.17,7.77,41.04,15.61,47.45,47.66,43.02,39.47,9.93
1930-08,129.74,56.68,,10.07,95.97,10.98,60.0,52.68,54.39,17.42,,35.16,85.73,122.96,22.48,6.63,31.16,55.74,75.34,,44.14,220.2,61.35,45.72,41.01,,,43.94,22.79,126.7,333.49,928.36,1.32,22.62,78.65,,11.39,469.9,2.87,45.69,90.63,7.63,42.08,16.02,50.63,49.68,42.42,41.6,10.49
1930-09,131.35,57.49,,11.0,99.34,11.64,62.17,50.85,54.69,16.88,,35.58,92.87,127.83,21.13,6.53,30.24,53.94,73.17,,44.37,223.8,59.23,45.36,41.38,,,37.66,23.34,121.84,336.3,943.67,1.25,23.51,81.11,,10.78,494.66,2.97,44.93,90.5,7.04,44.13,16.27,51.04,49.24,36.24,42.99,10.56
1930-10,114.71,51.45,,9.65,90.07,10.37,50.02,51.42,48.81,16.1,,32.58,84.16,109.35,15.04,5.65,24.96,47.2,62.79,,36.84,177.59,49.33,31.36,36.47,,,34.15,21.92,104.29,295.61,884.75,1.3,20.92,71.68,,8.84,439.51,2.15,39.1,82.44,6.33,39.25,13.85,44.04,43.33,30.31,33.69,9.21
1930-11,96.26,49.2,,9.35,85.68,9.9,45.5,46.86,46.22,15.28,,31.84,79.96,95.71,13.52,5.39,21.69,37.09,58.5,,32.83,144.5,43.7,26.02,32.68,,,30.4,19.19,97.0,270.63,848.31,1.12,19.83,61.2,,7.96,386.61,1.87,37.41,76.53,5.93,35.77,12.4,42.39,38.81,27.45,27.41,7.68
1930-12,98.86,49.51,,9.68,84.33,9.1,42.6,45.46,45.32,15.48,,30.38,76.81,95.33,14.53,5.15,21.23,34.55,57.83,,32.39,139.28,46.45,24.26,35.0,,,31.77,17.34,91.56,245.85,820.53,1.21,18.7,58.44,,8.43,375.92,1.59,37.52,71.98,6.09,36.64,12.05,39.33,38.13,24.17,24.46,7.48
1931-01,75.55,47.46,,8.56,81.14,8.68,35.15,42.66,42.52,14.11,,28.73,70.63,90.46,12.17,4.81,18.19,29.67,52.15,,29.13,121.2,45.61,20.29,29.89,,,28.83,15.76,79.66,236.07,779.31,1.05,18.35,58.34,,7.37,330.9,1.2,35.3,65.65,5.81,31.43,10.94,39.76,33.29,19.82,20.71,6.6
1931-02,87.49,49.58,,8.96,86.2,8.53,41.15,42.91,45.83,14.07,,31.58,76.05,89.66,14.2,5.4,19.57,28.78,54.26,,30.74,127.32,48.71,24.85,31.94,,,30.71,17.76,83.82,248.82,816.62,1.52,19.46,61.75,,7.41,349.47,1.61,36.2,74.02,6.08,33.6,11.68,41.08,38.0,20.92,26.06,7.8
1931-03,99.01,52.73,,10.46,91.14,9.15,44.64,43.5,48.65,14.43,,32.14,82.27,101.36,17.07,6.24,22.33,32.98,61.83,,34.16,159.22,57.55,31.85,36.5,,,34.91,17.66,88.47,285.7,865.17,2.0,19.9,70.58,,8.64,398.43,2.82,40.53,75.3,5.95,38.57,12.93,47.47,40.46,25.54,31.41,8.79
1931-04,87.38,52.36,,7.67,90.75,8.41,41.32,42.86,46.74,14.43,,31.4,84.07,93.65,18.67,6.02,20.47,32.57,56.7,,31.19,145.42,55.06,28.49,33.63,,,32.26,15.33,75.29,276.95,824.15,3.45,19.23,64.78,,8.22,366.35,2.36,40.33,67.14,5.73,37.18,12.09,41.28,38.44,20.83,28.81,10.63
1931-05,85.49,47.54,,5.99,93.1,7.34,29.75,39.17,44.43,13.23,,29.38,81.55,81.47,14.87,5.26,17.59,28.23,46.89,,26.23,132.23,50.71,24.95,27.17,,,28.08,13.67,66.29,251.4,789.11,2.85,17.69,58.24,,6.35,350.03,1.77,36.83,62.03,5.46,35.3,10.53,36.28,35.05,16.46,23.64,8.73
1931-06,79.72,41.35,,5.42,82.19,6.92,22.38,35.37,39.53,13.14,,23.88,73.84,71.22,13.1,4.86,14.88,23.06,37.05,,21.07,117.06,42.78,21.84,22.15,,,25.63,11.12,57.87,222.36,718.54,2.4,10.57,47.62,,5.18,292.07,1.38,31.19,50.9,4.63,34.23,9.82,34.4,29.45,12.79,18.64,8.04
1931-07,84.77,44.95,,5.94,91.69,7.04,29.55,34.85,48.29,14.81,,27.79,76.3,77.29,14.7,5.21,16.38,21.23,43.46,,22.93,138.02,48.36,24.9,26.89,,,31.54,12.71,74.0,252.15,896.06,4.21,11.76,57.96,,6.11,333.15,2.08,31.63,61.13,4.71,35.41,11.02,40.03,34.16,13.95,40.93,8.6
1931-08,84.91,42.82,,5.31,88.41,5.93,27.06,34.1,47.08,14.31,,26.01,79.49,72.26,12.97,4.87,14.81,18.27,36.73,,20.11,123.62,47.1,22.24,24.38,,,28.95,10.52,71.73,238.05,852.38,3.94,11.11,50.22,,5.72,304.73,1.8,27.35,54.31,4.31,35.5,10.1,33.57,31.43,12.55,37.46,9.24
1931-09,81.78,43.17,,6.05,84.78,5.77,29.1,32.16,46.56,13.93,,27.45,78.2,72.9,12.0,4.89,14.12,18.17,36.74,,19.63,128.32,45.15,23.35,22.59,,,29.5,10.03,78.11,236.98,859.33,3.97,10.64,51.1,,5.56,319.64,1.84,27.63,51.1,4.37,36.46,10.21,35.14,31.22,13.29,37.39,9.27
1931-10,51.34,30.67,,4.53,65.8,4.2,16.41,25.42,30.28,12.58,,19.54,54.59,50.11,8.11,3.81,9.6,11.49,26.65,,12.94,83.64,29.33,13.8,16.66,,,19.95,7.03,54.18,147.67,662.64,2.9,8.19,32.97,,3.2,223.97,1.11,21.04,40.05,3.19,25.23,7.3,22.44,16.87,8.42,22.29,7.01
1931-11,47.85,34.8,,5.63,69.73,4.52,19.63,19.6,34.76,12.26,,22.82,60.14,54.13,8.45,3.88,10.01,11.92,26.91,,14.09,92.71,32.86,15.61,18.65,,,23.75,7.17,62.51,162.68,691.4,3.06,8.57,36.43,,3.48,245.36,0.93,23.43,38.67,3.41,28.74,8.1,28.53,21.75,9.16,24.01,7.27
1931-12,43.42,33.74,,5.03,64.97,4.11,13.45,17.65,32.05,12.08,,20.77,58.24,50.93,8.11,3.49,9.24,9.91,24.52,,12.96,77.99,30.95,15.03,15.39,,,20.46,5.9,56.6,153.99,644.0,2.73,8.05,34.27,,3.38,216.1,0.83,20.78,30.09,2.81,25.59,6.92,30.2,19.44,7.86,20.89,6.83
1932-01,35.36,30.24,,4.64,60.2,2.59,9.14,13.64,29.1,10.17,,19.18,55.74,47.39,7.1,3.24,7.69,8.12,18.03,,10.87,65.95,28.92,12.83,12.37,,,16.83,4.52,45.82,132.96,581.57,2.55,6.33,30.53,,2.66,185.14,0.62,18.2,25.14,1.95,21.56,5.86,22.5,16.01,6.05,15.94,5.88
1932-02,30.95,29.75,,4.33,65.0,2.22,10.87,12.72,29.03,10.66,,19.36,53.86,44.47,7.1,3.25,7.76,8.33,18.57,,11.03,56.48,26.59,14.08,13.87,,,17.76,4.77,43.4,129.35,558.06,2.56,6.3,29.26,,2.67,178.95,0.8,18.07,27.08,1.1,21.72,5.64,26.78,15.83,6.12,16.43,6.29
1932-03,38.98,31.65,,5.1,66.57,2.45,11.53,12.46,29.86,10.76,,17.4,55.22,47.99,6.84,3.34,8.61,8.65,19.4,,10.8,61.33,26.67,13.6,14.51,,,17.16,4.61,46.73,137.29,622.98,2.65,6.26,30.1,,2.56,175.86,0.76,19.91,25.79,1.18,22.28,6.05,30.88,16.99,6.59,18.93,6.5
1932-04,33.07,29.14,,4.52,65.83,2.22,8.75,10.88,24.86,10.32,,16.47,51.11,43.84,6.08,3.19,7.09,7.7,16.17,,9.34,50.19,20.73,9.5,11.98,,,16.05,3.81,46.32,122.4,550.15,2.37,6.06,27.32,,2.07,164.32,0.81,18.2,21.02,1.78,20.68,5.52,24.98,14.84,6.57,15.61,5.51
1932-05,27.88,25.65,,4.05,59.27,2.16,6.55,9.43,22.22,9.74,,13.1,41.01,29.09,4.22,2.78,5.97,6.23,13.02,,7.43,38.62,14.73,8.22,9.83,,,13.64,3.12,40.63,102.99,481.95,1.62,5.38,21.9,,1.55,109.74,0.45,12.8,15.71,1.56,17.28,4.43,21.19,8.58,3.22,13.34,4.77
1932-06,17.72,19.93,,3.02,45.99,1.22,3.65,6.98,17.54,9.39,,9.77,25.54,25.79,3.3,2.11,4.88,4.94,10.06,,5.79,25.59,11.78,5.87,7.55,,,12.09,2.45,38.06,74.14,429.87,1.37,4.7,18.94,,1.3,89.48,0.28,10.64,10.14,1.16,12.21,3.27,14.53,5.65,1.53,9.44,4.06
1932-07,18.54,20.1,,3.61,48.19,1.08,4.03,4.64,12.28,8.95,,11.2,27.71,23.56,3.04,2.05,5.1,4.58,10.36,,5.15,27.85,10.79,6.35,8.14,,,10.27,2.51,39.52,76.37,390.21,1.44,3.71,19.09,,1.56,88.27,0.12,10.2,9.94,0.81,12.59,3.33,15.46,8.03,2.66,10.44,3.7
1932-08,35.47,25.63,,4.27,60.05,1.71,6.71,6.59,16.24,7.06,,13.02,36.46,30.24,4.31,2.67,6.89,5.85,16.8,,7.4,43.31,15.57,8.97,11.74,,,14.98,3.92,52.72,98.58,455.35,1.61,4.92,23.66,,2.13,99.83,0.17,12.39,16.03,0.93,16.0,4.17,20.79,13.01,3.31,16.1,4.74
1932-09,43.45,32.47,,5.99,70.05,1.94,11.37,8.77,20.52,8.97,,16.36,49.28,41.04,8.45,4.31,9.27,9.42,26.73,,11.21,64.96,23.36,15.46,15.56,,,19.37,8.83,61.12,140.53,583.62,2.1,5.74,32.33,,3.44,125.21,0.69,17.4,26.46,1.59,21.15,5.19,27.03,18.16,4.89,26.93,5.89
1932-10,34.65,31.99,,5.81,69.5,2.05,10.03,9.15,20.56,8.95,,15.66,42.51,43.23,6.42,3.91,9.6,8.58,24.03,,10.67,60.8,24.67,19.48,15.66,,,18.13,8.29,55.83,133.47,573.76,1.72,5.54,29.94,,3.24,122.39,0.45,16.84,25.67,1.83,21.67,5.17,26.19,16.83,4.48,24.76,5.53
1932-11,27.94,28.98,,5.07,59.74,1.7,7.39,7.09,18.02,8.16,,13.41,34.24,36.1,5.41,3.4,8.18,6.54,20.22,,8.28,47.85,18.57,15.34,12.11,,,16.81,6.53,54.12,118.83,527.11,1.42,4.94,25.26,,2.25,116.18,0.45,16.0,20.63,1.45,18.93,4.44,25.37,12.56,4.02,20.36,5.19
1932-12,31.74,27.32,,4.8,54.18,1.82,6.47,6.97,17.05,7.81,,13.31,35.62,35.24,4.39,3.07,7.7,6.02,15.67,,7.69,43.36,17.81,13.8,11.55,,,17.17,5.26,51.38,113.65,521.18,1.43,4.71,23.49,,2.31,111.67,0.45,15.48,18.59,1.3,17.74,4.14,21.57,13.76,3.53,19.62,4.72
1933-01,35.36,29.45,,5.12,54.02,1.42,6.32,7.48,17.32,7.55,,11.78,39.03,39.66,4.48,2.85,7.82,5.42,14.35,,7.84,45.12,19.03,16.61,11.01,,,16.68,4.85,51.47,123.5,529.07,1.2,4.59,24.16,,2.27,123.52,0.28,16.89,19.55,1.17,18.55,4.24,21.9,14.04,2.92,21.57,4.44
1933-02,42.05,29.22,,4.32,60.14,1.26,4.74,7.37,15.83,8.34,,12.02,38.35,41.18,4.82,2.76,7.68,5.64,14.73,,8.36,44.94,19.16,16.32,13.14,,,16.62,5.31,49.75,117.9,530.67,1.16,4.96,24.7,,2.19,131.98,0.26,18.49,22.36,1.08,18.03,4.61,28.59,15.22,3.16,20.99,4.28
1933-03,37.76,26.33,,3.82,54.24,1.15,3.79,5.9,12.46,7.95,,9.79,33.95,34.39,3.72,2.57,6.47,4.14,12.22,,6.37,34.86,14.17,11.91,11.7,,,15.23,4.07,42.87,93.6,489.43,0.86,4.31,20.84,,1.79,115.06,0.19,16.07,18.55,1.0,14.89,3.77,22.42,11.74,2.28,16.85,4.18
1933-04,47.43,28.96,,4.8,57.91,1.73,3.04,6.83,13.9,8.52,,10.22,32.27,37.2,4.23,2.63,7.34,4.08,14.0,,7.87,37.15,15.86,13.0,13.43,,,16.47,4.44,44.15,80.97,449.62,0.83,4.47,23.25,,1.84,117.88,0.35,17.12,19.73,1.0,16.14,3.76,23.33,9.77,2.39,15.48,4.06
1933-05,67.65,38.32,,6.19,77.0,1.94,5.45,10.5,21.82,12.05,,12.49,44.98,54.39,7.77,4.02,10.25,5.6,25.73,,11.69,59.29,28.84,18.77,19.94,,,20.78,6.02,61.53,101.58,509.07,0.87,5.03,33.11,,2.76,146.64,0.35,24.38,25.23,1.45,23.03,4.12,33.08,17.11,3.57,21.45,5.5
1933-06,76.65,42.44,,11.61,83.51,3.4,8.06,12.43,25.72,15.17,,13.98,55.57,69.81,11.32,5.61,14.6,8.99,32.27,,15.69,70.52,35.88,23.21,25.23,,,27.53,7.93,71.59,120.35,597.5,1.61,6.05,40.45,,4.11,175.97,1.14,27.77,33.41,2.28,26.84,5.14,41.45,22.3,5.24,26.77,7.93
1933-07,91.04,47.06,,17.28,92.32,5.22,9.67,13.9,27.34,14.87,,14.87,61.95,77.14,10.68,6.64,20.24,10.03,34.32,,19.14,73.4,44.93,25.71,31.71,,,30.83,9.16,81.25,136.8,649.17,1.51,5.7,47.91,,3.49,185.71,1.25,29.13,35.97,3.41,32.01,5.7,46.78,20.55,7.04,31.64,9.31
1933-08,82.79,43.17,,14.7,90.35,3.82,9.18,10.45,24.66,14.23,,13.02,49.58,69.93,7.84,5.6,17.27,8.08,30.83,,15.29,65.07,41.86,22.27,25.88,,,28.09,6.93,71.78,118.19,620.83,1.27,5.27,41.22,,3.88,171.08,1.19,27.26,34.35,2.94,27.7,4.77,38.1,19.51,5.19,27.75,9.68
1933-09,98.88,46.55,,19.57,98.94,4.2,12.04,13.47,27.43,15.05,,12.74,48.8,84.63,11.32,6.2,19.86,8.61,34.39,,18.28,73.83,49.94,27.42,32.18,,,32.86,8.1,85.41,121.16,648.94,1.46,5.16,46.54,,4.21,187.96,0.99,30.2,39.69,3.31,29.51,5.15,46.83,21.15,6.02,29.75,11.34
1933-10,85.94,42.26,,18.44,94.61,3.77,11.06,10.01,24.09,13.11,,12.14,48.17,77.91,10.68,5.55,17.1,5.97,31.25,,15.37,59.36,42.33,21.87,28.35,,,34.58,6.43,83.5,96.84,614.63,1.22,4.43,39.49,,3.8,172.2,0.81,28.91,32.03,2.59,26.92,4.51,45.0,17.94,4.73,23.84,9.83
1933-11,84.76,38.46,,17.24,83.59,2.6,9.8,9.47,22.36,12.62,,11.14,45.36,73.93,9.06,5.0,15.94,5.48,27.21,,14.54,52.9,37.97,18.97,24.27,,,32.93,5.29,79.67,89.42,570.47,1.08,4.0,36.99,,3.32,159.82,0.52,27.92,27.98,2.39,24.84,3.75,39.79,16.97,4.3,20.32,9.27
1933-12,94.35,40.48,,16.0,86.71,2.98,10.21,9.1,24.03,13.83,,11.97,49.0,84.77,9.38,5.15,17.65,5.51,30.31,,16.45,59.35,47.15,22.28,26.74,,,32.79,5.71,90.83,86.24,602.61,1.07,4.2,43.84,,3.72,176.42,0.5,30.9,29.67,2.57,28.36,3.98,41.99,17.07,2.92,21.91,9.89
1934-01,87.29,39.04,,15.76,81.64,2.64,9.8,9.31,22.98,13.47,,9.17,43.77,90.39,10.92,5.47,18.29,5.33,32.0,,16.78,63.25,51.66,22.59,29.66,,,32.21,5.49,89.67,86.98,568.84,0.9,4.23,44.15,,4.7,182.33,0.62,31.83,31.63,2.16,29.63,3.96,46.38,16.71,3.24,22.32,10.46
1934-02,95.78,42.87,,18.18,86.92,3.39,11.35,11.72,25.19,15.64,,11.95,50.46,94.45,12.94,6.71,21.14,7.27,36.11,,19.89,74.21,58.37,34.08,33.32,,,32.86,6.91,97.12,104.67,602.77,1.49,4.77,49.79,,6.62,201.18,0.73,32.91,38.18,2.97,34.56,5.15,60.46,27.59,4.67,26.76,11.69
1934-03,94.99,39.75,,15.91,83.36,3.35,12.48,11.55,25.28,15.08,,11.05,48.15,91.65,13.02,6.78,19.72,6.78,35.4,,19.03,68.14,56.64,27.52,32.3,,,33.65,6.91,93.39,101.88,615.56,1.48,4.95,47.47,,6.41,203.72,0.74,33.62,36.75,3.13,35.44,5.44,66.74,26.96,5.8,25.62,12.36
1934-04,99.28,40.13,,16.36,82.23,3.26,13.11,12.82,23.73,14.65,,10.87,47.72,90.62,12.7,6.81,19.4,6.48,34.96,,18.91,72.22,56.43,27.93,32.25,,,35.13,6.43,92.01,99.82,612.22,1.56,4.76,45.1,,6.2,195.27,0.97,33.08,36.69,3.21,36.14,5.83,69.25,27.5,5.66,25.34,12.19
1934-05,107.37,41.11,,16.18,85.56,3.9,12.47,14.01,23.52,14.42,,10.78,51.99,87.56,12.94,6.64,19.18,5.99,33.36,,18.14,69.04,52.7,25.51,32.31,,,34.04,6.32,90.11,95.93,604.54,1.54,5.03,44.72,,6.17,209.34,1.06,33.82,36.14,3.27,35.58,5.47,71.01,28.33,5.19,24.65,11.95
1934-06,104.3,39.22,,13.33,86.16,3.44,12.21,12.85,22.08,13.66,,10.32,51.26,80.92,11.32,5.84,17.15,5.09,29.45,,15.69,63.43,45.48,23.15,27.74,,,34.27,5.74,87.68,87.59,578.52,1.42,4.84,41.12,,5.47,215.25,0.81,31.23,32.84,2.96,32.77,4.71,64.35,26.69,4.84,22.51,10.96
1934-07,105.83,39.33,,17.12,84.24,2.91,13.5,12.29,23.45,13.82,,10.21,29.74,84.53,10.93,5.73,17.99,5.15,31.69,,15.54,63.99,43.73,22.29,27.22,,,35.39,5.92,86.34,91.03,574.97,1.58,7.52,41.39,,5.8,219.38,0.61,32.66,32.36,2.89,32.93,4.51,58.46,27.18,4.38,22.42,11.95
1934-08,97.63,37.16,,12.95,83.47,2.33,10.1,10.1,21.18,13.47,,9.71,29.25,80.06,9.97,4.7,15.02,3.73,26.5,,12.69,54.89,37.42,18.06,22.52,,,31.56,4.55,78.15,75.2,549.97,1.19,6.83,36.11,,5.01,218.25,0.48,31.33,25.86,2.4,30.25,3.75,53.38,24.1,3.19,18.27,11.25
1934-09,108.06,38.36,,14.8,85.93,2.39,12.4,10.45,22.77,13.7,,9.42,27.98,84.37,11.01,4.95,16.57,4.19,28.83,,13.98,58.83,40.85,19.54,22.53,,,34.52,4.94,82.46,75.85,564.04,1.28,4.73,38.66,,5.7,224.44,0.61,32.89,26.57,2.63,31.49,4.05,58.46,24.31,3.46,19.21,11.82
1934-10,109.25,37.38,,14.54,87.56,2.17,13.67,10.37,22.02,13.78,,9.55,28.09,84.9,11.05,5.14,16.15,4.18,27.54,,14.3,58.02,41.07,18.24,22.46,,,33.17,5.12,80.26,76.85,562.87,1.19,4.72,38.36,,5.87,224.44,0.45,33.37,26.54,2.64,32.23,3.92,58.15,24.87,3.36,18.25,11.76
1934-11,102.89,37.09,,15.01,89.9,2.0,12.99,10.15,23.21,14.14,,10.1,27.69,85.07,11.65,4.9,17.13,3.55,25.84,,14.56,55.29,40.01,17.48,23.38,,,33.29,5.09,76.38,70.87,554.76,1.21,6.92,40.86,,5.96,237.38,0.45,33.6,25.99,2.84,32.72,3.79,62.64,35.36,3.01,18.42,12.1
1934-12,105.51,39.86,,18.03,97.44,2.56,14.7,12.02,25.89,15.04,,10.98,28.3,92.03,13.42,5.66,19.67,3.87,29.72,,17.6,63.87,46.8,22.65,27.42,,,32.77,5.36,81.18,69.8,545.14,1.22,7.19,45.93,,6.89,252.56,0.97,36.26,27.32,3.17,35.72,4.17,71.0,39.95,3.53,19.28,13.6
1935-01,110.26,39.28,,18.4,93.68,2.2,14.48,12.11,26.03,15.4,,10.72,28.48,91.47,13.82,5.38,19.82,3.46,30.87,,19.02,66.95,48.45,23.69,27.16,,,33.25,5.38,81.64,63.48,530.76,1.47,5.03,45.81,,6.81,252.0,1.07,37.8,27.31,3.28,35.07,4.3,72.97,38.33,3.61,19.37,13.42
1935-02,106.51,39.14,,16.73,91.51,2.21,13.36,11.41,26.27,15.25,,10.83,28.16,90.06,12.78,5.26,19.19,3.17,29.06,,18.85,68.5,44.06,22.37,26.6,,,31.34,4.97,78.05,61.34,528.3,1.28,4.71,44.44,,6.25,253.13,0.83,37.83,25.53,2.92,33.18,4.08,73.51,36.19,3.4,17.58,12.69
1935-03,118.38,39.75,,17.02,91.47,1.96,12.76,11.17,27.78,15.08,,10.82,29.11,89.7,12.22,4.98,18.44,2.62,27.08,,18.91,66.96,44.22,20.65,24.21,,,30.91,4.5,74.93,53.19,533.78,1.16,4.85,45.36,,6.56,271.97,0.55,40.05,23.58,2.85,32.83,3.96,76.01,36.41,2.93,16.59,12.3
1935-04,119.67,37.48,,16.82,85.46,1.93,12.07,10.51,25.84,14.52,,10.46,28.1,86.69,11.29,4.45,17.06,2.72,25.9,,17.42,62.5,41.39,19.2,21.92,,,31.92,3.97,72.14,59.48,518.74,0.99,4.99,44.04,,7.19,269.44,0.57,39.08,21.32,2.62,31.23,3.75,74.19,33.58,2.52,16.41,11.73
1935-05,125.52,38.99,,16.06,93.13,1.98,13.3,11.39,27.19,15.18,,9.94,29.22,94.11,12.22,4.72,18.84,3.21,29.56,,19.14,68.19,44.65,22.03,20.0,,,34.73,4.29,83.34,65.99,566.09,1.13,5.29,47.92,,8.13,310.5,0.59,40.34,23.2,2.69,33.43,3.61,76.49,36.34,1.77,17.65,12.68
1935-06,124.27,39.01,,15.8,94.64,2.15,14.99,11.67,26.9,15.48,,10.34,27.44,96.65,11.49,4.79,19.38,3.59,29.42,,19.61,70.71,45.56,20.26,21.69,,,35.92,3.98,85.94,74.4,613.53,1.08,5.64,48.06,,7.94,313.88,1.07,41.38,24.01,2.64,34.16,3.63,78.84,39.36,2.16,18.77,13.22
1935-07,125.92,41.94,,17.54,97.98,1.94,16.34,11.59,27.36,15.64,,10.68,28.48,102.38,11.7,5.19,20.97,3.69,28.96,,22.5,77.24,47.94,18.04,23.51,,,35.35,4.14,94.47,81.05,635.19,1.09,6.0,50.57,,9.17,330.19,1.0,45.92,25.52,2.66,35.64,3.78,66.72,42.4,2.83,19.89,14.07
1935-08,106.7,43.37,,17.76,105.38,1.84,16.99,11.91,29.34,16.31,,9.42,29.83,107.34,12.5,6.23,23.49,5.81,33.39,,26.0,88.05,56.82,20.53,27.19,,,35.3,4.42,95.64,88.42,671.63,1.49,10.54,51.51,,10.25,332.44,1.11,48.27,28.09,2.63,38.33,3.88,69.29,45.96,3.35,21.94,14.62
1935-09,105.21,41.7,,19.48,104.76,2.31,19.16,11.47,29.69,16.13,,9.92,29.41,112.22,12.98,6.28,23.66,6.43,35.54,,26.49,92.13,62.45,22.33,25.11,,,37.1,4.52,93.43,94.13,698.97,1.55,6.6,51.92,,10.03,333.0,1.11,46.83,28.33,2.98,39.3,4.08,71.51,45.73,3.69,23.93,14.47
1935-10,98.75,43.03,,21.01,105.69,2.51,21.05,11.35,29.75,16.01,,9.54,29.8,119.79,14.34,7.22,24.32,5.67,36.94,,27.99,99.44,69.24,23.44,22.05,,,33.66,4.49,90.1,91.94,717.72,1.55,6.79,54.66,,10.98,351.56,1.66,47.96,28.5,3.08,38.93,4.16,69.29,46.6,3.5,24.15,14.87
1935-11,101.62,45.58,,24.22,107.33,2.56,21.83,12.37,29.72,16.52,,10.06,31.57,124.43,15.82,7.72,27.39,8.51,39.01,,30.28,107.45,78.62,23.37,24.78,,,33.26,4.29,102.38,104.72,740.01,1.54,10.65,61.56,,12.9,373.5,1.25,49.74,28.25,3.23,39.34,4.4,64.64,48.5,4.52,28.39,15.78
1935-12,101.0,46.53,,23.6,106.23,3.77,24.76,13.71,28.76,16.82,,10.18,31.76,126.49,18.27,7.81,28.92,8.03,41.83,,31.72,116.41,80.39,26.93,27.74,,,35.94,4.78,104.45,104.94,811.96,1.86,11.81,63.62,,13.88,361.13,1.05,50.13,32.3,3.61,40.09,5.11,67.79,49.24,5.31,33.9,16.98
1936-01,98.1,48.38,,23.24,105.14,3.54,25.16,13.85,30.09,17.06,,10.08,32.53,127.59,19.31,8.06,31.3,10.17,43.61,,32.75,121.08,85.36,32.94,29.25,,,38.36,4.67,122.18,110.51,798.98,1.82,4.58,65.96,,14.35,351.28,1.29,47.91,33.21,3.63,39.45,5.12,65.19,49.53,6.73,36.92,16.88
1936-02,112.31,49.37,,21.55,108.62,3.54,28.62,14.1,30.56,17.75,,10.57,33.6,134.42,19.07,8.77,33.44,11.97,46.51,,35.44,130.05,88.76,33.97,33.17,,,42.21,5.05,139.36,124.25,832.25,1.81,5.18,69.06,,17.68,354.94,1.81,44.65,38.15,3.9,38.11,6.06,67.87,50.75,7.52,39.56,16.9
1936-03,108.06,50.78,,23.52,104.33,4.11,29.14,13.8,30.19,18.51,,11.45,34.23,137.94,19.47,8.82,35.4,11.25,51.32,,37.69,128.77,91.66,35.28,36.38,,,43.19,5.51,144.14,115.43,886.93,1.92,12.35,72.52,,17.3,361.13,1.89,44.48,39.81,3.69,38.27,6.41,66.66,49.97,7.62,39.41,15.82
1936-04,107.3,49.83,,23.32,99.42,4.06,27.45,17.67,31.08,18.1,,11.28,35.53,141.55,19.39,8.93,34.9,12.4,52.14,,40.55,127.51,101.01,38.55,33.68,,,41.3,5.15,146.53,115.89,845.6,1.88,12.34,70.05,,17.63,378.56,1.79,44.83,38.48,3.66,39.28,6.63,68.4,47.5,6.61,37.88,16.09
1936-05,102.57,47.39,,20.82,96.85,3.5,24.21,15.59,29.31,17.02,,9.65,32.41,132.2,19.87,7.91,30.89,11.01,46.39,,36.19,115.39,91.0,32.78,30.02,,,38.97,4.42,131.44,105.98,798.0,1.77,11.64,64.49,,17.21,352.69,1.34,43.7,35.59,3.21,37.27,5.88,72.31,42.38,4.94,33.4,14.61
1936-06,114.55,49.97,,20.41,100.85,3.37,23.86,15.44,28.71,17.28,,10.03,33.62,139.87,21.95,8.13,32.2,12.22,49.36,,39.01,123.19,93.32,36.55,33.77,,,40.16,4.54,129.78,115.49,849.55,2.09,12.08,64.91,,17.57,363.38,1.6,45.04,37.85,3.38,40.31,6.2,94.31,45.86,5.5,35.42,14.06
1936-07,114.3,49.38,,17.17,96.83,3.28,21.87,15.18,28.98,17.18,,9.61,55.17,139.8,20.08,9.58,32.52,12.21,48.93,,36.71,117.03,97.81,35.03,34.93,,,34.78,4.37,129.28,119.91,859.01,2.24,11.47,66.57,,17.93,380.98,6.23,38.38,38.11,3.75,41.41,6.24,82.83,47.48,5.49,36.67,20.72
1936-08,123.79,50.13,,18.23,99.76,3.71,24.78,16.29,29.31,17.38,,8.43,58.13,152.32,22.23,10.33,35.69,13.01,54.03,,37.23,133.79,102.65,41.33,37.04,,,36.68,4.74,135.22,133.7,880.0,2.88,9.11,70.35,,20.29,405.18,8.04,37.47,42.71,4.05,43.95,6.83,89.6,46.28,5.55,39.45,20.13
1936-09,120.11,50.69,,19.8,99.24,4.03,26.76,17.04,29.86,17.04,,8.52,56.89,149.45,20.96,10.35,37.25,12.57,57.36,,37.52,139.35,100.58,40.4,39.8,,,37.36,4.98,133.57,131.53,895.48,3.07,9.63,67.91,,21.15,398.43,7.84,36.4,44.08,4.07,44.83,6.96,91.18,46.03,5.96,39.2,20.38
1936-10,110.2,49.96,,20.0,97.85,5.2,27.38,17.52,30.7,16.95,,8.52,57.04,151.79,22.23,10.9,36.93,12.28,57.95,,38.75,135.44,103.75,42.91,42.17,,,36.28,5.17,134.79,128.56,887.05,3.76,9.53,71.88,,21.87,380.98,8.01,37.08,44.33,4.21,45.79,7.5,98.35,44.52,5.4,38.92,20.76
1936-11,116.71,51.91,,20.45,99.02,5.45,29.45,18.23,34.26,17.38,,8.85,59.17,160.16,21.91,11.8,39.32,13.28,66.3,,41.89,144.21,109.07,41.42,42.61,,,44.39,5.15,152.28,135.69,932.15,4.47,9.61,74.88,,23.25,386.05,7.64,38.19,47.9,4.49,50.96,7.87,96.02,47.42,6.31,42.78,21.4
1936-12,124.75,53.57,,21.99,101.34,6.11,32.95,18.59,35.16,17.98,,9.33,60.72,166.8,23.18,13.05,42.25,16.3,68.87,,44.04,150.7,105.9,44.19,45.37,,,45.42,5.36,152.42,130.82,968.21,4.44,10.02,79.2,,23.69,405.18,8.51,39.32,45.68,5.2,56.07,8.51,97.91,51.95,8.98,45.53,22.64
1937-01,122.16,52.85,,19.93,97.62,6.32,34.12,18.01,36.29,18.02,,8.62,58.51,162.49,23.81,12.78,42.39,18.86,71.68,,45.78,155.17,97.85,45.31,49.71,,,45.98,5.34,167.97,128.22,952.73,4.2,10.27,82.01,,23.26,393.92,10.65,38.73,44.49,5.07,50.51,7.9,90.75,50.36,10.35,44.33,23.62
1937-02,122.24,54.07,,20.11,100.18,6.41,35.29,18.49,41.73,18.09,,9.99,60.26,165.11,22.54,13.4,45.78,19.73,76.08,,47.75,174.13,104.95,47.92,51.82,,,45.93,5.46,171.88,131.4,944.66,4.5,10.34,82.77,,24.74,378.17,10.92,38.13,44.98,5.3,50.31,7.97,89.81,50.62,11.62,50.17,25.18
1937-03,121.23,55.19,,21.42,97.76,6.36,35.68,18.18,40.85,18.38,,10.61,57.44,163.55,21.75,13.18,44.33,19.0,84.2,,47.48,169.9,104.37,47.77,51.97,,,51.13,5.47,173.5,125.12,915.72,4.89,10.75,84.76,,24.37,381.26,12.39,37.25,47.55,5.09,51.58,8.35,84.88,50.92,11.06,51.29,26.62
1937-04,127.91,56.0,,22.18,90.51,6.49,35.75,16.95,40.64,17.81,,9.86,54.29,159.4,20.4,12.51,44.4,16.52,88.85,,47.1,160.8,101.03,46.07,49.33,,,54.14,5.8,183.89,116.88,885.01,5.04,9.92,79.21,,25.7,369.16,11.26,38.54,49.93,5.28,50.0,7.9,82.22,47.6,9.54,49.27,26.08
1937-05,121.27,51.66,,20.06,86.74,5.5,34.11,14.96,39.52,17.2,,9.67,52.44,151.86,19.05,11.44,40.0,14.85,76.1,,45.42,148.45,92.91,39.52,44.75,,,45.66,5.19,174.11,107.89,838.56,4.52,8.93,72.49,,23.46,346.65,11.19,37.51,47.52,4.73,46.3,6.92,79.84,44.47,7.89,44.93,23.97
1937-06,120.22,51.37,,19.95,86.2,5.73,33.77,13.03,38.11,17.1,,9.46,52.88,154.5,20.96,11.0,40.58,12.83,76.44,,45.79,146.81,89.68,37.88,44.75,,,44.67,5.09,172.22,101.44,851.39,4.64,8.68,73.17,,23.99,388.86,10.85,37.79,45.58,4.69,43.94,7.03,82.17,44.27,7.48,41.72,23.79
1937-07,113.34,47.16,,18.98,84.29,4.87,31.52,11.47,32.32,15.73,,7.67,48.44,148.67,20.32,10.14,38.46,11.67,70.83,,45.93,130.13,77.82,33.24,41.65,,,42.16,4.43,167.11,91.99,852.59,4.36,8.95,57.89,,21.8,388.3,19.0,34.93,39.93,5.91,43.12,6.48,53.33,63.94,6.31,39.78,23.14
1937-08,113.87,48.76,,20.37,90.32,5.18,36.16,11.38,34.9,16.72,,8.09,50.39,155.97,21.43,11.16,42.73,15.14,79.84,,50.39,142.59,87.86,36.86,43.15,,,46.28,4.55,180.9,109.61,880.48,4.27,9.68,65.08,,25.42,405.18,19.76,38.21,41.56,6.35,47.57,6.84,55.45,68.44,7.54,49.75,23.76
1937-09,105.35,47.61,,19.82,87.78,4.89,34.86,11.06,32.96,16.11,,7.58,50.85,151.05,22.86,10.6,40.63,12.94,75.05,,48.08,133.12,84.41,33.8,40.64,,,44.36,4.52,168.15,97.73,858.12,4.2,9.49,63.11,,24.64,418.69,18.99,37.19,38.6,6.07,45.3,6.54,53.79,68.75,6.85,37.64,23.33
1937-10,99.56,42.0,,17.45,83.81,3.5,29.36,8.75,28.47,14.37,,6.7,45.08,136.19,19.05,8.36,32.52,9.47,56.11,,40.15,111.33,73.51,26.06,30.42,,,36.31,3.74,149.89,85.91,828.72,3.34,8.43,54.99,,19.38,393.93,14.17,33.27,32.24,4.84,38.8,5.52,47.1,57.13,5.12,31.25,19.1
1937-11,89.66,38.81,,15.61,80.11,3.22,26.21,7.33,26.22,12.76,,6.47,43.45,119.78,18.1,7.2,27.83,8.64,46.39,,33.23,103.49,63.74,24.19,25.97,,,37.38,3.23,139.37,81.4,784.32,2.52,7.93,49.64,,15.43,378.17,12.11,31.05,27.64,4.5,36.06,5.19,43.27,54.62,4.61,28.28,17.46
1937-12,81.22,36.41,,14.93,75.63,2.66,21.09,6.38,24.01,11.09,,5.99,40.84,107.13,14.37,6.05,26.02,9.45,41.83,,28.47,99.3,51.94,22.21,23.93,,,36.34,2.9,121.09,82.98,756.16,2.15,7.58,43.71,,13.23,344.4,12.48,27.19,25.28,4.0,30.51,4.74,38.53,50.47,4.61,25.9,15.98
1938-01,83.79,35.13,,13.53,74.18,2.34,18.05,5.79,22.56,10.53,,4.68,39.88,107.52,12.46,5.37,23.38,11.01,40.63,,26.84,95.59,43.31,27.15,23.45,,,35.37,2.56,119.17,73.54,733.1,1.77,7.15,40.91,,12.9,361.29,11.31,23.42,22.81,3.29,28.11,4.23,33.26,48.72,3.7,24.05,13.76
1938-02,91.22,36.27,,13.24,73.91,2.34,18.99,6.37,23.37,11.31,,4.9,41.24,105.7,12.98,5.84,21.9,9.4,40.25,,26.02,92.18,48.48,25.78,22.35,,,38.19,2.51,119.6,69.16,715.24,1.85,7.35,42.48,,11.16,357.91,11.12,25.29,21.97,3.46,29.71,4.25,34.26,49.75,3.65,23.01,13.64
1938-03,93.84,37.71,,14.39,74.52,2.42,19.5,6.31,24.25,11.55,,4.86,44.65,113.71,13.49,6.17,24.55,9.94,43.18,,28.94,96.0,50.06,27.01,25.32,,,36.86,2.56,130.4,71.0,698.62,1.86,7.56,46.23,,13.38,352.84,12.04,27.59,23.52,3.68,32.32,4.59,37.12,55.25,3.8,24.04,14.24
1938-04,73.68,31.42,,10.76,64.97,1.64,13.2,4.56,19.01,9.39,,3.77,38.03,87.64,11.11,4.53,17.97,6.38,30.03,,21.22,65.86,36.3,20.83,16.54,,,27.83,1.69,97.07,56.74,565.59,1.21,6.86,36.96,,10.23,274.62,8.66,22.54,15.43,2.8,25.01,3.47,27.8,38.75,2.81,17.67,10.67
1938-05,87.55,35.41,,11.95,71.35,2.2,16.2,5.5,22.29,10.38,,4.4,42.43,93.67,11.71,5.08,21.85,8.51,34.89,,24.38,77.17,41.65,27.92,19.61,,,34.17,2.07,112.74,64.99,641.79,1.37,7.27,40.92,,11.67,332.02,10.66,25.01,17.26,3.13,28.96,4.03,31.78,46.94,3.25,20.77,12.44
1938-06,87.58,35.15,,11.57,71.94,1.95,14.99,4.9,21.88,9.78,,4.45,42.88,90.02,10.64,4.7,19.72,7.9,31.08,,22.58,74.4,38.51,26.44,17.79,,,32.78,1.89,105.09,65.77,647.12,1.35,9.6,40.23,,11.3,324.71,9.53,24.6,16.62,3.42,27.68,3.89,31.39,46.23,3.29,18.85,11.33
1938-07,95.42,39.56,,13.86,79.89,2.59,20.81,6.44,25.04,10.59,,5.13,46.79,109.78,12.68,6.38,27.08,6.09,42.33,,28.32,97.08,50.42,28.21,24.32,,,41.99,2.46,121.98,83.24,579.17,1.98,3.2,48.25,,15.65,381.54,13.81,27.81,20.84,4.21,33.9,4.52,37.6,40.8,3.92,20.09,16.29
1938-08,94.81,41.46,,15.35,85.64,2.72,21.65,7.19,27.22,11.94,,5.53,49.45,116.46,14.3,7.44,29.8,6.64,45.06,,30.52,101.64,60.69,31.01,26.22,,,45.96,2.72,130.73,83.55,586.57,2.39,3.57,54.59,,16.35,398.43,15.59,28.57,23.26,4.56,36.89,5.1,43.92,41.53,4.19,20.65,18.02
1938-09,86.21,39.47,,14.45,83.23,2.51,22.18,6.8,27.09,11.38,,5.32,49.41,116.57,12.8,7.23,30.28,6.01,44.02,,28.81,101.1,63.94,29.51,24.11,,,44.95,2.57,117.83,78.28,588.15,2.48,3.17,52.63,,17.04,385.48,15.04,27.29,22.26,4.31,36.4,4.93,44.2,39.58,3.77,18.91,18.18
1938-10,88.87,39.11,,14.3,84.27,2.62,21.78,6.55,27.25,11.54,,5.06,49.2,119.37,12.68,7.12,30.62,6.05,44.89,,28.95,102.98,64.34,29.24,23.44,,,43.85,2.44,118.67,78.92,584.17,2.24,3.14,51.57,,16.27,391.67,16.13,27.19,21.81,4.31,36.35,4.82,43.86,40.32,3.72,18.56,18.68
1938-11,93.11,41.07,,16.52,87.1,3.52,24.59,6.98,29.64,11.9,,5.79,51.8,127.55,12.96,7.8,33.18,10.13,51.18,,31.13,115.51,68.87,37.85,28.15,,,45.95,2.64,117.59,95.27,604.94,2.42,3.45,54.56,,17.84,407.43,18.26,29.28,25.22,4.63,39.28,5.15,48.39,42.36,4.05,20.17,19.47
1938-12,84.77,39.86,,16.86,85.26,3.52,23.99,6.5,28.63,11.26,,5.78,52.28,126.5,12.72,7.32,31.81,8.32,50.48,,29.61,108.42,66.99,40.21,28.27,,,44.83,2.56,116.69,87.85,608.78,2.31,3.24,54.9,,16.47,405.18,17.63,27.7,24.33,4.84,38.79,5.21,50.64,42.28,3.72,19.39,20.54
1939-01,96.02,40.43,,16.08,87.55,3.54,23.65,6.38,28.89,11.15,,5.59,52.51,133.32,12.68,7.46,33.41,9.99,52.74,,30.61,111.15,68.42,45.37,32.51,,,44.91,2.69,122.1,91.06,615.27,2.24,3.16,55.88,,17.75,415.87,19.12,28.98,28.29,4.22,38.96,5.1,49.03,42.21,3.93,19.0,22.88
1939-02,97.26,39.54,,14.54,85.62,3.02,20.75,6.31,28.32,11.54,,5.39,52.04,124.54,12.05,7.02,29.76,8.65,45.92,,27.67,102.35,62.65,40.62,28.51,,,42.68,2.41,114.31,91.81,626.39,2.04,2.76,52.4,,15.37,391.67,16.35,26.67,25.33,3.8,37.73,4.75,45.42,40.85,3.49,17.77,20.21
1939-03,105.33,40.76,,15.69,84.74,3.43,21.42,6.13,28.95,11.9,,5.44,53.73,125.35,12.13,7.18,30.62,9.06,47.91,,29.34,106.2,66.47,41.92,29.93,,,41.64,2.53,112.37,99.22,648.39,2.21,2.92,53.13,,15.89,386.61,16.64,26.91,27.3,3.81,39.85,5.01,48.09,41.88,3.45,18.3,20.19
1939-04,100.66,38.28,,13.41,81.05,2.88,16.65,4.92,27.09,10.95,,5.1,51.14,114.86,11.41,6.09,24.15,5.78,37.65,,24.2,86.76,54.6,33.44,21.24,,,37.46,2.04,102.91,85.37,625.03,2.0,2.29,46.7,,12.35,371.42,12.8,23.83,22.32,3.4,35.94,4.25,41.99,37.68,3.08,15.71,16.14
1939-05,107.19,38.62,,13.04,80.13,3.02,16.87,5.19,27.18,10.88,,5.19,51.61,112.86,10.9,5.99,23.85,5.93,36.54,,23.95,86.26,54.91,35.32,21.32,,,37.39,2.02,101.68,87.66,642.22,2.02,2.37,44.7,,12.27,330.9,11.99,23.74,21.83,3.38,35.73,4.3,39.87,37.46,3.09,16.24,15.95
1939-06,113.78,40.91,,13.78,82.78,3.76,19.14,5.54,28.9,11.17,,5.56,54.13,119.4,11.81,6.47,26.46,6.91,39.24,,26.06,92.36,58.52,38.08,23.35,,,37.96,2.2,103.57,92.81,677.84,2.12,2.59,47.66,,13.31,380.21,12.81,24.89,23.85,3.6,39.73,4.44,44.0,41.85,3.02,17.2,17.49
1939-07,110.11,39.42,,13.12,87.7,3.54,16.86,5.19,28.55,11.13,,5.22,54.9,112.76,11.69,6.07,24.01,5.78,35.33,,23.74,83.71,53.95,33.16,20.66,,,32.87,1.94,96.22,89.43,537.68,1.89,9.99,44.1,,11.29,393.68,11.19,24.24,21.98,3.66,38.03,4.17,42.61,41.04,2.31,14.15,15.5
1939-08,119.01,42.04,,13.56,90.68,7.28,19.67,5.57,30.83,11.99,,5.42,56.56,124.48,12.56,7.07,27.19,7.14,41.94,,26.39,97.31,63.18,37.09,23.64,,,37.52,2.14,100.14,100.5,572.67,2.27,10.31,49.02,,12.86,424.02,12.86,26.12,24.88,3.89,41.31,4.22,47.24,44.08,2.32,15.94,18.65
1939-09,107.86,38.81,,12.21,84.16,7.61,16.38,4.76,29.03,11.12,,4.75,53.31,120.91,12.17,6.27,23.89,5.94,38.19,,23.5,88.93,57.93,31.86,21.47,,,34.92,2.01,95.72,93.8,548.56,1.74,4.11,43.2,,10.83,411.02,11.32,25.27,22.05,3.51,38.05,3.71,42.75,39.45,2.15,14.59,16.98
1939-10,126.78,40.52,,12.64,81.5,7.66,13.78,6.56,30.38,13.81,,5.11,56.77,141.28,14.06,7.84,27.26,7.63,54.91,,31.65,104.86,72.02,44.19,35.07,,,39.52,3.85,119.49,96.84,553.99,1.84,4.98,43.75,,12.96,385.02,13.84,31.67,31.98,3.66,38.55,3.77,44.07,43.66,2.4,18.23,16.79
1939-11,126.0,41.62,,13.16,85.88,9.7,15.83,6.21,31.18,13.3,,5.45,56.76,136.92,13.59,7.91,27.96,7.71,52.25,,29.97,101.71,70.62,50.07,32.11,,,40.35,3.45,114.74,98.57,570.91,1.85,5.0,46.41,,12.3,402.35,14.51,30.32,30.53,3.72,40.75,3.94,44.97,45.03,2.13,18.58,17.48
1939-12,120.62,40.94,,12.59,86.62,10.2,14.26,4.97,31.06,13.13,,5.34,57.22,131.8,12.56,7.4,26.44,6.39,46.8,,27.38,97.17,67.15,44.98,27.56,,,38.42,2.72,106.86,96.44,576.31,1.6,4.62,44.73,,11.03,408.54,13.65,29.14,28.5,3.61,39.38,3.81,45.44,45.66,2.12,17.69,16.78
1940-01,124.88,41.9,,12.52,90.31,9.15,14.75,5.28,32.19,12.58,,5.2,59.05,137.14,12.64,7.54,26.67,6.61,47.54,,28.82,101.3,69.55,48.72,28.34,,,37.67,2.69,106.45,98.74,585.18,1.4,4.67,44.44,,10.97,413.18,14.8,30.67,29.06,3.31,40.29,3.73,45.79,48.16,2.16,14.76,16.76
1940-02,119.72,42.68,,12.61,92.07,9.76,14.86,5.27,32.95,12.73,,5.26,57.92,133.38,12.64,7.53,26.28,5.99,43.03,,27.02,96.26,66.56,47.41,24.8,,,36.91,2.76,104.01,98.32,584.48,1.39,4.8,44.22,,10.79,397.4,14.27,30.39,27.69,3.21,39.8,3.77,46.76,48.04,2.33,14.17,17.51
1940-03,114.72,42.89,,12.88,93.13,10.64,14.68,5.24,33.43,12.85,,5.23,58.52,136.26,13.19,7.45,25.62,5.81,45.13,,27.15,96.05,67.23,48.71,24.89,,,36.67,2.9,104.31,96.45,590.45,1.51,4.98,45.61,,10.54,374.5,14.48,31.33,27.98,3.31,40.53,3.87,46.91,48.29,0.7,14.22,17.71
1940-04,115.32,43.76,,13.45,93.51,11.69,14.62,5.37,33.5,12.51,,5.36,59.32,139.13,12.92,7.51,25.84,5.92,45.34,,27.95,99.59,69.48,50.08,24.97,,,37.1,2.94,106.05,97.8,589.75,1.47,5.11,44.34,,10.86,375.11,14.32,31.06,28.79,3.47,41.59,4.1,46.95,47.6,0.76,15.11,18.23
1940-05,119.66,44.32,,13.22,95.17,11.3,13.46,5.42,33.55,12.87,,5.33,59.11,140.1,13.59,7.35,25.6,5.56,45.5,,27.99,97.33,68.93,49.98,24.83,,,36.57,2.98,106.09,96.04,591.68,1.44,5.16,42.34,,11.47,388.73,16.67,32.82,28.77,3.38,41.39,4.14,47.02,47.82,0.59,14.62,17.97
1940-06,96.46,34.36,,9.41,82.88,7.94,9.1,3.53,25.94,10.21,,4.48,46.12,112.29,10.35,5.26,18.09,3.44,34.96,,21.15,76.47,50.95,40.88,18.69,,,28.75,2.14,79.02,76.23,507.92,1.03,3.6,33.76,,8.54,316.93,10.57,24.56,21.72,2.34,31.13,3.13,33.11,36.48,0.43,11.3,11.76
1940-07,92.13,35.56,,9.86,88.15,8.1,10.19,3.82,27.17,10.94,,4.31,44.78,112.8,9.98,5.6,19.08,4.71,35.57,,22.07,80.29,52.2,34.0,20.58,,,27.69,2.44,82.31,87.63,544.65,1.03,4.2,32.97,,8.13,291.73,10.78,25.71,24.13,3.22,33.85,3.26,30.7,39.97,0.64,12.35,13.1
1940-08,93.23,35.6,,10.76,86.34,9.18,10.17,3.92,28.24,10.42,,4.32,44.52,116.07,11.36,5.89,20.88,4.53,37.05,,23.3,85.16,55.22,35.89,21.15,,,27.73,2.48,84.73,87.36,555.37,0.99,4.52,33.75,,8.89,294.75,11.67,26.22,25.07,3.21,35.3,3.32,32.02,42.89,0.68,12.62,13.94
1940-09,94.25,35.89,,10.85,86.76,9.84,10.43,3.77,27.09,10.65,,4.26,43.21,118.5,11.83,6.47,21.88,6.03,37.59,,23.5,87.05,58.21,37.99,21.31,,,27.71,2.56,85.26,85.83,553.24,1.15,4.55,34.7,,9.48,315.29,12.0,26.62,25.88,3.17,36.07,3.3,33.44,42.32,0.63,12.78,14.5
1940-10,98.61,36.34,,11.31,88.7,10.14,10.57,3.82,28.4,10.86,,4.28,44.97,121.9,12.07,6.83,22.6,6.15,39.59,,25.01,89.74,59.84,37.93,23.13,,,29.22,2.7,83.09,83.57,554.85,1.28,4.63,37.12,,10.02,321.33,12.14,26.92,27.18,3.57,37.09,3.41,32.41,42.9,1.0,12.61,15.56
1940-11,102.07,35.74,,11.07,85.46,10.58,11.72,4.01,25.66,10.84,,4.35,43.55,121.17,12.07,7.09,23.07,6.91,44.61,,26.93,91.43,62.41,39.9,24.56,,,30.39,2.74,88.23,86.37,563.78,1.35,4.75,38.15,,10.99,332.2,12.27,26.49,28.93,3.55,37.06,3.46,33.11,46.4,0.96,14.06,15.43
1940-12,104.11,35.1,,11.8,82.35,10.69,12.8,3.93,25.67,10.76,,4.43,42.41,114.22,12.23,7.0,22.32,5.83,44.82,,26.75,86.03,60.99,39.93,24.41,,,32.14,2.68,88.0,74.45,566.84,1.46,4.64,37.19,,9.96,347.9,11.81,25.41,27.63,3.3,35.84,3.66,34.49,47.88,0.68,12.93,15.05
1941-01,102.91,35.2,,11.78,88.09,9.7,13.7,3.78,26.11,10.58,,4.32,42.03,115.74,11.99,6.76,21.56,5.83,45.2,,26.77,85.52,58.94,39.18,24.66,,,31.8,3.2,89.54,75.37,570.84,1.42,4.59,37.86,,9.52,335.82,11.84,25.16,27.65,3.02,35.74,3.52,31.94,45.48,0.8,12.74,17.16
1941-02,94.89,34.73,,11.34,88.72,9.43,13.45,3.84,25.29,10.99,,4.66,40.95,107.85,12.15,6.59,20.3,5.25,40.69,,25.09,83.21,53.29,36.53,22.93,,,31.1,2.92,87.61,73.27,558.85,1.38,4.54,37.67,,9.71,321.33,11.26,24.43,27.2,3.05,34.34,3.53,31.72,44.54,0.91,12.3,17.75
1941-03,94.47,33.58,,10.84,85.97,9.37,13.53,3.81,24.1,10.65,,4.51,38.71,104.59,11.83,6.43,19.7,5.05,39.65,,24.34,82.83,53.28,36.17,22.18,,,30.44,3.12,86.48,71.95,546.24,1.24,4.48,37.47,,9.67,318.91,11.02,24.16,27.1,2.89,33.18,3.43,32.19,43.41,0.8,11.95,17.13
1941-04,95.27,34.16,,10.91,83.33,9.76,13.51,3.97,25.21,10.56,,4.57,39.13,105.93,12.46,6.62,19.22,5.03,39.23,,24.33,81.52,52.37,36.2,22.92,,,30.7,3.13,89.55,69.07,548.37,1.28,4.42,38.32,,9.47,326.16,10.62,24.34,27.69,2.85,33.43,3.5,30.83,46.22,1.0,11.74,16.73
1941-05,92.35,32.62,,9.83,79.73,8.76,13.17,3.82,23.71,10.36,,4.5,37.02,101.86,11.32,6.07,18.19,4.33,36.29,,22.48,73.89,46.89,34.47,21.02,,,28.74,3.02,90.75,62.13,513.53,1.26,4.17,35.48,,9.31,297.77,9.19,22.52,26.88,2.79,31.51,3.46,28.45,43.56,0.72,10.8,15.31
1941-06,88.06,32.29,,10.35,76.67,8.93,12.49,3.73,23.33,10.21,,4.61,36.09,104.9,11.95,5.97,18.04,4.3,37.99,,23.3,73.01,46.08,35.33,22.61,,,29.29,3.0,94.66,58.91,515.48,1.21,4.15,36.68,,9.06,293.54,9.28,22.0,26.38,2.71,32.07,3.45,26.38,44.89,0.69,10.94,14.98
1941-07,97.06,32.81,,11.17,84.31,9.4,13.52,3.94,25.88,10.38,,4.63,38.27,108.8,12.36,6.28,18.82,4.47,39.0,,23.55,76.64,47.84,38.02,22.66,,,30.84,3.5,97.77,57.03,458.21,1.4,4.38,38.24,,9.12,332.71,10.07,23.37,26.01,2.93,33.39,3.59,26.52,47.29,1.73,10.96,17.03
1941-08,105.07,34.72,,12.43,86.16,8.82,15.6,4.09,26.79,11.24,,5.34,41.22,115.15,12.56,6.87,19.98,5.94,41.91,,25.55,76.73,50.03,41.52,23.94,,,33.11,4.3,108.19,59.73,456.41,1.51,4.59,40.54,,9.82,346.64,11.64,25.3,27.67,3.46,34.85,3.77,27.44,52.78,1.94,11.92,17.92
1941-09,106.46,35.05,,13.75,84.84,8.93,17.71,3.97,26.97,11.2,,5.27,40.99,113.81,12.36,6.78,19.98,5.62,40.69,,25.34,77.62,50.17,42.08,22.93,,,32.84,4.21,103.8,58.05,461.14,1.48,4.51,39.75,,9.83,347.26,11.43,24.61,27.78,3.52,35.43,3.83,27.19,53.89,1.96,11.91,18.13
1941-10,109.71,35.85,,13.58,85.09,8.1,17.54,3.77,26.55,11.12,,5.14,40.86,110.99,11.38,6.68,19.53,4.96,38.53,,24.5,75.44,52.03,40.71,21.66,,,31.54,3.93,103.0,56.01,455.78,1.42,4.45,39.74,,9.6,354.07,11.15,24.81,26.65,3.4,35.47,3.7,26.58,54.78,0.62,11.85,18.33
1941-11,105.05,34.05,,13.25,73.6,7.17,17.25,3.35,25.35,10.68,,4.98,39.12,103.86,11.3,6.39,17.29,4.44,36.25,,22.54,66.05,47.9,38.19,19.91,,,29.14,3.68,105.19,50.28,443.38,1.35,4.1,38.45,,9.0,329.62,10.25,23.1,25.91,3.08,33.57,3.62,24.98,52.0,0.49,11.02,17.63
1941-12,111.06,33.36,,13.26,65.7,7.39,18.8,3.17,24.29,10.45,,4.95,37.65,103.77,11.46,6.14,16.95,4.06,34.77,,21.62,63.66,45.12,38.03,18.65,,,28.79,3.61,106.42,46.56,425.21,1.23,3.94,37.86,,7.9,327.45,9.44,21.0,24.86,3.04,31.64,3.54,24.44,50.15,1.51,10.72,16.42
1942-01,108.11,31.23,,12.31,64.83,5.57,18.01,2.65,22.41,10.17,,4.43,37.04,103.88,9.42,5.62,16.64,3.5,36.76,,21.43,62.98,39.09,37.25,18.95,,,27.62,3.39,94.21,42.7,382.14,0.88,3.27,35.0,,7.78,341.69,9.36,18.05,23.13,2.87,28.2,3.24,19.74,48.99,1.56,10.48,14.45
1942-02,97.44,31.28,,12.89,68.83,5.84,18.98,3.02,21.4,11.26,,4.82,35.56,95.54,10.32,6.01,17.08,3.64,36.85,,22.33,64.54,41.58,34.84,19.88,,,29.26,3.5,92.55,44.11,376.92,1.08,3.71,34.42,,8.56,329.31,9.72,19.13,25.95,2.88,28.29,3.33,21.67,46.41,1.66,11.44,16.02
1942-03,80.17,29.31,,12.58,65.26,5.46,19.22,3.16,20.38,11.0,,4.76,33.3,90.31,10.36,5.91,16.79,3.47,36.21,,21.59,62.54,43.25,35.08,19.52,,,28.34,3.48,86.49,42.67,374.68,1.13,3.57,33.71,,8.81,322.5,9.4,18.86,25.2,2.95,27.49,3.31,22.03,45.7,1.68,11.3,15.16
1942-04,81.79,26.75,,11.98,56.4,5.02,18.19,3.18,21.01,10.56,,4.74,31.29,82.46,9.89,5.65,16.03,3.2,34.39,,20.11,57.9,43.8,34.33,18.62,,,24.98,3.32,79.16,37.12,342.16,1.05,3.39,32.4,,8.93,288.45,8.92,17.91,22.59,2.89,25.32,3.22,20.63,41.26,1.67,10.51,14.58
1942-05,76.44,26.05,,11.02,53.05,4.63,17.18,2.91,21.16,9.53,,4.58,29.72,80.86,10.28,5.31,15.32,3.05,31.84,,19.09,55.55,41.96,30.37,16.94,,,23.82,3.09,76.26,35.55,317.1,1.02,3.39,32.2,,8.54,274.84,8.25,17.22,22.26,2.65,23.72,3.1,20.93,38.8,1.64,10.32,14.34
1942-06,79.96,27.97,,12.03,59.52,5.04,18.77,2.96,21.27,9.73,,4.67,33.98,84.25,10.13,5.58,16.18,3.25,30.46,,19.7,60.04,45.76,28.66,16.38,,,24.74,3.06,80.41,38.24,341.5,1.08,3.54,33.67,,8.98,298.36,8.29,18.0,22.31,2.77,26.41,3.1,23.22,43.13,1.67,10.52,14.73
1942-07,79.01,29.36,,12.36,60.61,5.5,17.75,3.13,22.04,9.88,,4.74,33.66,87.41,10.2,5.93,16.42,3.34,31.29,,19.53,60.71,44.88,25.94,15.93,,,25.53,3.07,83.53,38.66,330.86,1.01,3.69,36.19,,8.89,320.02,8.61,18.4,22.0,4.85,26.92,3.01,21.26,42.61,1.4,10.45,15.1
1942-08,82.96,29.74,,13.14,61.52,5.64,19.39,3.27,22.87,10.24,,5.0,33.99,88.18,11.3,6.25,16.95,3.49,32.85,,20.11,61.5,45.88,27.04,16.95,,,26.62,3.28,88.35,38.22,345.68,1.01,3.81,37.48,,9.58,324.36,9.06,18.2,23.52,5.35,28.16,3.35,22.41,45.19,1.41,11.12,15.25
1942-09,82.54,30.18,,13.95,59.57,5.75,19.37,3.31,23.07,10.36,,5.72,34.44,88.67,11.3,6.38,16.89,3.32,32.77,,19.95,62.38,46.57,28.44,17.36,,,26.27,3.29,90.95,38.27,354.19,1.0,3.99,38.07,,9.9,310.12,8.74,18.4,24.28,5.5,28.39,3.43,23.03,45.1,1.35,11.25,14.99
1942-10,80.37,30.27,,14.64,57.35,5.55,19.99,3.46,23.46,10.4,,5.65,34.47,92.43,12.17,6.57,17.36,3.74,33.14,,20.53,65.1,47.81,29.73,17.78,,,26.37,3.41,92.9,40.13,354.9,1.05,3.91,37.99,,10.56,332.09,8.93,18.49,25.16,5.48,28.4,3.45,22.94,46.18,1.48,11.38,15.76
1942-11,83.35,31.49,,14.43,60.2,5.97,21.34,4.41,24.89,10.62,,6.15,35.67,98.46,12.52,6.93,18.39,4.46,35.37,,21.99,69.71,50.69,31.64,19.06,,,28.93,3.61,101.79,45.93,376.87,1.14,4.07,40.21,,11.69,340.45,9.57,19.31,27.25,5.7,28.89,3.61,23.54,48.67,1.31,13.86,15.81
1942-12,93.45,32.6,,14.38,58.85,5.64,20.95,4.41,24.66,10.42,,6.21,36.04,98.69,12.32,7.06,18.75,4.08,32.29,,21.5,70.22,49.95,26.75,17.16,,,27.87,3.34,101.39,45.02,386.56,1.24,4.09,41.66,,11.91,356.54,9.56,19.35,25.72,5.78,30.48,3.66,26.3,48.4,1.37,12.73,16.63
1943-01,99.34,33.45,,15.0,62.23,5.69,21.95,4.66,24.38,11.05,,6.42,39.15,104.13,13.03,7.4,19.74,4.31,33.17,,23.09,73.97,54.29,26.99,17.79,,,28.98,3.35,111.5,46.6,381.44,1.22,3.97,43.39,,12.67,370.16,11.65,19.78,26.22,6.32,31.03,3.52,26.09,50.81,1.24,13.82,16.85
1943-02,101.43,36.26,,15.98,69.6,6.41,22.35,5.6,25.79,11.78,,7.36,39.74,108.85,14.44,8.06,20.93,5.31,36.27,,24.35,82.79,57.04,29.78,20.0,,,31.44,3.71,118.51,53.19,395.86,1.34,4.44,46.33,,13.21,386.26,12.09,22.08,28.04,6.56,33.1,4.06,26.81,50.45,1.54,15.94,18.33
1943-03,102.42,37.69,,16.79,69.32,7.07,24.87,6.84,28.03,12.65,,7.2,41.11,110.95,15.39,8.62,22.35,6.52,38.43,,26.14,86.44,60.96,32.21,21.89,,,32.69,4.12,127.25,57.1,430.65,1.41,5.09,48.49,,13.54,373.88,12.49,22.89,30.95,7.29,33.8,4.23,28.34,52.79,2.44,18.03,18.25
1943-04,100.23,39.27,,18.39,71.11,7.85,30.89,7.59,28.73,13.13,,8.12,42.7,113.43,15.86,9.42,23.84,7.05,41.45,,27.84,92.34,64.45,36.75,24.24,,,35.39,4.71,135.87,59.4,426.79,1.85,5.73,51.15,,15.38,398.64,13.55,23.88,33.59,8.08,36.53,4.57,31.06,55.59,2.21,19.92,19.45
1943-05,92.25,39.59,,19.97,71.64,7.51,31.4,9.1,28.84,12.84,,8.87,42.97,112.43,17.35,9.51,23.44,7.44,39.76,,27.61,93.56,65.01,37.04,23.49,,,34.85,5.3,140.2,61.53,444.53,1.88,5.78,50.83,,16.59,401.73,13.01,23.64,34.69,8.68,37.01,4.95,29.99,58.06,2.19,20.93,19.48
1943-06,107.1,42.0,,20.53,75.69,7.98,35.14,11.38,30.16,13.39,,9.61,45.28,119.76,18.29,9.65,25.05,7.82,40.67,,28.38,99.09,68.53,37.01,26.88,,,35.13,5.5,147.04,64.02,464.77,2.17,6.26,55.25,,17.12,420.3,14.9,24.88,36.2,8.98,39.66,5.14,34.58,57.5,2.93,22.31,20.8
1943-07,113.41,41.87,,21.21,77.41,7.96,37.94,10.8,30.06,13.87,,9.61,45.28,119.46,,9.81,26.02,7.77,40.26,,29.68,98.09,70.82,35.76,26.42,,,33.6,5.1,145.57,66.36,470.68,2.32,5.98,56.39,,17.24,410.4,15.1,25.69,36.31,10.01,41.71,5.23,33.98,58.43,2.9,21.43,21.01
1943-08,103.33,42.51,,19.67,74.09,7.79,35.4,9.78,28.89,13.9,,8.72,43.77,111.55,,8.99,23.84,6.77,38.11,,27.31,89.51,64.03,31.36,23.0,,,32.73,4.58,141.3,65.77,469.83,2.57,5.66,53.56,,15.28,401.11,14.18,24.21,34.07,9.05,40.37,5.41,33.17,56.11,2.55,19.93,19.34
1943-09,106.75,42.58,,20.06,74.39,7.74,35.98,10.86,29.15,13.77,,8.53,43.73,111.89,,9.27,23.87,6.66,37.75,,27.62,90.0,65.88,31.02,23.05,,,32.97,4.69,142.09,66.76,474.04,2.97,5.54,54.59,,15.51,389.97,14.25,23.75,34.46,9.26,41.67,5.36,33.34,58.59,2.52,19.81,20.26
1943-10,110.31,43.14,,20.25,75.95,7.85,36.79,11.19,30.67,13.88,,9.03,45.35,114.1,,9.71,25.07,6.88,38.21,,28.08,94.61,66.9,31.0,23.27,,,33.07,4.86,143.86,68.84,474.18,2.83,5.79,56.19,,16.42,402.97,14.03,25.01,35.16,9.62,42.38,5.33,33.72,59.19,2.42,19.96,20.83
1943-11,109.07,42.93,,22.86,74.02,7.38,35.74,11.06,30.12,13.59,,9.17,45.39,111.55,,9.66,24.48,7.11,38.6,,27.73,90.78,66.01,30.72,24.16,,,31.93,4.87,144.46,69.08,477.63,2.75,5.75,54.71,,16.41,395.23,13.82,25.01,34.87,9.82,41.24,5.38,33.01,58.56,2.59,19.92,20.75
1943-12,104.95,40.77,,22.27,68.84,6.57,32.0,9.32,29.26,13.32,,8.84,43.37,105.46,,9.12,22.96,5.82,35.14,,25.45,84.3,61.64,26.12,21.7,,,30.25,4.28,136.55,63.07,469.04,2.62,5.4,51.52,,14.91,374.49,12.76,23.15,31.18,8.94,39.02,5.1,31.92,51.65,2.35,18.04,19.5
1944-01,112.72,42.7,,25.05,72.84,7.51,35.01,10.81,30.57,13.66,,9.76,44.75,108.38,,9.79,24.38,6.22,36.36,,28.24,90.26,66.73,27.38,24.44,,,30.78,4.68,145.92,67.39,477.08,2.82,5.77,54.85,,17.02,401.11,13.55,24.62,34.13,9.93,41.42,5.21,33.4,56.69,2.8,19.31,20.47
1944-02,118.25,43.93,,25.13,77.41,8.18,35.58,10.87,31.05,13.99,,9.79,44.72,108.73,,10.12,24.96,6.74,37.49,,28.81,91.02,67.28,28.4,25.77,,,31.86,5.32,146.44,66.9,481.16,3.22,6.04,55.43,,16.91,398.64,13.67,25.23,37.24,9.88,41.68,5.29,34.35,53.9,2.89,19.6,20.87
1944-03,117.18,43.69,,23.69,75.99,8.29,35.21,10.58,30.21,14.3,,9.45,43.34,107.44,,10.16,24.42,6.58,37.09,,28.58,88.09,69.0,29.27,25.73,,,31.33,5.56,145.82,67.69,485.3,3.48,6.11,54.18,,16.95,402.66,13.52,25.08,39.19,10.04,41.83,5.38,33.94,53.71,2.57,20.01,20.79
1944-04,115.25,44.53,,26.77,77.52,8.12,37.25,11.34,30.54,14.38,,9.65,44.31,109.68,,10.66,25.26,6.7,37.44,,28.88,90.43,72.51,28.96,25.9,,,31.19,5.89,148.28,68.5,482.22,3.33,6.16,57.08,,18.34,412.87,13.92,26.03,39.95,10.37,42.57,5.74,35.11,55.59,2.86,20.38,20.89
1944-05,114.22,43.25,,25.62,76.77,7.82,35.76,10.7,29.71,14.11,,9.39,43.12,107.7,,10.7,25.04,6.3,36.59,,28.05,89.3,71.61,27.57,25.02,,,30.31,5.62,146.17,67.64,479.49,3.22,6.09,56.39,,17.65,389.97,14.74,25.53,39.15,9.83,42.1,5.57,33.42,54.96,2.78,19.9,20.28
1944-06,122.96,45.27,,26.7,80.33,8.59,38.0,12.15,31.62,14.61,,9.86,45.36,111.7,,11.31,26.6,6.68,37.87,,29.94,91.96,76.7,27.87,27.1,,,30.73,6.1,151.86,71.33,492.84,3.41,6.46,57.91,,19.3,407.92,16.14,27.68,40.65,10.66,44.02,5.75,34.81,56.04,2.92,20.7,22.24
1944-07,127.72,47.27,,24.3,87.28,9.9,41.22,15.33,33.28,15.4,,10.14,45.85,114.78,20.25,12.47,28.76,8.45,41.27,,29.86,91.52,83.67,28.14,29.9,,,33.69,6.3,155.47,67.49,505.95,3.68,7.09,57.22,,20.19,420.92,17.44,26.91,39.5,11.97,46.44,6.3,40.79,55.24,3.27,23.05,24.11
1944-08,125.05,47.24,,24.13,86.56,9.12,39.46,14.8,32.77,15.25,,10.25,45.07,112.1,19.31,12.04,27.94,7.85,40.4,,29.32,89.9,79.65,27.56,29.91,,,32.88,6.71,153.17,67.38,504.07,3.96,7.17,56.45,,19.46,410.4,16.55,26.79,40.09,12.1,46.33,6.23,41.17,55.85,3.03,21.72,23.18
1944-09,129.44,48.05,,24.16,88.37,9.9,39.0,17.18,33.36,15.57,,9.88,45.29,112.17,20.02,12.64,28.85,8.49,40.7,,30.16,91.27,81.88,28.93,31.15,,,32.27,6.5,149.29,69.44,507.33,3.93,7.41,58.49,,19.97,412.87,17.3,27.38,40.12,12.24,47.55,6.34,41.93,56.39,3.5,22.12,24.24
1944-10,133.13,48.33,,24.68,84.11,9.51,39.2,16.85,33.75,15.69,,10.11,45.36,112.03,19.59,12.57,28.39,8.45,41.01,,29.94,90.11,82.18,31.67,31.5,,,32.17,6.25,147.09,68.17,502.01,3.78,7.32,57.99,,19.91,407.3,16.77,27.04,39.92,13.21,48.13,7.19,41.7,57.01,3.33,21.8,24.01
1944-11,130.72,49.11,,24.64,83.57,9.12,38.85,16.12,33.34,15.68,,9.89,45.75,112.49,20.25,12.63,27.95,8.44,40.89,,29.43,90.89,80.09,32.07,30.93,,,31.9,6.25,149.72,68.71,504.62,3.96,7.3,57.08,,20.52,418.44,15.73,26.84,41.05,13.48,48.27,7.13,40.67,60.09,3.4,21.5,23.32
1944-12,127.06,49.55,,26.34,82.79,10.12,41.54,16.95,33.2,15.51,,10.26,45.58,111.16,20.41,13.04,28.13,8.19,40.73,,29.75,92.07,81.08,32.27,31.72,,,33.17,6.32,151.18,68.12,507.91,4.1,7.38,57.65,,21.1,421.54,15.96,27.1,42.34,13.61,49.21,7.3,40.25,59.95,3.24,22.15,23.33
1945-01,133.31,50.47,,27.13,82.97,11.29,44.2,16.76,34.34,15.56,,10.73,46.21,112.87,21.74,13.47,29.06,9.19,43.33,,30.96,95.97,84.35,33.2,33.52,,,33.93,7.13,158.42,69.93,504.83,4.08,7.59,58.95,,21.43,440.73,16.62,27.56,46.88,14.17,49.91,7.7,44.74,57.26,4.26,23.63,25.0
1945-02,136.67,51.66,,27.57,84.78,11.01,42.74,18.2,34.76,15.59,,11.68,46.1,115.7,22.92,13.92,30.45,9.71,44.45,,32.03,96.73,87.09,33.33,33.75,,,36.51,7.16,166.17,73.63,494.12,4.44,8.25,59.87,,22.35,433.3,17.12,28.37,46.19,14.16,49.83,8.14,47.21,58.8,4.75,23.85,25.15
1945-03,138.94,52.77,,30.06,89.8,12.24,45.32,19.12,36.29,16.37,,11.83,47.92,121.66,22.92,14.48,32.67,11.2,48.05,,33.67,104.11,93.13,36.36,36.43,,,38.51,7.34,177.74,77.91,508.06,4.42,8.87,62.7,,22.99,444.44,18.1,30.04,50.01,14.88,51.81,8.53,48.54,63.65,4.82,26.67,25.84
1945-04,138.06,51.03,,29.58,86.36,11.9,43.39,17.21,34.6,15.73,,11.49,46.98,117.01,22.61,13.84,30.97,9.64,45.26,,31.79,99.33,87.21,33.54,34.69,,,36.44,6.88,168.08,75.06,500.85,4.26,8.03,59.77,,21.31,434.54,16.87,28.62,48.32,14.03,51.06,7.99,48.09,61.21,4.45,24.63,24.3
1945-05,148.66,53.77,,33.97,92.75,12.96,45.0,20.94,35.68,16.56,,12.07,49.84,126.58,24.49,15.02,33.37,10.79,49.53,,35.18,108.31,96.78,35.22,37.19,,,38.68,7.31,179.53,82.3,513.41,4.08,8.76,63.36,,23.78,453.11,18.02,30.85,53.48,14.79,54.66,8.43,50.75,65.42,4.53,26.18,27.01
1945-06,151.22,54.78,,33.67,94.58,12.24,48.31,21.01,38.15,17.28,,12.18,51.75,125.6,23.94,15.61,34.01,10.65,48.84,,35.35,109.93,96.54,35.67,36.61,,,39.23,7.83,176.35,83.43,532.6,3.93,9.58,66.72,,23.26,447.54,18.57,32.4,54.66,15.45,57.9,9.13,50.48,66.42,4.65,26.68,26.88
1945-07,149.87,53.82,,36.96,94.72,9.33,45.02,23.98,37.1,16.98,,17.8,51.3,121.72,22.45,16.67,33.82,11.93,49.75,,34.77,99.43,94.68,38.66,37.05,,,39.89,7.36,166.94,86.86,556.59,5.26,9.63,65.41,,23.08,225.7,18.88,31.87,56.14,19.98,54.89,8.63,51.45,61.92,5.28,28.9,26.21
1945-08,154.88,52.91,,33.78,94.26,8.78,43.09,23.57,36.07,16.85,,17.53,50.32,118.6,22.61,15.88,32.86,11.46,48.55,,33.53,98.18,93.35,35.71,35.86,,,38.17,7.23,161.21,86.34,568.73,5.27,9.41,64.31,,22.5,216.0,17.58,31.27,52.37,19.66,54.82,8.59,49.37,62.87,5.3,27.24,24.86
1945-09,161.54,56.15,,35.38,103.91,9.92,46.65,27.03,38.59,17.73,,17.83,55.12,129.35,22.76,17.96,36.68,12.31,51.28,,36.3,108.73,101.75,36.83,39.45,,,38.81,6.92,164.08,86.82,578.52,5.48,10.07,68.31,,24.18,231.12,19.19,34.16,52.17,21.11,59.14,8.75,58.18,64.5,5.36,28.15,28.47
1945-10,161.72,60.43,,40.62,105.08,10.69,50.67,30.42,39.17,18.25,,19.49,58.45,137.55,24.26,19.46,39.28,14.07,55.32,,37.78,110.56,104.35,38.28,40.73,,,40.86,7.61,166.93,92.31,582.55,6.19,11.0,70.45,,26.55,250.32,21.29,35.68,55.65,21.61,62.27,10.27,56.11,66.17,6.9,29.65,30.6
1945-11,169.44,65.38,,56.2,105.16,11.86,56.74,34.94,41.09,19.44,,20.3,62.29,137.05,24.34,19.72,39.31,14.72,57.96,,38.73,108.34,104.94,40.37,41.53,,,43.65,8.1,177.27,97.65,596.27,6.43,11.46,73.89,,27.54,277.27,21.5,36.81,57.95,22.38,66.05,10.54,54.97,69.68,7.41,34.84,30.42
1945-12,168.39,67.27,,58.42,107.66,12.61,73.34,33.81,42.52,20.2,,22.89,66.96,140.8,25.43,22.11,40.74,18.23,61.18,,41.0,110.73,106.74,42.33,42.75,,,48.75,7.14,190.01,101.87,616.23,7.52,12.86,78.35,,27.79,277.93,23.3,38.22,62.11,24.28,70.02,11.78,55.83,69.97,8.52,37.77,30.0
1946-01,166.97,67.12,,69.8,105.34,12.04,77.5,33.77,43.9,20.21,,24.02,67.62,143.53,25.9,22.87,41.15,17.15,61.35,,41.19,112.99,108.91,44.1,44.08,,,46.76,7.36,189.12,100.54,612.28,7.79,12.62,78.85,,27.65,287.39,23.3,38.41,61.16,24.82,72.11,13.25,57.41,70.15,9.55,39.82,30.57
1946-02,171.69,70.67,,69.85,105.69,13.23,88.54,37.49,45.67,23.14,,26.35,72.56,151.33,28.42,24.86,44.53,19.73,70.21,,43.48,120.07,116.63,47.9,47.89,,,50.21,8.08,188.67,111.3,623.97,7.65,13.0,82.0,,28.72,317.08,25.58,39.17,64.8,28.49,79.91,13.35,59.44,76.42,12.18,43.37,31.65
1946-03,166.38,67.7,,65.2,99.67,11.91,88.47,35.3,41.77,21.14,,24.84,69.27,143.98,27.32,23.04,43.23,17.3,64.46,,39.85,110.55,105.41,44.61,43.92,,,47.83,7.97,179.06,104.6,606.25,7.56,12.05,79.59,,27.36,283.05,24.16,36.68,60.04,26.55,76.3,13.21,57.02,70.51,10.98,38.97,29.89
1946-04,188.87,70.5,,70.99,108.04,12.54,98.93,36.14,44.68,22.47,,25.86,80.11,154.11,29.12,24.8,45.67,17.87,66.56,,41.72,109.31,107.4,44.5,45.02,,,47.44,7.8,198.84,110.77,606.52,7.62,13.12,83.41,,30.72,310.63,26.24,39.77,61.94,28.12,85.18,13.75,60.19,72.96,11.33,41.22,32.18
1946-05,214.72,71.56,,70.7,111.96,14.61,107.73,41.52,47.4,23.49,,28.68,92.04,162.72,28.89,26.95,47.77,19.33,69.16,,43.26,108.15,108.87,41.45,46.6,,,49.46,8.25,216.18,115.24,616.18,9.27,15.03,90.48,,32.12,328.38,29.59,42.32,61.68,29.33,91.07,15.63,61.6,70.01,11.3,41.86,33.35
1946-06,221.7,72.49,,76.15,115.16,14.11,102.75,39.75,47.74,25.46,,31.3,96.48,169.15,29.83,29.32,50.24,18.79,73.32,,46.13,114.34,113.07,43.2,48.31,,,50.71,8.62,222.5,118.23,633.46,10.11,16.09,96.9,,33.45,327.46,31.19,43.93,64.46,31.24,92.29,15.39,63.49,69.39,12.17,44.34,35.19
1946-07,234.27,67.13,,82.64,109.46,12.82,94.39,34.42,43.21,22.94,,29.25,84.32,158.17,18.81,28.78,54.69,17.37,71.49,,43.04,102.15,103.83,40.18,48.44,,,47.84,14.24,212.47,106.53,650.58,9.53,15.32,103.22,,30.91,298.57,29.56,48.58,63.73,30.75,82.76,14.41,64.03,67.57,17.39,41.7,32.63
1946-08,225.86,66.65,,84.8,108.35,12.01,93.16,32.38,42.32,22.48,,27.74,81.59,154.16,17.49,27.57,51.5,17.07,69.6,,40.65,98.24,99.32,39.21,45.55,,,45.14,14.25,211.99,102.43,650.07,9.59,14.55,101.54,,28.91,289.91,28.67,47.53,59.88,29.68,80.23,14.18,61.62,67.57,16.03,38.78,31.28
1946-09,226.0,63.01,,79.23,103.56,11.24,87.94,28.13,40.26,20.61,,26.26,78.7,143.52,16.47,25.28,47.96,15.04,63.8,,36.81,90.21,88.91,37.49,42.32,,,41.77,13.69,199.12,96.56,604.45,8.89,13.02,92.96,,27.36,288.74,25.54,45.29,55.44,27.44,77.22,13.53,56.83,67.28,14.11,35.92,29.83
1946-10,204.97,57.23,,65.69,91.85,9.85,75.78,24.21,36.47,18.06,,22.94,73.42,130.33,14.56,21.81,43.51,13.45,56.08,,32.19,79.96,76.05,33.4,36.52,,,38.3,11.98,182.91,87.69,568.74,7.51,11.47,85.24,,23.86,265.95,23.07,40.1,46.17,25.28,71.83,11.5,48.16,62.07,11.8,30.46,26.0
1946-11,203.65,57.24,,62.47,95.89,9.73,73.22,24.24,35.56,18.66,,22.31,73.21,125.49,14.62,20.64,42.67,13.95,56.86,,30.96,76.79,73.48,30.47,36.45,,,38.75,12.02,181.42,88.55,539.56,7.21,11.1,84.44,,24.52,261.6,22.0,39.83,46.17,24.52,70.93,11.41,49.13,56.8,10.95,30.09,25.21
1946-12,204.84,56.59,,56.82,95.61,9.42,73.76,22.1,35.4,18.12,,23.23,73.63,129.17,14.15,20.25,42.9,13.1,57.42,,30.43,74.89,71.56,28.37,35.67,,,38.93,11.81,180.89,88.82,549.0,6.51,11.57,83.18,,26.87,277.54,22.8,41.92,45.53,23.84,66.4,12.04,48.98,58.74,10.57,29.72,25.76
1947-01,227.16,58.11,,57.64,99.24,9.73,71.58,23.3,38.39,17.6,,25.18,78.58,137.34,14.88,21.06,46.73,12.88,60.03,,32.44,77.77,75.66,29.39,37.07,,,38.45,12.07,187.95,94.01,562.59,6.29,11.56,87.34,,28.25,283.39,27.53,44.19,46.25,24.12,68.63,11.66,54.0,63.36,10.51,31.14,28.06
1947-02,208.04,58.61,,52.23,100.94,10.38,69.22,23.05,37.25,18.53,,24.18,74.13,136.68,15.36,21.72,47.11,13.45,60.62,,33.49,83.46,83.55,30.12,39.78,,,39.7,12.41,186.48,93.62,568.4,6.35,11.88,91.0,,28.75,284.57,25.79,44.11,46.24,23.95,68.93,11.71,54.69,65.04,10.43,31.84,28.43
1947-03,219.55,58.71,,51.0,95.73,10.18,65.69,22.25,37.53,18.42,,23.98,70.46,135.18,15.17,22.38,45.19,13.33,59.52,,33.23,80.85,84.2,29.71,39.25,,,40.16,12.26,180.46,92.37,556.63,6.3,11.79,87.22,,27.1,295.9,25.22,44.81,45.7,23.53,68.24,11.71,52.42,65.42,10.88,30.66,27.98
1947-04,218.78,57.59,,47.84,87.5,10.06,61.98,21.91,36.08,18.31,,25.76,68.75,134.59,14.46,20.73,43.69,12.88,58.29,,33.1,77.08,81.75,28.73,38.05,,,38.9,12.77,184.32,89.57,537.7,6.35,11.29,86.33,,25.92,300.39,24.12,43.01,43.82,22.86,66.51,11.1,51.31,62.65,9.77,29.87,27.1
1947-05,211.79,54.28,,41.72,80.04,9.05,57.27,18.77,34.32,17.11,,22.65,62.92,129.24,13.82,18.87,41.15,11.1,54.44,,30.52,73.19,78.0,25.78,35.44,,,37.09,12.0,183.36,85.77,536.52,5.96,10.31,79.2,,24.56,292.22,21.22,40.9,41.02,21.5,60.93,10.05,47.84,58.08,8.89,28.12,24.89
1947-06,208.35,53.73,,40.03,82.42,9.25,58.18,17.78,33.58,16.27,,21.49,61.04,128.07,13.3,18.16,39.51,10.36,52.42,,29.91,73.33,75.06,23.4,34.49,,,36.18,11.28,185.94,83.2,530.51,5.84,9.51,79.83,,22.08,284.26,20.22,40.23,39.37,20.59,60.6,9.48,48.4,56.0,8.74,27.45,23.25
1947-07,231.54,54.86,,39.17,93.38,13.48,59.93,20.15,31.41,17.71,,22.96,65.14,135.22,13.65,19.18,42.57,10.94,52.4,,32.13,71.86,79.84,24.07,34.92,,,36.43,13.39,196.84,76.61,519.91,6.43,10.06,73.8,,24.91,282.19,26.57,44.45,37.9,21.25,62.64,11.39,52.02,63.31,8.33,27.65,24.02
1947-08,244.74,57.41,,39.46,96.3,14.0,63.2,20.59,34.08,18.2,,23.48,66.67,137.22,13.68,20.8,43.82,11.77,56.16,,33.2,76.75,83.55,24.59,36.39,,,38.37,15.6,203.71,78.58,524.11,7.12,10.56,77.85,,25.14,299.28,27.74,45.81,40.64,22.03,65.38,12.12,52.99,60.53,8.96,29.26,25.89
1947-09,234.68,56.6,,37.84,93.31,15.47,55.67,21.02,33.94,18.24,,21.1,64.2,135.68,13.1,20.5,42.52,11.38,55.15,,32.29,73.77,81.77,25.37,35.73,,,37.19,15.59,197.89,78.45,525.88,7.03,10.24,74.74,,24.79,277.21,28.01,45.39,39.49,21.64,62.63,11.21,54.35,57.46,8.41,28.2,25.91
1947-10,238.48,55.79,,42.29,92.52,14.9,54.03,20.46,34.52,17.71,,19.31,62.66,133.79,12.88,20.81,42.57,11.14,55.19,,32.99,74.13,82.02,26.6,35.13,,,36.35,17.28,191.73,77.11,523.3,6.91,9.98,73.87,,25.35,281.97,28.06,46.31,38.83,21.57,60.46,11.27,54.28,60.31,8.11,27.9,26.54
1947-11,249.01,56.93,,39.81,90.76,14.21,53.56,21.18,36.16,18.2,,21.0,62.84,135.28,14.07,21.42,44.09,11.61,58.26,,34.33,75.27,84.12,26.61,35.67,,,36.46,17.65,201.65,78.22,524.41,7.15,10.23,77.21,,25.67,278.45,28.23,47.6,38.95,21.74,62.28,11.24,54.83,60.65,8.47,29.61,27.97
1947-12,244.44,54.95,,38.83,90.66,13.46,51.69,19.58,35.0,17.95,,20.38,60.49,133.55,14.1,20.96,42.77,9.89,57.1,,33.76,73.6,80.88,26.16,34.07,,,36.71,18.28,197.6,71.87,510.78,7.03,9.82,77.16,,24.87,286.73,27.91,45.08,37.37,21.13,60.09,10.99,51.07,65.23,7.96,29.37,27.1
1948-01,239.5,54.66,,38.4,91.13,12.6,47.74,19.03,34.9,18.35,,19.01,62.66,135.0,13.57,21.82,43.45,10.81,58.82,,34.54,75.22,82.56,25.63,34.91,,,34.54,18.91,215.27,72.41,505.95,6.61,9.77,79.18,,23.5,282.58,29.24,46.11,40.24,21.12,59.81,11.48,50.35,66.32,8.78,29.41,27.03
1948-02,224.71,53.02,,36.65,89.34,11.97,45.09,17.82,33.41,18.07,,18.04,57.11,128.95,13.01,21.15,40.78,11.63,56.4,,33.31,72.17,78.28,27.69,33.67,,,35.12,18.61,198.81,71.96,506.48,6.54,9.64,73.37,,22.75,256.09,26.99,43.42,40.01,20.49,57.64,10.85,49.84,66.18,8.09,28.6,25.3
1948-03,218.0,48.98,,33.36,86.29,11.19,42.28,16.58,31.97,16.62,,16.25,55.09,120.77,12.67,19.4,38.26,11.09,52.91,,31.15,68.36,72.97,26.59,31.26,,,34.02,17.43,191.83,69.07,500.98,6.09,9.25,73.27,,20.01,246.43,24.46,41.16,38.34,19.11,55.07,10.61,48.87,60.53,7.34,26.52,26.04
1948-04,239.46,51.46,,37.03,84.59,11.85,52.52,18.06,32.9,17.44,,18.3,58.05,130.32,13.2,20.98,41.11,11.3,59.43,,33.89,75.91,78.06,31.86,34.78,,,36.66,19.08,210.36,73.31,503.37,5.9,9.35,78.06,,23.11,275.89,27.2,44.2,41.35,20.43,58.55,10.56,49.4,65.2,8.05,30.27,28.04
1948-05,243.3,52.0,,36.2,77.29,12.36,50.71,19.19,33.98,17.84,,18.97,59.05,133.58,14.18,22.09,40.86,12.08,60.8,,35.08,74.67,78.73,32.95,35.14,,,38.4,19.98,233.28,74.13,516.72,5.89,9.94,80.54,,21.95,272.92,28.2,46.99,42.8,22.28,61.25,10.09,51.92,66.84,7.95,31.61,27.95
1948-06,243.96,53.93,,40.61,78.83,13.7,54.05,21.14,35.68,18.53,,20.51,62.66,143.27,14.62,24.5,44.72,13.08,65.08,,37.66,87.18,89.02,33.73,36.34,,,39.48,22.15,245.9,78.05,529.44,6.26,10.56,86.87,,23.27,282.26,32.79,50.96,45.07,22.92,66.43,10.95,56.45,77.18,9.35,34.11,29.74
1948-07,235.0,52.26,,37.14,88.57,12.55,47.73,20.6,32.2,18.19,,21.19,60.8,137.23,14.41,24.44,42.65,13.18,64.85,,35.66,85.47,88.16,31.23,33.88,,,39.08,20.79,256.68,76.19,542.11,6.44,10.82,77.85,,20.0,270.91,33.45,50.44,44.15,23.16,64.37,10.35,52.1,70.83,8.33,33.52,28.36
1948-08,233.36,50.26,,35.29,92.12,11.28,44.2,20.17,31.4,17.93,,19.54,58.27,129.27,13.15,23.7,39.87,11.93,62.3,,33.03,79.15,84.08,31.76,32.06,,,37.8,20.16,237.8,71.71,533.15,6.09,9.95,73.36,,18.51,259.15,31.56,48.11,42.05,21.74,59.16,9.9,49.45,66.74,7.64,31.37,27.62
1948-09,237.71,49.75,,35.12,93.24,11.68,46.69,19.93,31.2,17.51,,19.1,56.85,128.19,13.07,23.07,40.25,12.43,62.55,,32.29,79.96,83.89,31.13,32.19,,,37.26,19.98,231.22,71.48,533.34,6.05,10.15,77.5,,20.07,274.23,31.62,47.92,42.77,20.76,60.59,9.72,48.07,67.7,7.66,31.11,28.19
1948-10,221.69,47.25,,34.69,90.13,10.52,42.45,18.09,30.01,17.08,,19.98,54.45,127.65,12.22,21.72,38.34,11.71,60.89,,30.64,77.41,80.73,30.6,30.93,,,36.17,18.67,220.53,70.5,524.43,5.67,9.66,72.85,,18.77,263.42,29.5,45.82,40.87,20.07,59.86,9.42,47.15,72.2,7.66,29.56,27.35
1948-11,237.56,48.7,,36.02,92.92,11.25,43.28,18.02,30.96,17.34,,22.5,56.69,136.67,12.33,21.98,41.18,13.39,65.98,,32.41,83.41,86.96,31.61,31.15,,,37.75,20.05,239.9,73.0,530.23,5.91,9.83,77.04,,19.8,274.6,31.25,48.1,42.67,20.78,62.24,9.62,48.94,76.26,7.86,32.06,28.21
1948-12,224.32,45.24,,32.94,89.1,9.52,41.78,15.19,28.99,16.08,,20.21,53.11,123.78,10.77,19.49,37.26,10.49,56.48,,28.48,73.27,74.48,26.57,26.08,,,34.64,18.83,208.5,66.03,519.18,5.56,9.07,70.76,,17.84,272.85,27.18,42.45,36.86,19.4,57.73,8.95,45.95,73.02,7.39,27.46,25.38
1949-01,223.22,45.46,,33.2,89.59,9.39,43.64,14.62,28.71,15.87,,21.36,55.13,132.13,10.58,18.98,37.55,10.79,57.13,,28.82,77.26,77.03,27.21,26.14,,,34.1,18.2,217.41,67.47,517.13,5.44,8.77,73.05,,18.37,288.86,28.16,44.22,37.18,19.49,58.14,9.03,48.45,77.96,7.43,28.2,24.86
1949-02,227.1,46.98,,33.53,93.52,9.75,44.29,14.61,28.54,16.52,,21.27,57.79,131.74,11.26,19.36,37.77,10.74,57.58,,28.31,74.91,79.03,27.76,26.35,,,34.65,17.34,208.81,70.38,510.59,5.64,9.33,75.14,,18.55,287.67,26.96,44.47,37.21,20.0,58.61,8.88,48.99,74.15,7.05,27.61,25.32
1949-03,225.91,45.52,,32.73,92.86,9.18,45.19,13.01,26.03,15.67,,21.26,56.85,127.68,11.06,18.77,36.53,10.3,53.4,,27.11,70.41,74.91,27.77,24.66,,,34.51,15.84,198.76,70.57,509.0,5.25,8.87,71.85,,18.34,289.76,25.4,44.04,34.84,19.13,56.79,8.94,48.1,75.24,7.01,27.2,24.4
1949-04,225.27,47.4,,34.6,93.39,9.56,45.92,14.58,28.33,16.12,,22.05,59.84,130.97,11.69,18.23,37.82,11.35,53.84,,28.46,73.75,77.33,29.47,26.25,,,35.85,16.27,210.2,72.76,508.25,5.34,9.31,74.89,,19.37,308.48,25.9,45.32,35.95,19.59,59.11,9.1,51.02,76.43,7.74,29.5,25.21
1949-05,213.17,46.57,,33.43,93.27,9.49,45.91,14.65,27.75,15.69,,22.72,59.65,127.77,11.07,17.45,36.25,11.55,51.16,,27.31,70.66,74.17,27.63,25.3,,,36.24,14.93,211.85,73.37,499.88,5.47,9.38,74.19,,19.3,289.67,23.43,43.7,34.87,19.13,57.94,9.12,51.42,75.84,7.62,29.1,23.1
1949-06,200.02,46.05,,32.86,95.28,9.01,44.7,14.0,27.54,15.44,,21.03,58.54,125.69,10.45,17.02,34.94,10.55,47.05,,26.27,66.35,70.61,25.89,22.86,,,35.25,14.56,198.6,72.6,488.94,5.33,9.22,74.14,,17.93,261.59,22.13,41.9,33.42,18.01,57.87,9.02,51.79,74.09,7.53,27.48,22.8
1949-07,210.39,45.62,,33.94,95.86,9.24,44.78,14.35,26.7,15.67,,20.35,59.93,124.26,10.18,17.88,33.11,11.07,46.32,,26.29,63.9,71.03,24.81,22.96,,,34.36,13.47,190.09,72.71,454.98,5.76,9.17,71.87,,18.12,254.36,17.54,41.94,32.49,18.4,58.09,8.98,51.74,72.32,7.31,26.56,22.51
1949-08,217.55,48.04,,35.91,98.55,9.72,45.08,15.13,28.88,16.24,,22.93,62.98,129.91,10.71,18.83,35.44,11.91,49.95,,27.6,68.4,77.5,25.43,24.04,,,35.5,14.33,201.7,75.61,465.95,6.34,9.37,78.53,,19.48,262.32,19.38,44.17,33.7,19.04,60.98,9.34,55.12,75.34,7.46,28.47,24.71
1949-09,224.1,50.07,,37.28,101.33,9.78,44.6,15.71,29.97,16.61,,26.18,61.82,132.89,11.08,19.07,36.13,12.05,49.06,,28.04,68.85,77.55,25.28,23.93,,,35.94,14.55,211.07,78.04,470.38,6.48,9.81,77.73,,19.58,264.47,19.38,46.37,33.72,19.54,61.45,9.12,56.26,75.94,7.87,29.48,24.49
1949-10,218.06,51.16,,39.39,103.84,10.09,44.81,16.43,30.84,17.16,,27.06,62.6,139.06,11.08,19.5,36.89,13.36,50.63,,28.76,70.65,79.17,26.47,24.11,,,36.44,14.89,217.36,80.74,468.86,6.89,10.02,80.65,,20.66,272.24,20.0,48.41,34.45,20.38,62.53,9.3,57.82,80.53,8.12,31.98,25.7
1949-11,228.09,51.95,,40.03,102.11,10.37,46.48,16.78,33.35,17.84,,28.16,64.5,144.77,11.75,19.55,38.07,13.61,53.19,,29.54,72.49,84.8,27.55,24.58,,,37.8,14.79,225.37,81.47,477.67,7.16,10.21,87.01,,22.03,276.74,21.59,50.56,34.62,20.45,62.82,9.49,60.34,86.12,8.66,32.82,25.92
1949-12,234.03,52.41,,41.54,103.15,10.35,46.15,15.72,34.59,17.64,,29.24,66.99,149.85,11.71,19.52,38.88,13.25,53.59,,28.97,75.04,84.77,27.13,23.9,,,37.3,15.18,215.01,83.74,485.54,7.16,10.15,86.92,,22.76,299.15,21.69,51.25,34.61,20.51,63.55,9.65,62.72,86.79,9.02,33.41,26.17
1950-01,244.54,55.14,,43.34,105.33,11.99,50.38,16.63,36.3,18.29,,33.53,72.03,157.84,11.54,20.79,41.33,15.38,56.49,,30.35,80.54,91.8,29.13,24.93,,,37.57,14.69,216.37,86.04,485.96,7.42,10.73,98.51,,23.21,306.8,23.4,55.39,37.21,21.31,66.12,10.04,63.82,94.66,9.19,35.74,26.85
1950-02,253.33,55.65,,44.45,104.12,12.19,49.95,17.1,36.98,18.28,,33.9,72.64,159.26,12.68,21.35,41.13,16.23,58.57,,30.74,84.9,93.25,30.6,26.1,,,39.14,15.21,214.57,88.87,494.98,7.4,11.01,102.63,,25.83,307.61,23.98,57.28,38.88,21.36,67.75,10.18,65.23,93.1,8.97,36.45,27.48
1950-03,261.01,56.26,,43.72,104.53,12.73,45.79,17.25,38.42,17.29,,34.65,73.6,159.87,13.22,20.27,41.63,16.4,59.8,,30.71,88.37,95.13,33.09,26.25,,,38.51,14.7,211.33,90.75,498.14,7.17,10.6,102.81,,27.62,316.2,24.61,56.48,39.31,21.62,68.86,10.34,68.35,94.26,8.94,37.27,28.49
1950-04,256.09,56.05,,43.58,103.52,11.85,44.37,16.2,38.19,17.08,,34.64,70.93,164.81,12.19,19.21,41.82,16.16,58.63,,30.18,91.25,96.46,31.78,25.17,,,37.56,14.63,221.32,90.64,513.6,7.36,10.33,105.36,,27.18,300.56,23.94,57.72,38.74,21.48,68.48,10.1,67.2,94.8,8.32,37.28,29.5
1950-05,257.19,55.64,,44.28,100.26,11.91,46.01,16.73,40.57,17.3,,32.97,75.71,180.27,12.94,20.55,43.55,16.84,63.07,,30.94,97.19,106.42,36.87,25.67,,,39.11,14.1,228.32,91.17,525.78,7.24,10.5,103.95,,31.15,310.64,26.09,61.97,39.06,21.24,68.07,10.72,66.52,86.0,8.85,38.73,29.04
1950-06,274.89,56.34,,43.93,100.08,12.38,43.52,16.48,42.53,18.34,,37.71,77.3,192.2,12.96,21.11,45.25,16.6,66.18,,32.01,100.7,112.11,35.09,26.35,,,39.66,15.08,245.98,92.4,536.02,8.33,10.64,105.3,,30.23,304.27,26.89,66.06,38.9,22.21,69.74,10.6,68.26,96.24,9.08,39.6,30.13
1950-07,259.4,52.47,,43.18,90.75,11.12,34.65,14.32,38.86,17.42,,34.19,74.94,180.98,11.69,20.11,41.51,14.37,62.97,,30.02,93.4,105.79,33.72,23.59,,,35.22,14.06,231.2,85.86,565.36,7.6,9.88,94.78,,28.72,280.55,26.52,58.74,36.52,20.57,66.74,9.89,56.56,90.87,8.07,35.23,24.3
1950-08,241.62,51.38,,45.39,88.71,10.66,36.68,13.48,37.72,18.4,,33.96,68.93,174.02,11.94,23.4,38.43,13.77,70.6,,31.44,91.87,106.45,39.08,28.3,,,36.39,16.85,250.92,81.1,557.87,7.95,9.5,88.28,,27.41,273.09,25.36,59.18,42.34,21.1,65.83,9.82,49.35,82.74,8.12,35.83,21.81
1950-09,285.9,52.85,,46.37,88.37,11.07,37.3,15.07,41.69,18.96,,34.38,71.29,185.23,12.15,23.9,40.67,14.76,72.79,,32.64,95.19,112.21,37.66,27.88,,,38.93,17.55,258.92,83.43,572.0,8.33,9.98,95.5,,28.25,289.39,26.42,65.15,42.08,23.47,67.97,10.23,52.31,87.25,8.71,36.44,22.76
1950-10,285.27,54.69,,51.07,92.36,11.86,41.07,18.08,42.99,19.96,,37.9,75.01,192.61,12.97,24.82,43.88,15.66,74.95,,34.7,98.79,120.9,36.61,28.34,,,42.5,17.97,267.77,86.7,561.15,8.4,10.83,99.6,,29.98,308.41,29.82,68.8,43.71,24.67,73.62,10.88,57.29,96.26,9.0,38.04,24.35
1950-11,284.32,54.26,,49.94,92.18,11.74,38.4,18.11,42.32,19.87,,36.9,73.53,190.91,12.91,24.48,43.06,14.67,77.94,,34.34,97.34,121.32,36.56,30.02,,,41.65,17.44,268.45,85.71,562.33,8.23,10.69,99.63,,28.56,298.17,28.48,68.97,43.23,23.55,74.34,10.66,53.77,99.9,9.37,38.42,24.31
1950-12,270.07,53.85,,51.03,89.48,11.18,37.68,17.25,42.57,20.42,,41.11,75.4,201.96,13.76,24.73,44.03,14.16,79.69,,34.77,96.25,114.29,39.19,29.48,,,44.22,17.96,277.33,84.22,560.86,8.02,10.58,100.69,,30.3,335.29,30.4,72.73,44.41,24.22,74.19,10.65,53.57,102.03,9.79,40.03,23.72
1951-01,262.32,54.58,,54.1,88.05,11.32,37.53,17.67,44.06,21.49,,44.82,79.23,213.31,13.82,27.69,44.79,15.11,85.39,,37.86,99.8,116.46,43.66,32.66,,,47.28,20.34,300.58,86.8,562.84,8.09,10.69,103.08,,30.94,333.58,31.87,76.99,51.08,25.06,75.55,11.04,50.66,107.42,10.27,44.31,24.01
1951-02,299.47,56.04,,58.22,91.0,12.56,39.08,18.8,47.14,21.88,,46.57,81.39,222.1,14.76,28.63,48.3,16.65,92.62,,40.11,110.14,126.91,44.49,34.35,,,50.17,21.11,318.99,90.81,573.36,8.32,11.63,110.52,,32.39,326.21,34.44,80.79,55.65,26.22,78.03,11.71,53.06,98.71,11.7,46.27,26.62
1951-03,307.26,56.72,,56.16,89.31,12.47,40.89,18.43,47.74,22.38,,44.02,83.15,226.88,15.26,29.17,49.59,18.28,89.47,,40.67,111.28,128.49,45.61,33.88,,,49.87,21.12,319.55,93.16,596.8,8.34,11.64,109.14,,34.42,326.64,35.32,81.48,54.09,25.8,80.14,11.94,56.01,101.53,11.33,45.88,26.45
1951-04,301.53,55.59,,53.32,87.63,12.1,37.89,17.77,46.15,21.15,,42.67,84.86,222.31,14.81,26.34,49.66,16.86,84.49,,38.58,109.9,129.41,41.44,31.48,,,47.61,19.57,311.84,91.35,581.91,8.12,11.16,106.86,,33.91,315.49,34.13,79.79,51.75,25.81,78.08,11.47,56.0,103.41,10.94,44.53,26.52
1951-05,304.91,55.55,,55.38,87.11,12.52,38.37,18.1,46.32,21.34,,45.18,94.05,240.68,15.5,26.83,51.46,17.33,90.03,,40.27,112.8,134.94,43.55,33.26,,,50.5,19.04,346.09,91.2,586.8,8.1,11.43,110.0,,36.7,326.41,36.0,86.86,53.5,25.68,78.21,11.26,56.54,103.9,10.79,48.09,27.2
1951-06,305.39,54.48,,55.2,84.32,12.17,36.42,16.71,45.16,20.76,,44.98,95.44,238.34,15.21,26.45,48.97,16.85,85.54,,39.04,108.61,126.02,41.76,32.4,,,48.5,18.7,332.0,90.76,584.29,8.17,10.91,109.46,,35.0,314.45,35.44,83.6,51.01,27.45,76.39,10.56,56.21,102.71,10.75,46.38,26.65
1951-07,290.07,52.47,,53.08,83.6,11.96,34.35,15.39,41.27,19.96,,45.84,93.52,242.38,15.11,25.45,47.56,15.6,81.76,,36.77,104.21,115.67,38.21,28.41,,,46.07,18.87,334.64,87.49,632.56,7.81,10.87,97.59,,37.24,319.74,36.44,82.88,46.81,25.3,73.51,9.95,53.58,104.12,10.71,42.27,26.06
1951-08,297.12,54.04,,55.31,86.17,12.44,36.96,15.75,43.99,20.12,,49.67,107.51,262.04,16.28,25.98,51.0,16.17,89.68,,39.05,109.41,120.63,42.21,30.81,,,49.2,19.81,372.84,91.83,650.25,7.81,10.98,104.67,,39.13,340.44,36.69,88.56,50.64,27.85,75.14,10.28,57.38,106.36,10.65,45.06,27.07
1951-09,317.05,55.32,,58.74,88.15,12.82,39.28,16.39,44.96,20.64,,51.88,104.83,266.56,17.04,26.84,53.25,16.32,97.2,,40.67,117.0,127.14,43.94,31.07,,,53.52,21.19,389.66,93.25,667.36,7.85,11.3,108.63,,39.27,349.6,38.44,90.99,51.01,28.67,76.58,10.72,58.91,108.23,11.02,47.64,27.2
1951-10,291.83,55.1,,60.73,88.14,13.55,42.48,15.85,45.06,20.02,,50.31,102.82,262.59,17.28,26.12,53.4,17.85,99.39,,41.13,120.19,130.09,45.87,31.77,,,56.61,22.14,386.03,94.05,657.81,7.81,11.24,107.56,,38.62,383.48,41.48,89.21,52.75,33.5,78.32,10.67,58.68,111.69,10.63,47.86,27.11
1951-11,269.85,53.37,,58.01,86.06,13.2,40.92,15.63,43.49,19.84,,45.3,97.0,242.28,16.77,25.08,52.24,17.66,97.84,,39.97,112.21,127.36,45.03,31.33,,,53.7,21.75,390.0,94.3,650.72,7.88,11.26,103.2,,36.22,347.7,39.9,85.97,50.43,30.05,76.08,10.7,59.26,105.01,11.03,46.37,24.74
1951-12,268.79,52.82,,56.93,84.97,13.21,40.58,15.75,43.08,19.6,,42.74,96.54,241.09,17.34,25.09,51.26,16.88,97.2,,40.38,113.92,127.1,42.0,30.58,,,53.92,22.41,381.42,96.43,652.68,7.88,11.49,102.87,,36.24,378.48,40.6,86.52,51.01,30.16,76.41,10.79,61.95,99.93,11.5,48.4,24.87
1952-01,280.35,53.52,,58.28,85.49,13.08,39.0,15.36,43.92,19.74,,43.26,101.55,260.19,17.39,25.3,52.49,17.46,97.34,,41.46,118.35,131.28,42.32,30.5,,,52.82,22.03,399.3,99.09,649.99,7.82,11.19,108.73,,39.41,384.6,42.8,88.93,51.43,29.91,75.83,10.84,63.27,107.84,11.28,51.81,25.85
1952-02,277.57,53.97,,55.66,89.94,13.69,38.69,15.48,43.89,19.87,,43.8,101.95,251.08,17.53,23.93,52.5,17.98,100.29,,41.63,117.03,129.48,44.15,30.93,,,55.34,23.04,425.43,101.65,651.14,8.36,11.0,105.62,,36.95,379.64,40.83,89.76,53.24,29.85,75.11,11.06,62.99,110.75,11.56,54.56,26.39
1952-03,262.25,53.31,,53.42,86.23,13.53,38.57,15.6,43.6,19.03,,39.13,97.96,241.16,16.44,22.91,51.12,18.5,92.94,,40.35,112.12,127.07,41.87,29.9,,,52.01,23.12,406.81,101.9,646.98,7.98,10.57,101.2,,36.03,376.75,38.85,87.0,52.07,28.77,71.75,10.99,64.54,105.67,11.48,53.86,24.57
1952-04,270.99,53.55,,53.09,87.6,13.35,38.41,15.85,44.48,19.46,,40.05,97.86,248.78,16.93,23.75,52.6,19.1,94.37,,41.38,119.85,138.09,42.05,30.38,,,52.94,23.06,442.42,103.69,645.81,7.8,10.86,102.46,,37.45,370.89,39.43,88.95,56.75,28.46,73.44,11.51,66.48,108.66,12.14,55.21,25.41
1952-05,263.82,52.41,,51.81,84.24,12.68,36.1,15.8,41.76,18.79,,36.57,92.63,230.27,16.07,22.46,50.4,18.88,86.84,,39.38,115.05,132.68,39.14,30.24,,,49.87,21.17,408.29,101.4,640.99,7.59,10.38,100.38,,35.58,360.16,35.56,83.81,54.7,26.53,72.08,11.27,67.91,107.98,11.66,52.42,24.33
1952-06,276.47,53.17,,52.29,82.88,13.18,32.67,16.34,41.46,19.03,,38.91,94.16,244.21,15.73,23.45,51.98,19.01,87.98,,40.39,118.21,136.12,41.75,30.52,,,50.5,21.99,418.47,104.0,647.48,7.54,10.52,103.59,,36.83,363.08,35.65,85.6,56.67,27.39,73.49,11.35,68.8,112.16,12.0,53.55,24.47
1952-07,277.53,54.51,,55.02,89.76,13.82,29.64,15.89,42.31,19.86,,39.51,94.01,249.07,15.81,27.96,53.57,20.86,93.85,,41.0,120.37,142.04,41.66,33.21,,,55.19,23.78,429.52,111.48,742.73,7.41,10.67,110.37,,42.5,251.87,36.94,94.53,60.31,28.2,75.4,11.59,70.65,117.24,11.84,54.89,24.22
1952-08,268.76,54.95,,57.84,89.03,13.81,29.15,16.42,42.86,20.44,,38.05,89.63,251.85,16.26,27.35,54.17,21.01,96.93,,42.44,121.84,145.35,41.79,33.55,,,56.04,23.87,424.73,113.32,744.55,7.15,10.78,110.81,,41.52,261.48,38.43,97.7,60.59,27.77,76.92,11.5,74.24,117.26,12.07,55.5,25.34
1952-09,279.1,55.19,,57.38,89.33,14.59,30.58,15.91,42.82,20.0,,39.11,88.33,246.42,16.52,27.11,53.31,21.41,93.39,,41.44,121.62,145.56,42.06,32.78,,,55.62,23.42,408.96,114.94,751.03,6.93,10.77,109.59,,41.69,259.55,38.34,95.66,60.09,27.14,76.22,11.86,73.21,116.81,13.47,54.08,25.32
1952-10,256.1,54.31,,49.91,88.56,14.14,29.82,15.78,42.34,19.66,,38.4,83.98,241.86,15.82,25.52,52.09,20.01,89.54,,40.36,123.47,143.97,41.15,32.22,,,54.11,23.41,390.82,114.7,737.71,6.85,10.58,107.8,,39.84,256.56,35.97,95.14,58.66,25.95,75.55,11.96,73.27,118.64,13.81,53.41,25.55
1952-11,243.6,53.49,,48.45,94.93,14.01,27.6,15.75,42.43,19.0,,36.35,82.38,236.77,15.39,23.63,50.94,20.07,88.13,,39.38,122.5,145.77,41.61,31.78,,,51.4,22.87,392.03,114.63,744.48,7.05,10.62,107.26,,41.42,242.46,35.89,93.15,58.66,26.02,74.48,11.83,71.48,115.05,13.45,51.11,23.95
1952-12,250.29,55.72,,52.86,101.29,14.56,30.09,16.57,44.52,20.29,,37.92,88.08,258.29,16.43,24.82,54.05,20.12,94.44,,42.02,134.92,154.59,43.35,33.36,,,53.93,24.87,395.07,119.97,773.49,6.81,10.74,112.69,,46.68,256.85,37.64,100.39,62.56,27.04,77.1,11.77,77.52,123.85,14.01,53.62,25.7
1953-01,251.68,56.27,,52.36,101.52,15.24,31.82,16.92,44.88,20.21,,38.22,85.7,262.04,16.09,25.78,55.17,20.45,98.05,,42.57,137.37,165.2,44.34,33.42,,,54.9,24.29,413.06,121.76,770.67,6.62,10.91,118.67,,48.59,257.64,37.44,103.39,64.53,27.55,77.53,12.22,77.86,123.33,14.99,57.86,25.69
1953-02,249.03,57.9,,52.24,106.33,15.53,31.86,17.37,44.92,20.27,,35.89,81.21,262.54,16.41,25.0,55.65,20.35,99.44,,42.43,132.76,164.45,47.76,34.73,,,54.76,24.71,400.2,122.49,778.39,6.73,11.23,118.38,,47.73,257.77,36.98,101.91,65.53,27.33,78.04,12.59,78.59,125.77,15.51,56.27,26.28
1953-03,235.23,58.32,,52.1,110.35,15.65,33.27,18.61,44.47,20.91,,36.93,82.39,253.87,16.27,25.24,55.42,20.35,97.83,,41.88,132.81,160.38,48.13,35.05,,,56.08,24.35,397.47,122.59,883.11,6.71,11.32,119.27,,44.96,263.04,35.25,102.59,64.39,26.79,78.56,12.89,78.46,121.67,15.55,55.72,25.4
1953-04,241.33,57.94,,51.02,105.15,16.73,34.38,18.23,44.12,20.82,,37.24,81.7,253.66,16.04,23.93,55.06,19.97,92.88,,41.3,132.83,152.86,45.15,34.36,,,53.75,22.61,395.32,122.2,867.01,6.94,11.25,119.35,,47.23,261.72,33.22,101.64,62.51,26.3,77.9,13.02,76.68,120.41,15.84,57.52,26.11
1953-05,232.78,57.67,,48.85,109.88,16.29,33.38,18.32,42.37,20.52,,35.37,77.25,244.78,15.85,23.16,53.8,19.41,90.97,,40.44,133.65,149.68,43.1,32.97,,,52.6,21.04,374.79,118.19,857.99,6.97,10.78,113.79,,45.72,264.23,31.86,99.36,60.52,25.24,77.19,12.84,74.08,116.48,15.61,53.91,25.63
1953-06,231.8,57.55,,48.98,108.68,16.7,33.1,18.0,42.29,20.51,,35.42,78.93,243.44,16.03,22.93,53.54,19.09,90.98,,40.13,134.56,147.24,43.96,33.85,,,57.06,20.75,377.65,117.48,861.0,7.61,10.9,116.96,,47.49,258.7,31.32,100.14,62.46,25.3,77.98,12.75,74.87,109.08,15.98,54.62,25.91
1953-07,234.1,56.59,,48.44,110.62,17.97,25.81,17.14,39.69,20.59,,34.84,72.46,228.95,16.19,23.15,51.09,18.73,87.5,,40.81,126.01,140.77,36.89,32.8,,,48.6,19.94,379.56,116.3,877.15,7.54,10.62,113.38,,45.51,255.46,31.67,96.56,62.08,24.72,75.99,11.91,76.35,108.01,14.23,52.46,25.33
1953-08,237.37,57.89,,49.95,115.79,18.53,26.57,16.83,41.61,20.59,,37.1,74.75,234.87,16.48,23.38,52.2,19.02,90.38,,40.96,129.04,141.51,36.62,32.95,,,49.16,19.98,394.51,122.25,885.39,7.48,10.66,115.96,,46.6,259.91,31.7,99.67,62.81,24.54,77.45,12.07,76.62,108.82,14.51,53.72,25.37
1953-09,230.15,56.73,,48.39,108.21,17.18,24.84,15.31,39.95,20.23,,37.77,74.21,227.02,16.19,22.0,49.68,18.16,81.95,,38.17,120.88,130.23,35.56,30.93,,,45.45,18.34,364.81,121.3,877.82,7.4,10.37,113.93,,44.46,258.1,29.21,93.84,56.96,24.59,75.1,10.94,76.06,106.59,14.11,50.18,24.8
1953-10,215.93,56.72,,46.64,111.95,16.96,23.8,15.73,39.24,19.89,,37.26,74.4,230.73,15.91,21.41,49.87,18.46,81.25,,37.9,126.01,129.51,36.85,29.52,,,45.02,17.63,357.56,122.59,880.64,7.28,10.24,111.54,,46.24,261.68,29.37,97.27,55.76,25.81,75.01,10.84,76.73,110.07,13.27,49.13,24.56
1953-11,203.43,57.69,,47.79,109.77,17.75,24.23,17.47,41.51,20.24,,38.87,76.02,241.07,17.78,21.41,52.69,19.26,87.96,,39.39,136.63,141.5,38.93,31.02,,,46.52,17.87,377.49,127.65,892.86,7.67,10.35,112.88,,50.39,283.45,31.15,103.78,57.61,25.94,75.52,10.83,80.8,109.6,14.76,51.77,24.71
1953-12,202.37,59.0,,49.71,99.78,18.22,27.16,17.87,43.18,20.28,,41.65,81.51,249.95,17.93,21.07,54.3,19.23,88.27,,40.34,144.65,140.5,40.51,31.75,,,45.88,18.38,379.67,130.85,912.77,7.88,10.41,114.48,,51.53,284.91,31.07,113.8,58.12,26.22,77.36,10.98,84.21,117.05,14.33,52.41,25.56
1954-01,199.0,59.54,,48.75,94.9,17.82,27.69,17.64,42.95,19.81,,40.03,80.18,251.51,18.95,20.28,54.81,18.43,86.97,,39.86,142.25,139.19,41.41,31.08,,,44.04,17.31,381.16,131.1,904.68,8.16,10.78,120.64,,51.47,284.83,30.05,114.95,55.41,26.05,77.81,10.84,84.82,116.3,14.48,51.61,26.5
1954-02,215.09,61.69,,51.66,96.86,18.44,28.52,19.09,44.48,20.32,,41.59,84.85,254.06,20.55,21.77,58.23,19.61,93.54,,42.97,152.41,147.04,44.68,33.3,,,47.64,18.92,413.89,135.01,921.79,8.09,10.9,128.2,,53.42,304.61,34.46,119.14,59.68,27.83,80.05,11.47,89.4,114.55,15.29,53.77,27.42
1954-03,216.53,61.21,,51.28,91.96,18.02,29.46,20.19,44.15,20.6,,41.53,84.22,252.47,20.15,21.98,59.29,19.44,92.54,,43.84,160.42,147.23,47.51,33.99,,,49.29,17.42,421.7,136.66,945.45,8.05,11.06,133.43,,54.37,316.81,33.94,120.12,59.79,28.53,79.69,11.52,89.9,119.0,15.58,54.15,28.25
1954-04,217.11,62.74,,49.44,91.96,18.51,30.66,20.22,46.33,20.83,,40.76,84.4,263.53,20.27,21.31,60.08,20.02,97.8,,44.28,170.61,152.51,55.1,35.03,,,50.84,17.51,439.56,139.97,948.8,8.24,11.27,156.34,,59.87,331.8,34.53,127.5,59.34,28.28,79.81,11.19,93.38,123.13,15.38,57.02,28.76
1954-05,225.6,63.17,,48.75,95.67,19.42,30.56,21.65,47.57,20.7,,39.25,85.8,280.69,22.78,20.1,62.16,20.94,105.6,,46.54,191.72,157.91,54.9,35.43,,,52.39,17.14,466.76,141.24,967.42,8.25,11.57,158.84,,62.56,344.25,35.45,137.58,60.25,28.46,80.96,11.39,96.8,131.65,15.28,60.91,28.87
1954-06,209.96,64.21,,51.3,94.04,19.29,31.77,22.48,50.39,21.42,,42.37,86.06,294.82,22.44,22.55,63.83,20.96,111.71,,48.55,184.72,165.27,58.49,37.22,,,55.94,18.34,476.12,144.39,979.25,8.67,11.65,167.96,,65.07,365.44,37.62,140.39,63.05,28.62,82.81,12.13,96.39,131.07,15.03,62.89,28.81
1954-07,241.98,66.24,,50.5,85.69,19.43,31.43,22.96,52.92,22.72,,43.83,86.0,294.09,20.91,23.0,67.52,24.4,113.31,,49.05,202.8,171.9,61.69,38.35,,,55.38,22.09,435.72,153.7,922.41,9.0,11.82,174.05,,89.17,365.39,40.64,149.46,61.58,30.39,84.89,13.03,101.65,136.64,15.19,62.53,29.21
1954-08,239.64,70.13,,54.9,92.6,21.19,33.61,24.11,53.62,24.25,,42.71,94.35,300.59,20.78,24.72,71.17,25.83,122.33,,51.39,199.98,189.37,71.33,40.9,,,58.39,22.28,453.9,161.54,962.61,9.14,12.31,178.22,,90.6,362.82,44.06,157.62,65.52,31.95,88.26,14.3,112.08,147.41,17.19,64.86,30.5
1954-09,232.49,67.6,,54.78,90.16,19.83,36.47,23.94,54.75,23.17,,41.81,91.37,288.58,20.16,23.54,68.35,23.86,113.34,,49.63,189.15,180.3,72.89,39.66,,,55.48,22.85,454.66,158.09,947.57,9.19,12.22,170.93,,85.17,351.6,43.12,149.49,62.4,31.36,87.53,15.86,112.48,141.69,16.62,64.5,30.39
1954-10,240.17,69.64,,55.44,94.99,20.6,38.47,25.02,57.69,23.63,,44.1,93.29,309.15,20.34,24.66,72.45,23.58,121.73,,52.15,201.75,205.05,74.68,40.72,,,60.18,24.53,499.93,160.59,960.15,9.95,12.22,180.87,,84.83,364.19,46.89,157.24,64.51,31.89,91.67,17.31,116.39,141.87,17.57,66.17,32.58
1954-11,238.97,67.78,,54.59,92.46,19.38,36.04,24.07,58.99,23.54,,44.38,91.3,295.52,20.07,24.2,74.21,30.95,122.05,,52.86,196.04,207.07,74.84,40.31,,,59.47,23.21,489.55,153.96,952.02,10.13,12.22,186.36,,82.98,344.71,48.46,156.17,66.06,30.73,89.23,17.04,121.53,131.29,18.09,64.09,33.27
1954-12,257.99,71.47,,58.11,93.68,20.15,39.23,25.45,63.32,24.36,,49.41,102.06,335.25,21.65,26.55,84.52,31.7,139.05,,57.73,214.63,215.08,80.82,44.28,,,65.31,27.68,534.05,161.95,984.41,10.58,12.61,220.24,,99.8,417.79,54.97,173.66,73.11,33.12,95.93,17.66,132.97,143.96,18.45,71.46,34.74
1955-01,268.23,72.7,,62.65,100.51,21.38,43.23,26.1,65.04,25.35,,50.14,108.58,347.49,22.58,28.41,86.12,35.15,155.84,,60.9,222.09,231.37,94.46,47.56,,,67.52,30.45,568.03,167.02,987.7,11.31,13.35,217.88,,100.37,434.63,56.81,182.96,81.48,34.83,97.21,20.12,135.13,156.93,20.56,77.61,35.48
1955-02,252.97,73.26,,59.98,101.85,22.01,42.11,25.76,63.97,25.73,,47.94,105.48,337.84,24.02,28.79,86.19,34.92,161.14,,60.77,231.84,233.13,102.83,51.28,,,69.74,29.37,570.34,168.17,995.61,11.57,13.49,224.94,,97.46,438.05,56.74,175.29,82.03,34.13,98.87,20.86,135.41,154.98,21.88,77.74,34.41
1955-03,262.45,74.01,,60.68,99.32,24.39,42.11,27.14,66.63,27.12,,46.42,108.79,351.01,26.99,29.11,88.54,36.4,166.74,,64.0,241.87,228.78,105.13,54.18,,,69.26,31.48,579.42,173.72,1035.16,12.67,13.88,234.53,,102.31,453.28,61.15,182.22,86.19,34.22,99.58,21.14,134.76,154.13,19.98,81.93,35.43
1955-04,257.15,73.56,,59.16,98.92,23.97,40.32,25.79,65.2,27.27,,46.85,115.75,346.78,26.33,27.5,90.05,35.24,171.3,,64.63,232.69,228.79,96.94,59.38,,,75.04,31.31,577.59,171.67,1020.88,11.97,13.37,245.37,,101.19,454.7,65.07,183.08,85.89,33.34,97.91,20.92,133.51,160.58,20.12,82.65,34.65
1955-05,268.1,76.58,,58.16,107.62,24.77,42.84,25.9,66.08,27.23,,56.39,115.09,374.36,25.63,28.19,94.43,46.4,175.87,,65.6,242.57,241.1,90.02,54.12,,,74.95,30.62,580.79,175.43,1040.99,11.52,13.42,260.25,,107.89,500.39,64.03,192.27,91.08,33.92,99.54,22.59,132.71,159.64,19.61,80.54,38.48
1955-06,277.4,75.79,,59.59,104.1,23.29,43.65,24.75,66.01,27.3,,59.87,117.86,392.58,25.32,28.09,96.18,44.81,178.09,,64.68,248.42,237.4,89.12,53.13,,,78.95,33.01,579.7,174.4,1053.98,10.92,13.68,255.38,,118.35,510.57,67.13,198.2,92.16,33.89,102.18,22.53,140.13,154.74,18.98,80.67,36.53
1955-07,279.04,82.91,,57.44,102.89,26.1,45.02,26.82,72.76,28.96,,63.95,116.76,449.67,27.21,29.47,100.22,55.35,199.38,,69.01,242.77,268.1,79.83,63.6,,,76.68,36.09,638.43,178.46,1186.74,10.83,14.05,266.39,,117.33,510.12,84.24,200.14,95.3,36.93,107.45,21.85,128.49,162.65,18.82,85.41,39.13
1955-08,269.85,83.88,,57.58,110.4,26.1,44.87,26.68,73.7,29.87,,63.75,116.79,448.39,28.93,30.27,100.14,55.59,200.31,,68.6,236.0,314.75,78.38,61.74,,,73.32,35.1,656.22,184.53,1217.72,11.11,14.19,265.84,,106.39,496.05,75.89,193.49,93.8,37.83,109.44,22.97,127.95,157.65,18.76,85.03,37.78
1955-09,269.84,82.43,,57.13,110.99,26.04,44.03,25.34,74.61,29.56,,60.32,117.17,456.52,33.4,29.64,100.77,56.61,211.11,,68.44,240.57,306.28,85.42,62.14,,,77.56,36.87,643.83,183.9,1186.11,11.28,14.01,254.55,,109.85,505.31,75.87,190.9,93.82,37.08,110.84,22.39,130.11,153.92,18.1,85.35,37.4
1955-10,254.82,79.78,,56.27,114.31,24.11,41.67,24.77,72.58,29.47,,55.25,113.8,444.21,33.59,29.15,101.13,55.58,212.24,,68.86,225.2,334.38,82.85,60.2,,,74.33,36.92,641.23,178.27,1186.21,11.37,14.19,247.29,,106.43,509.21,74.61,190.4,91.97,35.41,114.89,21.56,124.15,147.23,18.0,81.39,36.83
1955-11,249.89,79.65,,52.71,113.88,22.85,40.4,24.94,70.59,29.03,,53.25,115.07,433.38,32.55,28.7,97.94,58.12,200.63,,67.26,211.25,323.78,86.63,59.27,,,70.65,37.2,642.75,176.02,1172.61,11.19,14.37,236.36,,103.56,496.74,73.85,184.73,89.04,35.84,111.66,20.62,124.39,141.93,16.67,79.29,36.74
1955-12,255.43,82.06,,54.13,116.87,23.95,41.06,27.3,72.66,29.01,,57.59,121.03,461.56,34.58,29.4,102.61,58.66,215.57,,72.91,236.65,348.58,96.07,65.02,,,77.02,41.02,690.98,181.14,1190.98,11.28,14.72,252.35,,110.63,521.64,76.48,198.58,97.62,36.21,118.14,20.75,124.21,161.95,17.82,82.56,36.35
1956-01,252.7,82.45,,55.09,118.64,24.55,39.69,28.34,75.47,29.18,,60.94,128.23,471.67,35.23,29.49,106.82,60.31,219.6,,75.49,249.66,338.03,103.45,68.84,,,74.94,44.2,715.97,180.25,1187.2,11.53,14.29,262.57,,118.79,509.74,82.72,206.47,95.43,36.95,116.41,24.29,125.49,163.04,18.19,84.26,36.91
1956-02,245.72,80.63,,55.13,118.88,23.26,37.45,28.13,72.5,28.62,,53.24,120.44,449.33,32.76,29.28,101.84,60.4,210.95,,72.2,235.39,319.93,96.18,64.99,,,72.94,46.76,718.14,179.11,1209.35,12.05,13.93,253.01,,109.42,487.27,82.01,196.24,93.03,36.57,110.78,23.26,120.15,156.97,17.95,81.62,36.9
1956-03,254.68,81.99,,54.88,113.04,23.9,40.74,30.0,77.12,28.86,,59.1,129.43,465.24,33.06,29.28,106.71,56.75,219.33,,75.93,249.41,333.86,100.21,65.92,,,77.5,52.34,745.37,181.69,1211.13,12.17,14.2,266.27,,120.82,518.29,85.84,210.72,94.53,38.57,114.76,23.08,122.95,162.04,19.08,85.04,38.24
1956-04,252.52,83.16,,57.28,114.61,25.68,39.92,30.85,80.28,28.77,,62.18,138.74,491.09,35.01,29.0,119.26,57.12,240.67,,78.91,269.22,349.07,99.05,67.87,,,78.41,56.92,830.42,187.9,1214.0,13.15,14.31,312.07,,139.15,551.46,96.08,233.14,100.92,39.46,114.76,23.67,125.57,175.42,23.65,90.72,42.01
1956-05,245.19,83.05,,58.37,122.68,27.04,40.75,32.02,79.08,28.23,,58.1,143.59,486.7,34.27,27.96,119.13,57.0,249.39,,81.08,262.3,331.4,102.24,67.42,,,76.97,53.33,861.2,183.25,1203.3,12.26,14.36,327.99,,133.51,583.87,92.67,238.1,102.41,39.42,112.37,23.42,124.15,160.95,21.74,94.09,39.88
1956-06,238.94,80.38,,55.83,124.55,26.03,39.07,33.21,74.1,27.73,,58.93,140.85,455.6,33.17,26.15,114.22,55.16,223.86,,78.48,242.12,312.34,96.1,64.68,,,70.94,52.12,800.7,181.08,1189.98,11.55,14.01,328.26,,128.71,547.96,87.62,227.35,95.97,38.18,106.4,23.91,120.2,154.25,20.24,86.35,38.54
1956-07,237.16,80.77,,57.84,125.16,27.11,39.16,34.99,73.36,29.87,,63.32,148.24,469.55,35.17,26.97,119.79,88.37,234.17,,82.86,259.93,367.24,97.91,64.02,,,71.43,75.04,810.43,189.32,1176.89,12.31,13.93,383.73,,144.94,574.76,88.19,246.71,99.24,38.04,106.58,24.71,126.59,150.0,20.54,95.03,43.9
1956-08,239.54,83.86,,57.93,127.43,27.05,39.65,37.44,75.11,29.9,,63.06,153.07,481.92,35.36,27.06,126.38,94.86,259.52,,90.77,273.77,383.97,102.12,69.54,,,72.12,76.7,875.89,198.66,1208.04,12.12,14.01,401.68,,154.78,607.86,98.09,265.05,101.2,39.17,111.45,25.77,129.56,153.93,21.9,97.52,43.12
1956-09,241.43,82.53,,58.73,123.24,28.33,39.56,38.81,76.42,29.45,,59.78,147.94,461.82,34.29,26.13,122.2,90.7,252.79,,87.15,264.95,382.26,110.43,68.19,,,74.31,71.88,837.96,192.89,1189.3,13.41,14.23,380.85,,144.69,589.55,90.59,244.43,95.23,38.89,107.63,24.91,128.62,143.22,20.72,93.69,40.91
1956-10,227.69,79.45,,57.3,117.85,29.07,37.59,35.19,73.08,28.22,,57.24,142.21,430.33,36.43,25.51,115.4,86.31,240.65,,84.13,245.15,373.04,104.35,65.16,,,70.31,70.26,788.75,184.8,1143.06,12.47,14.01,354.28,,135.17,548.04,78.62,221.04,91.08,38.2,102.42,23.73,120.93,138.26,20.4,89.09,41.36
1956-11,225.52,79.15,,55.98,121.05,31.14,37.12,36.39,71.09,28.2,,55.46,143.25,433.27,37.14,25.8,113.49,88.1,242.18,,86.71,253.3,372.25,108.79,66.17,,,69.67,75.87,806.37,186.12,1127.04,12.61,14.22,365.69,,139.06,564.76,74.18,231.71,92.54,38.89,103.58,24.02,118.89,144.43,20.73,90.41,38.72
1956-12,222.58,78.45,,54.76,118.23,33.47,36.1,36.02,69.76,28.35,,57.4,139.52,416.19,35.98,25.26,108.59,91.8,245.17,,87.9,249.39,356.16,111.52,71.28,,,69.28,79.8,842.56,186.01,1143.24,12.56,14.25,378.9,,149.88,574.55,70.53,224.74,91.32,39.89,100.35,23.98,120.09,138.35,20.84,92.45,37.73
1957-01,221.95,78.76,,57.68,120.86,33.35,37.39,33.92,73.43,28.48,,58.91,147.61,437.51,38.48,24.88,114.12,97.43,254.55,,93.39,256.87,363.94,115.12,73.98,,,70.71,78.66,877.62,188.67,1158.21,12.7,14.28,410.46,,150.5,579.18,74.19,227.88,92.39,41.14,99.13,23.88,120.31,143.13,21.63,93.04,39.18
1957-02,231.81,79.51,,57.44,126.41,31.86,38.72,34.92,70.03,28.79,,57.66,144.07,420.51,17.3,25.34,108.77,98.17,233.15,,91.28,236.91,340.29,111.07,75.03,,,71.25,74.75,856.85,192.97,1191.77,13.06,14.49,396.15,,137.19,588.27,69.23,221.17,90.13,42.95,97.29,24.07,121.23,149.64,22.93,93.25,37.26
1957-03,227.03,78.07,,57.91,122.61,31.43,37.46,35.52,68.14,28.75,,59.9,142.36,410.25,17.58,23.36,106.5,95.97,221.58,,88.96,237.76,329.68,100.58,74.0,,,71.66,69.26,832.79,191.5,1195.45,13.01,14.18,388.33,,143.39,556.89,68.01,217.8,85.7,43.27,95.52,22.7,122.16,158.97,22.2,89.44,36.69
1957-04,236.78,78.64,,58.78,123.73,32.76,37.98,36.03,71.49,29.07,,62.52,154.14,420.15,18.38,23.75,108.14,99.71,225.88,,90.36,248.69,331.66,99.25,74.3,,,74.84,70.06,858.95,193.98,1198.76,13.32,14.21,403.05,,156.48,564.48,66.1,219.68,86.23,43.42,97.27,23.22,126.82,154.92,21.87,92.98,38.33
1957-05,240.03,79.84,,59.62,124.34,33.82,38.77,40.05,73.45,28.48,,63.49,162.76,442.41,17.84,23.71,108.92,107.59,235.74,,92.74,268.17,357.94,98.95,78.77,,,74.31,68.8,918.48,199.56,1204.03,13.33,14.32,438.21,,168.85,624.46,63.24,221.37,88.19,43.54,97.19,23.89,131.14,163.87,22.77,99.75,38.39
1957-06,238.77,80.28,,61.83,121.69,35.87,39.96,43.16,72.56,30.55,,63.6,170.28,455.84,18.12,24.65,114.39,109.32,241.71,,94.73,279.65,360.52,98.69,77.48,,,73.4,72.2,983.23,203.05,1215.84,13.23,14.2,472.83,,176.29,669.53,66.84,231.39,88.07,45.0,98.94,23.9,134.38,159.64,23.94,103.52,40.99
1957-07,241.62,79.81,,62.27,119.81,36.8,38.18,44.76,74.0,29.41,,63.99,185.19,459.22,18.97,26.19,108.12,102.88,251.33,,98.13,246.78,357.44,92.07,79.83,,,77.72,75.31,968.53,200.36,1316.53,17.88,14.0,493.8,,137.75,721.86,66.48,265.84,89.62,46.62,97.32,23.97,118.87,155.28,22.89,93.7,32.2
1957-08,231.67,81.62,,61.07,119.23,38.96,38.03,45.14,77.02,28.95,,70.29,188.75,465.97,18.86,25.93,109.75,104.49,250.07,,96.08,255.31,370.51,87.03,79.56,,,78.41,74.46,977.04,199.67,1313.35,17.92,13.96,498.56,,144.71,718.38,67.26,263.44,91.31,46.44,100.21,24.25,119.07,147.47,22.84,93.6,31.94
1957-09,237.97,79.27,,58.31,121.17,35.67,36.49,42.24,75.21,29.68,,65.17,182.84,432.46,17.63,23.99,101.51,97.63,230.75,,91.31,244.18,354.47,85.96,77.21,,,73.05,68.96,916.11,193.63,1309.41,18.5,13.73,463.38,,127.35,656.78,56.88,247.79,84.36,42.03,97.28,23.18,118.25,136.59,22.06,88.81,30.38
1957-10,221.31,77.85,,54.84,127.4,33.3,34.46,42.28,73.75,28.8,,64.16,176.77,411.92,16.78,22.57,96.0,90.72,210.13,,84.31,226.48,328.06,76.9,69.61,,,65.53,62.26,842.78,189.43,1265.86,18.86,13.62,441.13,,116.05,604.49,56.94,236.52,78.2,40.26,97.67,22.46,116.36,130.99,20.82,82.51,29.4
1957-11,210.45,76.64,,53.51,128.67,31.62,30.42,37.88,71.1,27.7,,62.55,175.46,396.87,16.11,20.71,92.11,84.29,194.06,,78.53,221.27,316.64,73.08,67.55,,,61.13,59.29,792.05,187.48,1370.59,18.56,13.41,429.6,,107.78,633.83,51.46,227.35,72.25,36.64,95.35,20.59,114.79,127.07,18.51,74.02,28.08
1957-12,213.48,78.79,,56.02,131.79,32.9,31.53,38.52,73.65,27.12,,65.78,189.51,413.48,16.37,21.11,95.56,92.53,189.75,,76.75,244.66,300.64,84.45,70.52,,,58.92,58.33,805.2,194.66,1389.78,19.39,13.42,445.85,,119.72,650.17,56.02,241.16,70.23,37.27,96.17,19.83,121.34,132.62,18.6,75.48,27.3
1958-01,194.34,79.88,,54.11,135.75,31.82,29.72,37.09,75.51,26.18,,66.29,187.21,399.37,15.38,19.43,92.74,83.56,174.96,,70.67,231.35,280.68,78.63,66.77,,,49.5,53.24,748.62,198.83,1389.48,18.92,14.81,441.18,,108.58,649.78,37.54,233.5,65.06,35.7,94.11,19.34,120.67,144.9,17.4,71.6,27.36
1958-02,213.22,85.14,,57.89,143.87,35.08,32.58,39.86,76.82,28.32,,71.94,185.04,412.8,16.72,22.47,99.7,99.71,189.91,,77.95,239.44,290.78,81.8,71.42,,,53.82,58.04,758.71,207.07,1448.63,19.67,16.28,465.57,,108.84,677.47,41.01,243.97,73.33,37.17,101.15,21.62,130.13,148.32,18.13,79.25,28.48
1958-03,234.96,86.97,,59.27,141.89,34.3,32.35,37.44,78.48,28.74,,70.65,194.35,394.44,16.6,22.01,98.51,95.28,188.75,,74.86,230.03,280.95,79.06,70.46,,,51.71,55.99,718.03,208.84,1457.71,20.34,16.28,474.1,,105.95,670.58,38.78,238.44,70.14,37.17,103.33,21.43,134.79,154.58,17.98,76.94,29.21
1958-04,242.39,89.84,,65.29,150.63,36.19,32.41,38.93,81.69,29.48,,77.5,209.53,401.0,16.76,22.38,102.63,101.53,192.15,,77.53,230.62,287.72,79.24,70.09,,,55.94,56.39,775.18,212.3,1456.08,21.2,16.22,498.21,,112.49,688.77,40.19,245.6,70.19,38.54,108.75,22.92,136.92,155.63,19.6,80.3,37.29
1958-05,260.29,92.33,,67.52,157.47,35.49,33.56,40.94,82.9,30.25,,78.85,223.68,403.69,16.12,23.47,103.88,99.71,194.36,,79.45,227.12,300.16,83.48,70.03,,,56.49,59.08,814.25,222.09,1495.44,21.23,16.61,505.26,,111.88,704.34,40.15,249.41,74.96,38.65,111.91,23.31,138.91,159.95,21.17,82.31,36.89
1958-06,262.33,96.29,,69.52,156.67,35.57,35.87,41.75,82.32,31.1,,76.62,226.81,408.01,15.95,24.53,105.56,99.29,206.01,,81.03,231.79,309.43,88.45,71.84,,,58.71,62.43,810.57,224.46,1525.84,21.99,17.17,509.31,,117.73,692.14,40.1,260.74,77.48,39.54,115.43,25.11,143.08,154.85,24.99,83.6,37.47
1958-07,187.41,98.05,,74.66,177.19,47.29,35.63,42.03,90.45,30.63,,75.37,224.17,408.0,16.72,24.35,108.42,74.62,211.57,,74.8,227.89,368.23,119.41,86.33,,,58.6,73.97,872.56,235.46,1602.88,41.88,17.11,499.6,,111.56,487.51,46.49,259.14,77.52,39.12,120.04,26.12,146.41,161.4,28.33,86.9,40.34
1958-08,188.63,99.43,,77.04,177.14,48.67,36.36,40.1,98.97,31.37,,80.87,237.05,439.41,17.17,26.09,116.55,75.73,235.43,,80.86,238.87,405.75,126.12,91.92,,,60.85,83.18,875.43,237.4,1617.29,41.25,18.62,551.6,,119.25,514.36,51.21,272.76,83.75,40.58,121.81,26.94,150.61,164.21,30.91,87.7,40.68
1958-09,201.49,100.96,,80.58,179.48,52.44,38.55,44.79,97.26,32.16,,81.67,241.06,448.27,17.69,27.08,119.0,75.24,241.46,,83.47,243.5,401.29,125.88,92.66,,,52.15,84.91,886.82,234.05,1654.94,42.0,18.85,560.6,,121.64,526.57,52.42,279.89,85.04,41.87,128.29,28.47,159.07,161.29,32.13,91.69,45.15
1958-10,194.71,102.85,,85.3,193.38,59.83,40.56,49.17,101.5,33.28,,86.14,269.77,460.31,18.25,29.71,122.99,79.11,261.02,,86.73,255.87,439.03,123.07,93.94,,,49.46,84.26,916.05,241.24,1719.64,43.75,19.62,606.01,,118.52,559.24,69.07,290.98,92.08,42.8,133.21,31.44,153.25,155.72,32.1,93.77,43.46
1958-11,205.38,104.2,,90.22,196.67,69.19,42.06,51.9,110.35,33.11,,92.61,271.36,463.33,18.99,30.67,124.09,86.32,273.69,,89.24,266.12,451.1,131.7,97.35,,,50.98,86.41,926.31,250.95,1744.77,46.15,20.36,645.43,,120.19,574.93,62.91,297.8,95.17,43.14,134.5,32.61,159.94,168.83,32.77,99.98,50.52
1958-12,207.4,108.87,,94.84,198.38,70.31,44.62,57.09,115.39,33.77,,99.13,291.63,476.96,19.36,31.34,128.28,92.52,273.37,,92.55,275.99,460.68,129.49,99.66,,,51.47,85.15,938.56,257.24,1778.57,49.43,21.23,658.94,,137.02,620.04,68.26,307.31,100.1,44.77,141.72,37.14,159.25,170.6,34.04,104.5,52.33
1959-01,204.16,111.96,,95.22,205.05,67.17,45.64,54.53,117.39,34.96,,105.34,303.66,504.03,21.82,32.3,134.9,89.4,291.5,,94.92,305.86,477.06,129.1,103.76,,,53.48,88.21,949.39,271.64,1979.97,53.62,21.65,791.7,,148.71,650.4,72.12,316.26,102.0,47.04,149.48,36.34,164.68,195.18,32.12,106.45,57.21
1959-02,202.8,114.72,,97.41,223.03,71.2,47.24,55.99,119.22,37.72,,107.09,301.25,502.55,22.12,33.25,136.88,96.49,295.52,,95.91,303.71,474.75,130.89,101.04,,,56.01,89.86,952.93,274.33,2057.35,56.54,23.27,749.77,,144.86,646.73,71.12,318.54,105.59,46.89,154.62,37.28,155.48,191.14,31.91,106.48,55.95
1959-03,216.0,117.34,,99.95,221.81,79.21,48.44,54.86,123.25,39.61,,104.29,313.03,526.36,23.25,35.07,141.02,99.0,297.43,,98.42,317.0,468.18,138.76,104.09,,,54.85,88.33,875.53,276.81,2156.89,56.09,22.99,788.63,,150.98,694.32,80.48,327.77,106.32,47.37,162.28,38.27,159.21,195.5,32.86,108.37,57.96
1959-04,216.25,116.02,,97.24,226.72,87.63,49.02,56.0,133.55,39.16,,111.45,325.48,531.93,23.46,35.35,142.8,96.56,286.06,,97.93,327.61,462.41,144.58,105.21,,,57.95,88.63,894.05,280.35,2126.45,64.35,22.67,801.5,,153.43,698.6,79.25,324.91,106.72,47.34,158.82,40.42,152.35,183.77,34.9,105.71,58.3
1959-05,245.32,117.24,,98.49,235.68,108.57,50.49,54.55,131.29,39.88,,101.43,367.97,569.49,23.51,36.77,149.02,92.68,295.79,,101.66,350.68,504.29,148.97,102.5,,,53.96,88.25,908.97,276.52,2224.56,66.14,22.91,860.39,,170.72,805.31,83.46,329.78,111.87,50.49,160.43,40.02,157.62,182.38,33.27,110.36,60.08
1959-06,235.44,122.3,,98.96,219.75,104.31,50.26,52.77,134.51,39.8,,103.52,362.48,600.37,24.95,37.48,154.32,92.16,308.71,,105.9,354.44,523.46,153.03,101.55,,,52.87,86.78,894.28,272.52,2200.89,60.92,22.74,997.43,,163.35,774.71,85.26,325.41,112.48,49.84,164.48,39.67,161.74,177.63,32.65,109.58,63.37
1959-07,258.82,123.79,,99.53,232.22,125.77,47.57,46.73,130.59,45.14,,128.55,382.78,606.04,23.65,40.51,154.75,83.67,324.85,,112.5,342.31,561.79,150.43,103.74,,,48.51,89.05,926.58,267.32,2132.12,65.89,24.81,892.56,,132.66,802.43,84.68,338.65,115.28,48.35,185.81,40.77,155.04,222.57,28.56,103.67,64.18
1959-08,263.2,128.4,,109.51,233.97,127.79,50.6,52.38,133.02,44.6,,125.73,402.05,643.81,24.53,43.29,157.75,84.22,335.92,,114.67,344.22,602.13,149.85,105.4,,,49.04,98.81,970.46,276.81,2144.84,65.56,25.23,862.23,,139.43,865.47,85.25,348.66,114.25,49.4,189.24,41.57,152.58,208.33,31.49,108.47,63.29
1959-09,239.23,127.78,,106.44,239.3,126.04,48.9,54.56,137.19,43.94,,132.55,384.92,619.72,24.61,41.77,153.25,81.76,340.7,,111.94,335.64,602.36,128.49,101.87,,,47.82,98.32,933.2,279.55,2156.57,63.91,25.65,846.56,,128.63,837.58,79.94,346.33,111.67,48.71,190.31,42.6,150.33,192.78,31.23,107.57,63.1
1959-10,227.14,123.54,,101.6,231.54,119.9,46.11,49.68,128.29,43.36,,126.11,365.24,587.58,22.87,40.48,146.45,74.4,322.6,,103.61,318.67,575.62,120.61,96.16,,,45.62,92.14,868.12,266.39,2115.51,61.02,25.22,822.47,,117.7,796.76,74.12,336.1,107.59,46.29,186.23,40.36,145.12,182.45,29.74,100.22,60.67
1959-11,257.22,126.58,,102.42,245.43,137.25,46.83,53.06,133.45,45.67,,134.8,372.52,596.34,22.82,39.12,151.62,75.46,318.24,,105.06,344.31,575.03,128.48,93.6,,,45.0,96.99,876.19,268.02,2142.93,61.73,25.82,832.0,,125.03,880.64,74.94,340.81,106.48,48.9,186.9,43.3,142.29,173.75,30.88,104.23,63.32
1959-12,281.39,125.91,,103.86,248.14,143.96,47.85,52.04,137.55,45.75,,131.88,393.45,616.94,22.19,39.17,152.53,75.15,314.89,,104.61,379.27,569.5,145.88,98.14,,,44.97,97.19,864.83,268.0,2115.14,66.33,26.52,884.47,,130.66,990.42,76.48,361.02,103.75,52.15,189.66,42.71,145.3,184.38,30.85,103.26,69.02
1960-01,269.02,129.19,,104.3,241.14,143.44,49.66,56.21,138.62,46.52,,122.51,386.74,637.33,22.41,39.45,153.49,78.69,322.46,,107.92,409.79,596.89,135.71,98.14,,,46.94,99.09,901.21,272.83,2185.96,64.42,27.2,887.32,,136.19,998.52,80.99,366.51,105.02,51.84,194.75,43.82,140.09,205.86,31.79,104.49,62.75
1960-02,257.88,123.66,,98.45,237.0,160.29,45.18,52.69,127.53,42.61,,117.7,361.46,575.41,21.56,37.62,143.4,76.72,293.26,,103.24,360.57,529.78,127.81,95.86,,,45.25,91.58,832.61,266.43,2206.55,60.76,26.18,838.32,,130.64,891.52,74.52,332.77,100.46,49.07,182.97,39.56,138.67,184.86,29.68,97.86,60.31
1960-03,272.34,127.47,,96.19,240.52,171.22,45.47,54.43,139.53,43.21,,121.6,360.98,569.93,21.63,37.72,147.81,77.23,286.07,,100.92,379.31,515.3,130.07,98.32,,,48.33,88.49,797.38,272.88,2386.99,69.0,26.15,854.52,,143.63,986.84,68.86,343.31,99.16,49.8,190.35,40.13,138.47,186.88,29.51,95.66,65.24
1960-04,279.85,124.76,,93.42,240.33,168.43,45.92,56.83,139.05,42.08,,116.42,367.05,555.69,21.67,34.94,146.78,76.1,270.64,,97.34,375.86,485.45,117.0,93.95,,,46.95,83.69,791.13,276.55,2372.57,70.38,24.9,886.47,,143.59,1027.27,67.38,335.61,94.26,49.21,190.35,38.59,139.59,185.51,29.12,94.52,63.22
1960-05,291.43,127.56,,91.34,244.02,190.25,47.73,56.54,136.86,42.13,,116.7,373.21,525.31,21.77,34.57,145.28,68.94,256.15,,93.32,371.83,477.22,116.31,91.15,,,46.66,81.36,756.35,279.6,2347.72,77.28,24.31,906.8,,151.14,1032.96,61.93,337.86,92.22,49.37,189.11,42.06,142.26,178.05,27.08,92.64,63.61
1960-06,341.22,136.75,,90.68,248.24,210.39,48.68,65.86,147.56,42.84,,135.28,422.93,542.2,21.44,35.14,152.29,63.47,260.75,,94.0,405.74,475.34,133.0,97.49,,,45.75,83.03,722.43,282.67,2424.23,77.49,23.26,1018.52,,168.17,1154.04,59.45,347.53,92.51,50.13,194.43,42.28,141.17,179.83,28.85,91.61,64.57
1960-07,374.41,144.0,,93.58,260.54,237.37,58.91,68.69,158.56,40.27,,120.94,427.52,551.15,23.3,38.14,154.24,59.22,260.44,,96.81,369.0,472.06,127.41,98.5,,,45.07,83.84,756.15,301.34,2495.9,70.73,23.18,1057.79,,146.94,1019.3,57.08,357.61,95.85,67.97,185.89,42.88,135.68,316.56,25.31,87.86,71.18
1960-08,357.38,142.42,,92.73,272.85,222.57,57.58,69.65,157.11,39.8,,122.73,409.3,514.3,22.61,36.93,146.18,57.41,254.54,,94.1,343.74,465.28,132.1,95.83,,,45.33,85.66,760.46,297.35,2498.29,73.18,23.01,1046.98,,139.83,990.79,56.0,342.81,92.85,63.58,180.27,42.39,136.92,321.15,24.15,89.44,65.85
1960-09,342.19,149.98,,95.4,285.29,234.42,62.97,71.81,165.11,40.92,,125.46,418.34,518.01,22.87,36.43,146.6,57.39,254.44,,94.52,340.11,476.41,144.61,93.98,,,48.11,88.13,784.35,308.99,2674.13,78.02,23.92,1072.7,,142.82,1022.54,57.97,346.03,94.03,66.37,187.54,43.11,143.33,325.74,25.12,91.75,68.6
1960-10,294.88,145.43,,90.53,279.15,233.4,59.93,67.21,150.1,38.85,,112.11,381.77,483.65,21.15,34.45,139.15,54.48,233.49,,89.04,303.82,446.7,133.33,84.65,,,47.07,83.47,777.06,297.18,2495.17,75.03,22.44,1018.06,,120.32,918.34,52.83,320.73,87.6,60.68,171.56,42.21,135.97,288.35,23.95,86.6,66.78
1960-11,265.44,152.69,,91.01,290.57,244.36,56.43,69.21,159.45,37.6,,117.17,366.21,476.93,20.71,34.51,137.48,51.8,228.49,,87.61,293.61,440.28,135.01,85.2,,,48.68,82.28,794.95,295.44,2498.68,79.98,22.58,1004.69,,120.49,847.5,52.18,315.03,87.73,58.02,172.13,40.38,137.23,288.19,22.97,85.12,67.84
1960-12,414.21,167.01,,96.61,304.2,283.64,62.03,77.99,174.0,38.45,,126.86,378.25,493.73,21.29,35.08,145.7,57.62,229.21,,94.56,308.6,435.31,145.42,89.83,,,51.86,87.34,813.78,305.12,2601.67,85.77,23.44,1096.81,,119.72,912.35,54.84,331.21,91.64,63.52,182.58,42.0,148.95,312.29,24.98,93.36,70.48
1961-01,428.48,177.26,,96.21,315.09,311.69,64.68,83.77,177.05,39.64,,132.33,401.67,508.31,22.31,35.16,152.09,60.33,240.42,,98.95,310.94,433.19,149.39,90.94,,,54.93,88.47,857.42,323.68,2904.7,92.73,25.21,1168.82,,127.96,903.51,57.76,349.54,93.53,64.76,186.45,42.8,154.02,342.61,25.82,98.93,72.69
1961-02,457.54,187.31,,101.11,343.31,301.09,69.71,91.95,184.41,41.75,,153.62,444.15,541.96,23.71,40.36,160.05,69.47,260.81,,106.09,309.59,469.66,157.72,99.5,,,58.31,98.25,939.3,338.83,3133.8,95.91,26.88,1246.99,,136.02,918.57,62.45,365.34,101.24,69.82,190.48,44.62,167.19,352.56,27.18,106.14,79.49
1961-03,462.66,204.56,,109.0,359.69,386.24,78.65,93.23,195.33,44.53,,176.45,462.78,551.26,26.05,43.04,167.07,74.14,274.08,,115.37,308.7,484.08,170.11,99.97,,,56.97,106.82,938.55,349.98,3155.65,97.52,27.16,1327.42,,140.04,921.89,68.37,389.37,105.07,72.13,199.25,48.12,182.15,358.69,36.28,111.3,82.47
1961-04,482.89,213.89,,111.7,380.21,399.19,89.79,97.81,208.0,45.94,,180.0,480.42,556.94,29.0,45.46,170.83,79.95,279.24,,117.07,317.2,497.38,173.22,99.47,,,58.39,105.98,972.07,356.06,3369.27,95.69,28.44,1370.39,,137.95,931.94,66.53,387.19,106.04,75.44,210.91,50.03,191.95,361.36,39.93,115.3,86.85
1961-05,473.9,211.18,,113.25,379.99,381.97,91.14,89.66,213.08,47.92,,164.29,481.98,549.54,29.15,43.06,164.49,81.62,275.21,,114.32,309.67,485.34,178.81,97.89,,,59.06,106.68,1041.03,361.83,3396.07,94.0,29.47,1409.8,,133.31,953.98,66.38,386.01,104.43,77.74,211.28,52.22,197.4,370.44,43.14,114.12,82.0
1961-06,473.05,220.5,,118.99,390.87,362.1,89.26,91.82,213.21,51.27,,164.51,492.54,577.75,30.63,45.25,167.25,86.86,289.79,,119.37,323.64,498.26,183.33,98.65,,,63.72,114.52,1032.83,369.26,3359.13,92.75,30.16,1446.54,,142.78,929.16,66.97,390.65,108.91,77.75,220.0,51.09,204.58,362.24,45.56,120.65,83.73
1961-07,428.03,217.69,,115.42,410.49,358.85,84.17,93.57,208.86,48.43,,161.54,467.14,578.59,29.49,46.09,159.32,78.87,265.87,,113.84,304.44,486.17,180.8,98.85,,,60.57,116.1,992.02,358.73,3419.2,96.81,29.59,1433.27,,128.73,780.18,64.96,378.7,105.25,77.06,218.23,49.24,198.23,356.18,43.72,118.43,85.35
1961-08,426.93,227.32,,116.39,435.64,351.39,84.53,91.49,212.82,49.11,,157.31,485.32,596.58,29.13,46.81,159.13,79.32,280.35,,115.71,314.61,514.8,189.14,100.65,,,62.24,119.99,1014.07,371.71,3639.16,87.9,28.62,1461.44,,126.54,763.76,66.69,376.81,104.86,76.99,223.47,50.71,204.01,357.87,42.55,125.12,92.75
1961-09,389.12,243.41,,119.82,467.45,351.52,86.05,92.1,235.11,51.44,,165.76,502.29,608.12,30.08,49.32,159.85,81.28,279.12,,117.23,324.82,518.27,191.86,99.55,,,64.74,121.46,1007.11,384.5,3623.85,97.56,29.12,1555.02,,130.14,776.37,71.45,396.03,109.03,79.04,229.84,50.74,223.93,416.21,40.07,137.37,93.27
1961-10,333.21,243.49,,117.94,467.26,378.91,79.11,93.41,228.21,50.99,,156.39,497.2,581.66,29.39,47.16,156.49,76.27,257.11,,111.89,319.61,550.36,178.22,95.34,,,60.71,122.83,940.52,389.08,3521.85,91.25,28.1,1604.59,,124.44,747.83,67.96,385.53,107.74,75.6,231.33,47.6,238.36,390.74,37.41,132.36,98.58
1961-11,307.31,254.05,,116.93,501.06,333.72,84.03,94.54,226.33,55.17,,163.47,514.62,582.93,29.9,48.66,157.38,79.68,252.82,,113.87,313.92,552.14,168.48,91.64,,,59.48,128.64,1000.66,408.75,3528.93,92.92,28.77,1733.46,,114.66,796.55,65.91,392.63,110.16,78.93,254.37,48.03,244.38,383.22,43.49,135.24,98.49
1961-12,315.36,267.19,,121.87,539.14,324.17,90.8,97.16,236.37,58.03,,173.9,527.71,593.73,31.04,51.99,166.52,83.55,255.03,,116.72,331.92,591.14,172.47,95.2,,,61.15,136.21,1046.9,421.49,4224.6,100.05,31.69,1742.8,,120.74,806.09,67.14,400.12,109.77,83.42,266.21,48.4,259.67,427.58,45.98,144.75,98.84
1962-01,344.92,256.11,,123.47,506.83,333.58,91.76,93.59,227.63,57.95,,164.03,518.05,593.22,30.63,51.39,166.99,82.26,263.28,,116.84,331.25,606.17,173.01,94.94,,,59.24,136.22,1105.14,402.89,4360.93,98.88,30.68,1732.42,,117.43,813.54,66.34,389.56,110.51,83.64,264.81,47.28,242.52,424.56,45.55,140.56,98.2
1962-02,332.58,239.07,,119.32,486.34,266.88,88.74,90.21,210.83,54.45,,158.79,492.04,566.27,28.9,51.57,157.65,81.3,252.96,,116.14,323.82,603.47,185.1,100.41,,,58.44,142.84,1101.87,391.5,4096.13,93.9,30.31,1617.73,,112.4,753.42,68.85,368.89,113.25,83.11,239.59,45.4,228.34,396.31,45.11,136.92,95.7
1962-03,319.28,238.74,,119.44,487.6,259.59,87.35,89.44,208.74,55.52,,164.61,509.38,592.98,30.2,51.14,158.95,83.6,249.02,,117.84,322.6,591.83,177.94,97.52,,,56.22,143.14,1180.74,400.58,4238.73,92.99,30.08,1603.3,,115.16,769.44,73.85,382.31,113.16,83.07,243.13,45.0,238.46,425.63,43.97,138.65,99.33
1962-04,278.37,242.38,,118.91,455.65,242.55,84.05,89.6,218.06,54.87,,164.42,511.04,577.47,28.8,50.7,158.29,81.17,251.04,,115.67,325.96,594.87,171.29,94.56,,,55.17,136.46,1161.14,407.55,4110.11,88.96,31.09,1587.17,,112.81,778.23,75.98,386.95,111.37,81.08,245.7,43.12,232.63,441.96,46.04,133.43,98.84
1962-05,272.54,231.35,,114.72,397.46,217.34,74.5,81.14,202.5,50.36,,147.85,452.29,554.13,26.67,46.68,148.96,72.44,224.8,,106.52,293.34,557.61,153.48,86.18,,,51.03,122.9,1144.76,395.35,3917.57,88.04,29.22,1354.67,,99.28,758.45,72.97,368.54,104.49,76.32,234.64,39.32,218.63,392.94,39.61,122.7,99.03
1962-06,241.93,205.21,,104.15,339.21,198.86,63.38,67.94,182.24,45.16,,134.81,401.6,506.52,23.19,42.77,135.72,61.98,206.5,,97.66,267.95,527.16,146.38,77.77,,,48.45,119.17,1079.72,352.64,3612.52,77.95,26.92,1178.22,,88.25,652.06,61.81,327.45,98.6,67.71,215.32,36.28,191.31,361.14,35.42,114.08,87.54
1962-07,216.44,193.96,,101.14,311.31,172.09,56.47,54.97,147.29,41.4,,132.06,350.17,425.94,21.46,41.44,115.35,56.71,185.12,,86.77,224.57,494.37,122.7,71.33,,,60.26,98.48,937.29,341.39,2570.08,65.97,25.22,884.73,,76.47,566.32,58.69,293.47,93.06,59.01,189.53,31.97,144.11,332.04,30.48,105.77,73.49
1962-08,233.69,207.64,,103.91,314.31,158.58,59.02,59.13,161.67,44.62,,128.7,379.85,453.85,23.14,43.61,121.36,62.46,191.02,,90.28,246.35,527.33,136.75,74.39,,,62.22,108.74,980.63,365.67,2755.94,73.58,25.98,1006.54,,79.2,627.14,60.62,303.49,97.26,62.01,196.98,33.63,156.06,356.36,32.54,119.97,80.32
1962-09,233.42,207.01,,108.05,316.79,161.03,64.72,62.01,163.56,45.88,,123.31,347.54,470.6,23.75,43.12,123.82,63.97,188.19,,91.83,255.59,539.07,144.38,73.36,,,63.9,109.85,990.94,375.82,2780.12,72.23,26.87,1026.87,,80.41,657.84,62.17,310.94,99.86,64.6,204.93,33.58,162.75,360.34,32.28,123.57,85.48
1962-10,219.56,196.82,,101.26,292.17,140.62,59.43,58.68,148.73,42.83,,118.58,332.71,460.69,22.67,41.09,116.06,60.22,172.07,,85.89,234.45,522.44,134.48,70.62,,,60.03,105.2,973.6,364.19,2608.08,64.77,26.53,913.81,,73.36,616.64,60.08,290.82,94.29,59.62,191.27,30.58,152.77,317.78,32.82,118.21,81.19
1962-11,188.91,192.4,,98.77,272.76,125.04,55.59,59.48,149.94,42.29,,117.9,341.18,482.45,21.95,41.35,114.05,56.19,173.23,,85.53,240.08,534.43,135.79,72.4,,,60.26,102.99,967.51,359.09,2680.38,65.42,24.66,893.39,,70.43,611.22,59.32,287.19,96.95,59.01,188.18,28.99,151.05,331.57,29.56,116.31,78.31
1962-12,217.02,214.82,,119.3,300.93,147.65,62.4,66.73,170.95,46.15,,129.79,401.21,534.86,25.2,45.62,129.02,62.2,199.85,,96.45,273.69,562.09,148.02,84.34,,,65.12,113.46,1063.82,385.18,2852.83,75.09,26.99,1030.9,,79.67,688.34,69.31,323.87,112.4,66.8,207.81,32.69,169.64,377.97,38.32,134.28,90.29
1963-01,218.07,220.54,,121.82,294.02,149.53,63.96,63.22,177.27,45.85,,126.82,404.76,539.44,24.52,45.85,125.69,62.02,190.68,,96.72,274.32,579.2,143.94,83.76,,,63.18,113.58,1114.13,397.66,2879.81,75.29,27.41,1007.33,,78.77,705.88,67.23,318.89,113.48,66.67,207.78,31.82,171.87,379.14,33.21,136.89,93.56
1963-02,241.49,234.68,,126.56,299.08,163.81,68.95,67.72,186.31,48.69,,139.91,425.96,564.03,26.7,49.65,131.19,65.02,205.64,,103.87,287.89,621.2,145.41,85.1,,,69.92,122.84,1139.93,417.48,2998.78,75.91,28.22,1081.78,,83.44,728.72,74.63,344.41,119.96,68.98,215.55,34.25,176.94,793.67,36.38,141.97,101.36
1963-03,227.01,227.75,,119.62,286.03,146.31,66.32,66.25,179.89,46.96,,141.47,412.57,539.13,26.5,49.82,129.84,63.13,199.51,,101.94,269.17,599.78,142.06,85.87,,,68.14,121.7,1118.1,410.1,2946.6,76.88,27.5,1015.48,,86.45,717.6,77.35,334.77,118.56,67.52,213.61,32.69,177.7,757.45,34.38,140.97,101.56
1963-04,222.59,231.33,,124.74,307.78,143.6,68.67,65.85,186.85,47.52,,141.51,417.18,558.5,27.34,50.05,134.19,63.2,203.7,,104.59,271.77,637.89,139.53,89.95,,,69.88,129.04,1195.56,416.5,2999.8,79.85,26.51,1063.66,,86.92,729.76,82.05,343.9,122.47,67.56,220.65,30.71,180.64,773.2,34.34,144.77,107.53
1963-05,250.17,232.87,,125.38,327.17,140.19,69.01,71.89,197.38,48.18,,144.6,449.97,582.97,28.94,53.69,138.96,69.16,214.64,,107.87,287.79,675.57,144.79,91.96,,,73.3,134.55,1267.74,425.23,3111.61,82.93,29.06,1158.68,,92.57,742.18,90.15,359.57,134.82,71.23,232.44,30.8,185.43,763.75,33.09,153.98,113.65
1963-06,295.76,238.97,,126.33,314.34,137.89,74.91,71.9,198.8,48.28,,151.31,446.06,596.98,29.34,54.85,140.16,68.05,227.04,,114.06,300.95,733.86,141.63,92.45,,,74.47,139.16,1283.89,428.31,3069.68,86.49,29.28,1199.76,,103.26,769.38,89.74,353.81,144.6,75.08,237.89,31.58,184.63,740.13,34.47,156.96,112.89
1963-07,31.86,173.61,145.33,94.75,261.58,60.37,37.4,52.81,272.72,30.81,,112.49,387.13,347.73,12.2,37.12,71.82,16.73,166.94,74.98,78.79,66.18,448.5,95.5,87.45,222.59,30.53,54.25,103.96,575.02,388.72,1700.77,24.44,49.92,725.7,,92.55,35.29,171.97,273.02,111.09,21.68,135.0,26.98,112.38,257.48,27.36,106.96,50.76
1963-08,32.52,172.57,149.02,92.59,254.94,57.41,38.34,52.75,272.13,30.53,,111.05,389.61,344.13,12.13,38.27,71.09,16.93,164.03,72.08,77.52,64.37,448.22,92.03,85.08,210.23,30.81,52.01,104.46,592.93,390.75,1696.57,23.03,48.86,723.78,,91.69,35.5,169.01,273.65,109.35,21.67,133.25,25.81,110.56,252.98,25.96,108.59,58.78
1963-09,32.42,180.17,156.95,100.12,270.74,60.09,41.38,55.37,288.54,31.84,,120.52,425.76,358.02,12.98,39.77,75.09,17.48,178.43,70.83,81.03,67.38,478.22,94.14,87.53,217.87,33.37,55.74,112.49,611.96,405.6,1758.1,22.83,50.49,754.49,,98.03,37.24,184.5,287.77,117.69,22.49,141.68,26.07,114.93,259.15,27.22,113.96,64.48
1963-10,31.79,177.0,154.71,106.09,258.69,56.79,40.36,56.97,283.8,30.45,,116.26,407.72,354.61,12.53,39.24,74.26,16.71,180.44,68.93,78.64,66.09,479.68,88.97,84.96,204.86,32.41,55.46,106.67,589.73,402.25,1797.45,22.28,49.62,768.16,,94.47,37.13,192.48,281.96,112.92,22.05,143.13,25.3,110.83,254.93,26.15,109.18,66.31
1963-11,41.52,181.56,156.39,104.1,273.66,65.52,41.11,55.81,295.6,31.15,,127.35,418.72,374.69,12.6,41.33,73.73,16.59,183.14,70.95,81.53,65.72,534.03,91.46,85.39,212.13,32.7,58.11,116.47,590.44,398.41,1859.0,22.79,50.35,864.68,,103.69,37.63,192.57,290.97,114.68,22.33,143.48,25.59,109.34,258.74,28.21,110.42,68.21
1963-12,40.26,180.23,163.84,102.91,255.35,64.66,39.26,55.42,294.38,30.65,,128.25,408.89,380.1,11.91,42.01,72.6,16.18,178.39,69.33,80.68,64.28,494.01,96.06,88.39,218.54,31.27,59.4,117.03,581.73,392.9,1925.33,21.99,49.03,852.75,,105.33,37.96,188.74,289.17,118.18,21.35,141.26,24.63,105.5,246.85,26.7,111.87,68.67
1964-01,41.57,186.62,173.19,103.64,270.31,62.93,38.52,53.67,310.37,30.44,,124.46,416.29,405.25,11.92,43.32,73.65,15.73,180.81,69.56,82.68,62.54,495.0,89.71,88.24,200.24,32.26,63.29,123.12,614.5,403.91,1920.98,23.34,50.3,888.18,,106.83,36.57,189.71,288.21,122.3,21.12,142.73,24.93,107.94,249.94,26.87,112.35,72.86
1964-02,41.44,188.11,177.15,104.56,265.74,62.37,37.98,56.84,322.96,30.02,,130.21,431.09,418.32,11.91,44.13,75.02,16.03,190.5,74.77,86.08,60.65,507.24,93.24,91.65,188.96,32.3,63.22,128.59,643.65,411.2,1984.8,22.85,51.58,916.33,,110.23,36.4,189.51,299.42,126.68,21.11,146.31,24.84,104.1,251.31,25.68,113.21,73.97
1964-03,41.03,190.36,178.53,103.95,269.79,63.73,38.96,60.89,325.79,30.45,,135.68,435.54,425.57,11.83,45.65,78.34,16.34,194.72,75.4,89.42,63.36,519.93,98.52,92.15,190.47,32.73,67.08,128.62,646.38,413.37,1967.61,24.66,52.86,947.45,,107.51,36.71,188.02,297.22,134.59,21.41,148.15,26.53,108.15,257.84,25.21,118.01,75.39
1964-04,39.65,192.03,189.2,116.81,297.4,65.95,39.13,59.8,332.13,30.66,,129.82,427.52,436.31,12.51,46.72,82.23,17.16,207.93,84.17,94.83,65.47,523.61,100.11,93.4,194.36,33.96,72.65,125.74,655.43,409.26,1946.85,23.73,55.13,972.38,,113.64,36.98,192.78,295.79,138.72,22.31,151.39,27.49,108.5,254.65,25.21,119.61,69.65
1964-05,39.73,188.42,193.21,114.82,302.83,62.15,38.34,60.78,326.58,30.45,,122.8,422.79,431.06,12.71,46.31,82.24,17.25,200.4,79.64,95.22,62.47,538.47,95.37,92.09,176.77,33.99,85.77,120.03,682.72,412.56,2055.78,22.76,55.93,937.72,,108.47,37.24,190.97,290.67,138.33,22.78,155.73,27.96,106.21,252.05,24.21,119.96,71.01
1964-06,40.32,191.08,195.84,116.07,299.4,58.33,38.34,61.43,336.88,30.93,,123.48,423.49,439.02,13.64,50.03,82.03,17.61,203.73,78.99,97.69,62.51,545.59,101.54,93.81,172.91,33.71,86.49,120.63,693.04,414.63,2035.61,19.96,55.84,980.36,,107.44,37.26,187.88,287.72,145.81,22.69,163.05,27.86,105.15,249.91,23.77,120.85,70.18
1964-07,43.56,193.04,200.67,89.94,298.23,53.82,37.76,81.77,322.13,32.85,,120.15,430.03,394.09,15.56,43.22,80.01,16.79,203.52,88.22,97.37,58.19,546.07,101.82,95.94,166.18,33.12,83.46,117.64,674.66,414.59,2108.33,20.26,53.26,864.72,,104.04,37.7,222.62,292.8,150.42,21.85,159.6,31.62,101.14,261.51,22.53,120.94,19.57
1964-08,43.52,194.38,207.09,104.8,299.46,53.73,38.21,81.89,324.2,34.09,,122.63,467.1,402.56,16.24,45.59,81.04,16.9,204.61,90.17,99.06,62.54,577.66,106.46,105.06,169.61,34.77,88.09,129.88,703.26,434.05,2065.94,19.98,54.34,841.12,,104.28,37.13,224.22,293.13,150.63,22.31,161.97,31.91,101.77,273.63,23.97,122.04,20.34
1964-09,45.22,191.63,202.08,102.49,316.6,50.35,38.77,80.87,318.88,33.7,,121.23,444.33,391.46,14.3,44.57,79.26,17.1,203.15,88.95,97.98,63.92,585.4,111.86,102.52,172.27,35.41,87.57,128.71,685.59,432.52,2021.59,20.69,55.01,810.09,,102.01,37.33,218.68,285.59,140.88,21.2,161.85,30.7,99.23,263.32,23.1,120.02,20.2
1964-10,43.78,195.64,202.15,103.71,309.7,53.8,39.67,82.1,336.39,34.9,,124.84,455.82,412.05,14.79,46.9,79.97,17.65,214.04,94.5,101.64,68.64,612.68,117.62,105.82,178.52,41.46,95.5,135.27,706.02,439.55,1997.73,22.8,55.28,808.6,,106.32,38.29,234.23,286.21,146.68,21.63,168.18,31.76,100.84,265.19,23.3,127.21,20.95
1964-11,47.28,193.7,196.14,106.07,303.32,55.01,38.29,84.15,332.28,35.03,,125.93,469.37,415.6,14.97,50.29,81.57,17.44,208.21,96.44,103.63,72.74,612.0,116.69,110.22,176.52,40.64,96.1,135.25,732.02,442.76,1979.87,24.8,56.39,787.17,,109.05,39.13,245.39,296.3,151.1,21.91,171.74,33.59,98.65,260.18,23.44,131.07,20.9
1964-12,48.93,194.85,200.02,104.03,295.32,53.47,37.99,85.34,338.66,35.95,,131.09,476.4,422.71,14.77,50.21,80.48,17.61,196.58,99.07,105.55,72.92,588.14,116.84,109.62,176.55,42.42,94.87,136.04,752.91,447.34,1923.79,25.77,55.24,772.68,,111.98,39.37,235.79,288.88,147.0,22.26,176.77,33.88,97.03,265.22,22.75,128.62,22.02
1965-01,47.83,196.41,203.6,103.52,281.23,52.67,37.24,87.1,340.05,36.33,,137.49,495.93,424.16,14.73,50.4,79.46,17.42,194.4,94.5,103.18,70.8,609.43,117.65,104.7,165.34,45.78,91.34,138.15,758.03,448.44,1980.73,24.45,54.4,765.11,,114.47,43.49,233.75,281.84,143.06,22.25,176.86,33.62,95.5,266.68,22.67,125.33,21.54
1965-02,52.81,204.34,221.66,115.96,296.34,57.51,40.04,95.87,362.07,38.88,,143.8,535.02,452.89,16.23,54.61,84.92,18.27,203.91,100.59,107.19,77.68,626.75,121.17,107.4,168.06,43.18,102.26,143.2,773.97,465.2,1985.72,26.88,57.61,838.38,,117.31,47.75,240.5,307.04,149.63,23.48,182.04,36.79,99.88,272.86,24.06,128.8,24.04
1965-03,54.53,205.26,229.7,117.56,293.51,63.04,40.69,96.35,371.87,41.79,,147.26,546.13,455.02,16.26,55.47,87.25,19.13,208.51,115.29,113.61,81.36,615.87,126.78,106.14,183.69,43.86,107.32,141.96,747.44,465.87,1989.19,26.28,59.91,858.33,,118.14,48.54,245.15,303.79,153.85,24.13,186.54,37.84,101.96,274.35,24.8,128.6,24.12
1965-04,57.93,202.3,222.03,117.95,290.14,65.66,41.76,97.4,367.95,42.03,,148.07,539.63,440.84,16.34,55.71,87.31,18.69,210.46,107.3,110.65,80.65,626.49,127.33,108.77,193.16,44.58,105.86,141.47,723.9,462.21,1953.01,27.17,64.75,886.05,,120.05,47.71,247.12,306.25,157.46,24.15,184.57,37.83,101.45,276.95,24.26,127.1,24.99
1965-05,58.21,206.79,233.69,124.32,306.43,68.64,42.89,105.17,388.91,43.96,,152.81,555.02,449.28,16.25,60.65,89.52,19.11,223.85,108.71,116.24,84.7,670.13,137.72,113.64,198.22,43.77,111.57,138.43,729.9,464.22,1998.53,28.91,65.83,935.96,,125.05,50.27,256.82,313.3,158.88,25.54,197.24,40.38,105.03,283.45,24.54,129.87,25.66
1965-06,56.78,204.41,231.09,123.33,298.74,71.22,42.35,105.36,386.63,44.22,,152.58,545.61,449.59,15.87,59.66,88.51,18.56,220.66,101.26,115.03,85.08,636.3,139.03,103.76,195.01,41.41,109.49,134.38,731.64,458.22,2041.09,26.42,65.01,929.41,,128.17,51.46,251.57,305.31,157.72,25.23,197.38,40.52,103.36,270.45,24.92,126.69,29.62
1965-07,43.13,195.1,226.75,156.89,268.62,62.52,36.39,98.26,346.5,39.5,,136.6,508.88,397.06,14.05,55.16,81.94,15.32,205.3,95.15,101.56,76.3,580.81,130.02,105.31,169.39,41.2,95.4,124.51,714.35,437.21,1781.35,23.36,50.95,817.68,32.1,118.14,46.17,211.93,272.24,142.74,21.24,175.05,34.9,116.02,205.34,22.64,116.67,25.73
1965-08,46.02,197.31,227.97,156.19,273.31,67.18,37.07,102.38,361.65,40.37,,148.48,544.26,397.21,14.44,56.69,82.24,15.63,211.66,96.24,103.25,79.79,589.91,143.32,109.34,186.44,44.55,102.68,126.79,728.17,440.86,1774.73,23.82,54.0,847.91,31.7,121.18,48.85,212.41,269.58,148.86,22.36,171.51,35.34,118.41,205.26,23.0,117.1,26.43
1965-09,49.73,199.69,233.34,161.53,296.67,73.1,37.71,110.12,387.02,42.89,,160.27,575.56,401.39,15.29,59.83,83.87,17.5,215.96,102.77,106.97,86.14,601.76,145.96,112.33,195.58,45.25,105.88,130.42,741.36,443.39,1787.09,25.49,55.58,888.36,29.49,130.28,53.51,215.33,278.0,158.02,23.42,175.83,37.1,125.53,206.75,23.59,122.1,27.64
1965-10,49.91,199.71,232.63,160.31,288.19,83.06,39.99,112.7,413.45,44.08,,174.25,583.85,416.81,15.72,62.75,85.64,18.27,222.23,105.58,115.04,90.46,630.82,163.89,115.49,203.9,42.79,107.79,130.49,773.96,448.41,1804.02,26.96,57.2,923.97,36.71,140.6,59.69,218.27,294.05,162.6,24.81,177.33,38.6,123.58,219.79,25.01,123.52,28.06
1965-11,52.34,203.99,233.57,163.98,300.92,94.51,42.26,120.05,441.29,45.95,,174.11,604.37,428.65,16.25,65.94,89.0,20.65,233.75,112.72,121.02,95.46,670.52,177.98,120.25,205.37,43.52,113.1,150.67,785.19,452.1,1763.01,29.02,59.19,966.78,36.11,150.23,61.69,220.28,307.03,172.73,26.13,178.22,40.62,121.56,219.54,26.45,127.58,30.5
1965-12,53.87,202.55,238.56,164.97,284.01,107.12,44.9,129.03,444.19,46.87,,181.67,623.63,417.93,16.61,70.67,88.75,24.43,221.58,115.47,128.05,103.0,627.87,208.06,123.89,228.73,42.65,115.97,148.89,784.53,445.9,1674.72,31.16,60.55,964.68,31.5,160.07,66.11,216.52,321.84,184.17,27.57,179.72,41.38,120.13,222.09,28.41,117.94,33.48
1966-01,62.77,204.79,248.0,168.59,280.76,111.22,49.52,139.19,462.85,47.71,,187.23,647.7,432.92,17.83,71.74,90.29,26.01,239.34,118.04,131.18,102.54,634.76,199.71,132.73,214.89,42.67,127.98,149.59,785.74,443.31,1657.82,34.44,64.35,937.43,40.93,159.5,71.66,221.91,325.15,186.9,28.18,181.64,42.9,117.97,245.26,29.5,119.09,35.04
1966-02,67.82,205.29,245.74,185.31,288.92,126.87,50.06,141.8,472.07,49.66,,197.95,684.47,435.18,20.13,77.66,93.54,27.89,249.33,112.78,134.81,106.57,636.66,220.32,137.2,221.13,48.28,143.23,151.14,795.06,429.05,1636.33,34.76,66.16,929.69,33.5,168.18,74.78,237.05,331.93,202.14,28.29,171.85,45.82,119.05,243.88,30.91,121.28,36.28
1966-03,72.87,206.54,236.28,179.38,279.42,140.84,51.65,144.2,474.14,51.72,,203.94,667.91,430.49,22.58,77.75,92.47,27.04,243.68,105.98,134.3,107.6,630.96,219.3,133.11,213.13,48.81,158.21,151.07,761.27,409.58,1632.2,34.27,66.41,982.17,35.31,175.0,79.01,234.83,329.18,210.51,28.83,167.66,45.09,114.14,237.35,32.49,122.29,37.21
1966-04,69.88,198.26,243.12,171.17,269.29,147.65,50.19,145.31,490.96,49.84,,198.2,657.43,410.38,22.08,74.1,89.43,26.4,237.63,100.11,131.83,108.31,596.87,218.88,125.31,204.08,47.79,150.75,150.46,743.39,407.67,1550.03,35.23,66.52,983.35,31.7,169.3,78.96,222.87,320.97,207.61,27.94,164.63,46.39,108.56,226.94,32.04,116.92,36.48
1966-05,71.34,198.34,229.84,176.44,266.4,156.47,52.65,153.39,517.53,52.18,,208.23,652.64,411.61,23.09,74.49,90.79,26.9,241.68,106.74,134.08,112.55,587.85,232.8,125.72,231.27,48.38,155.92,151.74,774.11,411.44,1569.69,38.32,66.53,1055.4,35.11,183.56,84.07,225.32,345.94,216.73,31.32,169.45,49.59,106.43,235.64,32.79,119.95,37.3
1966-06,64.04,190.7,225.64,164.71,253.1,137.78,46.33,151.56,486.34,47.94,,192.31,617.96,390.62,17.13,67.79,85.4,23.11,223.31,96.33,125.85,102.35,540.5,212.6,120.08,212.85,55.35,136.74,147.29,746.6,398.57,1509.87,32.29,59.73,1013.69,29.69,167.02,74.39,207.88,340.81,195.23,28.44,164.61,48.96,106.85,220.84,29.36,114.7,31.25
1966-07,68.53,178.56,214.31,147.57,245.62,126.16,46.32,149.69,492.87,46.9,,203.07,628.57,373.54,16.98,66.27,81.4,22.84,208.79,99.52,121.06,100.42,539.67,218.27,120.03,194.82,54.45,136.4,133.23,725.91,384.49,1483.27,30.23,57.52,997.09,28.49,160.31,83.5,212.77,312.98,203.44,28.25,150.63,48.55,104.12,219.88,29.62,110.54,28.45
1966-08,71.19,177.84,221.73,141.65,244.52,120.74,46.31,150.0,491.86,46.0,,193.92,619.84,369.11,16.27,62.71,79.98,22.05,201.79,103.3,116.41,95.09,541.47,200.82,116.57,182.28,59.0,133.5,137.53,727.85,384.5,1466.08,29.89,55.54,970.46,27.29,159.7,85.1,207.77,328.2,198.74,27.24,148.52,45.72,101.41,222.4,27.93,107.4,28.46
1966-09,62.0,166.05,209.88,131.25,228.57,120.61,40.42,136.55,450.23,40.94,,179.08,566.53,333.55,14.27,56.26,71.4,18.76,184.94,91.89,108.56,85.97,494.48,185.07,103.63,167.79,49.0,116.44,141.39,674.02,349.8,1386.62,26.51,50.77,910.61,23.07,151.92,78.24,196.07,306.54,170.86,24.22,139.07,40.98,93.52,210.33,25.02,96.38,24.02
1966-10,59.58,163.33,209.09,126.01,228.76,101.61,40.81,137.88,436.94,39.77,,174.92,560.47,308.83,14.01,52.26,69.54,18.28,180.33,90.58,102.15,85.8,498.92,179.25,97.04,159.02,48.33,112.57,85.62,700.56,363.89,1376.14,25.77,50.57,898.08,20.26,147.81,65.99,187.77,310.7,166.7,23.53,136.57,37.11,92.79,221.71,24.92,93.67,22.29
1966-11,59.95,176.46,227.55,131.4,244.4,88.67,42.12,135.88,453.4,38.63,,182.8,587.55,314.53,13.88,48.94,70.33,17.63,192.49,87.92,105.69,88.27,497.62,177.7,105.97,157.14,42.98,112.93,90.52,760.07,399.05,1502.4,27.11,49.52,909.55,14.24,147.28,62.73,195.59,306.69,165.17,23.77,134.23,35.61,105.68,250.57,24.89,102.32,22.02
1966-12,68.01,177.89,238.72,139.66,231.79,90.36,45.25,148.56,491.28,40.1,,193.33,625.2,310.4,14.91,47.37,73.01,20.2,189.55,88.36,106.64,94.79,462.12,210.45,98.41,166.23,45.62,128.36,96.04,743.52,391.76,1447.77,28.35,53.23,1029.03,14.04,155.56,71.61,195.67,309.76,182.12,25.42,134.54,36.36,109.39,252.88,26.12,104.79,21.38
1967-01,62.53,177.54,243.87,143.55,227.86,83.92,47.22,153.29,490.35,39.66,,198.6,621.46,320.24,15.21,49.36,74.42,22.08,195.55,98.44,107.07,93.8,459.31,213.85,100.04,189.06,47.28,130.43,102.53,737.78,398.7,1487.84,29.29,54.42,1032.11,23.27,155.62,72.89,196.42,306.61,184.16,25.66,128.75,38.33,116.47,253.45,25.48,108.89,22.26
1967-02,67.42,188.39,259.87,159.89,265.28,100.97,54.11,170.63,520.16,44.06,,222.94,655.59,357.99,17.62,55.53,85.88,26.55,225.67,103.78,121.39,108.47,528.29,236.32,113.01,193.97,51.2,148.29,109.54,761.75,408.96,1580.61,34.04,64.1,1114.2,28.89,175.84,85.27,215.48,331.24,209.03,29.91,143.12,44.15,133.78,256.09,28.87,118.99,26.51
1967-03,63.03,191.51,271.87,165.21,253.48,101.42,55.72,179.29,542.96,45.47,,235.42,657.78,358.24,19.23,57.48,88.16,27.54,216.14,108.51,118.88,113.46,517.62,242.25,110.49,201.77,50.83,144.88,112.94,756.02,400.32,1602.09,35.98,64.21,1202.72,26.48,180.34,89.79,214.69,337.26,207.43,33.17,146.27,46.71,130.35,249.14,30.06,122.45,27.26
1967-04,60.0,197.97,280.82,178.25,265.56,96.18,61.69,194.38,563.24,47.17,,255.46,708.22,371.34,19.89,58.55,95.96,31.6,226.95,127.88,131.73,118.3,545.08,259.06,118.66,203.79,50.98,151.98,123.42,789.97,405.16,1646.78,35.63,66.98,1268.7,29.49,189.81,98.09,225.91,361.32,215.83,34.57,149.96,53.77,131.21,239.28,31.62,126.08,29.04
1967-05,59.95,203.94,301.51,189.0,274.8,108.24,65.56,215.33,589.08,48.4,,272.19,736.87,392.08,21.41,62.25,99.58,33.95,234.2,149.58,137.34,124.16,596.21,274.42,119.21,202.07,51.05,162.24,130.51,802.64,411.74,1650.34,40.22,72.73,1379.47,35.71,204.15,102.96,238.86,355.53,217.17,35.38,164.35,58.52,131.6,237.35,32.7,126.2,30.65
1967-06,60.72,199.17,296.94,178.23,251.12,96.52,62.29,207.25,562.69,48.53,,261.19,693.5,372.36,21.62,60.59,93.5,33.54,227.75,132.26,133.92,121.91,553.16,274.27,118.18,200.24,57.49,160.73,129.84,776.1,392.98,1595.64,23.21,71.15,1324.66,33.5,189.93,100.81,227.42,350.63,211.45,35.17,154.8,58.15,123.24,231.51,36.74,123.21,31.06
1967-07,67.07,203.27,320.52,187.67,270.67,97.57,69.6,198.06,548.55,51.88,,264.25,741.57,356.31,24.21,62.55,97.14,37.03,212.93,120.02,132.66,132.46,561.41,305.25,124.77,210.67,60.72,176.04,137.99,779.27,384.26,1616.0,26.77,77.09,1299.02,36.51,191.0,110.86,230.22,325.46,211.06,39.84,155.17,70.73,124.9,243.21,38.46,132.4,27.69
1967-08,75.99,218.98,328.81,192.51,293.21,105.13,69.72,207.29,583.57,54.36,,269.81,771.31,371.06,25.88,67.64,105.0,38.3,229.33,122.93,141.61,146.18,611.8,328.01,126.76,227.55,63.42,203.23,142.27,841.83,387.58,1509.68,30.65,81.2,1341.16,34.11,201.99,118.12,236.06,343.17,228.08,37.25,165.6,71.89,138.03,236.93,42.37,142.09,37.69
1967-09,69.55,217.73,310.36,192.83,276.22,107.77,70.88,204.13,580.05,57.15,,278.39,769.97,367.78,25.97,70.19,107.51,39.87,229.21,125.01,142.37,149.68,602.98,312.69,123.96,203.58,59.1,196.14,142.95,830.78,383.27,1478.64,28.85,82.94,1333.27,33.3,199.11,112.78,239.6,333.93,221.65,37.18,165.83,71.6,140.47,238.11,42.23,149.34,37.84
1967-10,73.14,222.61,317.35,189.25,270.54,116.1,75.62,207.88,606.11,61.44,,294.02,788.13,390.72,28.19,77.3,111.47,42.25,233.47,124.21,149.27,158.32,644.23,313.62,127.38,212.19,61.65,209.36,149.61,865.75,386.32,1493.86,31.93,88.55,1520.46,44.94,208.34,119.93,249.12,348.83,212.86,34.87,168.61,78.0,146.38,241.25,29.46,155.58,39.16
1967-11,71.01,212.9,314.32,182.98,279.72,113.45,78.91,192.23,607.88,62.97,,291.43,742.07,364.88,27.86,74.94,105.35,40.01,209.88,111.95,142.2,153.61,608.08,300.69,123.22,193.02,60.42,194.09,149.11,851.04,364.27,1556.03,32.48,91.39,1695.83,54.97,209.55,118.82,231.81,336.41,192.64,34.68,170.03,85.2,138.61,225.87,30.28,136.62,38.5
1967-12,68.38,208.91,336.22,180.81,262.12,107.37,77.26,199.62,630.01,65.2,,297.41,747.48,352.66,27.21,74.18,103.31,41.65,207.72,116.72,141.56,154.75,611.79,308.27,118.69,189.88,66.34,193.96,144.57,850.65,374.04,1609.62,34.24,91.22,1746.47,62.39,203.55,117.77,225.78,339.35,191.42,34.75,171.3,91.84,135.04,217.69,30.24,137.66,36.33
1968-01,71.54,217.32,330.06,179.6,280.0,108.13,83.22,196.58,648.24,67.59,,340.87,753.0,376.86,30.34,75.34,108.95,46.23,221.38,119.74,147.05,162.64,637.03,320.9,127.88,189.95,74.07,202.43,153.62,882.91,385.19,1608.27,39.64,103.76,1858.66,68.21,202.92,115.62,244.73,353.41,195.14,38.81,175.82,98.56,139.53,227.33,35.36,148.43,39.46
1968-02,67.74,219.72,322.38,177.8,290.29,103.34,82.0,190.37,580.8,68.03,,321.57,717.2,361.0,31.18,76.9,109.87,46.19,210.7,115.13,142.94,148.02,617.01,282.07,126.15,185.56,78.12,192.61,157.05,871.58,387.95,1725.04,39.1,102.28,1758.42,48.55,186.67,101.93,247.65,334.85,181.22,39.51,177.51,98.9,150.8,232.45,37.53,149.0,38.43
1968-03,59.05,212.87,319.02,174.47,290.28,103.0,72.32,180.49,562.6,64.17,,304.43,685.58,345.25,27.99,75.13,105.93,42.34,201.83,106.96,133.44,140.66,592.81,270.99,119.92,173.37,93.18,183.26,146.03,843.85,380.5,1667.68,35.71,95.1,1702.8,37.92,173.25,94.61,232.41,322.6,170.74,35.01,178.08,88.46,151.8,216.85,32.32,141.98,35.57
1968-04,58.15,209.93,351.97,177.79,284.74,107.76,76.23,184.01,581.97,65.77,,305.05,685.29,342.78,27.11,74.05,106.22,41.13,200.17,106.37,132.83,139.16,590.7,272.44,121.88,174.29,83.0,185.64,151.88,849.49,364.36,1645.41,33.02,95.85,1797.62,36.91,174.54,101.09,236.72,327.4,168.61,33.79,183.51,90.37,153.85,216.21,33.56,142.01,34.94
1968-05,61.98,232.01,388.46,187.48,300.46,123.6,93.23,212.13,646.27,71.33,,329.27,771.7,369.37,32.33,84.82,122.16,46.45,214.34,116.54,149.44,159.31,656.67,301.19,134.91,195.42,88.65,197.73,112.85,895.63,365.98,1681.83,41.9,111.06,2012.64,46.95,197.66,113.46,267.17,373.41,192.93,39.28,206.25,106.91,168.49,231.38,40.15,160.29,41.97
1968-06,62.17,245.63,398.68,193.98,298.6,134.12,99.27,230.97,659.4,76.09,,354.53,787.96,365.13,34.01,90.46,127.76,53.89,224.87,120.58,155.16,165.33,655.4,301.53,141.98,206.3,97.3,200.75,125.22,899.65,365.99,1653.89,47.53,113.63,2114.7,44.14,195.15,120.29,282.94,399.85,204.59,42.59,211.11,121.55,178.09,262.73,42.95,168.22,45.69
1968-07,67.78,248.79,407.89,219.62,365.51,121.81,102.32,214.93,600.95,77.8,,303.77,791.81,360.05,41.99,88.8,121.69,82.85,221.67,112.82,155.41,147.3,612.97,299.23,133.62,198.56,95.78,203.57,126.95,939.94,389.24,1542.09,62.26,104.45,1967.79,38.12,187.93,114.23,312.54,379.85,211.79,55.62,202.7,132.05,196.51,317.7,50.17,181.01,46.1
1968-08,67.63,239.73,431.64,220.95,360.46,116.02,99.12,208.77,580.56,72.91,,290.34,759.29,352.77,39.62,85.1,123.57,77.43,206.86,101.83,148.52,141.78,597.52,278.53,127.3,187.04,87.62,190.98,124.14,988.35,391.64,1538.93,59.4,100.5,1870.94,36.91,172.38,111.78,315.53,362.43,201.57,51.82,194.72,123.3,213.02,300.06,50.84,187.22,44.73
1968-09,66.91,241.76,451.07,237.35,344.9,118.43,107.33,208.47,591.91,76.24,,286.53,763.8,360.0,39.48,92.39,133.59,79.84,208.28,99.63,155.25,143.46,602.87,278.86,129.05,209.9,90.0,183.41,122.27,994.71,386.53,1543.21,63.42,99.29,1855.0,33.3,177.93,114.97,340.82,378.14,203.51,51.77,198.63,130.7,205.26,318.1,55.36,194.56,44.45
1968-10,73.38,254.79,444.78,248.12,364.17,131.53,123.6,218.7,602.33,79.82,,285.15,771.98,384.53,41.89,99.13,139.48,86.04,224.17,100.67,163.19,149.72,643.55,283.55,138.11,233.03,90.69,177.47,130.85,1029.29,386.21,1587.37,70.83,108.72,1880.03,36.91,189.29,123.9,364.22,385.38,229.06,56.17,213.56,140.94,220.14,278.97,62.8,205.72,51.52
1968-11,77.27,257.03,448.58,235.43,369.86,130.96,122.37,224.22,613.91,81.15,,281.66,772.82,392.54,41.44,100.96,136.55,84.19,234.34,99.63,167.67,147.9,667.84,278.06,138.63,226.45,88.99,176.08,124.09,1054.09,386.76,1637.63,72.16,109.34,1748.35,34.11,187.0,124.9,387.54,398.94,228.8,58.25,216.47,150.2,225.61,274.82,64.09,214.53,36.09
1968-12,82.05,270.77,469.19,247.01,377.16,138.02,132.43,225.42,661.37,85.08,,312.99,827.87,414.22,44.02,105.96,145.22,88.37,245.15,103.85,175.27,155.04,647.07,297.41,153.93,259.94,97.45,192.25,135.66,1107.73,419.0,1712.04,70.11,117.83,1911.97,33.1,199.04,142.4,407.93,425.51,246.02,64.59,228.22,164.29,231.83,275.99,72.6,235.43,38.46
1969-01,80.79,266.44,455.98,244.84,401.39,132.05,125.09,214.16,614.11,84.93,,324.12,810.57,402.76,46.25,103.32,142.72,81.7,250.45,102.98,172.11,148.04,620.74,287.26,156.39,249.16,102.85,196.01,135.88,1089.95,405.49,1594.77,68.41,112.23,1792.99,31.3,190.79,137.22,420.78,406.88,235.83,63.74,216.7,166.41,210.98,272.17,73.4,219.54,43.16
1969-02,84.94,263.53,455.28,243.51,415.59,128.26,124.16,202.32,614.23,84.18,,320.38,809.64,395.68,44.01,98.73,140.39,81.51,259.63,100.19,172.2,144.77,612.47,278.96,150.82,240.61,103.9,187.44,136.97,1075.71,414.19,1613.34,64.67,115.58,1702.65,30.5,181.55,135.6,417.3,396.01,244.0,64.77,217.4,164.38,218.08,261.6,74.53,223.62,48.52
1969-03,76.92,250.67,432.23,230.58,372.44,122.16,114.7,189.0,583.96,75.85,,310.81,761.33,374.86,39.62,90.5,133.3,71.15,237.67,92.87,160.11,140.99,594.18,257.78,137.15,218.75,98.41,172.24,126.9,1016.38,390.77,1544.6,60.26,103.32,1670.99,26.48,168.18,124.93,400.91,375.12,223.22,55.85,210.54,145.05,202.17,236.01,59.58,202.86,40.37
1969-04,81.62,249.83,447.24,233.65,365.5,128.87,109.59,196.37,596.41,76.23,,335.48,778.39,374.44,39.48,87.35,138.91,77.61,243.3,92.57,165.8,145.85,623.1,252.48,141.24,224.69,101.1,168.1,119.18,1084.13,384.4,1535.91,56.23,109.13,1793.15,26.88,171.9,128.95,441.65,400.02,220.43,57.49,223.38,148.79,210.49,218.45,64.97,211.82,41.08
1969-05,77.38,262.88,455.35,236.1,357.83,137.57,114.35,196.04,625.95,74.99,,351.18,816.71,372.86,39.14,88.23,142.13,78.57,244.49,87.09,164.59,144.56,621.21,243.94,131.6,225.87,104.3,168.66,106.52,1079.2,388.17,1711.62,52.57,111.83,1879.8,23.47,177.58,128.34,466.09,407.02,216.92,60.25,231.69,159.92,218.07,222.31,73.68,212.21,39.61
1969-06,75.4,265.84,465.45,242.43,360.37,133.72,108.38,199.46,625.82,73.57,,356.53,827.65,368.91,39.9,88.83,140.75,78.92,234.16,84.03,164.39,142.62,615.92,222.82,132.96,218.13,108.06,169.58,106.89,1116.2,386.5,1715.59,48.51,110.2,1874.15,24.88,177.34,131.98,449.0,416.63,203.02,56.63,233.24,165.19,208.72,220.94,74.74,212.08,40.68
1969-07,58.72,260.26,438.72,200.22,339.62,109.96,96.03,187.65,558.01,65.3,85.37,362.8,736.79,336.71,38.4,79.23,130.15,93.69,203.94,75.15,149.74,141.37,559.98,182.81,119.79,191.24,101.86,168.04,97.32,999.67,359.17,1553.3,46.63,101.89,1637.25,21.47,155.9,121.78,391.53,338.9,187.43,53.84,209.57,160.04,248.48,413.62,68.2,237.72,34.2
1969-08,53.49,241.69,423.18,195.83,323.08,101.29,82.88,166.87,538.48,57.4,83.74,362.81,711.29,322.33,33.89,74.11,121.16,84.71,193.72,67.46,141.04,129.27,515.52,157.51,109.41,173.19,80.59,157.42,102.47,900.81,347.21,1483.46,41.55,94.49,1556.54,15.85,147.12,115.23,384.58,327.89,163.81,48.21,192.1,144.06,231.63,370.58,59.9,215.71,29.06
1969-09,55.69,251.86,445.86,208.21,332.39,107.62,92.46,182.65,563.05,58.66,96.26,411.75,767.02,333.71,35.6,76.99,130.98,91.93,192.65,69.64,144.69,134.73,529.11,166.32,118.66,172.49,88.64,162.11,107.37,953.82,341.05,1492.93,42.43,104.44,1672.43,18.46,155.57,121.17,403.01,346.65,171.89,51.09,207.23,156.96,260.87,397.48,68.86,234.13,31.5
1969-10,56.57,249.72,467.27,203.97,345.54,109.69,93.38,181.31,559.27,57.37,101.19,419.96,782.26,315.03,35.78,74.4,126.04,89.69,190.96,66.79,140.12,132.2,525.97,156.82,118.61,166.21,93.05,169.34,106.73,860.6,325.56,1431.61,43.89,99.83,1668.8,16.25,157.75,123.95,395.8,350.85,167.45,51.1,206.51,154.61,251.76,443.82,66.22,227.82,29.3
1969-11,65.81,269.11,499.16,227.44,388.01,116.58,105.42,195.05,594.72,61.1,123.64,455.17,852.09,328.55,38.39,79.21,136.69,98.32,205.72,69.73,147.5,145.84,551.05,165.99,125.58,182.15,83.53,177.32,117.91,847.0,351.15,1481.71,48.5,111.11,1739.52,23.27,172.42,136.85,428.37,362.47,175.54,56.68,219.05,168.52,278.31,467.88,69.21,250.83,30.35
1969-12,64.51,266.47,472.73,220.48,387.08,106.64,101.95,186.77,584.56,59.25,119.49,461.77,849.68,311.58,36.02,75.7,132.05,88.58,197.12,66.54,143.21,140.09,521.66,150.45,117.88,165.69,80.75,177.64,162.37,803.51,330.98,1484.85,46.33,107.55,1721.1,20.06,165.06,130.44,421.77,354.3,160.44,51.84,209.4,165.29,259.02,443.58,64.84,235.15,29.67
1970-01,64.43,260.48,490.16,218.35,404.96,102.66,98.5,180.13,589.05,55.32,127.41,497.4,877.34,299.67,33.85,71.21,128.03,81.43,194.21,74.0,139.43,136.0,504.65,140.42,113.34,158.78,72.42,172.89,170.66,778.09,327.49,1399.47,46.99,107.4,1725.79,17.05,158.4,132.7,406.43,344.62,147.46,48.65,205.15,157.87,255.44,430.28,61.98,227.21,25.54
1970-02,64.75,252.99,476.46,215.2,376.17,94.43,92.92,159.6,548.03,52.54,121.44,442.55,823.22,279.3,30.1,67.82,116.42,71.52,183.08,70.94,130.17,127.05,459.65,121.25,109.54,143.58,73.37,168.56,169.94,685.42,312.47,1363.53,35.27,98.81,1572.57,12.04,142.07,122.81,367.29,315.12,135.82,45.03,193.82,139.02,235.89,390.76,54.93,202.62,24.1
1970-03,71.12,267.08,529.97,229.36,373.22,99.96,100.53,160.03,548.43,53.88,93.11,468.44,867.66,287.59,32.02,70.9,127.13,71.35,198.87,73.62,137.93,137.02,489.31,125.99,120.61,151.77,72.68,180.08,198.53,715.55,336.79,1457.67,34.36,101.74,1597.3,14.04,150.73,124.9,403.78,335.25,149.11,47.98,204.91,146.47,272.27,430.06,55.7,220.3,22.83
1970-04,61.6,264.9,521.97,227.23,377.85,96.89,101.65,155.35,542.19,53.42,91.83,438.41,825.45,289.32,31.75,71.43,125.31,71.67,200.12,73.84,141.21,140.13,511.3,122.02,120.23,144.02,71.74,177.11,191.53,711.96,345.09,1487.44,30.55,97.11,1571.75,12.84,144.02,114.93,420.39,327.4,143.33,45.22,202.74,135.14,267.32,428.43,55.1,218.55,22.81
1970-05,50.38,236.68,476.69,205.68,366.77,77.63,79.77,131.97,498.87,45.76,54.11,388.21,746.16,276.8,26.89,65.67,112.31,56.49,181.1,55.97,126.65,130.86,463.62,102.35,111.91,128.02,61.91,151.88,163.32,646.44,316.1,1356.65,23.11,76.4,1364.06,8.23,120.29,99.53,391.05,291.67,126.14,35.85,182.19,110.25,237.76,361.96,44.8,190.87,16.16
1970-06,45.4,215.22,458.89,192.55,375.69,73.04,69.19,108.35,461.56,40.96,38.39,356.09,686.57,266.91,23.26,58.89,102.65,50.12,163.96,50.19,113.98,119.01,435.19,93.47,99.88,116.82,55.11,148.61,172.9,655.76,297.33,1291.29,19.39,68.57,1252.55,5.62,104.24,77.19,376.11,260.22,116.5,31.43,165.42,96.89,221.48,328.82,37.95,172.31,15.27
1970-07,48.95,204.49,450.32,178.92,400.22,70.43,76.52,92.77,415.15,40.19,41.38,325.27,701.07,264.46,20.62,51.84,93.27,40.59,151.03,38.25,102.3,123.38,406.68,80.6,92.65,103.71,65.55,135.72,171.94,609.86,284.62,1129.25,29.72,58.28,1147.27,77.15,90.77,86.26,352.2,231.81,101.27,32.17,149.58,86.69,207.44,295.76,38.6,153.64,12.99
1970-08,48.25,218.31,476.56,190.83,413.75,79.25,76.87,105.06,438.28,43.4,38.74,331.32,716.75,286.91,21.86,57.07,103.23,43.33,156.18,43.08,105.41,130.68,442.33,84.03,96.37,118.85,72.15,136.35,182.3,685.89,308.2,1245.09,33.43,62.27,1151.99,67.87,96.85,90.06,382.11,250.16,109.61,33.54,167.72,87.54,223.39,325.79,42.31,169.17,12.93
1970-09,48.1,218.48,467.81,185.07,412.39,88.04,79.32,111.43,455.66,46.44,42.21,337.95,725.88,299.72,22.77,59.36,106.87,46.44,154.44,46.97,110.61,133.28,484.16,94.06,96.53,127.04,79.69,139.45,176.95,725.93,320.61,1261.26,34.34,64.48,1234.02,62.47,107.03,101.9,406.52,268.33,118.01,35.63,175.51,95.21,237.28,329.76,45.92,178.1,14.8
1970-10,55.04,228.7,484.43,192.39,413.88,93.29,94.54,119.35,483.88,51.84,57.58,365.6,781.01,295.44,24.45,62.74,113.89,54.05,160.53,52.94,118.93,137.33,490.39,102.12,104.98,133.11,84.07,151.56,219.59,746.89,317.58,1290.03,41.44,71.78,1363.53,209.65,116.76,111.68,412.52,268.67,128.3,41.4,187.28,110.29,234.92,357.98,52.7,196.43,15.65
1970-11,52.72,228.13,505.27,190.25,456.25,89.23,90.75,115.88,482.72,49.8,46.45,370.0,780.31,285.82,22.65,61.28,109.74,47.72,151.69,48.06,114.75,137.6,475.8,90.58,99.97,121.22,85.78,141.51,232.94,772.69,313.66,1241.69,38.74,68.91,1337.46,139.49,105.74,106.56,390.13,267.67,121.84,38.24,185.28,105.9,222.15,321.04,47.74,181.48,12.63
1970-12,51.78,239.37,536.85,188.06,498.05,94.81,100.97,119.75,504.49,50.93,46.55,374.0,817.6,297.08,22.56,62.83,111.52,48.3,153.35,52.18,117.77,147.69,511.56,92.82,110.3,138.08,82.16,139.09,253.63,805.39,341.12,1302.91,38.59,70.54,1383.35,153.36,112.14,108.54,386.57,270.22,125.28,37.75,199.98,110.28,232.31,339.24,51.21,193.53,11.52
1971-01,52.24,257.28,548.48,195.4,510.57,99.49,103.62,134.19,537.29,57.91,51.19,379.42,867.75,325.63,25.08,71.01,121.7,53.14,167.33,55.85,133.07,152.9,542.23,97.51,116.82,144.36,79.26,150.18,267.8,822.93,364.25,1388.75,40.52,74.14,1429.04,141.12,122.68,111.8,418.32,297.58,138.5,41.88,210.64,121.23,254.38,381.82,56.21,210.12,12.8
1971-02,54.84,262.36,570.77,204.04,539.9,114.8,117.01,140.97,564.46,65.14,53.64,420.9,909.38,348.32,26.76,75.13,128.41,59.52,176.19,61.68,143.32,164.44,552.58,119.13,120.62,175.87,82.38,159.46,276.25,822.76,373.68,1524.46,44.63,80.19,1482.83,168.86,133.77,123.51,443.0,307.66,161.27,47.68,229.02,130.7,255.27,414.81,60.86,225.69,15.08
1971-03,59.92,267.62,580.64,206.86,562.71,124.04,124.04,149.45,572.97,68.95,68.58,435.19,911.43,352.24,27.7,77.92,128.53,60.62,174.35,69.26,143.69,175.25,548.75,124.71,124.62,176.83,88.69,162.06,286.54,864.72,362.25,1429.27,48.09,84.83,1529.62,155.81,134.13,125.78,441.7,318.2,165.08,48.89,236.58,138.61,257.79,428.49,65.09,227.33,16.96
1971-04,60.65,277.6,622.27,211.65,615.97,135.42,145.57,155.92,608.31,71.63,77.68,470.37,932.4,363.07,29.22,77.42,128.74,64.71,181.03,69.42,149.03,178.72,561.86,127.47,132.56,170.95,93.82,172.71,312.0,886.96,369.31,1435.74,47.45,91.76,1637.31,181.91,151.91,130.85,439.49,338.3,171.73,53.41,252.33,152.22,282.5,446.12,69.17,244.59,18.1
1971-05,63.35,284.32,640.05,214.64,626.59,146.88,150.7,166.08,636.86,73.47,76.64,493.24,970.47,386.34,29.95,77.29,136.08,68.15,186.03,80.14,155.95,194.58,609.62,135.66,140.93,191.42,98.45,179.54,320.17,924.13,354.98,1447.35,44.42,94.09,1659.09,197.41,161.21,132.73,451.69,341.73,191.62,54.83,266.06,156.44,276.07,477.71,71.8,252.7,16.62
1971-06,58.6,275.23,651.59,211.0,573.69,144.83,151.76,155.95,647.53,70.5,71.58,495.67,940.49,380.8,28.01,74.23,129.22,66.8,177.59,77.58,148.75,192.44,576.2,129.92,137.42,176.9,94.34,180.64,295.17,874.03,339.87,1407.12,44.5,89.05,1538.3,218.62,152.78,127.8,433.93,331.58,183.96,53.05,260.02,160.02,256.02,461.09,67.76,239.31,14.4
1971-07,57.08,264.3,680.97,214.47,591.61,148.97,116.15,157.67,665.33,79.14,81.42,475.71,1051.39,384.37,27.44,67.54,131.52,73.39,175.15,81.58,144.54,201.85,539.93,126.34,140.74,185.62,91.27,182.85,248.81,870.27,356.03,1312.52,44.13,83.79,1512.47,227.9,164.23,118.69,406.23,341.2,162.28,57.99,251.09,152.46,243.68,461.1,65.47,225.2,14.36
1971-08,52.81,263.11,667.8,207.74,594.42,136.12,106.56,152.91,626.05,73.87,71.4,461.13,1032.12,371.74,25.56,64.29,127.71,66.32,161.6,74.92,137.68,188.01,520.84,113.89,139.22,171.33,92.46,172.33,220.88,851.63,347.18,1265.12,38.56,77.46,1368.99,173.48,152.05,112.73,392.21,326.66,152.43,54.48,243.55,140.29,238.32,462.1,58.82,220.14,11.95
1971-09,52.14,264.72,715.34,209.92,604.96,148.72,114.2,158.56,667.35,78.55,74.87,458.48,1071.24,398.69,26.65,69.07,135.7,73.76,175.27,79.43,149.91,204.39,568.04,117.77,151.38,175.1,86.48,166.46,230.15,834.0,336.98,1245.31,41.57,79.52,1453.97,181.13,155.99,120.35,393.2,334.6,178.36,56.72,258.19,147.24,251.41,491.74,63.42,236.04,12.18
1971-10,50.02,263.72,726.43,207.26,586.87,143.15,110.91,161.34,676.9,78.13,75.61,463.09,1076.51,398.6,26.91,68.67,138.23,73.04,162.13,80.34,147.72,210.59,568.88,117.27,150.07,186.11,84.11,161.83,211.44,820.43,330.59,1246.43,44.38,78.26,1430.49,159.87,152.94,123.23,378.2,333.64,177.4,56.46,259.37,148.01,253.9,478.63,67.39,232.0,11.7
1971-11,46.27,252.35,716.22,209.31,534.9,133.44,104.68,155.89,647.96,74.67,69.12,454.17,1048.69,371.24,26.83,62.7,130.11,67.51,145.02,70.31,135.32,196.08,534.76,110.12,139.14,170.83,68.26,142.03,190.66,781.72,335.87,1224.72,42.48,74.25,1395.97,131.81,139.96,111.76,357.95,319.54,173.95,54.4,249.88,144.23,257.17,456.68,63.2,221.96,11.64
1971-12,44.84,253.99,713.35,210.14,539.86,133.41,107.38,148.7,657.32,73.11,64.42,459.53,1051.38,364.11,25.65,59.16,124.73,63.45,140.44,65.89,132.42,191.47,528.68,112.15,128.29,166.95,69.36,133.62,183.55,778.04,332.23,1215.14,42.84,73.07,1421.11,115.65,144.06,103.2,345.82,316.18,172.52,52.81,249.99,145.26,262.66,455.76,61.57,224.89,10.59
1972-01,49.14,272.03,802.16,237.37,585.28,148.87,127.01,168.3,712.0,80.72,75.54,492.79,1133.14,388.62,28.72,67.81,134.94,69.67,161.6,75.85,148.92,217.63,561.18,126.6,144.12,190.67,72.05,151.8,214.51,845.41,357.72,1301.27,49.02,82.78,1573.83,138.61,160.31,116.88,376.35,346.53,191.17,60.18,274.19,161.98,277.59,463.8,63.88,240.24,12.15
1972-02,55.82,274.48,789.94,244.12,617.89,159.69,146.82,168.96,734.29,85.73,80.63,505.85,1160.31,411.02,31.77,72.32,137.22,74.41,167.03,77.43,153.28,222.78,576.48,154.8,139.07,209.69,83.21,160.8,233.74,844.58,355.29,1313.44,51.92,87.16,1720.88,152.22,171.53,121.89,362.85,353.44,203.17,64.36,271.36,179.66,278.06,458.02,65.6,245.64,14.26
1972-03,58.14,283.18,824.14,259.4,666.43,171.17,156.72,179.9,781.5,87.66,89.09,539.13,1240.18,420.01,33.8,73.53,141.13,76.56,177.54,79.26,158.48,228.85,573.25,158.66,135.99,208.17,85.69,172.06,225.26,860.31,344.4,1301.64,53.24,89.51,1738.02,136.91,174.87,130.17,375.48,371.61,211.54,67.43,285.97,192.05,275.74,455.65,69.34,245.72,15.13
1972-04,62.12,279.59,838.67,252.58,685.78,171.01,151.77,175.71,812.77,85.36,87.01,564.39,1233.03,429.78,33.73,73.25,142.28,76.58,177.82,79.03,161.06,236.31,607.05,157.28,132.33,211.17,85.64,172.43,196.62,813.52,342.41,1293.86,46.92,88.22,1773.81,136.91,169.15,137.19,385.73,380.77,211.05,67.9,291.99,199.85,290.21,481.25,72.42,254.99,15.89
1972-05,64.16,281.93,873.33,258.65,728.55,169.94,155.95,181.55,831.32,85.12,84.26,579.54,1242.11,438.93,34.76,72.0,145.03,77.56,178.1,79.67,167.28,250.75,590.61,155.57,126.51,223.26,83.24,171.36,204.87,812.68,331.58,1280.26,44.36,88.41,1791.76,159.87,170.83,138.31,413.95,373.66,217.94,70.2,287.99,203.85,296.69,506.24,71.18,258.17,13.81
1972-06,61.33,279.93,888.44,270.86,744.62,177.96,166.8,182.58,863.65,80.14,85.04,594.54,1285.16,442.46,34.72,69.61,141.27,76.38,174.11,74.42,171.16,254.58,568.73,162.13,124.29,216.3,88.25,174.68,187.51,844.06,328.76,1281.04,40.88,89.38,1859.45,148.82,173.24,151.08,398.08,387.74,220.68,70.95,291.49,214.16,289.33,491.59,72.14,251.0,13.32
1972-07,55.76,270.3,829.12,309.14,768.29,161.45,189.38,187.74,825.77,76.12,78.47,474.68,1367.73,422.39,34.52,66.56,134.19,79.63,165.04,65.58,166.8,278.19,547.2,161.89,122.62,131.35,86.99,192.64,160.0,803.54,327.86,1287.44,40.99,84.59,1849.41,133.18,170.92,149.14,352.09,386.29,206.04,73.62,259.46,207.65,283.67,427.89,59.83,240.38,53.87
1972-08,52.84,267.43,872.67,303.05,727.64,153.38,185.34,179.29,833.29,73.84,78.39,471.68,1425.04,420.4,32.74,64.57,132.24,74.78,158.2,64.87,165.29,266.89,540.48,164.55,118.26,139.67,89.83,181.87,141.96,802.17,326.7,1297.15,39.81,81.35,1889.32,115.73,166.98,148.3,347.2,405.38,197.18,70.82,254.8,191.66,292.94,411.27,52.58,235.68,48.05
1972-09,52.33,274.63,866.79,336.37,703.61,150.59,181.98,178.8,834.18,73.64,83.02,477.44,1433.71,455.98,33.49,56.5,133.01,75.7,170.5,67.53,172.65,267.28,559.78,166.34,128.03,148.26,88.4,188.96,157.87,895.33,344.06,1348.76,38.5,82.34,1936.29,99.2,174.17,146.12,365.18,401.76,201.7,72.15,253.95,192.95,315.23,438.18,51.25,246.82,50.95
1972-10,52.13,269.76,855.99,333.82,649.54,146.41,175.75,174.92,847.92,71.09,76.11,474.9,1429.99,434.54,33.0,54.28,128.16,77.17,163.59,61.87,170.42,261.52,553.2,162.67,123.95,140.41,82.57,185.18,133.71,893.99,343.27,1403.07,37.3,80.09,1918.26,103.79,171.27,142.03,347.09,397.27,188.79,69.47,254.37,193.92,317.33,426.64,48.42,246.64,47.3
1972-11,54.36,275.75,866.04,320.65,642.14,143.49,180.74,174.73,865.05,70.1,73.32,477.81,1456.1,434.38,31.56,54.57,127.19,75.93,160.1,61.4,168.65,267.34,537.55,158.55,127.35,137.57,79.62,185.97,126.71,920.22,364.95,1435.39,34.33,78.57,1828.94,78.99,172.33,136.1,363.67,405.04,194.16,69.9,255.9,200.73,318.96,448.28,44.99,250.53,47.43
1972-12,54.85,298.91,872.89,347.09,702.96,152.6,184.29,182.41,865.2,76.98,63.66,465.94,1455.18,458.14,32.27,59.38,138.11,82.11,180.14,62.8,178.66,274.06,585.56,172.54,129.29,137.94,81.62,193.57,146.57,970.76,386.13,1521.0,38.63,81.62,1844.66,78.07,182.77,144.47,391.53,419.08,204.36,72.57,270.6,213.3,316.37,483.05,48.05,271.86,50.46
1973-01,54.04,303.15,900.15,343.26,678.39,155.13,206.02,186.57,903.13,74.5,64.29,482.05,1510.65,461.98,31.51,58.62,134.61,83.98,169.79,64.29,178.61,274.91,589.68,165.73,126.41,132.44,84.65,198.73,141.17,980.86,378.65,1540.22,37.31,81.05,1892.24,69.81,181.32,153.01,401.88,418.98,196.34,72.22,275.56,219.31,318.74,461.78,45.55,269.98,50.22
1973-02,53.85,299.82,880.35,325.24,679.03,134.98,183.85,169.87,865.12,69.3,49.98,461.36,1510.2,456.05,31.61,53.75,123.36,80.11,167.94,58.79,169.22,259.07,554.11,151.56,124.17,127.34,91.4,202.93,160.72,1026.88,362.66,1507.51,32.78,76.92,2002.76,59.7,168.14,151.54,378.57,406.01,175.95,68.14,264.47,209.03,301.09,419.1,41.34,245.89,47.2
1973-03,52.55,290.58,847.46,331.1,666.23,116.74,166.36,160.74,860.04,63.22,43.72,436.54,1515.14,452.02,29.76,49.59,115.25,70.26,164.76,55.77,162.18,242.27,514.17,142.3,122.94,118.0,95.59,212.23,160.53,945.92,353.14,1423.02,29.07,70.45,1963.9,71.64,157.46,139.6,357.74,388.68,164.22,63.72,248.62,188.02,283.03,395.97,36.75,229.69,43.04
1973-04,50.72,287.56,847.99,332.6,672.17,111.53,159.28,157.76,848.03,60.11,36.76,435.62,1533.0,454.73,28.88,49.75,113.93,70.79,170.67,57.4,156.68,242.13,502.48,139.78,120.76,121.41,94.97,208.62,161.56,984.03,344.26,1426.4,27.84,68.41,1968.18,72.56,147.56,134.69,366.69,398.22,171.82,59.75,232.55,189.91,281.29,394.26,36.42,227.69,41.32
1973-05,47.09,272.17,831.59,315.67,610.93,100.12,148.4,136.87,801.24,55.24,31.74,411.26,1449.2,437.43,26.69,46.17,110.37,63.56,168.22,54.21,147.0,217.75,486.09,126.84,121.25,113.58,101.38,202.14,145.71,973.46,340.84,1438.95,24.17,64.4,1853.42,52.35,132.86,126.07,364.26,372.42,157.02,55.09,215.04,156.77,263.72,365.83,32.27,203.01,41.34
1973-06,44.05,267.93,830.38,313.48,594.82,95.77,146.37,137.9,796.84,49.36,27.99,397.06,1477.85,430.82,25.66,43.43,106.65,58.4,162.01,50.63,142.0,224.51,451.68,118.39,123.94,107.89,105.49,193.05,142.66,941.34,339.7,1410.52,19.61,59.74,1796.34,37.66,131.66,120.74,380.44,383.7,139.77,50.94,213.23,148.07,257.45,352.42,29.06,195.22,32.03
1973-07,29.54,159.71,445.28,208.83,576.54,50.58,70.72,75.23,501.34,30.97,12.67,213.46,846.4,303.44,21.2,32.86,68.59,33.08,129.61,62.24,90.63,154.85,330.38,95.41,92.16,55.77,108.08,153.78,84.53,618.47,278.37,893.09,21.2,29.86,655.47,9.18,79.28,51.96,222.6,255.02,85.59,27.6,131.74,66.7,170.07,98.46,22.44,101.83,50.73
1973-08,32.16,172.34,459.47,220.06,662.33,60.78,80.37,84.89,524.18,35.15,16.97,231.2,899.91,324.82,23.8,36.51,77.32,38.62,138.58,67.91,102.3,170.91,348.73,109.84,102.24,66.24,109.72,172.1,80.95,623.18,272.03,929.52,26.18,34.47,662.47,11.17,91.35,61.2,244.45,263.03,92.35,32.13,145.06,78.28,187.22,110.14,24.87,110.46,54.65
1973-09,33.06,171.97,445.59,215.94,609.02,60.21,77.39,84.62,502.41,32.24,15.23,229.77,822.76,317.47,22.03,34.63,75.49,39.14,138.8,72.57,104.21,164.4,337.21,106.57,99.39,66.93,99.84,180.59,72.0,599.65,264.27,882.19,24.26,34.22,635.97,9.61,88.17,57.79,271.56,263.5,88.84,31.88,138.61,78.91,185.02,109.34,22.85,107.44,52.65
1973-10,37.31,186.49,467.48,213.21,617.47,67.12,75.63,93.68,498.63,35.25,18.81,235.09,839.36,349.91,24.32,36.76,82.36,45.09,152.31,76.63,113.91,180.16,361.92,113.5,112.93,69.22,102.45,202.5,92.94,653.81,284.12,947.74,26.15,37.78,582.23,10.41,100.53,65.1,285.06,282.61,99.67,35.14,148.56,85.82,198.26,118.56,24.54,115.57,55.29
1973-11,35.8,182.42,454.72,216.87,613.74,62.51,69.71,89.58,499.9,32.72,17.18,238.49,856.14,358.43,22.63,37.17,82.5,46.88,163.43,83.86,116.37,174.5,335.78,112.1,115.01,69.08,110.95,215.84,103.42,684.92,272.96,891.79,24.16,36.75,628.86,10.94,97.89,68.86,294.42,276.12,99.65,35.88,143.07,80.64,204.16,112.49,22.18,113.47,54.78
1973-12,29.96,159.83,397.24,186.31,560.24,49.33,50.31,74.15,449.09,24.38,13.99,219.57,788.39,294.9,18.5,29.94,69.1,40.64,138.7,79.85,102.02,159.5,263.96,88.11,111.46,57.7,118.17,196.16,90.88,647.72,239.38,846.65,18.75,30.44,597.02,7.69,80.87,55.26,265.34,244.04,85.18,29.36,118.79,56.3,177.08,104.3,18.0,99.67,47.75
1974-01,31.07,158.59,400.97,196.18,571.92,46.05,51.96,70.72,438.02,22.33,15.04,213.74,762.22,311.32,17.89,29.41,69.12,43.24,153.04,86.04,106.36,143.76,256.61,80.62,131.8,55.4,141.71,206.05,100.24,709.56,246.3,853.94,18.79,31.14,567.4,6.25,80.51,55.69,291.99,244.16,90.88,28.71,118.02,61.6,181.01,106.08,17.1,102.94,48.03
1974-02,31.7,168.86,379.17,194.54,589.47,50.08,56.47,69.48,426.28,24.61,14.75,210.54,757.24,318.04,19.6,32.8,73.6,43.99,162.04,80.35,103.03,142.31,285.56,88.88,131.35,64.47,157.37,211.92,105.66,653.81,256.2,871.8,20.61,32.02,572.57,8.56,84.44,57.42,290.87,245.59,91.75,29.3,127.12,61.98,182.01,104.86,19.64,103.59,48.49
1974-03,36.18,170.62,369.9,190.76,595.9,48.59,56.27,64.97,412.74,25.31,14.23,201.29,751.32,322.42,18.96,32.81,76.61,46.07,166.01,77.69,103.23,141.31,281.01,96.46,128.21,69.98,156.98,216.23,111.45,639.08,255.01,902.51,20.68,31.8,570.05,8.7,85.45,57.19,292.51,248.18,98.54,29.9,128.65,59.54,184.93,102.22,18.86,104.63,47.92
1974-04,35.19,167.3,353.41,185.68,559.5,50.96,59.6,68.62,411.5,24.96,13.86,211.64,753.08,326.63,19.2,33.63,76.59,44.18,161.46,71.65,98.06,138.12,280.74,91.62,117.63,66.64,164.11,195.17,116.56,621.32,244.53,875.52,21.26,31.08,570.33,8.79,79.29,58.16,298.48,244.6,93.51,30.1,123.03,62.44,176.6,97.55,19.27,100.78,46.56
1974-05,31.67,163.71,338.74,178.79,543.5,47.35,54.77,64.39,393.9,23.94,12.12,211.95,743.17,329.27,16.71,33.6,73.35,42.03,163.15,66.59,93.17,132.03,273.58,91.42,105.52,67.61,143.85,182.62,119.18,587.97,213.32,828.92,19.27,28.26,559.75,7.69,76.64,55.24,298.59,238.17,90.46,29.48,121.15,60.44,167.24,88.79,17.31,93.79,44.02
1974-06,29.87,154.93,334.64,170.3,568.22,49.27,54.23,63.14,399.56,22.73,11.05,217.51,763.41,330.56,16.69,31.57,67.0,38.79,148.58,57.93,90.13,123.71,276.71,88.22,90.91,64.95,131.49,167.26,109.31,539.26,201.93,804.88,17.8,25.94,528.13,8.16,75.12,54.37,268.41,237.65,85.7,28.44,124.17,59.77,150.79,80.69,15.65,84.43,40.86
1974-07,36.01,151.76,329.75,177.59,564.45,46.54,53.37,64.38,407.22,22.86,10.7,201.05,731.05,334.88,16.16,31.61,64.17,42.08,153.66,59.23,89.85,112.42,282.54,89.35,96.2,63.84,127.33,165.8,90.14,506.56,189.04,815.04,16.5,26.0,531.39,6.56,72.44,51.35,250.02,241.2,84.66,27.71,124.93,58.09,144.98,76.08,14.17,78.48,40.03
1974-08,35.67,137.69,263.63,157.58,526.22,40.44,46.39,60.42,354.11,21.87,10.39,177.86,624.62,319.91,15.17,30.61,60.56,36.86,159.44,54.19,83.18,105.5,250.96,83.84,88.99,69.25,154.14,171.94,81.79,506.01,189.91,752.81,15.79,24.14,492.56,5.55,64.15,45.17,246.89,218.8,78.64,26.65,108.49,50.15,137.23,68.52,13.15,73.82,36.94
1974-09,33.71,122.55,225.85,129.5,506.66,40.97,44.69,53.42,310.62,20.71,9.14,156.67,577.25,283.1,13.47,28.41,53.61,35.74,146.48,48.58,75.13,96.91,238.64,76.51,75.95,69.57,141.98,150.95,80.37,463.16,171.42,739.69,14.62,21.36,482.27,4.97,61.17,43.64,221.3,201.69,70.46,24.06,92.88,45.89,121.84,59.67,11.53,65.37,33.55
1974-10,30.65,116.01,164.9,107.13,444.91,34.18,34.35,49.34,257.61,18.77,8.46,133.61,485.71,253.67,11.6,26.22,47.6,31.91,134.26,43.4,65.98,81.42,220.11,71.69,65.41,62.89,104.56,139.78,75.29,425.76,167.82,726.5,13.29,19.79,397.52,5.16,52.26,35.72,185.95,171.42,63.98,21.39,82.79,36.61,109.86,56.9,10.84,60.47,29.57
1974-11,36.76,138.94,204.04,117.43,544.08,37.26,37.69,49.77,302.27,19.55,9.62,161.75,639.86,297.89,12.28,27.57,53.92,38.57,146.98,50.85,81.23,95.48,220.44,76.48,77.67,66.21,132.17,164.03,109.77,510.24,188.24,805.33,16.76,23.16,477.48,4.99,56.45,40.37,211.09,206.5,76.6,24.99,89.81,42.66,136.92,72.15,10.98,70.03,35.83
1974-12,35.91,137.23,179.91,111.89,544.12,36.19,36.66,47.66,284.97,17.32,9.69,154.59,633.42,266.88,12.63,23.68,51.7,36.11,139.01,52.03,78.41,89.54,205.75,75.75,76.3,63.01,122.63,160.35,114.05,486.87,187.98,768.62,16.84,21.85,463.23,4.58,54.09,37.13,203.03,183.7,70.74,23.72,83.86,39.85,132.55,72.82,10.34,68.34,35.21
1975-01,33.66,138.61,178.71,102.81,553.42,30.03,36.4,45.22,268.77,16.6,8.96,147.29,613.92,256.58,11.47,22.98,48.5,32.6,133.39,49.86,75.97,85.46,204.81,71.46,69.51,56.29,103.83,152.04,124.74,502.52,185.01,777.37,17.24,21.21,436.24,4.06,51.87,35.37,196.32,170.58,66.46,23.09,81.45,35.61,128.85,71.91,9.11,66.96,33.07
1975-02,34.36,164.01,225.47,129.36,583.74,38.92,49.66,56.59,314.88,21.94,12.28,161.11,610.96,283.08,12.86,27.63,61.91,36.63,157.01,55.43,84.71,101.62,250.13,84.81,79.55,67.66,110.43,174.2,146.61,537.83,218.64,863.56,20.33,27.1,491.34,5.67,64.03,42.38,224.84,180.96,79.26,27.31,103.66,46.36,160.78,78.86,13.23,77.99,38.2
1975-03,35.14,170.22,239.13,142.74,559.44,41.08,60.07,62.57,349.72,22.07,15.48,187.7,707.36,306.23,13.75,28.41,63.62,39.81,157.12,60.85,90.85,113.26,248.72,91.14,84.49,69.65,123.71,181.95,142.64,545.61,218.56,896.28,21.85,28.43,560.08,5.77,67.91,51.36,235.8,199.98,83.16,28.94,107.14,53.98,157.4,81.61,13.17,78.37,39.64
1975-04,35.04,174.19,271.38,148.76,590.58,46.47,69.89,68.63,364.1,27.13,16.12,188.11,717.12,323.85,15.85,30.67,68.71,45.76,175.1,62.5,95.87,117.94,265.4,102.87,83.24,68.26,130.36,204.82,183.05,530.53,214.2,885.18,22.53,29.6,557.35,7.7,72.73,56.73,247.77,194.71,86.31,31.07,118.79,62.72,160.26,83.91,15.17,79.69,40.6
1975-05,37.32,174.5,281.57,142.9,619.48,51.43,74.11,73.97,390.66,28.82,18.26,192.86,717.12,378.56,17.15,33.38,71.57,49.04,193.41,62.55,101.59,127.85,276.11,115.17,86.68,72.24,123.73,230.72,222.83,565.28,210.57,876.71,22.93,30.35,578.89,6.92,79.47,62.59,276.6,215.89,89.96,32.67,119.58,71.26,165.15,81.84,13.65,82.48,42.4
1975-06,38.12,184.21,306.96,149.98,626.82,51.52,79.14,76.5,398.91,29.36,20.88,200.06,764.33,380.53,18.49,34.5,75.16,51.55,182.12,64.96,106.22,144.19,283.81,128.25,92.31,73.52,135.5,242.79,274.62,627.54,226.5,895.48,24.47,32.41,598.9,7.19,88.0,66.94,284.53,231.06,89.01,33.67,124.52,72.7,174.28,90.63,14.25,86.16,44.68
1975-07,42.66,207.92,320.73,202.4,700.62,57.42,86.72,87.77,414.54,31.76,22.95,195.13,789.35,382.78,19.6,36.19,77.94,65.46,187.94,78.91,116.89,149.98,325.25,144.26,93.28,81.7,139.19,259.32,206.08,630.4,279.1,947.37,26.5,36.63,634.22,7.64,95.63,73.89,283.77,225.13,93.3,33.88,139.88,78.82,192.95,96.2,16.49,90.44,47.12
1975-08,40.99,199.06,289.97,193.22,716.64,52.97,80.55,82.75,381.02,30.55,20.85,177.41,688.02,365.35,18.68,34.79,74.22,58.73,175.35,80.04,111.69,140.27,328.54,132.76,92.59,78.39,128.79,249.93,199.06,600.96,264.23,907.51,25.88,33.95,572.42,8.89,87.37,66.7,274.49,202.04,90.53,33.36,128.69,72.08,179.51,88.76,15.13,84.14,44.79
1975-09,37.07,198.18,277.36,192.29,678.09,50.42,80.31,79.84,365.58,28.7,19.23,170.58,662.86,376.82,18.81,33.74,73.32,57.08,180.06,75.74,109.63,131.63,316.95,133.44,83.25,72.17,110.99,229.26,191.1,592.52,258.59,863.13,24.62,32.22,558.85,7.18,83.62,60.77,285.42,200.99,87.24,32.17,128.83,69.27,167.69,84.04,13.97,80.0,42.52
1975-10,35.25,194.29,259.53,180.52,687.2,47.54,80.54,75.03,349.85,28.99,17.81,161.59,619.28,343.92,18.15,33.46,67.88,54.27,170.14,70.7,105.12,121.75,312.88,128.57,81.25,66.77,102.32,222.52,193.47,584.76,254.43,848.76,25.13,30.17,556.99,6.66,81.63,60.91,261.42,189.56,83.88,30.9,124.35,66.98,148.46,79.5,12.52,74.98,39.8
1975-11,39.34,218.63,299.87,181.99,730.04,47.06,82.01,81.56,382.41,32.16,19.23,180.05,684.14,366.06,18.98,36.15,71.72,52.65,164.54,69.49,108.2,121.78,341.9,131.7,78.67,70.86,98.5,216.44,162.69,575.97,270.3,906.54,26.66,31.16,616.09,7.23,84.46,63.65,280.2,209.35,88.91,31.85,137.28,74.93,153.94,84.44,12.05,79.24,41.46
1975-12,38.38,224.73,318.94,185.96,767.2,50.77,82.86,83.78,395.53,34.81,20.56,189.21,715.7,372.22,19.85,37.65,74.82,50.72,166.19,63.87,108.38,129.38,353.3,128.58,84.48,74.6,89.71,213.21,167.26,565.13,276.62,933.2,26.98,32.33,648.44,6.85,87.43,64.16,283.74,222.25,92.75,32.46,144.31,83.19,162.5,91.6,12.05,81.55,42.5
1976-01,37.52,224.52,305.18,185.89,763.06,49.84,80.07,84.67,381.26,34.27,19.75,179.51,693.35,371.29,19.3,37.13,74.67,52.5,169.49,61.58,108.46,123.3,356.76,123.95,81.02,72.43,94.0,214.33,172.05,564.91,278.56,950.87,26.42,32.06,640.88,6.25,87.02,61.77,285.29,208.45,95.41,32.63,138.72,81.22,162.28,87.51,12.68,81.53,41.77
1976-02,41.24,238.12,341.98,215.7,819.84,61.44,97.04,97.82,427.86,42.34,23.25,196.55,742.39,450.12,23.05,44.46,88.99,59.15,205.44,76.87,129.08,144.69,405.69,147.06,91.83,84.86,99.91,244.29,225.8,617.23,300.26,1041.07,29.41,36.94,763.09,8.8,105.12,73.97,343.57,239.76,108.85,38.17,150.02,91.92,184.72,92.71,15.28,93.47,46.42
1976-03,40.86,229.62,321.16,218.79,804.41,64.84,97.25,100.32,417.87,44.37,25.2,185.89,685.8,459.79,25.75,46.28,93.56,62.03,214.35,80.74,134.88,147.36,420.21,153.04,97.17,91.27,108.48,248.61,228.2,594.71,287.46,1064.6,30.84,38.63,760.76,10.72,108.77,74.26,357.2,232.42,116.09,40.88,156.62,96.28,181.84,96.48,17.17,96.42,48.01
1976-04,40.21,228.5,330.42,218.37,808.61,64.38,98.15,99.59,429.89,47.37,23.73,190.96,738.26,442.62,25.35,46.44,96.66,63.13,213.96,78.43,135.37,149.39,439.7,162.24,101.62,91.29,104.97,265.31,218.55,638.83,289.56,1067.02,29.78,37.67,781.45,10.34,111.58,79.48,366.39,247.1,114.82,41.23,163.75,96.06,189.82,98.89,18.04,98.14,48.06
1976-05,40.8,232.1,316.82,209.0,797.3,68.03,93.61,97.69,410.74,46.29,23.85,187.13,701.63,442.57,25.78,44.37,96.86,59.28,219.16,78.43,134.99,154.83,445.14,169.45,96.48,93.25,110.92,268.14,243.46,650.97,289.86,1085.32,29.23,36.92,769.69,10.06,107.21,74.55,359.93,242.37,115.13,40.7,155.62,91.78,183.66,94.46,17.74,96.57,48.33
1976-06,38.75,231.39,324.71,197.27,772.15,68.35,92.6,94.28,397.72,42.22,23.25,182.67,677.2,433.3,25.34,41.9,93.52,57.69,220.78,81.97,137.88,150.96,427.59,173.19,92.49,99.91,107.84,267.59,267.81,690.96,283.23,1039.67,29.15,36.29,770.6,8.47,107.58,74.43,361.78,226.86,116.45,41.02,145.67,84.87,181.01,90.39,16.21,94.85,47.36
1976-07,38.54,236.26,323.86,207.55,749.81,67.99,91.88,97.79,412.21,41.47,22.58,176.42,696.87,427.73,23.51,42.08,94.65,61.25,239.83,81.98,144.28,157.94,431.1,201.63,100.66,93.16,102.14,327.2,266.64,654.41,305.7,1100.16,29.98,38.55,806.47,10.2,109.2,79.49,348.1,225.89,119.45,39.62,143.82,87.7,216.16,97.46,17.0,95.89,39.76
1976-08,39.26,239.17,336.32,206.66,769.91,70.86,82.79,99.43,402.32,40.74,22.47,179.9,689.75,417.96,23.6,41.21,92.39,59.29,233.9,77.75,140.86,156.01,428.78,191.83,99.57,96.1,96.17,323.69,247.89,650.48,312.72,1113.86,29.92,37.89,809.0,9.35,108.16,76.45,335.0,234.48,119.31,38.71,137.19,82.8,214.77,103.9,15.94,96.14,40.18
1976-09,37.54,239.02,335.04,203.55,793.39,66.83,84.06,98.0,399.0,39.28,21.68,182.16,702.46,402.19,23.24,40.8,90.52,58.98,223.4,75.17,138.46,152.33,427.65,191.67,100.34,100.8,85.74,316.89,226.3,640.36,319.15,1152.14,29.32,36.95,805.76,7.66,107.13,67.7,325.76,238.59,114.23,37.93,144.03,79.91,210.21,107.34,15.59,95.7,39.28
1976-10,38.32,239.21,334.7,198.57,844.24,66.54,83.67,103.04,396.34,39.97,23.41,186.44,729.43,402.96,23.31,40.43,93.57,61.34,229.3,76.95,138.56,158.98,452.33,199.63,101.81,97.76,91.05,318.74,242.44,677.78,330.45,1167.18,31.65,37.91,827.16,7.35,111.29,70.4,333.65,247.86,113.68,38.34,144.41,80.61,205.57,109.03,16.64,97.1,39.79
1976-11,38.22,234.49,321.1,192.83,845.04,64.06,85.77,102.63,387.63,39.89,22.53,177.32,703.02,392.26,22.95,39.8,94.97,60.34,214.83,70.83,134.42,150.77,443.56,187.42,94.42,96.59,94.94,312.2,231.23,667.73,326.1,1182.12,30.64,36.73,797.8,7.53,104.15,64.95,335.34,242.75,109.06,36.67,143.82,78.26,206.76,109.68,16.25,97.41,39.06
1976-12,39.26,241.26,312.16,176.43,859.1,63.9,83.94,106.83,381.19,43.07,22.92,166.48,634.82,370.55,23.56,41.7,98.39,60.35,213.19,70.21,136.42,149.1,435.34,194.0,102.44,100.68,99.07,305.11,232.11,671.22,333.78,1204.36,32.23,37.38,797.27,6.76,106.89,70.36,341.04,236.92,113.58,37.52,151.69,80.39,206.72,111.82,16.72,99.45,39.74
1977-01,42.97,252.54,313.62,192.0,891.32,69.96,96.65,115.93,394.59,45.85,26.59,173.85,679.42,407.24,25.0,41.99,105.65,65.59,228.23,75.33,146.74,153.66,483.14,203.76,112.02,106.15,100.55,256.11,246.66,717.34,353.53,1242.39,35.08,41.42,822.23,7.98,113.45,71.53,355.85,249.06,119.68,40.05,153.98,83.49,227.97,119.75,18.91,107.69,42.89
1977-02,41.4,243.78,296.48,181.21,845.28,65.96,92.99,113.1,363.56,45.89,28.06,154.85,631.12,387.59,25.58,41.29,99.87,62.72,213.83,76.24,139.51,148.03,471.93,197.69,115.55,108.79,100.7,247.17,241.79,726.89,354.98,1243.71,35.3,41.43,795.02,8.33,108.7,65.59,317.83,232.43,116.13,39.71,142.4,73.96,217.7,112.74,18.82,104.06,41.56
1977-03,43.7,238.03,301.11,182.31,837.37,63.26,88.16,109.81,354.4,44.07,25.44,153.28,641.95,383.0,25.05,39.22,98.49,63.76,211.42,72.14,138.3,146.6,457.78,196.12,112.66,104.97,116.47,233.35,248.51,694.06,340.05,1239.33,32.93,40.43,789.68,8.48,106.91,63.84,320.07,237.88,112.03,38.58,139.85,72.18,212.2,112.64,18.4,102.27,40.93
1977-04,41.72,237.16,297.8,175.22,812.18,64.11,87.1,103.64,341.99,43.4,25.26,156.81,625.52,380.22,24.65,39.09,99.17,63.14,214.72,75.75,144.68,152.35,433.97,194.04,114.99,105.02,116.22,239.34,251.17,686.65,338.8,1223.41,32.48,40.75,784.36,7.86,107.72,65.32,315.6,237.53,111.82,39.2,136.79,68.11,209.53,111.94,18.69,101.82,41.14
1977-05,41.67,238.99,288.21,171.8,828.92,60.92,87.77,104.34,339.61,44.36,25.66,151.17,591.4,382.09,24.1,39.82,101.37,68.12,216.63,81.05,150.56,158.93,447.46,198.26,127.56,113.66,110.87,241.24,240.56,704.32,343.6,1231.4,32.32,41.0,737.63,8.12,110.46,64.76,318.79,234.65,117.45,38.2,131.05,68.54,208.77,119.17,19.51,104.17,41.74
1977-06,43.76,236.7,292.13,167.02,832.85,56.95,89.38,103.38,327.94,42.09,25.26,149.91,596.72,369.51,23.82,38.19,97.84,67.58,203.95,82.18,149.78,154.66,438.0,206.82,122.93,117.79,105.56,220.29,214.65,708.07,346.6,1232.19,32.77,40.72,718.32,8.22,111.46,67.61,299.62,235.8,118.26,38.19,125.51,69.75,202.4,119.24,19.76,104.46,41.52
1977-07,43.75,245.77,307.32,161.69,877.08,59.88,95.43,120.95,355.42,45.48,28.45,153.84,595.08,368.06,43.99,40.56,98.12,52.21,205.62,79.66,155.66,155.74,460.55,232.0,117.76,110.36,107.88,190.62,221.57,677.89,394.76,1208.47,35.85,41.27,652.0,6.72,114.59,72.09,305.84,237.43,129.39,39.27,126.64,78.58,205.13,124.45,20.13,107.18,39.24
1977-08,43.27,250.06,321.52,155.26,893.49,62.71,92.22,122.35,348.82,44.84,30.06,147.97,594.43,362.12,42.62,39.89,94.5,51.76,190.3,79.2,144.79,154.91,451.05,226.64,113.94,112.2,110.55,178.17,200.73,673.46,396.42,1223.29,32.51,41.5,669.2,6.85,110.35,70.64,290.67,233.06,126.27,38.48,127.4,79.71,211.44,125.3,20.12,106.58,39.71
1977-09,42.3,250.97,329.87,157.34,907.0,61.82,95.87,120.04,356.29,45.1,29.73,156.2,613.37,350.51,41.09,39.34,92.14,50.9,178.41,83.6,140.99,155.88,450.86,217.99,111.43,103.99,106.83,175.21,190.49,637.33,380.44,1179.52,32.24,41.31,674.28,6.35,107.11,71.58,279.71,233.27,120.85,39.02,133.6,84.99,214.02,124.77,20.18,104.11,39.63
1977-10,40.53,251.32,330.73,158.4,894.79,60.42,93.71,118.99,354.71,46.09,33.19,158.1,601.2,347.82,42.04,39.98,91.14,51.68,167.82,82.31,144.61,151.96,468.81,209.6,109.27,104.06,122.71,168.31,189.81,642.9,385.94,1217.1,33.05,41.3,656.57,6.56,107.08,72.34,275.22,231.71,119.54,38.57,132.16,86.9,211.92,127.15,19.75,104.0,39.97
1977-11,38.86,238.01,319.54,151.43,873.92,54.22,90.8,120.8,330.57,45.14,30.8,161.32,583.71,335.97,40.57,38.95,90.12,45.14,166.99,79.9,136.41,153.23,457.48,203.02,115.94,94.13,116.42,155.02,184.35,618.95,372.05,1155.43,32.11,40.16,640.8,6.45,101.47,69.03,254.52,220.99,115.47,37.26,128.44,84.03,198.39,120.56,18.86,98.04,38.35
1977-12,41.44,244.54,327.19,159.22,890.24,57.51,101.29,128.9,335.75,49.39,34.47,166.68,618.08,343.29,43.13,41.39,96.09,47.26,168.21,83.57,145.35,159.94,453.31,218.53,118.47,99.73,119.71,160.84,192.16,637.25,384.44,1164.41,34.75,43.45,664.55,6.9,107.92,73.83,269.08,229.23,123.16,39.48,134.97,89.79,208.72,130.32,20.69,102.68,40.51
1978-01,44.99,242.75,328.23,154.16,871.16,57.77,104.29,133.97,333.54,49.59,38.59,175.23,617.32,364.02,43.48,40.76,96.18,47.69,175.36,83.07,147.6,157.28,447.68,221.6,115.08,114.05,118.85,163.83,186.5,649.44,380.99,1185.76,35.53,44.23,696.3,6.97,108.9,74.12,265.62,230.27,124.55,40.52,133.29,91.48,203.01,127.95,21.04,104.03,41.2
1978-02,42.18,230.82,313.07,153.45,817.14,55.96,101.35,123.86,308.36,46.6,36.56,163.5,633.02,343.79,43.08,40.12,88.28,43.82,166.78,87.79,136.78,155.16,432.42,206.53,107.94,125.92,123.45,155.11,175.77,602.71,361.89,1136.25,33.82,41.22,687.43,6.62,102.75,69.55,249.16,219.73,122.15,38.79,124.56,84.28,192.38,118.73,20.54,97.81,39.77
1978-03,42.24,234.39,309.75,152.85,814.87,55.09,103.86,123.79,297.33,47.88,37.73,157.56,608.29,324.95,43.51,39.85,87.82,44.71,158.87,88.66,136.01,150.61,431.93,213.92,103.44,124.01,116.45,151.7,179.49,589.73,357.31,1165.92,34.08,42.21,652.56,7.05,100.52,68.38,237.22,213.6,120.96,39.29,122.39,88.15,191.13,122.45,20.84,97.53,39.54
1978-04,46.04,236.2,326.75,156.63,844.19,59.47,113.61,137.87,303.17,51.44,41.45,161.34,633.98,336.87,46.88,41.07,92.67,47.27,170.38,91.9,141.61,155.13,457.33,234.24,109.82,141.22,119.98,159.7,168.03,602.42,363.96,1192.44,36.53,45.74,627.77,7.89,106.74,69.89,247.93,220.22,126.39,41.39,124.61,94.17,200.04,127.36,23.35,101.86,41.63
1978-05,46.63,249.53,361.05,163.29,916.59,64.76,129.9,153.46,344.06,55.43,44.29,182.74,688.66,376.66,51.61,43.76,101.71,53.35,185.4,59.15,158.48,174.25,493.06,264.94,124.12,148.42,113.89,167.49,189.2,650.2,362.58,1255.48,38.65,49.5,713.75,9.02,120.13,80.78,276.11,250.28,139.41,44.44,139.15,104.03,219.63,140.52,25.68,111.61,45.05
1978-06,53.28,259.79,406.11,170.84,932.07,69.19,139.36,159.88,359.84,57.79,47.83,188.08,724.27,382.0,55.4,44.99,104.03,54.49,189.67,62.12,167.45,188.35,479.96,301.99,129.06,151.36,127.46,171.33,198.31,654.78,361.92,1232.55,41.27,52.48,719.2,9.64,123.68,84.12,281.24,258.52,142.18,46.48,137.83,113.67,221.57,143.58,26.55,112.7,47.03
1978-07,58.34,263.08,418.96,167.08,932.99,60.39,130.58,162.72,350.64,54.98,48.2,191.49,746.29,362.81,59.19,45.42,99.54,47.41,170.04,63.69,163.99,172.02,455.5,305.91,280.69,284.22,109.67,150.52,229.94,602.64,381.89,1260.81,55.1,50.05,669.74,15.24,126.76,81.7,261.54,282.35,143.57,45.46,135.26,114.23,198.73,141.52,27.41,106.69,44.09
1978-08,59.42,268.08,447.67,176.84,975.09,64.75,140.3,174.3,375.87,55.8,58.18,202.33,814.36,381.63,61.65,47.14,108.15,48.66,183.23,66.22,174.14,186.68,474.84,366.29,308.3,364.75,121.05,162.39,234.24,625.16,391.08,1278.59,58.3,54.46,735.96,18.18,134.67,87.88,296.47,303.95,160.47,47.92,142.4,120.82,210.75,147.09,28.58,112.84,46.72
1978-09,64.9,272.74,465.27,183.72,980.26,66.75,160.1,185.85,384.59,58.85,62.28,208.44,809.61,396.67,63.2,52.53,116.81,53.85,183.01,69.8,180.69,191.43,493.51,394.19,318.89,374.58,118.95,174.66,232.16,661.59,391.96,1304.79,64.47,57.18,784.68,21.78,142.07,91.27,312.26,316.48,166.2,51.82,149.73,137.63,220.31,156.4,31.58,119.53,49.98
1978-10,65.45,271.98,447.97,185.12,997.41,64.72,148.26,183.27,371.29,58.22,56.53,202.53,786.6,393.93,60.53,53.78,113.96,54.79,184.96,68.23,179.07,182.07,497.19,362.19,353.65,360.14,121.3,180.38,232.82,693.26,388.59,1347.69,60.23,55.66,742.68,20.05,138.05,91.6,311.96,301.61,162.53,51.04,146.04,135.39,218.68,153.77,32.15,118.69,49.31
1978-11,51.25,249.25,405.09,158.0,915.24,54.66,120.16,162.21,338.38,49.13,42.68,171.88,693.62,355.1,51.35,43.55,95.9,43.64,162.36,57.06,154.7,156.62,443.53,306.34,289.09,320.68,110.32,165.76,189.87,620.72,358.53,1286.85,49.48,45.95,686.74,14.48,115.63,74.01,279.69,281.87,134.09,42.72,128.08,104.67,195.14,133.35,23.49,106.14,40.9
1978-12,56.18,248.81,413.48,164.3,930.12,54.71,137.02,164.95,346.09,50.56,47.35,181.08,721.99,359.3,52.77,45.14,97.34,43.31,162.73,58.58,160.0,160.03,434.54,335.31,300.88,342.02,94.8,168.72,201.55,654.19,366.15,1333.51,50.63,48.11,717.35,16.32,122.81,80.46,278.03,288.4,132.9,45.13,130.25,111.0,196.66,139.41,24.43,107.49,42.33
1979-01,57.01,249.26,447.89,168.76,950.08,53.92,141.81,169.54,351.04,50.87,54.54,180.49,750.59,358.25,53.52,44.27,98.52,44.34,163.74,57.37,164.44,159.35,432.0,342.48,310.78,360.09,100.92,174.96,197.1,676.44,358.88,1330.23,52.08,48.1,803.38,16.76,123.41,86.14,273.21,302.72,131.16,46.71,127.96,107.48,197.53,142.62,25.48,108.51,43.62
1979-02,59.84,260.84,447.28,179.71,955.25,57.28,148.52,180.38,365.74,56.4,53.15,188.28,756.33,380.61,57.06,44.67,107.4,47.33,185.55,62.13,173.81,165.97,455.88,371.39,319.02,374.26,110.82,194.51,213.13,697.45,379.58,1378.7,54.2,50.66,830.17,18.67,131.46,87.87,315.69,304.44,136.3,49.56,136.71,114.74,203.62,150.95,27.2,115.96,46.9
1979-03,57.04,245.41,427.85,171.77,917.95,52.82,139.23,175.97,345.34,55.09,50.43,173.95,724.98,369.38,54.33,44.41,103.43,45.93,177.27,58.42,169.26,155.63,433.34,321.69,298.19,351.4,118.52,192.6,209.63,703.38,369.98,1348.85,48.76,48.21,800.13,16.72,124.34,84.73,310.55,284.53,128.0,48.5,130.43,109.46,196.18,150.27,26.51,111.46,44.52
1979-04,61.01,252.05,447.15,184.65,962.16,56.9,152.41,180.74,363.77,59.97,57.65,181.13,758.76,403.86,57.82,47.77,111.24,52.48,194.32,60.87,181.8,163.24,461.79,343.01,318.33,370.07,122.03,210.81,243.4,767.44,376.01,1346.29,54.28,52.31,855.89,20.56,134.61,96.04,341.08,298.24,140.01,51.83,137.71,119.46,206.34,164.44,30.47,118.39,48.35
1979-05,64.28,251.54,434.46,188.7,960.15,60.95,151.59,186.94,370.21,60.13,56.87,182.84,774.42,394.98,62.32,48.16,114.12,53.99,192.21,61.42,181.09,162.65,471.5,339.72,312.38,373.23,126.61,205.85,224.18,805.57,363.84,1317.16,56.26,54.27,856.07,21.03,136.44,99.26,336.87,292.88,140.0,51.78,138.44,126.96,210.26,166.64,31.05,120.41,49.33
1979-06,64.25,246.4,449.85,179.12,924.38,61.08,145.92,180.87,357.04,60.19,54.28,186.81,742.7,380.88,61.23,47.17,113.12,53.51,185.78,60.99,176.26,160.19,458.21,317.94,306.14,372.71,135.73,211.9,238.91,780.83,365.11,1295.49,54.8,53.88,841.46,20.21,133.73,95.75,332.08,287.96,140.5,50.93,133.68,122.86,211.87,166.79,30.43,119.69,48.44
1979-07,62.06,257.32,459.04,195.48,989.8,65.94,133.88,189.22,359.26,59.04,55.0,190.8,751.3,392.44,60.97,47.54,112.41,57.94,190.73,60.31,177.37,168.3,467.03,330.12,337.8,342.23,130.33,261.94,312.65,749.89,403.58,1245.25,55.19,49.31,699.55,24.23,137.6,100.55,340.44,295.23,150.94,51.69,136.0,118.48,223.8,180.7,31.39,122.85,48.81
1979-08,62.4,263.05,465.54,196.66,1037.21,67.78,144.49,196.2,365.45,59.91,59.8,192.31,746.39,411.94,60.47,47.7,116.33,60.12,198.82,64.16,180.47,171.66,478.17,342.48,349.12,349.7,127.06,272.57,300.6,764.05,409.76,1243.64,54.78,51.95,676.07,23.91,140.07,100.42,337.65,302.44,165.28,52.52,137.19,122.53,229.47,186.07,34.44,128.12,49.33
1979-09,66.04,284.69,484.45,218.94,1118.45,75.06,150.08,211.17,387.81,66.31,66.57,206.92,821.25,442.54,64.49,49.44,126.8,63.02,213.0,66.9,191.44,180.41,496.24,383.33,407.36,399.35,144.52,288.11,309.4,822.91,414.62,1268.63,60.48,55.61,698.7,26.49,149.79,113.01,363.94,319.33,178.04,56.73,149.43,129.97,241.03,195.16,39.23,133.49,52.1
1979-10,64.99,280.67,461.71,216.19,1058.96,77.54,157.9,212.1,374.2,65.19,65.86,201.42,858.76,452.72,64.54,48.13,125.93,64.66,217.89,63.55,189.84,164.32,505.64,381.84,419.99,388.82,164.6,297.26,318.67,871.7,403.34,1235.62,60.2,55.11,681.68,25.83,147.51,115.18,371.17,307.4,172.4,58.87,146.23,124.57,233.24,194.79,38.38,133.11,51.95
1979-11,58.73,257.76,439.55,195.37,1019.0,70.08,143.94,196.91,347.02,59.02,61.68,185.87,827.99,415.5,57.78,43.4,112.69,61.32,192.0,61.49,172.72,153.1,443.66,347.3,401.18,354.52,151.76,263.84,265.15,855.36,376.92,1172.77,53.79,49.97,627.69,22.84,137.03,106.29,333.39,284.38,152.44,53.91,133.29,110.14,207.06,177.31,33.36,119.52,47.03
1979-12,66.54,272.17,449.67,210.52,1076.11,73.09,158.92,201.39,350.34,63.47,73.28,200.64,890.64,439.07,57.76,44.84,117.28,67.02,191.17,65.71,185.75,159.2,420.5,408.39,466.12,393.02,169.14,286.94,312.71,928.42,402.33,1222.37,58.24,54.92,680.01,26.71,146.97,117.28,331.27,284.75,161.8,58.13,137.48,110.92,214.55,191.28,32.85,127.94,50.66
1980-01,72.15,280.49,450.83,218.15,1105.13,77.97,175.68,210.88,364.45,66.3,82.21,209.25,898.62,460.93,60.11,48.18,120.25,71.62,206.43,70.39,191.38,166.32,424.59,447.05,482.23,430.04,219.04,324.71,330.34,957.89,395.46,1199.04,58.74,57.95,685.83,30.5,152.65,124.91,345.8,288.82,167.57,63.53,139.63,116.86,218.39,195.26,35.7,129.11,53.5
1980-02,71.98,292.13,484.85,241.69,1098.15,86.34,186.25,219.32,373.08,67.06,88.35,210.57,875.79,494.83,66.72,51.59,125.87,80.29,242.29,78.01,206.95,179.51,464.84,560.31,576.49,470.86,257.19,377.88,355.5,1091.28,399.27,1173.97,62.11,62.41,736.66,32.62,165.07,137.34,369.95,295.24,182.63,67.33,139.12,122.76,214.57,204.46,38.71,135.07,57.55
1980-03,73.27,275.11,441.78,234.85,1035.29,85.34,174.64,202.55,355.64,66.33,85.62,197.46,834.14,491.54,62.67,51.44,122.71,76.9,240.91,73.35,199.25,170.37,434.95,506.08,522.66,492.04,279.74,390.3,352.09,1227.45,381.54,1135.61,57.5,60.72,708.44,33.61,160.86,131.03,376.6,292.2,173.53,65.86,130.85,115.7,191.74,185.95,37.57,132.59,56.32
1980-04,60.37,246.57,433.82,200.67,1022.76,75.11,161.57,179.21,338.72,62.2,81.32,192.65,809.42,429.96,53.89,43.76,104.35,65.07,194.16,59.12,175.04,155.0,391.04,441.51,463.55,414.77,203.77,314.79,276.72,1012.37,353.59,1126.06,50.62,50.86,610.51,27.62,141.89,118.17,322.28,271.72,148.94,56.04,120.99,99.91,183.88,171.93,29.27,116.88,47.41
1980-05,63.67,267.25,449.19,169.42,1120.56,72.08,175.92,184.1,352.43,64.26,91.21,214.61,846.52,450.66,52.76,46.36,109.61,68.12,197.88,60.47,174.4,158.49,379.73,428.02,470.81,421.97,205.62,313.3,278.75,1084.67,393.86,1237.33,54.62,55.22,608.53,31.28,146.96,114.59,327.25,285.91,150.33,58.5,127.74,106.49,199.28,183.79,32.42,124.12,51.71
1980-06,67.91,288.84,472.81,184.4,1210.65,76.08,182.6,200.68,372.03,65.82,94.31,234.29,903.48,481.82,57.61,47.67,119.6,70.15,208.62,62.77,183.64,169.56,387.49,427.96,467.68,433.99,227.47,331.54,365.7,1119.63,409.45,1307.2,56.73,60.45,621.99,34.24,156.27,119.09,349.28,301.0,166.88,65.47,139.49,119.81,214.41,196.29,35.71,135.05,54.35
1980-07,74.44,297.2,455.55,234.71,1293.35,74.67,155.91,201.81,367.47,67.54,110.15,187.06,798.72,469.87,59.35,47.46,122.14,87.27,210.28,37.95,192.87,166.08,395.55,386.4,481.48,406.16,269.18,302.91,399.41,933.35,463.15,1262.05,58.53,63.2,577.71,39.13,148.51,107.72,353.27,291.19,162.89,64.56,142.62,115.94,203.97,212.67,36.25,138.05,49.55
1980-08,81.37,311.86,507.15,255.62,1387.72,84.0,165.4,223.81,404.78,77.51,133.94,203.5,857.64,509.15,62.17,52.7,136.02,106.8,236.65,41.63,215.26,190.09,445.65,432.43,524.02,471.32,286.34,329.65,423.27,948.73,460.03,1274.45,68.28,70.35,661.25,51.0,169.76,130.96,390.65,313.65,189.13,72.18,157.18,126.79,210.24,216.7,39.57,144.57,53.84
1980-09,89.45,311.24,497.74,257.08,1454.95,90.1,167.93,233.81,405.93,78.45,138.17,208.89,847.15,522.23,64.77,55.02,136.23,111.12,239.47,43.33,216.15,187.11,462.5,436.93,541.21,470.56,313.44,343.0,422.49,982.26,452.44,1332.3,70.56,74.6,682.4,60.49,179.97,133.55,387.65,318.86,190.8,77.02,157.03,127.35,208.37,221.03,42.88,150.27,56.91
1980-10,91.77,306.65,493.23,259.37,1426.5,96.18,169.61,253.39,406.33,80.25,147.78,217.4,873.67,531.38,43.45,53.44,138.44,117.85,249.91,47.18,229.04,190.24,483.71,454.14,564.07,485.26,379.54,373.0,452.1,1049.51,449.58,1305.94,72.73,79.26,695.71,66.58,189.59,140.47,382.22,322.18,195.45,82.26,156.06,131.46,205.45,228.96,44.81,156.31,59.5
1980-11,97.02,302.49,476.0,259.99,1477.33,99.77,166.29,250.92,407.28,81.77,149.59,224.76,846.56,524.9,44.4,54.18,139.86,134.07,246.15,50.38,236.28,194.06,462.4,439.8,553.43,484.78,365.01,377.04,453.62,1131.93,455.13,1263.8,73.79,82.12,708.58,74.13,193.08,143.01,387.83,317.11,209.06,82.46,154.49,129.43,207.18,217.77,45.63,158.64,62.91
1980-12,108.99,296.89,472.62,259.47,1506.19,114.18,198.37,256.57,430.28,83.86,171.47,245.38,912.49,576.44,46.34,53.04,146.27,148.84,258.55,56.89,266.6,216.39,453.94,513.54,654.25,560.96,364.06,413.95,518.73,1407.43,484.58,1235.63,76.63,90.14,767.88,83.98,215.59,170.82,409.68,331.66,229.93,89.75,154.51,127.99,212.07,213.55,43.72,171.7,69.57
1981-01,102.42,301.56,509.39,248.14,1512.23,103.88,197.18,260.01,427.47,81.93,176.45,249.99,961.9,563.03,43.72,52.08,141.29,135.95,250.92,53.03,255.34,206.17,452.96,542.51,667.4,589.69,300.58,397.09,467.66,1257.27,474.25,1202.02,72.64,88.64,780.84,83.52,205.6,166.48,397.31,322.52,221.02,85.57,155.65,128.91,231.91,224.84,44.04,171.27,70.71
1981-02,104.64,308.45,532.47,259.25,1491.43,94.98,199.46,257.79,422.17,88.17,179.83,241.59,947.86,566.79,44.25,57.65,141.69,120.13,252.64,50.8,240.47,200.99,453.62,505.35,586.43,535.97,266.55,368.94,428.09,1127.35,460.15,1268.45,72.79,87.1,716.64,66.85,191.13,150.33,403.54,323.21,225.64,83.34,157.68,131.68,229.05,220.32,43.78,165.18,65.87
1981-03,98.21,310.24,568.94,265.77,1532.22,97.21,209.81,263.09,461.58,89.92,174.37,249.71,978.96,591.28,43.34,59.01,147.4,119.9,256.59,49.85,248.0,203.21,480.14,483.11,577.62,530.4,250.11,356.37,424.89,1128.37,449.84,1269.73,77.24,84.01,712.65,62.39,191.84,150.83,428.83,354.0,234.11,81.93,162.94,141.08,235.82,222.92,43.62,167.98,66.84
1981-04,102.45,334.34,585.57,286.13,1608.35,109.07,238.81,281.8,474.98,97.15,202.38,259.18,1029.0,604.28,47.77,63.2,161.99,126.02,310.84,54.93,259.45,222.01,524.0,495.78,584.39,556.32,284.76,454.54,441.63,1103.38,459.25,1347.66,81.67,93.29,732.15,70.22,209.57,161.04,460.63,371.72,261.11,91.68,184.83,154.22,241.87,248.52,49.23,178.56,70.4
1981-05,113.25,334.53,574.12,280.23,1624.47,119.6,240.27,298.57,474.5,94.92,216.37,264.69,1082.57,591.32,49.79,69.69,160.19,116.24,305.51,55.1,260.14,228.33,532.41,500.82,583.86,548.68,285.86,368.02,411.24,1020.1,444.41,1431.0,86.78,97.29,724.48,74.67,213.93,167.15,438.6,360.86,269.07,90.85,190.98,160.92,241.86,254.2,48.61,178.53,72.25
1981-06,118.53,335.81,608.89,296.34,1643.13,126.26,254.03,313.68,471.75,96.42,242.33,281.7,1095.88,580.09,51.34,69.87,161.48,111.55,298.42,51.78,256.4,234.37,543.25,494.85,571.45,549.48,290.57,362.66,412.29,975.4,447.89,1506.12,86.11,99.71,742.92,83.89,222.7,179.02,444.57,353.41,282.19,92.4,194.85,165.78,254.23,256.96,48.06,181.61,75.6
1981-07,103.53,322.14,592.8,312.75,1687.04,106.2,212.44,287.65,454.01,94.39,219.62,200.3,905.91,594.63,50.95,70.42,150.54,123.67,254.8,87.06,245.72,182.79,539.77,451.35,429.83,532.97,150.76,399.75,361.51,687.8,486.84,1217.01,88.79,94.9,555.07,69.91,192.68,130.57,392.3,357.77,257.06,92.09,195.01,142.87,239.45,257.88,41.72,183.28,51.42
1981-08,103.06,308.13,578.09,309.05,1724.49,99.2,197.38,288.9,439.85,94.7,215.12,193.33,883.2,570.17,50.19,68.03,141.8,118.74,254.96,91.07,248.23,172.62,520.56,421.24,391.89,511.08,159.72,417.23,392.75,741.6,497.7,1243.22,84.86,91.18,530.0,68.76,187.78,127.63,377.98,342.27,247.49,88.59,191.34,135.31,230.93,244.42,41.22,179.98,50.93
1981-09,96.61,285.67,622.17,289.14,1613.62,95.81,181.35,275.96,410.16,89.88,180.88,171.62,827.54,530.18,46.3,59.09,132.47,111.24,236.43,85.55,231.43,163.85,469.38,372.34,332.78,466.61,171.93,368.81,343.01,691.32,491.17,1221.04,79.36,85.05,498.48,65.91,168.92,114.71,344.16,320.87,227.01,85.51,179.84,121.16,217.76,231.99,38.41,170.18,46.9
1981-10,93.97,274.89,622.49,286.91,1610.42,93.36,178.02,261.03,398.75,87.65,184.18,174.37,809.32,480.82,43.18,57.43,121.73,98.56,213.51,75.75,208.46,156.34,450.36,353.63,314.2,435.8,147.36,243.34,312.22,605.45,459.64,1254.96,79.09,78.94,481.36,60.43,163.61,108.99,315.85,304.23,215.37,78.42,176.65,117.23,215.42,230.71,35.07,163.94,42.65
1981-11,100.02,295.81,694.06,310.73,1700.05,106.24,198.42,282.77,403.56,88.6,211.5,193.51,860.62,508.95,46.11,60.18,122.53,94.66,215.17,89.71,215.76,161.93,416.63,385.35,349.24,467.69,139.42,247.73,354.03,640.02,478.83,1330.25,83.4,86.56,489.94,70.48,178.82,116.24,321.65,312.16,233.86,86.29,186.49,129.77,228.35,249.4,37.61,176.95,46.85
1981-12,103.5,300.32,735.81,319.09,1754.54,101.86,204.85,297.29,424.6,88.38,201.45,206.23,891.95,524.66,46.99,61.01,127.59,105.79,223.35,90.82,230.57,169.14,423.65,375.67,328.54,432.04,137.52,263.5,371.87,680.19,502.09,1392.99,87.69,89.84,499.55,66.35,181.33,111.89,353.54,331.68,247.03,87.88,187.53,133.36,239.5,264.94,39.67,186.84,47.93
1982-01,105.4,303.54,711.18,311.38,1643.41,101.11,199.95,286.77,417.26,86.72,189.6,206.19,891.22,509.79,45.76,61.39,124.88,103.51,216.84,91.39,224.59,170.66,436.81,373.5,336.93,431.4,125.23,247.74,349.15,635.89,486.23,1370.37,87.96,88.0,509.55,64.27,177.96,109.67,347.14,331.23,236.98,85.66,182.97,133.02,224.75,252.97,39.04,182.08,46.15
1982-02,97.1,304.69,695.38,316.84,1649.5,102.19,213.85,273.53,435.8,85.16,183.28,210.05,906.8,484.46,43.62,62.48,116.96,94.96,197.56,85.21,213.1,167.03,432.46,356.9,343.9,417.97,110.6,207.68,321.26,583.4,480.27,1379.33,85.06,84.95,544.27,64.7,172.97,114.21,328.75,326.7,231.03,83.7,185.97,132.03,222.88,255.87,35.39,173.2,44.33
1982-03,93.18,308.59,646.65,309.93,1580.38,92.89,208.88,268.71,422.72,82.57,173.43,206.24,888.12,445.62,43.81,53.04,110.17,85.31,186.05,80.61,196.17,158.9,413.22,333.84,312.82,417.94,101.37,189.42,279.46,513.2,473.45,1276.82,82.57,80.05,521.43,58.62,162.51,104.09,317.83,314.47,218.7,80.53,183.65,131.86,220.04,254.92,33.77,164.8,42.11
1982-04,88.11,313.7,689.73,323.44,1628.65,98.12,218.12,268.16,424.46,82.34,168.55,191.53,866.9,437.35,42.92,53.87,107.18,79.11,175.92,71.97,189.53,162.57,431.19,333.92,312.8,377.98,93.71,162.37,259.25,475.89,476.72,1300.67,83.59,77.9,494.38,54.91,160.83,101.41,308.84,312.53,222.56,78.95,194.58,140.79,217.26,257.08,33.83,158.72,41.96
1982-05,96.61,332.42,730.02,355.5,1744.83,108.15,227.92,281.38,434.93,87.99,186.03,207.18,942.66,458.2,44.05,59.07,111.11,79.92,178.53,74.74,189.65,173.18,459.82,350.86,355.21,405.51,91.24,172.14,266.35,498.51,496.73,1282.69,89.87,81.58,526.39,61.94,173.82,112.84,321.68,318.88,233.13,81.94,206.57,149.42,229.16,242.13,35.19,159.96,44.94
1982-06,90.88,321.53,714.84,344.52,1648.65,100.71,214.46,263.71,430.68,88.54,173.11,202.34,908.27,439.06,42.45,57.38,104.23,74.15,164.24,72.62,172.53,165.74,454.32,333.33,321.39,390.88,81.62,160.86,239.08,505.02,488.24,1205.61,84.27,77.92,494.31,58.88,162.05,108.37,298.39,302.48,221.97,80.96,200.98,142.45,214.69,225.75,34.75,151.9,43.04
1982-07,79.35,328.69,774.41,351.93,1890.75,95.01,187.71,259.8,432.6,90.73,145.64,186.23,808.58,433.39,38.27,55.85,101.98,71.76,153.81,59.11,152.16,155.05,488.41,326.45,332.6,364.9,65.42,139.55,226.11,398.73,495.59,1034.08,81.31,70.5,444.98,53.83,151.07,97.1,292.12,302.87,173.74,75.77,210.05,134.83,163.82,206.93,31.54,170.62,32.85
1982-08,74.88,328.35,810.54,381.66,1786.7,99.38,179.79,254.03,441.92,90.13,157.69,186.73,852.97,416.58,36.89,56.89,100.36,65.88,146.69,56.93,143.23,152.38,470.13,339.13,334.5,369.03,67.96,123.84,200.3,368.55,479.52,1065.28,81.66,70.77,462.07,48.63,151.05,90.06,281.1,300.64,163.21,75.76,210.71,134.41,156.94,198.83,30.16,166.68,33.1
1982-09,75.28,350.29,910.94,394.48,2010.9,108.12,179.32,283.59,499.5,99.94,186.72,214.22,939.7,475.06,38.7,61.87,112.52,78.16,164.57,57.51,157.99,174.16,538.26,405.16,381.39,477.63,98.31,139.37,220.61,401.36,530.77,1158.42,92.01,77.65,519.39,57.14,166.51,108.41,322.69,340.77,181.55,87.79,235.89,150.07,175.08,213.91,33.1,187.52,34.94
1982-10,81.03,360.82,954.4,411.04,2089.76,107.48,182.6,313.32,503.22,110.46,194.18,212.76,959.54,475.26,40.03,63.23,113.56,79.61,155.53,54.23,151.45,169.66,529.68,415.94,372.82,465.24,109.52,135.07,214.05,412.81,532.16,1191.03,98.39,82.1,531.53,63.15,166.21,107.62,317.12,365.99,176.43,90.93,249.59,153.29,185.28,230.85,34.98,197.97,36.12
1982-11,89.74,389.88,971.37,387.03,2337.94,130.92,226.03,365.97,561.87,124.33,227.15,227.52,1046.04,531.89,44.69,73.72,135.72,98.86,169.14,59.47,170.83,202.94,638.16,483.36,379.41,534.77,134.3,153.01,232.95,436.96,553.71,1311.52,110.16,95.4,620.16,86.1,197.41,126.64,372.71,413.59,211.92,107.7,291.98,173.89,226.11,255.05,41.79,226.84,41.75
1982-12,93.56,409.42,1031.28,411.64,2279.21,145.62,238.81,404.53,606.0,137.86,254.46,247.39,1072.3,550.77,48.36,76.23,150.05,114.23,176.64,61.09,178.29,216.15,686.4,501.03,363.71,563.93,150.49,150.47,230.71,412.36,548.87,1366.48,117.85,105.9,679.82,92.7,216.51,144.93,392.07,427.48,238.05,119.51,328.54,184.74,242.88,279.97,49.88,236.5,46.1
1983-01,96.45,415.37,1020.07,395.21,2260.18,132.86,195.73,423.07,602.92,138.37,263.81,257.7,1066.27,537.92,49.59,79.44,157.33,111.95,190.14,63.83,188.13,219.3,726.75,510.3,379.49,538.7,185.15,159.62,233.09,428.05,567.59,1373.96,119.19,108.5,718.56,85.49,214.21,146.57,390.52,438.97,235.83,120.01,318.33,181.68,229.49,277.6,51.74,229.63,46.8
1983-02,98.0,424.64,1069.72,400.86,2222.39,146.53,202.06,406.01,624.36,135.73,255.45,262.37,1090.82,591.61,52.95,82.47,162.78,119.34,205.01,67.12,199.73,232.42,743.54,569.11,428.04,547.9,227.47,178.85,248.82,446.97,585.04,1574.46,121.75,115.52,773.44,104.52,232.5,163.23,413.85,441.19,251.25,125.95,322.73,181.39,237.66,263.05,53.59,230.38,50.41
1983-03,105.23,427.3,1070.28,415.02,2255.78,167.45,215.57,436.36,653.85,148.54,275.17,269.42,1106.82,611.91,58.73,87.07,170.99,118.88,214.73,66.64,196.92,243.46,742.27,556.31,459.13,557.67,169.47,171.76,228.71,445.25,588.15,1544.77,130.49,125.06,789.67,103.9,241.97,173.55,435.8,462.22,265.2,137.47,346.91,200.5,252.5,283.78,57.22,240.13,52.52
1983-04,109.25,447.75,1132.9,486.3,2372.85,151.62,216.57,479.59,654.55,167.64,321.05,281.19,1139.56,616.59,63.56,93.87,181.36,119.31,220.68,68.2,194.7,238.65,735.08,594.75,463.48,590.31,184.95,176.24,226.58,471.01,585.22,1546.38,132.03,127.74,798.09,108.37,246.96,166.85,454.59,474.01,269.44,142.03,384.78,211.29,272.23,301.5,63.87,254.44,52.91
1983-05,105.62,473.98,1179.43,511.3,2480.68,156.6,235.49,522.13,692.25,181.97,343.5,297.93,1199.89,669.96,67.39,99.91,189.62,133.46,227.26,72.83,205.69,240.61,851.78,624.97,526.85,670.28,205.87,191.02,232.37,520.71,609.69,1658.03,148.28,135.73,894.87,114.51,255.87,164.51,490.48,512.09,277.85,152.17,421.5,225.95,307.0,318.02,69.26,279.13,57.28
1983-06,108.7,473.1,1125.45,490.8,2341.03,170.93,245.97,520.52,654.5,181.74,344.64,289.89,1148.95,694.51,71.44,101.53,191.54,141.09,248.01,76.97,214.87,256.02,834.54,624.64,547.84,705.02,232.69,213.41,258.26,525.06,613.31,1634.71,145.7,140.88,891.73,125.65,273.69,182.47,495.03,521.52,297.56,156.24,422.01,236.18,303.53,315.19,72.93,285.26,60.76
1983-07,96.97,485.75,1110.62,448.37,2128.24,199.0,209.2,516.75,617.46,188.02,340.89,280.92,977.73,701.04,72.65,105.15,188.06,132.16,257.43,78.34,222.76,255.39,951.74,667.56,494.18,695.68,169.67,203.1,246.87,536.18,640.04,1424.68,116.91,151.88,812.9,138.91,248.4,198.97,469.2,498.63,311.41,153.73,441.63,215.5,253.83,517.14,63.03,244.98,63.86
1983-08,102.73,474.19,1049.44,442.21,2152.93,194.95,187.88,495.24,579.93,177.15,312.28,253.25,942.04,700.37,72.95,104.31,181.56,124.64,257.78,86.6,215.59,236.76,930.88,627.51,485.46,692.46,167.1,208.76,268.01,525.16,642.88,1350.61,114.31,139.74,781.9,122.94,239.13,185.75,464.98,481.24,294.95,143.24,433.23,203.41,249.4,484.51,59.55,243.77,62.3
1983-09,99.63,481.09,1109.56,459.75,2257.35,195.15,180.44,483.83,569.22,165.15,302.63,246.25,943.41,743.53,69.33,100.47,174.6,117.71,278.89,78.96,212.27,230.13,897.12,591.84,443.32,670.81,172.53,214.77,269.94,564.45,649.16,1378.88,111.67,136.74,778.78,118.95,233.09,187.75,462.33,486.78,292.4,140.56,409.98,195.96,249.51,491.86,58.59,244.41,58.53
1983-10,100.39,510.58,1120.12,485.99,2437.97,204.01,184.62,501.8,584.42,166.52,295.49,250.71,961.14,757.75,70.82,102.12,181.1,119.03,268.35,79.47,220.64,237.72,938.54,636.48,507.46,707.62,140.64,205.15,280.26,544.37,674.15,1389.23,113.59,139.52,815.85,123.08,237.06,184.03,477.48,509.86,295.99,144.54,417.8,207.98,257.25,507.84,55.18,248.38,59.74
1983-11,95.92,530.23,1150.63,474.0,2496.58,192.92,176.4,475.91,579.45,158.49,262.19,238.47,966.37,734.73,67.34,97.73,174.97,106.51,255.31,75.68,209.64,231.27,954.75,612.34,506.53,696.52,125.47,183.24,260.86,535.5,695.81,1336.83,108.17,127.15,779.28,104.72,220.73,161.99,474.16,518.94,300.55,137.44,413.36,201.36,239.48,500.02,52.55,242.9,54.61
1983-12,99.98,539.67,1222.8,452.28,2504.12,206.69,176.28,486.24,622.96,160.46,253.47,231.24,930.77,747.38,67.61,105.78,189.06,112.49,282.42,76.87,221.96,255.37,949.73,674.71,536.75,716.32,147.75,193.32,268.22,528.44,677.86,1377.83,116.19,133.57,762.27,114.12,238.72,177.86,531.09,536.1,321.04,145.17,428.9,212.44,256.13,517.04,55.07,248.8,57.49
1984-01,101.07,539.29,1206.47,438.25,2577.12,204.16,188.35,475.32,628.49,155.68,260.94,222.68,887.48,722.88,66.85,105.22,186.65,110.26,285.17,76.61,224.15,254.19,955.37,662.63,535.88,691.91,144.82,189.37,250.93,552.78,644.16,1335.36,115.8,130.04,785.78,108.92,232.67,183.75,519.15,525.97,302.03,143.93,405.85,205.58,254.55,516.22,52.82,240.19,55.98
1984-02,103.61,553.03,1163.39,431.9,2703.25,187.56,195.17,449.5,591.96,145.98,262.53,212.65,888.29,691.16,68.76,100.59,179.59,109.11,279.15,77.49,223.01,244.88,944.08,653.31,497.35,658.59,143.37,192.69,253.04,617.49,649.34,1389.59,110.33,122.99,740.84,94.44,218.32,174.36,488.89,507.3,288.92,137.7,383.79,196.63,266.23,491.93,52.2,241.16,52.55
1984-03,92.37,529.19,1363.07,395.7,2477.57,176.13,177.47,413.67,557.66,143.25,256.65,198.0,893.11,637.29,64.25,94.09,165.76,105.43,256.92,71.97,204.73,228.88,881.22,605.51,459.53,582.84,163.12,191.36,239.89,612.71,621.35,1337.03,103.16,115.18,704.28,86.82,201.48,158.97,460.33,498.83,266.77,134.19,367.08,186.87,250.49,481.73,49.05,227.99,49.52
1984-04,95.74,528.87,1428.29,390.48,2419.36,179.71,196.29,440.24,573.04,144.68,260.61,192.23,886.57,673.54,66.1,86.7,172.99,108.91,270.79,75.35,213.98,227.7,859.45,581.18,447.2,604.12,163.05,204.64,245.11,621.92,614.4,1261.7,103.24,118.24,718.81,82.9,204.14,165.01,498.13,511.12,270.55,137.98,369.4,194.08,242.96,509.63,49.91,232.27,49.72
1984-05,92.0,534.63,1451.28,393.12,2379.24,192.52,188.11,450.14,575.03,143.83,275.38,198.42,897.6,680.29,67.13,87.89,170.13,103.31,261.04,76.57,210.34,234.27,867.88,586.41,479.24,620.36,146.92,196.93,250.33,649.63,608.19,1315.94,99.87,116.76,722.39,74.8,202.63,161.82,489.15,524.74,262.6,136.82,372.29,192.42,243.4,494.57,49.26,232.57,48.97
1984-06,87.6,524.98,1452.53,389.21,2348.75,177.79,183.84,433.87,565.31,133.92,275.07,170.44,856.83,629.11,62.39,82.22,155.19,93.86,235.57,77.41,193.01,213.19,805.69,574.1,442.29,566.14,141.06,184.27,240.31,613.83,596.44,1267.45,98.8,111.48,681.0,67.64,192.47,151.09,439.02,506.66,249.41,127.65,353.24,187.64,218.55,447.95,48.37,219.93,45.5
1984-07,71.24,492.21,1490.68,334.04,2427.95,160.21,156.93,434.97,528.74,132.66,175.7,132.24,670.9,568.72,63.9,80.48,151.26,83.34,236.75,74.62,188.15,178.08,771.6,598.22,438.29,438.84,112.78,156.03,222.35,508.19,605.96,717.05,96.92,96.36,549.73,58.63,165.57,136.19,425.43,520.15,216.46,118.83,331.56,159.17,186.95,387.07,45.15,247.86,45.54
1984-08,70.68,478.16,1687.6,327.04,2437.62,163.44,151.47,435.42,530.6,123.11,177.23,130.0,641.19,554.75,61.05,73.57,147.69,80.27,212.48,69.38,178.26,173.1,801.72,621.91,438.56,458.1,92.6,136.51,201.24,473.93,602.5,736.9,99.6,91.75,553.42,49.94,157.48,130.8,443.08,510.72,212.17,113.71,335.64,156.73,188.04,377.7,42.67,247.86,43.86
1984-09,78.2,518.85,1728.41,342.86,3033.06,191.81,163.69,487.42,574.42,134.51,205.65,149.12,686.97,625.74,67.66,79.42,166.7,88.84,241.38,76.72,200.2,198.56,871.41,703.54,521.44,510.3,108.23,164.05,225.47,538.09,645.36,785.42,112.18,100.64,622.59,58.98,182.14,147.34,492.39,563.02,236.37,129.77,364.59,168.47,207.83,428.76,47.02,267.38,48.95
1984-10,77.81,533.63,1770.4,344.26,3137.7,174.09,165.48,472.41,567.18,134.1,193.14,141.67,664.57,605.07,65.36,76.96,166.13,91.78,238.83,75.47,197.91,186.73,891.35,709.0,498.25,486.07,112.43,160.26,224.63,565.49,674.11,799.37,113.61,97.7,611.36,56.65,170.35,137.58,468.02,541.43,241.31,131.72,366.02,167.66,217.64,442.96,47.78,273.96,49.86
1984-11,76.28,539.16,1826.47,360.54,3230.22,168.44,164.65,468.87,574.06,131.48,192.33,143.31,683.77,595.46,65.23,79.1,168.65,92.54,236.46,75.1,191.25,191.34,921.54,750.7,524.9,524.02,109.1,147.9,204.73,527.97,691.61,800.6,113.65,96.27,619.09,54.04,160.85,133.98,480.65,557.62,248.61,133.72,362.99,167.94,219.34,453.64,48.89,276.68,49.83
1984-12,79.58,547.86,1757.54,359.61,3267.35,160.04,167.4,472.85,565.11,126.77,181.06,147.59,683.86,587.61,65.51,79.06,168.51,92.83,238.22,71.53,187.55,182.15,886.19,693.32,535.2,569.54,104.73,150.32,211.29,534.23,706.23,807.5,104.05,93.21,597.27,52.66,152.75,126.52,452.73,490.85,243.48,130.97,351.42,162.06,219.9,455.52,47.12,276.46,47.59
1985-01,89.61,568.92,1764.61,365.89,3307.47,164.81,166.66,488.78,579.66,124.16,181.79,149.8,715.52,589.15,65.55,82.15,172.87,89.78,243.13,69.61,189.22,191.82,925.08,744.93,563.05,611.55,93.33,144.22,201.04,539.41,719.2,839.77,109.38,96.98,612.57,55.1,154.94,130.18,466.53,496.51,252.7,135.72,348.43,165.61,232.23,478.53,48.19,285.09,48.75
1985-02,91.84,559.87,1725.34,403.6,3374.71,182.75,197.36,548.18,626.36,139.09,219.54,165.45,755.02,630.1,73.47,88.69,194.13,106.97,267.92,76.9,211.33,217.38,1005.86,819.7,706.03,635.84,105.92,163.33,218.13,580.08,732.12,886.94,124.65,108.54,686.18,67.92,175.67,146.93,493.27,550.15,279.64,159.76,392.2,178.77,255.8,533.8,54.9,310.25,56.15
1985-03,96.81,589.53,1847.46,406.31,3690.16,180.38,212.22,555.97,631.49,141.19,227.74,171.15,775.44,639.05,74.13,91.19,194.58,107.85,269.03,76.49,211.07,216.12,974.12,870.81,720.67,602.25,102.99,160.78,215.67,601.96,736.06,920.93,123.95,111.06,673.41,70.95,172.41,145.59,494.5,545.87,288.89,161.59,403.08,187.34,257.71,558.1,55.05,314.35,58.01
1985-04,97.67,621.5,2046.79,424.32,3787.08,175.84,218.0,581.07,623.44,143.46,235.48,174.81,807.21,616.78,71.89,88.97,185.99,105.99,259.52,75.87,201.67,204.41,932.11,836.32,682.46,564.0,124.76,163.43,206.97,615.77,782.68,975.86,121.61,110.09,627.37,66.45,168.05,134.31,477.36,543.1,279.2,159.9,400.95,189.56,258.39,556.02,52.76,313.39,58.25
1985-05,102.92,605.73,2009.9,431.31,3479.16,167.25,222.13,582.26,615.56,148.97,227.86,171.49,797.45,620.88,70.17,86.02,182.07,105.42,246.18,73.95,195.57,198.72,890.32,848.33,618.95,545.26,116.73,162.35,201.97,640.2,791.53,980.67,123.86,109.37,619.39,62.93,161.41,127.72,482.6,530.06,271.92,160.93,406.98,191.55,268.24,576.25,52.44,321.35,57.88
1985-06,104.56,706.3,2072.25,488.4,3458.23,184.79,232.29,630.51,637.04,162.94,249.73,181.44,873.08,664.33,74.68,90.61,194.47,108.45,246.42,72.28,202.11,216.43,948.24,923.22,654.67,601.0,122.33,159.01,211.6,645.94,818.27,1057.51,135.46,115.04,638.18,63.79,164.62,131.46,508.84,553.08,304.28,170.03,457.22,207.23,283.66,627.11,53.88,341.59,61.72
1985-07,98.09,656.09,1863.88,500.79,2981.25,173.32,204.31,619.64,591.57,161.81,229.79,163.43,786.98,660.3,70.44,88.6,197.39,101.69,271.56,55.36,196.37,207.48,999.97,877.03,602.17,621.29,116.56,164.27,201.96,476.9,873.86,937.88,123.61,114.82,589.2,63.0,161.68,129.35,530.87,572.12,293.83,138.04,426.87,190.17,252.76,592.35,54.25,348.02,66.79
1985-08,104.99,624.08,1873.76,506.19,3229.2,173.65,201.2,597.68,605.43,164.32,224.42,169.91,782.41,700.85,73.3,91.5,205.02,104.61,292.37,57.18,203.76,215.99,1026.32,908.65,615.54,647.45,130.61,178.23,209.33,473.74,821.67,890.49,125.4,116.03,625.84,65.65,166.67,137.31,573.62,587.67,305.22,140.4,405.18,190.69,244.55,583.48,56.62,344.33,69.5
1985-09,106.13,645.42,1885.17,513.18,3133.79,173.85,211.93,584.65,589.8,169.9,209.44,171.44,787.55,702.81,72.49,92.15,200.77,102.1,286.02,53.99,198.22,217.71,994.26,909.92,626.32,623.74,132.03,177.86,211.63,482.56,829.87,903.64,125.96,116.47,617.8,59.89,165.27,130.37,560.92,595.01,294.4,139.73,405.21,188.31,245.26,574.31,56.68,343.92,72.23
1985-10,97.01,628.76,1864.96,508.61,3355.69,167.98,207.53,551.35,568.93,140.63,184.87,166.05,771.88,676.88,70.82,91.11,192.92,95.91,276.25,53.5,188.51,210.38,932.16,839.12,565.07,587.31,119.07,160.01,211.98,481.42,779.85,865.92,118.09,110.16,601.21,55.49,154.56,120.16,545.19,576.25,274.69,133.9,389.01,180.36,230.14,547.21,55.8,329.42,65.97
1985-11,100.28,652.56,1937.51,536.57,3308.99,156.95,232.36,568.25,593.87,150.33,175.38,173.01,787.92,710.18,71.28,99.28,199.43,94.57,263.76,53.92,192.39,222.14,961.59,845.59,528.81,591.22,116.52,155.39,216.37,519.74,828.53,896.82,123.36,117.29,629.68,56.78,157.96,117.57,565.19,614.12,280.16,140.16,424.59,184.93,253.08,592.56,58.39,350.51,69.43
1985-12,104.63,633.42,2186.09,547.37,3614.16,173.13,246.95,606.95,664.93,165.08,183.56,157.13,863.21,746.84,76.37,99.91,219.24,103.89,282.66,55.05,208.75,239.72,1030.32,891.09,569.13,635.23,120.34,165.25,220.1,525.83,854.96,983.64,133.73,126.45,687.42,64.67,169.97,131.44,609.32,666.58,297.99,155.53,454.51,204.97,270.52,646.51,60.9,374.95,75.44
1986-01,114.11,653.79,2249.18,614.88,3949.1,187.44,256.5,649.52,696.88,168.23,196.34,167.71,894.43,794.25,80.43,107.31,231.16,107.11,290.03,55.9,216.0,247.04,1082.68,946.78,573.21,667.06,114.47,161.21,213.12,510.61,888.65,1053.56,140.23,133.77,761.13,71.0,181.9,137.05,639.43,696.13,302.13,168.69,476.37,213.92,289.49,670.19,62.37,393.83,80.86
1986-02,127.83,667.34,2221.26,608.36,4158.92,191.54,265.42,642.95,691.2,173.67,188.05,176.17,927.93,807.9,85.56,110.16,235.05,109.32,299.97,58.8,220.2,247.41,1130.23,940.96,589.19,659.63,125.78,159.98,207.77,483.04,922.78,980.57,143.15,135.12,756.46,69.88,184.49,143.96,669.76,707.85,321.86,174.02,483.6,215.69,297.34,713.71,63.13,407.19,85.3
1986-03,145.72,718.81,2480.78,649.94,4648.33,217.53,284.89,748.54,767.14,193.1,197.68,173.22,1009.43,900.08,92.92,121.14,260.63,124.38,314.8,63.51,240.23,267.91,1240.79,1039.35,636.4,693.78,112.55,156.6,201.83,478.31,975.63,1051.88,154.33,145.52,773.25,74.16,200.18,157.5,742.25,777.86,348.86,189.39,518.68,240.08,329.7,766.16,68.47,440.53,97.0
1986-04,149.79,785.14,2738.5,758.47,5160.27,229.02,290.37,786.43,808.16,204.27,210.98,197.62,1162.62,961.91,98.48,130.87,285.8,141.94,326.82,67.22,253.85,278.22,1370.91,1119.37,681.03,711.76,105.16,165.85,225.43,488.23,1012.39,1099.0,162.31,155.37,780.79,74.77,201.65,155.4,772.17,822.3,359.75,202.45,570.18,260.16,355.3,811.63,75.92,464.44,103.83
1986-05,163.78,799.71,2863.62,783.7,5348.36,234.25,314.07,774.79,798.76,198.5,207.71,213.23,1155.99,985.79,100.38,130.07,273.85,140.8,308.56,66.67,253.19,278.35,1268.69,1069.14,639.2,733.22,97.76,161.16,214.23,505.7,963.59,1132.76,166.97,158.06,810.93,83.83,210.9,159.51,750.81,814.5,350.22,208.53,567.35,272.96,354.72,772.03,76.78,439.67,99.57
1986-06,165.29,876.65,3088.51,834.65,5864.06,241.36,338.65,859.15,834.22,216.07,216.25,221.97,1279.71,1050.52,111.15,135.18,286.49,148.52,312.74,67.56,255.09,287.26,1299.42,1130.91,653.93,771.05,98.61,168.11,216.54,546.52,996.04,1201.26,164.83,167.96,815.24,87.79,209.02,164.43,793.92,852.79,355.16,220.48,629.79,291.0,370.94,835.55,76.44,462.93,108.37
1986-07,149.84,792.06,2870.38,839.44,4881.49,204.74,283.38,781.82,840.0,224.07,185.6,204.47,1021.22,880.45,96.08,165.82,265.12,134.28,332.51,87.2,200.49,179.41,1174.6,1170.21,639.8,615.37,121.38,202.7,146.21,491.81,1026.56,1137.19,169.53,167.9,629.73,65.22,197.24,168.32,760.42,644.36,345.72,148.69,541.62,265.34,280.61,772.22,140.4,509.7,274.91
1986-08,130.56,771.03,2664.98,811.64,4749.72,194.09,239.48,732.46,772.76,204.01,171.09,192.09,981.6,825.69,89.06,155.04,248.18,119.41,283.79,79.52,183.92,168.14,1075.36,1068.58,580.68,543.56,129.58,183.19,141.02,474.47,1081.68,1120.35,154.64,151.11,584.07,57.81,181.38,158.09,713.8,628.16,314.54,134.96,487.45,238.2,264.33,739.01,132.4,483.46,265.58
1986-09,132.58,816.36,2689.09,794.52,4948.31,210.32,234.89,762.77,807.57,209.94,177.59,205.33,1012.91,874.39,90.84,156.43,273.13,101.92,314.43,80.22,198.31,181.13,1139.43,1119.02,605.07,598.7,153.52,212.29,152.98,565.54,1159.75,1196.07,167.22,160.01,627.82,60.93,189.63,176.84,781.16,660.97,330.06,137.84,495.7,240.85,284.91,798.9,134.35,520.82,291.58
1986-10,121.39,727.88,2318.47,727.74,4367.0,192.92,213.09,683.16,733.59,189.74,166.26,183.52,878.67,828.36,80.13,145.88,258.87,97.61,329.12,80.89,184.15,169.24,1059.48,1115.12,573.22,567.57,165.94,216.78,157.87,566.11,1053.88,1075.86,162.53,142.98,579.33,56.34,175.27,156.41,734.17,603.02,336.05,126.35,458.19,224.41,257.5,706.24,121.53,468.13,259.02
1986-11,118.47,818.65,2765.83,785.2,4826.27,202.47,237.16,724.94,802.63,204.91,175.23,198.92,962.7,894.29,87.66,153.7,279.1,98.36,351.31,78.84,176.38,178.5,1142.34,1132.62,581.98,553.38,169.46,215.5,156.24,579.37,1099.38,1134.43,176.75,151.64,566.68,64.79,185.62,162.99,770.36,652.04,356.75,137.13,489.56,239.23,263.38,713.8,129.2,491.29,294.81
1986-12,118.35,832.74,2766.02,784.21,4821.98,207.44,240.93,737.6,863.51,210.88,168.39,196.81,986.52,924.7,88.14,166.62,280.35,97.51,323.74,83.18,180.63,184.28,1155.44,1158.46,592.72,577.3,185.36,216.06,173.58,606.96,1098.55,1191.81,179.6,155.89,588.28,67.71,191.01,174.99,775.91,671.82,353.21,139.17,490.41,240.88,260.54,703.04,125.02,489.88,302.41
1987-01,114.12,806.0,2762.1,802.08,4655.0,191.15,238.16,712.26,881.42,195.22,152.3,191.05,988.14,900.75,90.72,167.1,275.08,89.76,316.86,59.66,181.74,178.31,1115.24,1120.25,639.42,494.89,189.4,215.31,165.16,625.46,1061.23,1152.69,177.51,155.52,569.97,66.34,188.3,173.24,781.57,686.35,330.59,136.54,447.38,233.37,258.71,690.12,125.5,476.06,292.65
1987-02,123.44,910.13,3178.47,978.58,5638.12,235.28,282.64,830.78,1005.35,220.0,166.64,218.81,1123.52,1048.95,104.27,156.7,323.54,99.89,358.03,65.69,209.34,209.38,1325.28,1160.06,699.29,552.19,209.14,253.11,176.0,716.13,1155.48,1237.85,224.83,178.51,662.64,85.27,218.45,189.48,990.65,801.96,356.12,150.31,498.11,262.6,285.19,768.03,138.14,534.32,351.84
1987-03,132.71,946.64,3331.17,1007.55,5474.76,256.52,309.22,917.79,1049.94,249.4,183.49,247.66,1233.58,1078.43,109.46,166.37,336.28,107.67,382.64,72.17,225.32,218.82,1364.07,1235.82,739.77,580.3,257.51,279.78,175.33,709.44,1123.83,1237.39,229.18,188.57,726.14,94.81,237.86,206.01,995.69,816.71,377.92,158.95,554.91,288.52,299.91,826.16,146.11,541.82,365.84
1987-04,142.6,967.1,3396.25,1015.26,5479.71,269.21,318.72,909.55,1075.71,251.82,197.46,251.26,1235.16,1134.7,110.9,169.52,353.08,114.09,419.93,77.34,229.2,218.88,1450.57,1211.89,686.13,605.95,325.63,314.02,173.65,802.38,1098.2,1246.52,215.63,190.97,758.49,100.4,237.04,209.61,1055.82,753.36,370.38,161.97,569.17,300.11,295.9,782.84,149.25,541.87,388.0
1987-05,139.48,925.44,3163.34,1058.92,5319.08,292.33,320.4,892.11,1061.19,239.66,184.51,244.34,1211.27,1161.34,109.3,179.62,341.78,105.46,432.61,73.24,220.63,217.4,1607.25,1082.79,618.77,618.32,339.4,326.52,171.69,808.28,1046.07,1211.84,205.71,184.55,807.46,105.55,239.45,210.73,1020.44,748.17,356.54,154.97,559.47,287.71,284.3,729.61,142.61,517.24,371.37
1987-06,126.53,969.07,3266.97,1006.5,5372.56,282.41,334.78,932.45,1081.8,236.28,190.71,242.8,1223.23,1164.35,112.42,194.79,331.53,103.91,450.03,72.37,226.65,216.08,1564.0,1083.09,618.2,615.61,315.27,321.62,179.31,835.89,1019.29,1250.86,196.92,187.72,806.81,112.36,235.44,230.08,961.13,738.56,381.46,153.51,561.04,287.24,279.36,724.09,139.45,519.12,410.54
1987-07,102.68,909.34,3248.8,1005.85,5624.22,291.14,296.24,1129.71,1030.58,252.83,163.23,226.06,1016.46,1014.82,124.57,196.19,331.54,109.92,480.91,73.69,225.92,195.16,1485.21,1000.38,517.53,707.65,286.96,560.56,173.65,854.46,1052.18,1247.21,184.55,176.21,698.88,117.97,231.59,213.61,979.53,768.82,365.99,146.14,525.24,281.34,223.81,654.41,137.36,403.47,362.82
1987-08,99.25,925.68,3452.77,1089.36,6134.7,303.82,323.87,1225.08,1094.4,265.01,171.04,232.09,1090.45,1044.45,132.43,209.65,358.69,116.0,574.2,76.96,252.24,204.89,1599.04,1115.7,542.87,740.06,347.68,647.34,183.09,881.23,1029.92,1314.45,190.05,180.21,701.2,114.15,245.33,220.53,1020.79,801.01,384.04,154.11,563.11,294.5,224.32,664.08,143.17,416.74,398.21
1987-09,101.63,952.49,3618.37,1107.55,7274.32,337.18,336.21,1212.97,1152.12,267.55,162.22,245.32,1112.88,1086.59,142.13,208.08,369.22,117.01,547.54,81.38,255.04,214.1,1683.5,1121.19,547.66,756.84,289.44,573.78,192.28,901.03,1060.44,1419.01,201.39,186.89,752.33,125.52,260.39,235.41,1085.32,874.87,386.16,158.12,588.29,301.78,235.65,721.14,147.42,436.49,406.12
1987-10,101.19,915.77,3546.62,1116.25,7261.83,329.77,328.77,1175.71,1137.27,248.5,158.45,233.91,1093.09,1107.14,136.47,157.36,368.49,114.09,569.29,80.43,266.05,222.19,1570.73,1092.93,543.45,734.22,305.3,600.34,181.01,882.07,1029.78,1471.56,192.57,189.4,707.36,130.01,265.03,246.54,1082.39,886.67,380.8,150.93,545.11,291.41,223.84,704.04,148.22,428.62,394.31
1987-11,72.94,760.61,2980.26,913.74,5667.07,212.04,226.3,909.91,901.49,173.47,108.32,177.81,883.84,797.07,94.93,106.56,268.09,77.94,394.68,58.98,183.33,150.79,1135.36,788.88,367.02,532.32,210.93,400.65,126.25,717.15,954.0,1297.65,140.05,138.74,542.68,95.67,189.53,172.19,796.22,651.61,274.36,107.93,391.0,222.26,174.26,583.98,118.38,331.84,292.0
1987-12,71.72,696.88,2721.85,865.0,5196.24,188.39,214.19,832.96,805.86,152.65,101.8,167.86,807.92,747.86,91.9,100.72,257.32,70.21,402.59,60.11,173.94,140.1,1061.06,709.09,341.68,523.43,265.88,394.89,122.25,643.74,923.18,1181.4,126.03,127.67,491.74,84.83,169.34,156.26,766.96,656.47,243.56,103.34,360.07,209.3,160.99,532.98,108.22,311.78,264.85
1988-01,78.89,748.58,2851.56,1044.33,5378.62,219.75,242.82,903.55,871.4,163.88,106.56,181.24,848.96,855.07,105.45,114.22,284.0,74.89,444.83,64.31,193.66,162.06,1175.53,746.58,386.64,541.22,263.43,432.62,134.93,691.56,921.34,1229.26,150.21,145.05,535.91,105.18,191.01,188.47,845.93,730.36,265.22,114.96,388.78,229.05,165.45,546.31,111.03,322.6,301.77
1988-02,85.07,776.31,2905.15,1040.73,5526.43,206.33,250.23,935.33,884.48,181.96,109.34,192.44,918.35,843.1,107.62,115.68,281.8,79.28,429.61,64.46,198.85,162.89,1251.93,855.16,414.17,637.72,211.13,416.77,135.14,755.7,1006.65,1359.11,156.82,146.0,522.96,98.54,188.88,185.97,825.36,700.21,278.39,118.75,416.75,238.68,182.71,590.1,114.32,351.19,297.65
1988-03,86.2,825.91,2953.99,1093.91,5861.3,232.35,279.76,990.99,921.69,203.13,113.11,206.56,949.04,907.88,119.26,141.45,314.28,90.86,468.77,67.19,221.63,177.64,1340.76,892.28,429.59,653.86,229.01,447.62,146.82,781.22,987.67,1386.66,170.67,158.22,560.49,108.13,204.23,204.78,917.54,742.45,304.1,129.54,469.26,254.47,189.29,595.78,120.26,358.47,309.49
1988-04,91.09,816.33,2940.77,1102.04,5617.39,231.6,268.23,954.04,861.4,201.53,126.56,203.69,900.87,896.33,123.37,153.72,318.61,90.54,451.61,71.52,231.26,170.67,1371.1,887.02,454.13,638.61,241.82,502.58,153.78,804.15,953.11,1338.38,167.15,159.36,516.55,106.25,201.48,205.37,873.91,735.1,319.68,133.46,465.68,250.86,181.09,575.42,123.04,349.15,308.47
1988-05,86.91,840.56,2935.72,1076.13,5601.68,241.2,276.54,962.87,876.02,208.2,126.98,196.98,882.03,916.25,125.61,153.78,316.49,90.64,488.21,75.0,238.99,173.92,1433.24,899.91,475.57,659.7,239.08,515.4,163.23,843.51,945.76,1378.19,160.82,158.58,536.72,108.22,206.42,208.23,880.76,743.87,319.47,134.47,482.53,253.48,182.64,564.7,129.54,347.97,301.78
1988-06,85.85,841.74,3278.19,1045.9,5382.37,242.86,279.56,992.43,912.14,203.7,129.7,197.18,872.33,892.16,123.91,162.78,314.91,89.72,483.11,71.76,241.28,173.97,1453.7,914.84,472.99,647.09,253.54,504.76,162.74,838.76,971.84,1438.81,155.4,150.06,532.0,109.08,204.23,198.87,878.36,752.46,318.46,134.48,484.17,259.03,189.24,574.92,131.99,354.18,298.72
1988-07,202.79,774.88,968.79,3005.72,4544.33,186.1,259.39,795.73,450.08,159.23,156.38,107.23,908.19,1263.81,141.43,116.61,286.73,133.74,404.42,96.63,264.79,867.47,1077.12,1477.63,107.05,806.88,333.43,286.48,222.56,852.15,958.2,1524.54,189.3,125.51,761.3,119.24,212.15,106.76,891.02,379.31,484.46,135.52,476.38,247.92,276.04,487.74,60.17,135.29,298.52
1988-08,196.4,806.83,932.39,2916.9,4832.19,185.15,258.3,795.6,457.1,148.5,150.41,103.41,917.69,1214.48,139.21,119.02,261.13,132.42,410.9,97.44,249.29,833.53,1067.45,1479.62,101.65,784.18,332.3,276.97,213.98,902.45,951.66,1520.08,183.3,125.3,729.7,112.42,203.74,100.92,861.96,379.63,477.09,132.13,480.34,242.1,277.88,490.81,59.4,135.55,290.23
1988-09,195.76,811.94,879.51,2949.56,4821.18,173.71,250.49,769.0,443.05,148.01,144.57,106.84,911.08,1156.97,129.79,114.97,252.05,130.07,397.14,100.63,235.14,780.04,991.12,1420.4,95.17,723.76,312.98,271.47,202.88,893.23,951.16,1497.57,176.94,121.19,661.57,104.85,190.09,98.7,825.18,372.09,474.4,129.9,449.2,241.59,275.84,503.93,53.68,134.44,296.47
1988-10,199.95,855.54,892.76,3233.95,5175.11,182.47,259.18,835.5,462.65,149.83,148.43,107.16,951.25,1178.74,138.16,122.87,250.75,131.51,399.52,85.67,241.01,833.09,1036.99,1505.28,91.16,754.3,294.87,277.66,210.09,879.53,970.7,1593.99,183.98,127.87,693.85,112.06,193.3,98.97,862.92,380.35,516.12,137.03,491.98,267.13,287.44,533.17,54.89,137.16,329.64
1988-11,201.84,1020.09,921.35,3247.11,5184.24,186.26,264.4,848.23,478.38,156.11,151.04,105.01,965.06,1214.0,136.18,125.66,250.67,129.75,409.66,88.61,239.16,835.84,1087.46,1529.03,90.84,773.26,291.06,280.84,213.46,903.53,991.09,1634.16,187.52,131.3,703.37,106.48,191.72,97.35,818.43,404.36,525.15,135.67,490.42,265.96,285.9,532.56,56.5,136.93,315.11
1988-12,200.23,1019.58,924.68,3230.72,5269.45,182.95,253.05,840.72,453.06,144.59,146.27,100.46,950.88,1190.21,131.65,117.75,246.77,130.75,400.56,85.65,237.81,846.62,1079.91,1471.69,56.45,802.73,301.83,215.95,219.68,900.37,982.26,1632.22,179.21,127.13,683.8,106.21,185.26,94.69,811.9,410.93,525.34,127.82,482.19,263.52,279.45,518.91,55.61,134.6,306.71
1989-01,222.34,938.86,1016.87,3243.56,5668.09,192.4,267.4,850.55,476.69,152.85,151.65,104.55,964.26,1246.13,139.21,126.28,257.63,136.59,417.13,88.65,245.39,865.76,1088.15,1466.49,58.39,790.32,294.71,225.99,223.55,937.57,986.21,1693.93,191.24,130.49,727.29,115.64,192.28,100.23,838.64,422.92,550.35,133.76,486.22,276.67,277.03,502.81,57.44,130.11,319.32
1989-02,241.22,940.13,1080.13,3412.81,5958.06,215.61,295.28,911.44,513.69,160.66,167.77,109.97,1028.32,1362.97,144.62,137.63,273.7,145.08,464.05,92.48,256.24,932.29,1173.32,1553.03,61.88,836.53,293.0,236.56,259.7,1006.85,1003.71,1874.4,200.46,139.41,789.61,126.07,205.08,102.88,894.73,435.17,601.93,142.38,521.47,290.81,292.38,535.57,59.81,139.98,340.71
1989-03,239.69,926.59,1040.34,3409.76,5900.77,224.59,299.42,880.44,509.72,163.52,173.63,107.65,1015.5,1325.3,146.29,149.08,278.27,141.16,446.66,101.5,252.24,898.32,1128.87,1529.1,64.17,868.86,322.46,232.19,257.08,990.61,978.35,1894.05,195.26,136.21,756.94,124.36,200.11,102.05,875.98,415.88,602.23,139.83,513.03,284.9,291.31,537.03,61.92,139.74,333.65
1989-04,246.42,966.21,1076.67,3659.11,6458.55,240.92,326.28,909.22,511.48,177.63,144.01,111.32,1063.14,1354.99,151.8,158.56,282.21,144.04,437.49,103.69,256.19,883.39,1098.08,1587.85,73.46,965.06,307.53,234.52,265.62,1036.58,977.57,1986.52,194.02,137.0,700.82,123.5,200.16,102.57,877.65,426.0,594.44,142.73,534.09,294.52,309.56,564.8,63.62,142.55,344.94
1989-05,258.76,1018.03,1085.24,3912.64,6779.72,245.53,360.87,974.12,546.24,183.69,154.6,120.78,1120.94,1419.95,164.01,166.49,302.6,150.0,452.29,111.2,267.15,952.36,1103.14,1657.67,78.99,966.38,297.34,243.57,285.26,1066.75,1011.66,2198.17,197.03,146.45,737.24,134.96,212.58,110.02,927.99,427.5,632.44,149.18,563.58,326.17,322.21,590.95,63.55,146.4,370.55
1989-06,265.83,831.84,1136.6,4638.25,7271.64,264.26,368.35,988.09,557.51,196.24,157.29,127.88,1166.81,1423.48,161.05,172.63,316.07,157.69,455.49,116.01,281.09,1075.68,1110.52,1686.82,80.95,988.46,274.18,245.47,283.18,1090.24,1062.54,2331.19,207.08,155.01,748.88,143.55,223.82,113.73,947.23,457.42,650.59,155.74,601.29,364.64,342.76,608.97,65.55,150.02,400.65
1989-07,219.48,814.9,645.95,4042.32,8304.87,320.48,368.8,971.48,565.71,187.93,160.38,123.97,1043.82,1331.91,150.48,168.64,290.23,159.11,398.45,124.7,288.34,1020.62,1080.67,1198.79,81.95,1209.17,267.75,274.59,180.87,1047.18,1101.61,2275.23,197.1,148.76,701.38,136.76,157.82,114.5,876.0,495.07,536.91,142.14,552.28,338.35,351.61,630.57,78.63,145.61,378.97
1989-08,268.68,912.59,669.13,4715.55,9482.77,360.53,399.15,1048.6,609.14,205.05,178.72,134.87,1148.07,1432.7,165.48,180.74,300.82,173.71,424.25,130.05,309.99,1139.0,1121.61,1286.96,80.83,1270.79,267.75,278.21,184.72,1095.72,1161.42,2472.34,207.89,157.59,720.73,140.03,165.05,122.04,939.5,548.16,551.74,150.71,610.22,366.77,378.5,691.31,79.0,156.26,426.84
1989-09,270.17,879.03,627.53,4511.68,9723.23,354.46,419.46,1033.13,633.35,215.64,182.74,140.14,1143.3,1565.13,170.61,185.89,308.66,175.47,461.3,131.48,319.72,1153.6,1203.31,1320.03,80.36,1413.25,284.05,302.35,204.63,1125.7,1143.42,2577.89,209.34,158.02,737.09,144.72,167.74,118.38,1000.52,578.47,631.92,153.53,640.29,372.32,388.65,707.34,80.67,160.97,430.61
1989-10,268.7,869.08,647.19,4563.4,9740.1,371.72,443.09,1002.74,610.81,226.44,181.66,142.25,1173.29,1507.99,169.95,183.91,306.41,172.79,444.76,127.92,311.88,1130.66,1150.24,1308.76,79.96,1389.91,301.49,313.94,206.01,1162.0,1142.93,2698.23,203.31,160.89,698.76,148.63,170.43,114.3,970.0,545.85,616.99,151.9,628.16,376.78,398.76,737.86,81.92,161.4,467.45
1989-11,271.62,853.44,591.25,4639.14,9931.6,367.52,433.68,922.23,604.59,217.07,180.29,138.64,1123.38,1418.07,159.43,172.81,284.49,159.55,402.95,122.44,296.73,1097.49,1068.17,1246.96,69.02,1361.84,317.4,290.82,194.32,1168.05,1149.7,2635.18,184.26,155.39,662.65,146.76,165.04,105.44,966.93,530.3,551.62,145.47,604.38,366.44,365.6,747.92,75.36,155.22,458.34
1989-12,301.76,883.1,586.46,4797.8,9885.56,374.25,420.18,927.06,608.32,215.49,184.44,146.31,1172.12,1445.89,161.41,175.34,292.21,168.93,410.33,116.72,309.21,1200.81,1039.73,1236.06,63.36,1196.5,371.65,299.08,206.4,1212.05,1179.0,2687.69,187.61,151.78,647.4,152.56,158.39,105.29,992.9,568.05,563.01,147.53,616.43,372.51,356.54,768.52,73.95,153.97,455.58
1990-01,304.83,913.5,594.77,4867.56,9774.07,374.41,387.04,925.11,622.49,210.84,194.95,148.92,1185.72,1501.2,167.31,175.65,289.73,174.24,417.79,119.86,317.37,1241.1,1027.79,1234.83,60.22,1301.21,375.52,324.64,213.38,1283.79,1229.24,2834.84,186.13,156.04,631.04,155.51,159.52,108.65,1046.24,642.5,576.84,151.76,632.81,358.2,348.07,750.3,73.85,150.25,478.64
1990-02,269.9,843.26,531.58,4428.38,8928.4,93.57,351.97,838.21,581.73,193.6,166.96,136.21,1110.59,1382.94,150.31,157.71,267.32,173.17,383.76,118.8,299.74,1193.47,986.97,1185.04,51.66,1254.99,405.07,309.87,206.02,1232.95,1158.79,2475.84,166.06,145.17,637.38,147.29,153.77,100.13,962.82,610.78,535.43,140.58,598.96,316.99,316.76,669.66,68.38,131.72,437.61
1990-03,294.53,833.56,526.29,4444.19,8680.68,96.25,358.63,833.64,584.35,200.42,164.28,140.23,1078.17,1427.64,156.99,160.52,273.36,185.1,394.85,122.06,314.89,1206.97,1039.21,1230.57,47.15,1330.38,396.03,324.14,220.72,1261.34,1158.87,2466.28,174.43,148.35,670.29,157.96,157.26,100.45,973.28,637.42,565.06,145.06,614.58,302.91,331.12,680.65,68.47,133.41,453.56
1990-04,301.94,884.88,577.92,4701.54,9207.92,103.0,362.31,826.93,612.89,218.09,172.86,144.38,1131.99,1448.29,167.2,164.06,286.09,186.95,418.89,127.02,327.77,1255.55,1075.2,1370.0,53.55,1375.22,351.28,338.52,233.02,1258.63,1143.82,2561.67,185.92,154.54,705.91,171.55,165.41,106.62,1018.22,661.13,585.64,150.92,651.34,301.63,323.32,682.71,68.86,130.44,474.49
1990-05,295.85,892.26,550.49,4810.49,9646.71,96.25,366.53,768.83,607.78,215.72,160.59,143.14,1139.73,1387.62,159.37,159.8,279.92,178.51,388.91,125.83,321.69,1246.45,1020.87,1292.99,54.6,1375.11,309.84,330.79,210.96,1213.07,1076.86,2489.62,188.56,151.18,712.6,165.44,159.56,104.43,985.1,670.3,561.51,150.71,642.15,292.44,310.28,659.63,67.62,125.78,498.31
1990-06,299.89,972.48,596.15,5569.78,9735.7,108.53,419.49,845.87,670.4,232.26,184.42,164.69,1276.94,1481.33,172.08,166.16,302.53,206.57,416.03,142.56,341.18,1402.75,1111.23,1422.23,54.72,1493.9,339.69,341.16,238.58,1287.61,1126.38,2741.36,208.48,162.59,798.44,197.02,180.16,115.27,1039.12,702.36,592.08,165.68,719.42,328.19,345.07,727.28,67.84,132.24,571.19
1990-07,249.91,1311.14,451.99,5475.11,2490.14,99.75,362.32,810.14,683.24,193.06,179.38,167.67,1295.79,1325.14,177.39,164.28,254.42,200.7,393.14,147.41,341.37,1137.79,1027.25,1450.77,59.15,1145.74,322.18,306.26,260.62,1171.07,1129.57,2448.57,205.02,167.57,737.62,200.46,203.6,122.73,986.57,580.42,528.28,164.36,693.76,299.51,340.51,692.35,54.2,124.6,511.3
1990-08,283.57,1314.76,457.91,5475.67,2629.86,92.96,337.28,764.32,674.53,185.82,179.24,167.16,1344.46,1350.79,175.32,162.13,263.29,212.63,414.62,142.54,334.45,1155.26,993.88,1411.19,56.54,1065.77,360.95,326.8,257.23,1277.25,1140.29,2329.62,199.81,161.45,697.44,171.11,193.12,113.51,1000.65,575.3,518.63,157.48,677.51,283.65,318.53,682.55,49.79,117.93,503.39
1990-09,257.32,1220.03,410.15,5199.86,2524.95,79.17,290.68,690.14,610.42,156.56,165.08,154.89,1260.45,1169.48,151.25,139.11,215.42,189.58,375.98,124.35,290.96,998.66,863.92,1214.57,51.15,958.95,339.31,297.95,228.71,1270.76,1056.93,2109.51,181.81,146.19,612.36,152.7,165.99,100.07,882.68,523.73,450.24,141.22,596.67,237.18,284.13,613.97,45.03,105.67,448.42
1990-10,221.74,1213.58,367.38,4836.88,2548.35,74.22,285.7,646.57,569.67,135.88,154.7,150.61,1211.82,1088.39,141.64,117.76,193.58,176.53,352.59,103.17,262.99,891.25,767.43,1090.28,48.55,965.94,336.51,286.35,236.58,1260.42,1056.85,2159.75,159.51,134.17,578.77,138.72,157.0,89.23,815.62,494.96,415.23,134.68,542.7,207.6,245.11,550.02,40.65,93.99,398.52
1990-11,215.62,1251.79,385.54,5199.87,2711.47,76.95,284.3,630.82,594.24,127.55,155.3,153.81,1229.97,1093.06,132.17,104.64,185.24,157.04,311.68,103.87,237.53,864.32,748.54,1123.57,39.0,961.55,277.99,239.6,213.07,1214.45,1127.35,2213.79,155.12,129.72,557.9,139.8,148.83,91.25,818.38,503.23,407.65,130.85,530.93,199.95,222.68,518.52,37.63,87.61,386.19
1990-12,233.34,1328.01,423.16,5455.42,2899.68,84.24,322.84,695.93,636.68,147.08,169.48,173.96,1359.76,1195.6,147.93,113.35,197.31,173.64,318.84,116.15,258.12,918.41,762.52,1139.36,41.52,1135.48,263.13,252.58,203.44,1224.75,1155.56,2299.39,165.0,135.94,628.75,162.85,158.47,100.04,883.75,521.27,433.17,139.81,598.6,215.96,260.18,597.27,40.87,94.53,374.31
1991-01,227.37,1386.93,434.03,5576.33,3054.9,85.95,334.49,734.09,656.87,158.12,173.8,180.07,1393.61,1232.51,158.51,122.44,209.34,171.66,348.26,116.47,273.21,974.54,751.49,1182.12,43.15,1193.99,302.38,253.08,207.69,1209.61,1163.31,2323.38,174.68,141.66,657.87,172.76,166.14,102.95,968.13,551.6,455.03,145.7,615.32,226.36,281.77,626.61,41.72,96.48,404.28
1991-02,242.97,1441.56,458.23,5835.7,3135.88,98.78,303.07,802.1,665.71,186.96,192.59,198.06,1453.65,1301.2,169.33,135.91,233.01,188.69,375.89,128.69,291.56,1087.09,800.78,1260.92,43.76,1278.52,252.03,273.68,198.55,1187.96,1142.45,2314.63,183.71,155.97,763.66,208.27,188.2,112.66,1012.04,618.65,530.93,151.97,689.08,231.4,306.01,667.58,43.98,104.31,454.79
1991-03,268.03,1612.87,491.8,6463.46,3349.28,116.13,333.87,824.79,704.16,219.26,208.13,217.27,1620.94,1371.96,179.32,151.91,248.6,233.7,399.7,136.6,315.44,1172.08,880.15,1271.2,48.06,1249.94,266.67,302.81,224.71,1291.16,1189.7,2403.74,201.89,163.64,802.77,224.64,198.6,130.77,1059.7,652.25,559.62,164.85,745.75,273.68,344.67,727.57,47.15,116.9,485.79
1991-04,273.94,1757.61,521.22,6809.23,3394.94,124.64,329.37,827.66,733.22,228.88,233.04,237.93,1717.19,1365.18,197.24,156.83,260.37,221.89,401.12,142.77,313.25,1213.84,874.28,1273.54,48.0,1446.54,260.75,302.46,216.26,1313.66,1204.47,2409.63,209.34,173.83,777.91,239.38,208.55,134.51,1066.84,705.39,553.72,170.37,815.1,299.75,361.06,767.94,53.29,127.63,471.8
1991-05,272.47,1740.63,511.92,6535.35,3275.86,128.34,320.41,852.27,726.85,235.51,228.37,233.99,1707.05,1408.76,202.48,161.05,266.61,212.51,399.88,148.34,310.01,1225.59,860.19,1265.06,51.1,1427.2,257.11,311.54,269.11,1355.04,1197.99,2425.06,220.57,177.63,734.2,239.24,214.86,133.94,1088.38,705.17,579.6,173.28,852.85,294.27,386.25,755.52,51.95,128.24,471.9
1991-06,301.02,1784.23,526.88,6779.73,3377.58,133.72,336.41,903.44,760.19,247.61,243.58,248.13,1775.26,1542.1,221.92,172.28,286.16,225.03,415.51,157.7,335.05,1355.04,1009.41,1335.29,47.71,1471.93,266.52,308.53,249.09,1332.33,1191.89,2386.57,245.47,181.48,748.78,255.17,228.66,141.27,1202.34,800.63,630.95,186.9,921.21,312.25,417.58,773.6,52.99,134.37,492.02
1991-07,265.94,1736.87,713.38,5884.82,4357.62,114.98,285.77,809.34,685.22,216.09,222.32,228.03,1519.86,1423.84,213.43,177.81,240.06,215.55,387.19,117.85,285.98,1099.7,964.24,1228.08,199.03,1218.81,302.2,239.19,243.4,1171.01,1179.85,2246.69,204.29,168.74,675.24,224.26,218.42,217.96,1153.86,792.05,528.68,174.99,861.61,265.99,394.74,676.84,50.61,133.55,443.55
1991-08,280.68,1868.95,667.31,6420.2,4680.7,115.9,308.83,823.06,716.7,226.85,244.5,246.41,1655.83,1509.54,225.74,196.31,259.09,223.8,403.94,125.96,289.62,1103.72,976.86,1298.54,211.2,1235.62,290.42,242.38,239.23,1258.44,1226.97,2322.41,212.2,173.89,720.59,243.77,225.06,220.7,1144.27,837.1,562.45,185.59,919.92,272.05,435.67,682.2,51.31,144.84,451.58
1991-09,296.65,1987.35,660.22,7352.25,4983.09,118.5,313.87,835.51,743.2,249.4,245.37,256.71,1712.7,1530.82,240.51,196.92,273.81,224.38,405.76,133.63,290.91,1126.04,937.89,1331.39,194.52,1175.27,269.79,236.65,247.85,1268.78,1261.57,2363.87,217.49,177.3,717.96,268.1,233.3,229.21,1142.71,884.53,569.2,182.1,974.87,272.93,471.36,681.89,52.33,152.38,465.92
1991-10,281.73,1914.72,594.47,6990.86,4879.86,128.52,308.8,799.02,749.5,259.23,240.17,256.35,1716.4,1479.25,244.75,205.04,262.63,213.42,391.92,136.52,280.79,1052.5,915.29,1334.45,175.55,1154.35,280.63,243.89,246.88,1259.48,1301.76,2406.56,221.03,177.99,692.76,272.57,218.55,222.47,1121.39,885.06,572.07,177.98,934.07,283.94,466.96,685.86,49.72,154.47,444.09
1991-11,274.84,1890.67,583.93,7136.71,4599.28,143.39,312.31,798.19,755.72,247.74,238.66,279.37,1854.54,1522.33,248.08,202.16,254.3,216.33,387.75,134.96,278.09,1072.41,890.27,1377.71,177.6,1192.82,295.89,242.41,257.77,1283.32,1313.21,2463.67,224.56,183.21,683.28,302.72,226.04,233.85,1163.48,936.95,626.32,185.14,911.37,289.85,471.01,717.63,49.41,154.13,444.85
1991-12,263.1,1906.57,581.11,7332.55,4421.78,150.0,288.79,766.4,744.8,242.05,223.07,273.84,1808.34,1425.02,238.34,192.43,252.91,197.43,356.35,126.19,252.91,1009.63,807.34,1289.45,167.56,1152.21,305.39,242.47,229.22,1174.54,1329.43,2364.91,217.32,178.87,644.54,299.94,216.55,219.59,1073.82,892.97,571.53,178.6,912.9,276.81,436.88,703.62,46.22,148.63,436.72
1992-01,286.31,2193.75,827.67,8453.22,5079.71,168.1,316.2,861.44,849.02,278.16,266.22,320.02,2109.39,1567.54,269.56,217.9,306.08,222.2,385.57,142.74,275.48,1183.46,854.36,1414.08,221.44,1233.31,299.37,248.52,231.26,1199.07,1389.12,2592.09,239.4,201.86,683.55,355.63,241.99,246.25,1183.66,930.29,652.65,199.71,1038.08,318.57,509.74,789.24,53.39,166.74,503.47
1992-02,288.84,2067.63,813.72,8194.53,4811.68,169.57,363.63,894.89,921.45,288.66,263.71,312.66,1985.97,1583.33,275.13,239.7,316.31,239.73,397.41,153.96,292.7,1186.16,957.29,1469.72,234.86,1194.02,325.56,292.73,208.53,1157.62,1320.87,2508.08,242.6,205.31,734.98,375.39,268.98,255.85,1222.84,833.14,650.99,197.89,1037.27,351.34,504.52,777.78,56.76,173.26,538.15
1992-03,279.41,2048.77,835.54,8309.24,4814.91,180.46,408.63,944.84,906.8,298.81,251.09,300.74,1951.03,1620.17,282.9,259.27,321.74,241.33,423.79,156.16,307.76,1226.39,1090.27,1414.44,231.64,1205.69,315.57,302.5,222.29,1156.29,1297.05,2515.51,254.73,210.35,786.75,385.16,279.67,254.94,1256.27,890.05,682.55,204.69,1093.43,350.72,531.39,783.39,57.81,178.69,539.09
1992-04,270.73,1981.98,783.2,8397.63,4629.8,175.35,403.94,933.22,888.02,286.4,235.64,286.42,1837.06,1647.16,281.6,268.96,317.56,223.3,417.52,148.63,302.31,1181.47,1105.1,1401.18,231.07,1139.43,283.61,301.49,211.2,1134.66,1282.38,2508.47,247.27,206.85,748.89,361.52,264.93,252.13,1272.41,875.35,671.65,205.36,1096.64,345.53,526.45,780.79,56.75,180.83,481.49
1992-05,259.72,1955.06,786.92,8558.09,4993.78,177.19,393.48,975.64,912.06,275.12,222.02,276.57,1815.92,1750.52,283.03,272.14,319.29,222.15,435.91,136.72,311.41,1181.11,1244.37,1477.54,270.65,1179.77,272.57,304.92,198.63,1247.46,1319.8,2684.91,253.6,206.04,758.88,348.18,263.97,250.83,1311.99,942.64,704.07,204.91,1045.07,363.97,532.53,777.99,54.19,181.24,479.91
1992-06,267.45,1967.6,769.88,9665.25,4983.2,194.11,416.55,968.48,912.35,271.15,217.83,286.8,1854.44,1768.19,274.08,266.59,320.35,222.88,438.89,131.74,311.66,1177.76,1239.29,1491.14,249.11,1129.83,319.64,316.1,197.66,1295.03,1345.43,2610.87,253.63,207.68,759.64,364.54,264.21,248.65,1293.08,943.33,699.88,207.72,1054.91,371.47,547.79,788.63,54.44,186.31,465.15
1992-07,290.11,1785.99,653.25,9048.35,5019.06,200.09,410.28,884.65,824.7,244.34,205.65,250.23,1436.81,1496.15,252.98,261.87,478.22,218.74,437.66,132.94,306.39,1031.86,1264.82,1395.23,241.81,1170.29,384.06,317.94,178.54,1235.89,1387.91,2390.44,256.93,220.1,709.67,318.36,253.28,227.89,932.8,1057.92,644.28,204.87,896.17,334.83,579.08,763.59,59.48,174.63,423.72
1992-08,303.7,1922.07,653.14,9459.82,5232.46,204.93,427.32,907.92,893.71,257.88,221.65,265.3,1530.35,1558.27,273.52,280.41,503.83,237.89,442.64,146.05,312.92,1025.99,1249.8,1472.1,227.38,1239.05,390.06,324.96,188.94,1319.16,1475.88,2530.4,261.78,228.82,722.24,328.6,270.42,236.5,946.02,1039.09,654.78,215.08,940.15,339.93,590.02,824.2,58.7,180.02,454.44
1992-09,320.11,1959.76,604.36,10526.82,5212.59,201.99,423.83,894.85,888.94,258.04,213.94,260.24,1470.68,1475.62,262.43,276.1,508.37,242.02,406.14,143.89,301.69,1021.47,1106.56,1398.2,216.87,1252.97,366.56,314.38,186.38,1361.17,1468.98,2542.32,255.57,226.87,663.74,323.57,267.33,233.84,908.26,1025.53,614.32,212.17,942.84,336.64,565.02,812.74,57.47,173.98,439.78
1992-10,308.28,2027.5,630.55,10277.42,5283.7,214.27,446.81,886.98,927.66,271.65,191.11,255.91,1398.79,1489.04,279.13,282.33,523.84,251.25,409.14,137.14,307.47,1083.46,1085.91,1366.76,212.65,1267.0,361.57,342.36,210.92,1368.38,1473.42,2582.14,253.37,230.18,663.28,344.36,286.7,247.46,913.4,1049.73,638.99,219.92,990.35,356.27,579.03,864.83,61.44,177.11,471.5
1992-11,300.74,2008.91,614.77,10487.69,5060.56,217.42,473.2,901.87,957.04,274.04,206.88,267.83,1447.75,1500.1,273.87,286.55,540.31,250.47,415.35,156.1,303.16,1095.87,1101.81,1412.84,227.99,1262.41,338.79,347.5,209.92,1318.82,1462.06,2556.77,271.02,239.26,647.15,374.27,303.31,244.41,939.96,1046.67,677.26,223.23,1041.41,373.43,599.78,896.99,64.69,182.28,490.92
1992-12,308.42,2077.95,660.87,11702.47,5132.19,229.11,518.42,965.7,995.53,306.33,228.62,279.32,1506.33,1524.67,291.29,308.89,546.14,259.19,448.95,162.67,310.39,1186.34,1188.05,1418.96,250.06,1332.1,298.12,356.86,187.59,1271.55,1450.82,2651.82,289.3,252.12,689.51,399.58,323.43,260.43,972.68,1104.04,711.85,239.54,1116.16,409.58,645.41,949.33,64.37,196.32,528.38
1993-01,347.0,2043.78,669.05,12028.82,4986.68,219.17,544.8,956.76,984.75,302.88,227.73,285.21,1473.17,1535.77,293.27,324.51,548.06,252.64,466.96,158.04,317.12,1208.25,1224.56,1542.15,267.49,1463.15,309.13,368.69,187.3,1309.65,1482.14,2857.75,306.59,258.62,656.83,395.67,344.26,269.13,966.51,1109.26,719.78,246.91,1118.15,407.97,686.49,988.34,71.38,205.95,536.4
1993-02,353.5,1975.5,658.91,12131.97,4679.66,230.73,579.46,1001.43,1004.96,298.69,223.89,276.28,1357.98,1500.21,299.1,347.02,548.47,261.84,497.41,154.19,333.27,1219.56,1340.93,1484.91,265.14,1454.79,290.76,374.15,180.46,1345.82,1513.77,2886.21,312.84,255.86,699.0,423.18,373.18,271.56,986.32,1097.23,739.97,253.48,1114.29,412.45,723.43,1015.95,78.45,213.19,539.58
1993-03,347.76,1944.86,704.53,11834.32,4531.32,208.21,559.13,1011.13,1036.81,281.58,190.54,243.86,1255.61,1507.55,305.64,357.87,594.85,271.45,491.85,149.9,345.28,1192.66,1336.71,1507.87,262.74,1492.84,307.29,381.53,177.0,1421.18,1600.18,3043.54,316.64,256.13,683.57,402.81,387.94,275.79,998.9,1039.92,741.77,251.23,1093.64,411.44,740.29,1006.99,79.94,218.59,512.97
1993-04,352.13,1886.39,763.27,12087.03,4480.0,213.82,589.01,1036.79,1047.39,294.49,201.85,240.86,1265.07,1535.81,318.41,374.31,609.28,272.25,487.45,157.25,354.67,1258.17,1417.86,1534.7,254.49,1570.34,361.55,385.43,173.45,1486.27,1620.11,3188.79,313.02,263.01,683.53,425.37,405.44,280.2,975.05,1138.78,778.26,256.43,1133.01,427.54,772.8,1061.26,88.08,227.3,501.19
1993-05,337.75,1666.07,674.37,10977.27,3769.53,216.44,567.29,1016.34,990.81,277.09,201.85,220.89,1306.74,1586.48,303.14,364.61,594.52,269.54,476.63,157.57,365.82,1255.38,1469.95,1619.57,236.81,1628.0,394.86,345.71,165.32,1510.41,1612.61,3085.4,300.67,252.14,663.84,399.82,397.08,276.53,974.97,1234.8,788.42,246.91,1030.84,400.26,737.86,1035.0,86.63,220.93,474.95
1993-06,344.84,1705.68,705.65,11314.54,3918.8,237.27,632.35,1031.19,1001.37,284.82,223.17,238.61,1339.42,1622.04,310.93,364.24,605.32,275.36,495.19,155.05,384.88,1308.75,1472.39,1688.2,254.27,1582.77,432.35,337.69,178.65,1524.28,1603.9,3209.32,317.16,260.29,731.07,435.62,435.39,294.19,979.71,1205.51,814.32,258.31,1089.95,428.91,732.61,1048.33,86.73,224.82,507.18
1993-07,327.76,1640.97,597.09,8639.13,3908.14,244.11,568.47,946.98,1007.4,245.66,218.88,229.71,1144.66,1525.33,303.31,352.66,632.1,259.33,487.25,158.22,374.75,1290.92,1538.47,1479.86,389.54,1679.43,522.82,326.22,120.07,1413.41,1666.41,3281.74,344.13,247.45,638.5,403.4,458.65,272.5,854.96,1038.15,759.8,222.45,921.52,391.84,713.24,1049.6,97.21,237.59,445.9
1993-08,332.05,1570.13,644.02,8642.34,3726.29,246.93,556.99,964.67,983.03,233.93,227.42,219.12,1059.1,1540.74,306.88,355.65,632.66,266.7,476.9,154.03,376.34,1350.81,1574.05,1531.97,395.23,1713.0,569.21,330.93,159.59,1426.27,1701.69,3369.15,359.27,253.57,586.51,371.28,466.89,271.93,834.15,999.58,792.54,225.57,924.78,404.36,725.02,1092.62,101.94,245.42,421.63
1993-09,347.93,1650.97,743.88,8818.22,3647.9,266.77,597.12,1009.89,1016.16,239.54,217.3,220.9,1109.17,1582.91,332.97,387.76,658.87,284.75,489.16,174.43,409.76,1374.18,1557.35,1625.71,415.65,1777.77,524.17,328.25,168.69,1474.72,1755.44,3570.64,369.37,264.25,611.4,387.03,519.46,289.54,855.58,992.37,832.11,238.12,956.49,423.32,731.19,1146.01,104.13,260.62,451.35
1993-10,348.71,1606.66,678.64,8657.11,3507.1,280.99,640.73,1000.67,1007.58,230.52,213.03,217.91,1112.22,1542.1,336.39,375.43,654.98,274.43,467.41,176.78,403.46,1366.21,1570.67,1602.96,406.47,1796.24,468.06,315.05,179.74,1493.7,1737.19,3573.27,377.62,270.19,595.67,409.24,533.74,281.74,822.78,1019.89,822.12,236.97,954.29,429.13,755.49,1153.92,110.45,271.56,435.41
1993-11,343.85,1754.3,673.33,9613.01,3852.08,285.69,661.19,1082.11,1080.84,245.37,233.76,231.64,1172.56,1588.61,349.23,382.87,679.27,275.72,485.39,200.91,415.93,1384.62,1716.21,1611.83,419.62,1833.97,529.56,325.26,178.43,1464.04,1697.9,3647.83,389.14,280.55,636.56,421.39,522.21,280.98,839.37,922.85,848.18,243.67,997.66,457.51,722.91,1118.67,108.66,258.48,392.25
1993-12,337.42,1766.92,656.8,9538.2,4049.52,284.93,638.75,1083.39,1092.77,251.23,234.16,228.22,1187.45,1599.2,342.75,383.32,711.86,270.79,481.75,194.79,406.15,1387.4,1763.49,1700.0,456.05,1769.5,514.41,316.58,236.28,1370.69,1594.56,3424.85,367.44,271.71,679.89,419.7,497.07,273.8,896.47,971.72,859.83,240.59,997.28,454.4,700.94,1062.85,108.52,250.52,399.22
1994-01,376.47,1745.98,730.78,9933.79,4011.39,245.65,657.3,1116.57,1111.8,252.34,261.92,233.8,1203.39,1661.09,356.83,368.23,718.64,279.97,514.18,194.58,425.22,1469.5,1839.76,1814.72,466.37,1847.15,578.57,424.9,247.52,1378.12,1613.37,3422.0,384.45,281.02,713.41,421.48,515.43,294.59,930.39,1027.13,876.85,247.3,960.9,480.55,735.95,1079.52,111.67,253.37,408.93
1994-02,396.09,1770.71,762.47,9442.17,4401.28,251.62,690.57,1108.07,1136.2,254.26,285.69,249.9,1198.06,1803.44,367.38,349.65,738.68,294.64,566.79,203.28,451.12,1501.55,1998.39,1857.57,467.86,1895.26,567.77,456.94,239.2,1444.6,1594.54,3486.09,384.85,293.11,749.28,442.3,542.98,301.72,997.63,1048.33,925.57,255.06,967.61,512.47,777.8,1104.04,111.15,264.5,443.75
1994-03,405.92,1721.73,788.64,9586.35,4075.05,265.58,684.49,1066.57,1129.8,261.45,250.72,234.82,1117.39,1778.73,358.3,350.85,726.97,282.27,555.89,199.57,457.83,1497.45,1895.24,1885.56,472.68,1943.49,565.19,450.06,234.34,1390.45,1505.94,3348.83,386.94,286.47,764.59,458.19,555.12,310.1,976.26,1016.77,890.52,253.52,996.03,519.29,750.11,1056.91,110.48,254.99,418.55
1994-04,372.94,1647.92,702.46,9243.39,3624.83,248.12,617.54,1023.8,1082.86,259.65,240.69,218.78,1037.84,1718.9,343.12,348.23,681.67,272.18,524.19,187.05,442.63,1424.6,1788.06,1809.91,433.04,1873.92,594.3,432.97,210.63,1346.77,1438.65,3218.36,366.99,271.95,733.09,438.42,545.54,292.64,901.39,1030.65,851.03,239.49,952.11,480.22,725.24,1018.49,107.99,245.3,392.37
1994-05,366.63,1663.89,718.61,9411.94,4032.87,248.91,602.53,1006.58,1097.26,256.1,239.46,214.77,1077.9,1781.26,347.27,357.94,695.62,269.69,519.21,188.32,435.32,1374.24,1783.37,1793.87,478.85,1845.48,518.13,412.9,209.83,1402.98,1470.85,3255.5,358.95,274.07,716.4,444.23,533.96,292.14,895.31,1009.58,848.29,237.95,956.88,486.78,764.85,1016.4,106.92,252.43,412.15
1994-06,363.14,1649.01,705.91,9196.65,3725.89,250.18,618.18,1016.43,1125.25,250.21,245.64,223.73,1128.14,1836.69,342.62,338.54,707.27,258.76,535.61,201.28,423.46,1434.17,1744.49,1840.55,501.93,1768.71,523.53,420.06,205.67,1424.4,1383.41,3303.99,358.58,279.91,720.41,478.36,538.36,293.27,915.5,1050.54,829.54,239.86,933.8,489.37,813.64,1052.45,106.85,259.56,415.07
1994-07,339.11,1451.97,661.34,7901.07,3778.05,218.38,398.94,1077.18,972.08,229.93,293.77,209.95,956.27,1545.42,295.07,301.35,486.53,232.59,535.03,189.86,373.81,1291.0,1435.43,2024.68,408.56,1583.01,540.65,567.73,199.93,1279.2,1310.4,2519.28,308.41,244.1,605.32,400.11,483.92,259.89,992.15,1025.27,703.49,247.47,810.64,377.42,734.04,919.08,111.83,215.69,415.55
1994-08,340.63,1487.71,664.85,8336.29,3966.66,221.84,409.17,1020.38,995.83,236.89,308.77,214.4,963.31,1608.88,309.2,296.92,509.39,238.15,580.76,188.71,392.94,1383.63,1491.19,2032.77,394.07,1568.65,534.82,581.86,198.35,1326.42,1385.52,2606.97,317.22,250.9,630.25,400.01,514.8,268.43,1065.16,1010.29,719.2,253.17,822.04,375.78,752.11,959.79,111.52,220.18,425.23
1994-09,357.45,1600.75,612.05,8757.04,4343.15,231.16,430.84,1054.53,1070.63,249.14,336.36,238.08,1068.16,1699.77,325.95,311.15,542.37,234.6,610.88,198.52,416.56,1389.24,1477.0,2111.93,431.48,1638.69,561.36,604.78,208.66,1319.44,1385.87,2630.04,342.04,265.17,707.02,445.42,553.07,286.63,1126.21,1015.1,742.03,261.62,850.22,390.88,782.93,984.3,116.65,229.2,442.19
1994-10,347.33,1598.09,601.9,8943.16,4221.26,227.04,369.1,1034.16,1055.58,245.21,341.1,243.03,1090.95,1677.73,316.14,293.22,529.3,222.59,612.55,188.17,404.08,1356.17,1394.19,1997.51,417.38,1513.9,607.34,624.99,208.39,1307.58,1339.06,2580.02,338.33,265.4,718.38,455.18,539.43,285.5,1125.55,1052.84,689.93,264.21,832.0,375.94,736.75,963.97,118.19,218.97,430.73
1994-11,338.82,1633.57,632.39,9278.28,4099.3,244.46,366.72,1042.99,1069.34,251.68,339.35,238.86,1108.08,1678.81,323.91,296.68,521.11,224.92,587.2,182.71,420.12,1367.76,1369.39,2046.8,397.67,1554.34,541.89,580.88,201.63,1422.55,1356.32,2569.1,334.61,272.29,789.95,499.61,571.73,286.18,1080.35,1070.91,704.47,263.38,846.61,390.93,740.38,972.95,115.45,220.36,434.15
1994-12,341.93,1627.29,609.32,9326.74,4005.64,225.06,368.87,1018.34,1043.48,243.29,318.99,243.32,1125.48,1503.57,310.45,287.51,499.25,208.62,535.67,182.72,387.53,1307.14,1309.38,1977.13,381.94,1504.49,476.43,536.24,184.14,1354.15,1350.26,2426.08,302.0,261.32,780.36,496.29,558.04,274.07,1031.01,1002.17,671.76,252.97,824.06,368.68,693.37,941.79,101.86,209.8,396.66
1995-01,342.19,1658.58,495.97,9491.74,3923.85,217.1,390.36,1045.42,1061.66,245.06,320.16,251.91,1133.38,1556.23,329.94,290.59,510.21,207.47,558.99,186.18,394.95,1413.5,1383.46,2078.17,405.86,1577.2,485.23,553.46,194.65,1358.42,1351.06,2497.61,316.51,266.92,802.41,514.47,576.54,287.49,1069.77,1011.44,669.15,243.22,787.0,376.07,694.43,983.82,103.39,211.87,401.25
1995-02,369.34,1689.72,526.72,9759.4,4102.92,217.09,420.78,1045.98,1097.03,235.57,336.66,266.83,1212.5,1512.77,327.06,286.89,513.0,215.48,522.67,194.87,393.5,1431.74,1295.68,2083.3,396.78,1620.47,433.13,541.84,188.29,1367.69,1429.58,2624.42,322.41,267.25,787.77,509.95,580.89,294.42,1052.77,1038.48,690.71,247.14,797.21,407.99,750.45,1046.15,101.11,220.09,400.31
1995-03,349.88,1710.88,553.4,10224.79,4018.37,226.17,437.42,1044.08,1129.91,244.17,347.66,271.23,1240.34,1595.74,344.74,293.81,546.16,224.73,538.43,202.88,416.31,1552.91,1373.38,2202.04,417.49,1677.98,454.19,561.1,175.75,1425.45,1439.96,2678.94,333.4,285.17,832.47,548.74,628.85,311.08,1138.85,1098.15,745.85,259.04,811.75,421.65,804.16,1066.4,110.76,235.16,382.41
1995-04,370.49,1797.55,561.83,10436.12,4238.64,234.38,446.7,1056.9,1161.44,249.96,356.57,290.76,1260.5,1682.44,356.35,285.25,554.07,219.19,555.91,214.35,442.81,1539.51,1408.95,2373.53,421.44,1339.74,538.7,585.77,179.7,1514.07,1406.66,2696.35,355.28,297.03,889.08,581.21,653.77,323.73,1162.25,1259.09,768.41,264.14,850.7,430.85,817.13,1089.1,111.55,235.3,393.37
1995-05,386.24,1885.22,576.22,10771.82,4054.93,222.98,465.74,1029.91,1202.09,248.51,327.37,301.5,1311.37,1733.75,360.94,287.6,570.02,236.56,556.77,207.02,463.94,1584.41,1440.44,2472.26,417.13,1453.33,522.38,583.67,169.2,1553.15,1434.38,2730.1,356.55,302.88,973.95,616.95,719.89,339.31,1181.12,1207.13,798.65,276.03,824.1,444.01,849.86,1073.21,112.77,245.98,403.22
1995-06,393.11,1959.01,629.44,11665.6,4180.08,239.19,476.23,1090.49,1229.98,248.96,312.78,306.78,1365.26,1780.94,379.24,298.2,577.7,249.17,563.7,217.08,479.54,1632.69,1514.51,2611.24,397.24,1522.67,519.72,568.28,171.51,1610.59,1523.38,2828.23,347.38,302.29,989.45,631.31,749.7,350.18,1216.11,1210.48,809.83,283.46,854.47,460.33,917.62,1123.86,119.14,256.73,423.72
1995-07,395.91,1887.79,651.04,11270.04,3391.86,387.11,562.27,875.58,1156.04,250.04,357.86,323.38,1343.15,1631.33,391.87,300.25,591.09,227.68,552.84,229.21,500.74,1407.38,1660.03,2796.29,345.26,1702.98,562.31,682.11,211.24,1565.06,1541.3,2703.11,329.56,313.72,1033.0,653.49,793.3,393.06,1189.3,1233.16,744.43,276.06,892.46,445.98,919.15,1120.12,100.93,207.56,437.55
1995-08,409.65,1867.0,644.69,11536.92,3269.79,404.44,593.23,903.9,1150.71,270.55,398.41,346.47,1391.72,1677.84,414.41,312.99,601.44,240.97,590.45,244.28,542.47,1458.9,1696.93,2971.06,383.5,1717.35,572.83,591.68,209.9,1607.08,1535.75,2865.0,337.36,327.95,1137.4,683.51,870.62,412.4,1222.02,1206.78,812.76,284.69,943.05,454.34,967.05,1152.68,105.17,219.65,472.99
1995-09,422.82,1903.22,681.93,11339.52,3377.44,417.48,598.88,922.24,1156.99,272.4,401.68,363.29,1407.18,1665.23,421.88,315.75,602.42,249.47,585.39,243.43,535.29,1459.28,1726.31,2910.58,394.82,1701.14,636.3,611.69,219.94,1576.29,1540.64,3014.18,350.61,335.42,1142.82,702.7,862.53,411.88,1229.77,1194.25,832.61,283.55,911.25,438.86,1014.99,1213.59,107.24,230.35,452.63
1995-10,455.49,2049.07,717.3,12348.95,3477.48,414.34,595.37,942.78,1219.26,285.61,411.28,394.43,1528.57,1707.33,411.83,305.22,618.12,250.11,561.7,241.48,522.98,1539.87,1716.84,3071.54,400.75,1772.08,630.62,621.19,222.13,1595.95,1638.15,3274.78,373.37,350.75,1148.66,713.33,878.72,418.39,1237.43,1060.57,826.21,287.49,944.1,450.4,1075.37,1304.0,111.08,241.15,437.77
1995-11,492.9,2049.15,755.26,12832.08,3576.08,390.24,582.18,929.3,1248.9,275.61,400.5,390.82,1566.05,1612.08,395.66,282.88,614.58,253.35,526.93,231.43,504.82,1530.91,1635.19,3017.28,382.07,1670.85,549.99,585.75,193.15,1599.67,1657.36,3244.46,369.91,331.27,1230.12,752.61,836.95,415.03,1218.36,973.53,823.58,285.87,875.73,455.66,1064.3,1305.3,106.37,234.64,426.26
1995-12,519.72,2140.45,802.32,13414.89,3662.01,412.43,609.1,1013.01,1323.68,275.62,433.37,405.91,1630.72,1726.35,424.68,302.74,654.43,263.81,570.43,240.98,528.97,1650.61,1718.75,3279.9,403.75,1827.1,617.17,615.28,197.13,1671.51,1673.49,3319.81,391.62,348.55,1233.88,765.85,802.79,431.85,1281.08,1109.41,873.16,296.92,937.2,482.97,1142.44,1405.52,101.0,241.32,441.8
1996-01,533.33,2197.98,785.4,13297.17,3827.32,412.44,598.55,1020.6,1309.51,287.44,447.85,426.82,1743.66,1772.79,411.22,302.16,641.03,284.61,560.73,252.32,527.14,1748.88,1791.88,3414.21,403.68,1941.92,635.57,615.64,210.88,1767.75,1750.48,3460.02,392.12,362.21,1208.69,752.3,753.11,439.43,1195.9,1141.15,859.16,303.38,930.0,482.69,1141.63,1453.36,109.02,236.01,446.21
1996-02,527.11,2276.4,765.53,13730.63,3896.09,449.03,628.26,1009.83,1375.73,278.76,473.26,452.13,1845.63,1878.73,424.06,292.89,667.26,290.09,576.41,252.58,537.48,1883.24,1862.0,3438.52,400.9,2132.87,832.28,633.65,205.65,1768.36,1778.4,3550.37,390.23,372.0,1285.27,766.81,748.06,448.17,1214.54,1136.62,854.7,304.74,920.91,516.56,1188.53,1495.22,110.93,243.91,447.68
1996-03,572.09,2304.49,808.37,14493.01,3999.99,455.08,640.23,1038.45,1409.38,287.67,484.58,441.39,1813.52,1925.54,448.55,293.92,653.51,290.99,569.59,270.94,558.0,1892.58,1887.42,3535.27,409.74,2106.88,838.63,649.38,211.94,1799.66,1720.78,3416.31,389.15,380.97,1434.22,818.02,780.42,439.87,1181.07,1216.13,889.16,315.74,981.79,539.47,1232.72,1512.95,116.21,245.92,460.45
1996-04,563.98,2197.09,866.85,14730.85,3672.73,453.72,657.09,1047.3,1451.61,317.68,498.51,445.43,1810.84,2064.71,464.18,301.38,672.79,295.69,609.94,273.08,567.25,1938.59,1997.61,3675.31,408.65,2174.74,836.85,652.38,219.14,1898.34,1704.3,3340.87,406.82,396.16,1320.04,814.48,765.2,448.54,1201.71,1267.3,926.05,323.38,1061.81,543.63,1273.66,1495.25,123.74,249.89,490.55
1996-05,597.28,2185.28,857.76,14596.19,3614.66,457.35,677.07,1075.6,1503.88,335.4,508.4,440.34,1797.59,2068.07,468.81,311.03,714.5,294.88,624.54,297.29,589.89,1950.6,2073.48,3694.71,449.23,2163.5,844.42,649.45,218.27,1963.36,1653.83,3447.55,436.87,423.33,1451.09,891.53,833.6,473.01,1250.54,1264.03,949.93,332.71,1107.78,557.65,1213.13,1490.58,129.6,246.84,510.96
1996-06,584.42,2309.14,899.88,15998.51,3770.18,480.82,703.8,1106.36,1560.69,363.58,518.77,453.95,1874.62,2095.12,501.46,327.05,741.15,298.26,620.48,312.54,596.68,2091.59,2097.92,3788.79,443.66,2183.76,884.09,648.07,249.38,1975.31,1665.22,3490.59,463.7,443.37,1515.21,918.69,879.69,486.5,1267.97,1316.58,944.19,346.52,1170.59,563.45,1232.19,1500.36,135.04,253.33,554.18
1996-07,550.02,1442.84,830.8,9631.22,17024.44,502.96,682.52,1228.72,1461.36,369.7,496.2,392.69,1675.82,1906.17,416.54,329.58,636.72,284.24,595.41,171.3,550.22,1949.98,1914.73,3354.47,566.4,3913.13,847.36,959.62,234.87,1970.28,1759.47,2868.58,435.74,486.28,1277.17,723.82,795.39,441.22,1485.49,1448.48,863.8,320.2,1071.82,584.48,1235.25,1473.48,133.9,224.53,594.34
1996-08,544.84,1408.76,813.73,9074.01,17055.61,453.03,616.6,1146.44,1421.79,350.79,447.19,358.41,1590.73,1847.77,400.93,318.35,609.11,263.96,554.77,166.97,504.19,1848.17,1841.48,3317.96,554.95,3745.21,842.8,897.25,215.66,1887.32,1651.89,2615.66,407.49,453.48,1208.15,664.72,717.81,408.3,1463.24,1415.17,800.87,296.35,992.37,547.15,1234.05,1385.09,127.88,215.64,539.28
1996-09,561.71,1390.21,890.92,9262.77,14784.09,462.94,615.77,1203.45,1441.43,370.44,487.69,379.0,1652.46,1944.26,420.43,331.39,631.98,272.01,579.61,179.77,532.73,1879.2,1895.07,3444.73,574.01,3768.36,885.02,898.97,215.91,1938.71,1689.37,2578.34,420.59,467.56,1284.86,681.26,760.41,426.42,1538.8,1429.19,834.01,310.89,1062.8,577.46,1292.42,1446.13,136.23,223.26,594.94
1996-10,612.07,1521.54,969.67,9305.76,14824.09,499.65,665.15,1255.01,1545.22,397.44,508.48,419.04,1773.9,2009.25,435.86,341.19,678.38,272.19,594.7,183.48,565.76,2079.47,1898.68,3610.95,619.7,4046.69,810.85,926.86,240.73,2024.92,1692.9,2625.89,457.42,490.29,1441.14,756.1,844.19,445.09,1613.88,1460.72,826.13,326.72,1104.89,585.89,1383.33,1522.04,139.76,234.63,617.12
1996-11,647.17,1562.4,945.76,9381.58,15310.09,498.44,658.84,1261.53,1570.52,395.09,475.5,396.8,1785.82,2079.03,437.78,345.08,692.78,279.0,577.8,184.49,561.94,2190.91,2031.42,3713.4,618.36,3974.25,787.46,932.08,237.68,2163.34,1747.49,2585.69,441.77,472.82,1434.23,732.28,842.18,428.05,1699.79,1451.48,842.9,331.04,1083.82,565.04,1493.62,1583.46,135.45,242.77,636.66
1996-12,652.94,1658.17,973.42,9613.82,16942.56,527.96,722.2,1320.01,1652.67,395.83,502.77,407.33,1917.14,2178.31,479.74,353.19,714.46,291.97,623.76,190.55,617.38,2341.84,2163.86,3870.19,659.12,4265.27,790.24,966.22,249.39,2269.52,1783.34,2756.37,467.44,479.31,1653.93,795.52,967.05,477.4,1768.71,1563.22,904.54,349.52,1112.29,588.01,1647.78,1693.58,142.66,262.94,668.65
1997-01,656.48,1622.42,1017.53,9655.78,18333.61,492.04,690.19,1294.33,1687.39,403.08,525.67,416.83,1845.12,2165.56,467.63,361.42,734.09,288.99,621.86,190.38,613.19,2264.02,2048.85,4088.44,691.22,2908.72,777.3,932.95,278.39,2292.6,1778.01,2828.28,437.8,476.37,1571.31,775.2,964.8,477.68,1760.6,1685.88,897.27,348.65,1079.07,574.03,1597.67,1711.79,151.29,268.61,643.77
1997-02,688.74,1662.59,1131.6,10753.84,19174.84,510.01,716.12,1302.67,1809.68,424.1,534.51,440.31,2054.04,2250.04,468.84,381.5,773.61,323.93,655.06,198.9,649.28,2314.86,2115.39,4158.52,769.31,2940.28,728.24,922.54,305.63,2403.05,1788.75,2860.73,471.36,480.35,1675.93,840.14,1122.76,503.49,1800.79,1686.01,922.91,350.39,1100.14,587.83,1710.93,1795.23,159.49,284.7,747.74
1997-03,717.58,1728.47,1210.6,11042.21,21533.12,506.38,721.74,1360.03,1857.68,441.76,550.09,434.7,2080.12,2266.94,468.0,389.48,757.58,306.34,654.57,192.81,638.59,2294.04,2112.96,4078.22,776.01,2826.85,886.63,1024.07,296.86,2251.82,1776.43,2948.33,456.94,470.65,1537.8,792.57,1024.21,499.33,1880.17,1726.83,911.5,347.92,1167.82,574.52,1786.81,1853.68,165.39,300.27,690.16
1997-04,675.0,1727.42,1161.58,10295.81,18413.36,498.69,693.63,1359.56,1740.4,423.39,495.4,404.24,1937.39,2250.64,449.1,388.89,720.99,291.72,625.87,187.16,633.46,2215.49,2023.71,4041.65,757.34,2689.52,749.08,966.03,281.81,2380.9,1727.25,2746.25,448.28,453.47,1438.14,741.98,1003.09,461.21,1793.88,1758.86,915.47,326.41,1170.4,581.18,1658.26,1808.02,161.51,280.7,666.29
1997-05,755.5,1802.61,1181.49,11468.8,19004.11,521.91,728.12,1345.19,1902.96,411.94,506.49,411.45,2080.87,2324.63,467.4,369.08,783.59,301.03,630.14,187.55,661.28,2433.72,2104.42,4069.61,795.29,2866.88,668.83,944.65,295.32,2380.59,1697.64,2752.79,478.42,461.52,1540.05,840.76,1066.71,493.51,1846.55,1877.46,973.9,328.92,1186.75,618.16,1764.58,1927.83,155.39,297.43,642.0
1997-06,813.36,1839.39,1244.61,12199.34,20889.34,558.48,761.54,1431.24,2071.85,436.22,553.58,451.95,2218.0,2422.36,506.17,389.07,842.39,325.13,684.05,203.56,739.42,2683.99,2246.96,4342.23,938.51,3027.95,668.1,991.27,284.02,2553.67,1749.29,2963.66,505.55,513.82,1737.32,929.33,1158.86,527.5,1985.64,2015.85,1038.73,357.16,1260.67,632.77,1840.76,2071.64,163.04,321.09,707.39
1997-07,801.72,1876.14,1223.03,10141.21,12083.03,355.79,676.83,1647.36,1966.84,459.16,559.73,470.52,2207.74,2425.14,556.21,366.08,1028.49,256.43,742.53,193.21,731.93,2689.9,2025.44,4852.42,883.16,2639.06,796.43,1049.73,381.9,2484.52,1768.16,2830.56,624.62,513.27,1606.36,782.79,1142.01,512.46,1858.59,1564.12,943.96,371.23,1250.8,619.14,1607.28,2162.36,203.55,345.3,623.3
1997-08,786.48,1964.84,1550.34,10328.71,13550.4,378.77,709.26,1722.01,2053.73,483.83,541.41,506.75,2250.12,2614.87,575.05,370.56,1115.16,291.27,811.92,195.1,808.21,2914.96,2181.59,5238.08,994.03,2741.74,827.95,1051.34,418.89,2714.41,1809.92,2901.0,656.29,532.91,1981.41,875.24,1352.87,549.39,1962.99,1653.0,1019.23,393.15,1380.86,671.35,1801.29,2373.8,224.4,383.88,649.3
1997-09,853.62,1869.33,1407.14,9016.87,13130.35,382.02,698.44,1672.0,1926.19,456.49,532.47,504.09,2082.78,2509.89,582.36,371.99,1029.28,301.43,797.02,204.56,820.15,2661.89,2224.21,4376.45,950.25,2699.68,891.83,1039.6,397.32,2736.88,1781.15,2707.26,639.08,526.14,1973.15,856.62,1345.57,558.9,1896.71,1587.73,976.37,399.84,1360.94,641.38,1707.92,2237.85,222.76,372.69,629.52
1997-10,909.95,2031.23,1420.63,10129.61,14117.99,390.68,745.33,1803.07,2026.25,483.23,555.03,521.41,2260.7,2519.31,615.7,394.31,1078.11,316.44,801.51,210.41,833.69,2871.13,2347.19,4668.92,1089.76,2785.04,968.35,1057.1,380.26,2907.37,1855.12,3001.97,734.48,550.11,2068.23,882.93,1377.8,583.83,1958.89,1567.03,1059.54,419.45,1464.46,685.69,1842.06,2409.51,249.06,425.17,676.06
1997-11,892.95,1997.19,1450.91,9525.08,13508.62,403.05,744.99,1794.93,1950.25,446.33,541.78,485.26,2300.66,2411.16,609.75,377.52,1046.17,310.33,739.13,206.23,767.19,2746.65,2277.08,4091.06,1050.87,2524.38,767.61,1041.27,319.81,2897.97,1864.51,3117.71,721.35,520.68,1890.76,869.84,1202.46,523.57,1852.13,1487.82,1050.92,413.89,1458.28,664.63,1834.0,2346.25,230.7,408.06,598.26
1997-12,950.17,2154.74,1719.54,10203.1,14746.46,410.33,815.09,1867.02,2080.36,450.37,546.51,508.52,2335.29,2503.82,645.59,368.92,1082.74,303.25,703.07,193.88,746.96,3096.91,2219.42,4364.31,1064.96,2560.5,633.68,1007.13,294.05,2806.13,1989.28,3485.21,726.92,528.37,1939.46,906.97,1194.41,531.44,1912.31,1480.88,1049.89,421.5,1555.72,687.04,1913.0,2414.0,235.08,413.82,603.78
1998-01,970.64,2221.15,1934.95,10623.62,15432.45,396.18,869.93,1986.61,2141.53,424.77,552.88,521.51,2425.18,2513.48,689.74,375.53,1135.29,316.21,696.88,196.23,755.04,3079.95,2317.19,4448.52,1038.95,2570.59,617.15,920.08,298.42,2818.52,2139.55,3725.9,784.25,563.64,1859.56,880.62,1128.44,547.79,1820.03,1496.98,1076.94,426.07,1552.78,688.66,2037.43,2568.51,234.81,421.15,656.15
1998-02,912.48,2222.67,1766.75,10412.21,14261.65,416.45,933.34,1974.12,2151.28,425.72,500.63,538.24,2632.9,2451.1,671.94,381.59,1141.62,340.21,735.6,149.57,730.72,3229.2,2355.57,4501.72,1016.94,2702.09,611.55,905.74,272.17,2684.78,2057.96,3961.45,786.54,561.63,1944.64,949.96,1212.23,544.43,1881.53,1427.35,1067.99,425.79,1594.66,679.39,1948.27,2571.64,234.77,403.34,614.62
1998-03,1097.52,2314.25,1846.64,10894.46,14916.59,455.69,1003.12,2194.52,2345.16,471.55,553.41,577.6,2763.76,2643.06,725.62,407.9,1240.41,367.74,769.19,162.8,820.12,3279.46,2668.46,5096.03,1044.11,3022.11,622.39,924.95,293.9,2866.22,2103.58,4100.82,825.29,619.79,2157.83,1069.28,1332.86,603.51,1990.04,1588.47,1116.62,462.39,1779.02,694.28,2143.59,2821.43,231.31,447.19,648.93
1998-04,1091.86,2489.16,2037.13,12227.05,14300.96,454.29,1018.34,2316.05,2439.46,498.62,589.77,596.57,2888.81,2785.28,769.5,432.32,1361.42,397.32,788.83,171.01,846.52,3619.82,2859.28,5071.87,1073.75,2955.32,664.27,1049.26,307.9,3027.63,2242.91,4632.6,886.06,663.25,2096.08,1174.92,1314.41,607.82,2030.34,1673.92,1200.25,479.62,1940.76,753.35,2308.35,2999.22,236.4,479.2,691.24
1998-05,1153.59,2393.02,2082.25,11850.9,12734.77,489.01,1142.87,2347.03,2504.05,511.69,610.48,600.15,2947.54,2863.36,685.29,448.1,1349.91,387.83,827.92,169.65,863.71,3623.03,2892.39,5131.04,1051.02,2951.4,702.23,1064.19,306.7,3155.79,2196.01,4497.81,821.88,665.79,2329.33,1194.6,1405.84,604.83,2125.0,1611.24,1171.97,489.23,1941.39,766.83,2338.38,3048.77,234.71,501.05,742.28
1998-06,1207.73,2406.65,2117.08,12188.37,12810.13,468.56,1070.78,2400.5,2492.81,513.4,572.42,596.82,2894.24,2888.5,685.88,434.57,1314.82,363.58,749.18,159.35,815.57,3530.7,3163.47,4933.8,1065.26,2948.11,562.85,1003.95,298.43,3053.24,2165.87,4440.32,782.59,632.46,2235.68,1124.26,1275.99,563.29,2001.55,1621.37,1115.97,476.04,2019.51,707.88,2291.13,3003.04,224.92,492.1,717.1
1998-07,975.72,2166.31,1838.39,11710.56,14457.4,343.05,998.81,2460.91,2409.49,494.69,583.24,595.7,2848.16,2729.68,418.46,382.68,1291.46,441.99,707.44,165.27,767.49,4040.69,2544.43,4365.08,957.21,2797.93,602.44,857.4,3098.19,2857.18,2461.12,4670.11,772.69,657.21,2438.37,1199.67,1344.24,533.41,1879.35,1424.85,1105.74,488.34,1985.0,749.19,2379.04,2830.02,216.5,521.86,800.57
1998-08,839.77,2009.91,1753.71,11629.45,15982.5,325.3,1001.56,2432.72,2361.23,440.34,543.4,605.83,2860.5,2457.65,400.78,347.68,1222.36,444.64,662.48,160.13,693.92,3935.69,2520.49,4125.07,913.94,2632.05,499.4,876.86,3353.99,2672.87,2321.28,4905.56,719.14,620.25,2609.31,1148.92,1413.28,498.97,1757.66,1372.71,1038.07,473.36,1947.11,733.98,2408.41,2697.07,205.96,515.92,609.63
1998-09,819.48,1874.2,1297.01,9327.54,15158.94,275.04,774.98,2185.82,2120.1,342.77,422.39,507.78,2564.53,2158.56,329.39,289.96,997.65,338.48,521.3,124.9,556.31,3487.75,2015.38,3389.25,821.81,2317.36,375.99,744.41,2519.76,2424.9,2356.07,4365.15,578.14,515.72,2269.55,937.34,1125.53,422.62,1522.95,1073.87,873.97,393.19,1697.56,628.55,1835.14,2288.77,172.14,382.05,472.05
1998-10,749.03,1992.87,1355.9,8832.54,16882.02,258.29,791.3,2258.96,2046.87,356.61,403.88,555.25,2919.88,2168.88,319.38,264.41,983.94,368.94,572.76,129.67,563.59,3559.17,2050.68,3732.32,856.02,2628.46,635.34,779.24,3334.09,2743.15,2569.31,4666.47,609.35,555.78,2684.58,1142.64,1232.53,461.22,1614.73,1043.61,893.26,441.31,1699.73,651.54,1925.13,2389.36,160.24,347.81,528.6
1998-11,731.35,2161.05,1883.39,10223.43,18703.87,313.54,844.89,2427.77,2488.15,389.44,433.68,569.54,3069.42,2207.47,366.57,275.1,1127.22,411.93,619.62,135.51,655.37,4040.67,2317.93,4251.46,999.63,2864.92,388.72,849.03,3433.28,2772.59,2545.81,5086.07,637.37,586.27,2948.2,1153.38,1410.45,531.34,1750.43,1241.58,972.26,469.83,1930.7,725.71,1943.99,2577.64,158.16,412.98,535.76
1998-12,769.61,2269.16,1976.56,10794.2,23828.93,316.68,994.49,2636.48,2529.45,414.7,475.78,606.87,3283.78,2298.69,391.85,298.74,1166.8,431.44,611.06,135.05,674.32,4199.65,2078.4,4668.58,1014.11,2716.75,378.36,944.05,3641.09,2785.35,2570.36,5362.76,740.78,614.77,3258.06,1342.55,1609.44,540.97,1858.06,1350.69,1007.14,478.52,2157.83,751.28,1996.25,2734.62,169.22,462.65,541.94
1999-01,614.28,2253.75,2142.03,10748.68,22882.73,269.75,1021.06,2949.69,2662.31,436.22,492.01,666.83,3463.81,2255.45,404.01,318.76,1198.86,509.6,616.26,129.86,675.59,4734.13,2154.12,4352.73,1054.75,2304.83,405.41,964.21,4457.35,2775.56,2633.97,6203.38,773.96,672.05,3879.93,1591.7,1847.76,546.43,1869.55,1377.82,1051.55,502.35,2404.48,821.02,2098.89,2743.46,178.71,474.44,566.71
1999-02,628.66,2177.22,2049.05,11010.52,24060.73,272.41,1127.22,2987.76,2673.7,466.53,412.1,658.1,3526.42,2155.47,392.27,295.94,1335.27,551.18,646.3,130.55,724.8,5026.4,2315.7,4560.77,1022.1,1970.83,429.99,950.2,5304.96,2357.24,2461.99,6887.01,705.87,693.42,4530.92,1896.35,2076.94,573.95,1828.0,1410.38,1060.48,505.66,2490.85,836.94,2091.23,2606.12,179.94,540.86,535.69
1999-03,555.36,2146.99,1826.63,10858.94,20212.07,285.27,1200.1,3042.31,2732.34,472.28,368.51,629.83,3597.32,2172.51,376.68,270.21,1249.9,521.05,616.94,117.56,713.49,4803.66,2209.06,4738.76,1005.21,2068.89,449.11,935.36,5634.54,2259.79,2374.58,6814.31,628.46,660.17,3934.28,1703.58,1864.11,545.68,1815.73,1453.74,1053.2,457.63,2472.31,926.6,2092.82,2704.94,164.33,544.16,558.36
1999-04,740.29,2035.47,1764.87,10653.05,18163.48,291.35,1157.27,3195.13,2889.41,478.06,366.38,677.67,3731.45,2245.66,286.16,251.74,1322.61,556.62,600.56,114.19,736.71,5359.61,2211.92,4950.55,1034.19,2062.68,429.67,961.2,7312.64,2665.21,2337.67,6623.0,643.12,688.1,4247.39,1957.94,1980.65,542.11,1871.23,1554.89,1095.52,450.58,2617.82,973.65,2145.75,2776.3,163.7,601.45,549.5
1999-05,759.78,2048.49,1962.63,12208.44,18180.09,329.72,1210.71,3369.94,3093.3,523.85,446.44,684.01,3482.61,2739.65,341.84,277.65,1342.7,652.09,782.48,143.3,845.97,5301.46,2411.86,5696.28,1133.76,2349.57,584.18,1145.51,8987.79,3126.19,2501.03,7267.58,690.69,713.94,4453.93,1892.64,2125.24,610.04,2331.95,1602.12,1223.91,478.76,2638.62,977.11,2326.95,2865.1,174.45,656.11,652.27
1999-06,749.85,2145.68,2051.47,12126.75,19998.53,318.75,1174.75,3375.76,2997.73,510.13,461.79,674.67,3411.95,2569.15,345.42,288.75,1336.2,656.98,722.98,155.08,826.55,5163.12,2288.14,5569.63,1117.62,2255.16,419.04,1088.53,7887.63,3111.68,2674.73,7480.67,697.19,698.98,4597.79,1866.41,2094.33,633.84,2179.24,1557.88,1163.61,494.38,2550.55,923.27,2194.31,2883.66,179.46,643.69,667.34
1999-07,712.7,2048.95,1892.86,10984.6,21231.87,364.17,1325.21,3303.57,2725.75,532.58,464.08,739.53,3525.64,2593.82,285.69,284.37,1204.85,342.85,1008.63,179.3,964.61,5329.25,2325.84,6413.0,1044.26,1851.09,668.39,1041.57,3277.12,3196.86,2528.77,7647.75,486.97,817.66,3927.15,2316.72,2520.74,672.66,2267.65,975.89,1092.81,613.74,2679.01,873.65,2453.9,2973.7,193.37,793.99,1180.74
1999-08,694.82,1980.46,1888.27,11012.69,19765.35,345.41,1268.68,3280.84,2693.55,484.21,426.88,751.22,3402.43,2618.27,256.22,269.52,1205.06,330.62,996.99,167.01,960.41,5296.82,2167.16,6416.34,1022.04,1759.92,626.83,946.84,2926.1,3284.09,2539.43,7578.01,452.71,787.34,4006.13,2182.59,2645.71,675.26,2355.32,907.52,1091.47,612.28,2527.92,851.61,2336.96,2870.02,180.88,707.17,902.4
1999-09,678.73,1966.52,1758.99,10580.81,19876.26,323.39,1276.58,2952.89,2786.12,427.57,410.64,749.91,3581.14,2461.22,241.27,245.7,1190.72,308.47,990.08,150.08,963.34,5594.31,2249.82,6358.18,1019.25,1764.39,671.53,917.39,3258.2,3425.62,2563.86,7098.17,406.0,765.9,4422.19,2263.22,2911.1,675.96,2295.1,841.89,1000.01,587.17,2383.77,835.51,2224.35,2764.17,169.19,669.8,711.72
1999-10,653.94,1913.6,1459.65,8970.03,18236.77,312.68,1273.44,2997.31,2506.97,443.62,382.57,696.25,3363.97,2363.49,231.79,222.7,1052.49,305.65,984.49,147.48,953.35,5833.34,2148.9,5932.38,1006.38,1586.82,817.02,881.69,2895.77,3338.65,2458.72,7452.54,380.29,794.67,4474.25,2366.56,2819.94,688.08,2227.46,764.79,952.93,558.33,2452.91,857.25,2132.25,2488.85,169.27,645.29,679.06
1999-11,240.91,2114.07,1761.8,10446.09,13684.33,277.03,1350.61,3338.06,2850.92,450.93,393.23,672.93,3822.02,2415.12,218.14,228.05,1067.96,285.75,1007.96,130.7,986.43,6544.24,2252.37,5987.23,922.72,1096.47,710.45,895.49,3615.34,3272.16,2500.1,7763.71,363.06,817.97,4612.33,2447.87,3011.95,674.01,2334.03,780.35,1026.45,522.03,2607.67,824.46,2454.36,2846.27,160.01,724.6,672.22
1999-12,220.58,2011.38,1549.46,11347.64,14163.19,303.78,1406.18,3046.95,2914.33,406.87,445.87,730.53,3913.24,2419.58,219.48,232.54,1096.73,292.61,1084.34,105.81,968.19,6406.12,2166.99,5699.58,1014.75,1084.35,738.2,884.41,3559.99,3404.73,2294.28,8260.51,364.69,872.77,5504.38,2767.54,3381.08,724.66,2312.91,761.46,972.74,546.93,2727.7,869.83,2339.15,2769.97,161.86,767.96,645.46
2000-01,207.53,1909.83,1473.52,10336.25,12455.1,296.57,1522.51,3455.39,3083.53,429.28,483.36,729.59,3671.42,2562.82,227.1,248.85,1152.46,304.21,1356.41,108.02,1086.59,7601.66,2235.81,5924.34,1003.63,1159.73,729.07,917.89,4265.51,2902.39,2229.96,8681.01,375.0,1010.54,6597.76,3545.23,3967.18,753.16,2459.89,790.25,968.69,598.25,2996.59,796.02,2238.48,2865.48,162.01,851.6,743.39
2000-02,200.94,1707.41,1775.03,10099.67,11362.35,255.66,1593.16,3436.81,2936.51,382.76,489.88,797.49,3979.97,2325.58,207.55,229.97,1022.54,287.26,1324.61,106.41,1079.85,6739.59,2201.43,5385.09,892.17,1012.11,614.51,899.93,7001.47,2881.81,2334.82,8419.28,343.84,940.61,6436.58,3224.54,3956.95,832.34,2250.75,685.54,872.52,658.31,2591.37,737.73,2185.85,2664.91,164.6,797.83,744.93
2000-03,214.62,1598.61,1621.25,8916.22,10908.12,256.39,1555.3,3422.4,2618.1,345.85,406.84,858.04,3878.46,2170.15,217.43,215.74,943.72,291.9,1418.52,107.16,1179.69,6689.05,2056.19,5220.72,840.13,951.26,647.64,818.43,6755.87,2700.04,2173.17,8224.65,319.25,955.95,7844.07,3613.63,5081.17,995.47,2005.51,626.65,834.11,651.6,2503.6,648.8,1947.51,2325.33,167.82,856.46,746.38
2000-04,223.62,1776.83,1612.27,8901.17,11205.04,275.81,1800.8,3923.55,2231.13,441.51,495.99,868.77,3843.22,2434.97,205.79,231.51,1063.53,339.37,1466.45,113.66,1260.4,8026.57,2259.28,5735.98,1026.47,1070.58,630.98,888.16,6267.12,3089.69,2297.32,8944.62,352.29,974.99,8565.89,3693.49,5351.36,1007.26,2167.34,706.06,941.34,700.53,2877.87,752.9,2263.75,2925.97,176.87,1000.56,729.2
2000-05,210.57,1682.7,1602.51,9229.28,11634.11,275.94,1900.2,3690.34,2329.52,457.62,551.29,877.62,3953.5,2341.47,209.42,253.48,1073.29,347.9,1450.69,109.94,1330.18,8078.58,2551.51,5985.94,1159.23,1277.6,646.39,827.76,5304.4,2905.29,2508.87,8188.4,359.88,940.47,8101.79,3020.24,5113.13,981.94,2177.62,647.7,981.22,678.9,2727.55,792.1,2218.52,2938.06,172.56,894.6,796.02
2000-06,207.77,1989.42,1484.9,10320.21,17305.23,282.38,1947.39,3448.09,2464.52,431.62,523.39,877.76,4161.91,2334.88,198.73,249.51,989.91,331.63,1334.81,99.39,1204.98,8096.49,2190.82,5912.78,1167.03,1271.03,660.8,834.34,4622.87,3231.27,2615.2,7209.45,339.5,920.82,6979.73,2730.17,4660.57,905.87,2130.13,628.14,956.09,692.71,2649.15,758.27,2393.91,3119.03,170.62,836.9,879.43
2000-07,399.36,2670.41,1750.15,8369.32,13312.7,290.2,2703.77,1714.15,2214.1,390.91,623.82,885.28,4659.69,2530.62,298.88,227.33,926.67,388.68,1777.89,157.6,1290.69,1252.96,1984.14,6025.31,1489.33,1631.63,728.93,710.56,501.14,3563.3,2475.46,7273.05,329.9,872.42,7949.54,2672.49,5088.13,1144.25,2035.23,703.65,913.72,680.99,2462.22,700.76,1441.93,3100.41,220.02,2562.82,9671.05
2000-08,380.25,2619.43,1983.85,8919.59,12728.18,265.92,2702.11,1687.2,2154.4,417.36,696.25,898.48,4300.83,2579.51,298.81,237.67,912.02,379.19,1667.44,167.92,1218.87,1282.84,2094.72,6452.87,1596.33,1826.27,672.23,707.22,558.15,3453.28,2573.98,6371.75,345.06,854.07,8113.75,2440.89,4786.44,1003.68,2165.5,688.33,1009.79,714.92,2432.58,691.91,1573.89,3411.66,230.28,2812.3,9650.56
2000-09,376.12,2571.62,1939.96,7935.98,15136.01,270.78,2884.28,1710.22,2283.4,434.92,760.48,970.64,4442.55,2641.09,309.7,232.47,952.55,433.64,2081.62,200.49,1337.06,1373.66,2210.48,7090.26,1756.09,1845.53,698.38,737.55,649.23,3747.43,2846.72,6287.37,394.4,880.83,9349.9,2763.24,5404.34,1192.41,2203.35,695.9,979.59,801.75,2336.28,686.83,1740.4,3554.1,230.08,3356.08,11152.0
2000-10,396.24,2749.96,1745.11,8348.37,15008.37,270.66,2611.18,1719.29,2249.38,431.46,850.41,960.32,4681.85,2631.14,252.46,246.06,914.86,428.38,1849.92,183.47,1115.76,1226.8,2111.2,7688.13,1772.27,2124.83,642.49,688.04,560.12,3917.7,3216.63,6001.99,388.2,857.32,8249.5,2523.68,4134.85,1084.31,2066.95,610.78,956.29,837.15,2435.47,703.61,1815.19,3811.04,224.33,3123.08,10992.27
2000-11,353.23,2747.92,1979.25,10473.37,18429.63,294.17,2556.78,1698.26,2633.36,453.85,925.09,939.33,4817.34,2696.54,223.02,247.95,983.68,451.52,1624.85,185.17,1069.56,1092.42,2227.01,8787.95,1992.67,2304.27,512.02,710.56,600.22,3805.57,3103.17,6013.12,369.64,861.22,8001.45,2322.09,3839.34,1021.71,2366.11,637.05,1074.73,822.41,2434.19,734.41,1804.04,4008.22,223.59,3006.82,10402.63
2000-12,349.04,2842.89,2283.75,10881.38,19164.7,279.26,2296.58,1594.38,2636.76,484.65,971.29,955.34,4968.99,2769.55,223.55,245.38,948.13,455.85,1367.93,178.89,969.78,998.15,1939.52,8627.4,2114.46,2207.06,595.89,714.94,648.32,3715.53,3216.67,5064.68,355.3,810.38,6165.69,1795.63,2873.43,874.16,2312.33,540.23,1097.76,785.65,2482.23,775.72,1759.57,4016.28,227.56,2363.5,9693.78
2001-01,411.76,2965.93,2434.54,10598.17,22154.34,291.8,2094.17,1800.26,2716.27,554.77,1100.06,1027.78,5202.65,3073.95,259.11,269.27,1078.33,516.71,1411.48,163.07,1078.32,1061.31,1990.93,8600.53,2162.07,2224.53,603.77,765.71,933.15,4034.92,3401.09,4923.18,401.16,812.35,5307.62,1668.97,2767.26,1007.87,2554.41,680.8,1142.4,890.01,2631.41,820.46,1914.92,4278.48,235.4,2787.99,9712.78
2001-02,431.46,2874.25,2488.91,10097.46,22169.36,319.62,1652.74,1840.94,2726.1,573.29,950.63,988.13,4793.08,2959.55,289.68,207.06,1071.24,542.87,1536.44,180.61,1222.53,1085.69,2281.04,8119.96,2007.58,2604.39,659.18,785.27,909.99,3945.69,2944.82,5738.48,443.05,842.62,5915.68,2051.94,3313.72,1046.93,2444.12,728.84,1222.95,884.46,2946.27,809.73,1935.15,3860.75,244.54,2944.98,9507.17
2001-03,409.68,2901.89,2671.0,9450.96,24269.83,335.19,1543.43,1837.01,2690.74,523.21,1022.28,1006.43,4740.53,2838.83,283.53,201.54,1071.3,541.0,1168.78,167.99,1110.66,927.79,2258.13,8436.47,1951.57,2836.43,728.19,808.32,1112.77,3944.39,3112.45,5166.61,450.95,803.16,3959.32,1683.78,2250.44,830.24,2511.92,685.33,1170.02,842.26,2819.27,816.18,1828.1,3910.29,248.97,2502.38,9797.59
2001-04,419.96,2886.14,2309.77,8531.82,23961.62,332.09,1397.87,1715.69,2479.23,516.74,973.19,955.77,4321.78,2705.6,288.46,200.52,1042.2,568.41,1069.59,172.3,1086.3,838.12,2209.44,7632.69,1798.88,2713.81,688.65,798.94,1322.39,4037.86,3163.04,4967.4,402.36,730.5,3276.75,1464.46,2060.07,675.64,2355.62,659.38,1153.07,801.25,2790.07,782.33,1794.74,3859.53,244.19,2178.17,9147.91
2001-05,411.3,2855.37,2363.57,8350.0,25321.93,338.11,1697.56,1803.95,2544.08,561.33,1014.83,971.04,4575.29,2867.91,301.94,211.04,1077.69,618.02,1212.02,168.92,1298.55,919.04,2364.43,9038.99,2187.58,2705.29,791.22,830.36,1433.95,4441.53,3328.92,5373.25,417.93,801.71,3705.34,1826.06,2445.41,803.61,2531.68,703.39,1194.77,874.03,2977.89,845.74,1856.6,4010.34,259.43,2468.45,10570.04
2001-06,441.83,2961.52,2357.24,8731.1,25890.06,384.41,1869.14,1891.85,2750.86,591.66,1048.37,1000.09,4727.96,2894.34,304.67,215.94,1150.74,604.29,1211.13,165.97,1320.7,956.85,2278.04,9255.35,2204.76,2911.66,864.98,927.34,1231.81,4484.44,3353.55,5317.88,462.0,850.85,3567.19,1876.02,2240.33,799.0,2596.72,732.84,1282.3,886.02,3070.64,896.34,1944.04,4187.05,270.85,2577.68,10688.49
2001-07,306.77,3037.64,2528.26,8308.17,24573.76,388.06,634.74,2303.3,2840.5,627.47,1310.71,975.6,4381.45,2213.16,306.43,246.18,1175.36,565.21,1131.09,152.22,1219.34,834.32,2113.18,7748.14,2185.0,2605.87,839.33,878.79,1286.77,3810.92,3472.1,6033.36,496.65,846.26,3449.05,2046.91,2188.39,810.0,2586.69,706.98,1314.92,918.67,2942.46,817.27,1968.92,4511.16,269.99,2622.07,10758.93
2001-08,306.02,3139.9,2503.74,8831.13,22316.25,375.69,590.88,2354.94,3048.34,637.2,1357.78,994.34,4511.01,2175.22,290.71,270.93,1171.17,570.27,1104.95,141.67,1189.7,785.45,2191.99,7990.88,2269.63,2786.38,833.24,799.7,1073.28,3751.64,3332.55,6059.87,515.77,821.68,3234.46,1852.06,2173.25,781.13,2729.02,751.77,1326.49,929.29,3134.87,855.74,2001.48,4451.25,266.4,2547.02,9695.55
2001-09,323.05,3132.36,2610.54,9361.8,23358.39,388.53,590.98,2216.77,3077.7,608.26,1349.77,973.56,4347.85,2141.44,312.26,260.83,1197.51,535.74,1032.45,124.84,1139.4,763.98,1906.12,7456.51,2240.95,2808.82,907.96,788.75,1139.0,3694.06,3333.8,5430.04,506.85,793.82,2776.61,1645.93,2007.0,748.55,2713.53,743.66,1273.21,886.6,2954.67,888.8,1885.63,4185.43,265.95,2483.25,9141.14
2001-10,295.4,3111.95,2644.31,9036.91,23750.03,326.85,486.9,2007.31,2923.23,499.58,1349.69,965.73,4327.96,1931.4,285.61,207.69,1046.14,450.23,816.01,102.44,917.51,670.25,1564.64,5279.93,2420.92,3099.72,1199.61,706.09,960.28,3460.03,3105.63,5331.22,473.37,708.11,2080.56,1438.39,1512.57,609.15,2477.2,650.18,1045.59,822.29,2684.26,781.59,1761.85,4165.99,252.36,2143.79,8136.73
2001-11,291.08,3203.64,2817.71,9159.5,23080.62,382.56,509.63,2012.52,3026.63,537.48,1265.9,953.21,4433.57,2000.26,316.81,219.47,1072.43,472.76,834.42,112.29,1019.47,672.53,1533.06,5618.8,2299.99,3425.67,1363.19,684.55,1248.35,3368.06,3179.23,4837.82,466.69,755.98,2626.71,1635.3,1791.6,687.84,2500.35,692.68,1117.89,772.93,2786.47,811.47,1736.32,4044.26,257.3,2225.95,8149.96
2001-12,329.93,3231.65,2695.06,9121.8,23355.77,401.15,581.67,2255.31,3254.87,603.5,1304.57,1037.02,4678.74,2214.74,312.93,246.24,1147.42,551.62,978.77,113.3,1120.22,739.88,1792.4,6113.26,2333.27,3259.83,1206.78,825.71,1066.59,3228.44,3102.53,5310.36,505.18,836.81,3266.24,1873.35,2151.52,766.34,2827.6,747.47,1251.22,760.5,3207.35,864.91,1865.1,4256.6,269.79,2539.77,8859.16
2002-01,349.25,3306.29,2895.68,9267.58,22663.19,412.11,622.23,2326.27,3364.59,645.19,1327.86,1087.76,4497.71,2178.39,332.43,276.27,1220.48,624.59,965.31,119.52,1200.53,771.97,1758.08,6537.04,2273.65,3278.77,961.62,871.22,1174.71,3440.17,3218.05,5503.79,542.75,898.84,3036.42,1951.66,2073.86,819.68,2876.54,808.77,1321.2,772.07,3364.81,909.38,1940.39,4361.63,290.17,2749.47,9603.66
2002-02,345.07,3371.42,2647.12,9443.69,24576.57,436.85,677.47,2240.2,3444.54,700.86,1340.34,1071.56,4392.16,2139.87,333.72,302.28,1234.77,639.32,976.95,110.54,1234.51,786.2,1808.81,6829.65,2488.85,3694.86,1098.16,846.76,1063.7,3367.87,3093.82,5161.1,566.5,883.18,3230.19,1897.46,2143.44,781.85,2859.24,876.64,1411.45,804.24,3487.78,976.39,1952.1,4335.45,293.44,2691.85,8864.3
2002-03,340.7,3396.68,2861.98,10204.91,25814.46,439.15,728.49,2393.12,3585.33,705.91,1271.6,1025.76,4419.09,2262.96,358.82,336.2,1291.29,689.32,989.05,112.95,1290.66,797.03,1974.95,7448.31,2517.48,3921.65,1222.22,858.74,1043.8,3539.64,3071.04,5173.39,586.44,884.66,2570.07,1712.85,1816.39,771.05,2997.48,933.82,1477.96,786.45,3498.25,973.1,1932.51,4469.44,301.23,2611.39,9016.39
2002-04,382.67,3430.74,3030.52,11710.88,25932.97,476.46,822.88,2463.48,3745.71,738.75,1457.14,1065.59,4381.48,2372.75,402.87,338.52,1316.04,707.32,1063.94,124.44,1416.97,837.31,2158.51,7673.62,2615.09,4055.06,1405.79,901.63,1198.42,3832.54,3378.66,5329.25,598.0,963.53,2832.7,1780.68,2006.11,835.86,2967.21,1037.53,1536.36,839.34,3584.89,1046.92,2102.54,4575.04,308.57,2929.21,8916.34
2002-05,400.94,3509.88,3248.32,12301.18,26785.81,497.76,861.6,2345.62,3798.14,760.06,1604.64,1053.5,3975.53,2257.07,406.27,371.1,1361.12,770.78,1018.65,126.63,1379.44,825.3,2272.2,7329.94,2701.61,4404.84,1463.4,881.29,1119.88,3681.52,3387.22,4731.64,598.24,918.14,2597.07,1523.57,1860.17,743.31,3092.21,1123.24,1472.41,838.38,3518.76,1088.47,2103.17,4719.91,317.8,2647.63,7825.76
2002-06,413.56,3550.22,3620.31,12229.45,27996.98,483.97,821.21,2344.87,3784.9,759.68,1595.41,1065.23,3852.55,2296.57,426.87,391.65,1354.85,733.28,1019.53,113.67,1324.7,850.14,2276.12,7317.63,2758.74,4346.8,1625.66,833.84,1176.05,3636.63,3137.71,5010.56,593.25,904.92,2514.15,1469.44,1800.88,697.63,3107.17,1080.99,1469.19,798.13,3472.85,1122.11,2125.83,4636.39,312.15,2622.06,7880.36
2002-07,618.22,3680.58,3575.19,12896.12,17652.91,482.37,1774.36,2183.63,3598.25,726.71,1367.22,984.27,3354.83,2375.3,449.3,447.35,1258.94,802.42,1037.5,132.45,1173.68,717.73,2109.29,6289.57,2927.78,5718.9,2367.42,875.94,1076.69,3950.05,3066.35,4559.26,656.12,780.99,2233.52,1289.76,1453.62,638.79,3243.95,1045.03,1516.99,799.83,3292.36,1108.96,2027.2,4794.93,308.95,2158.98,7119.08
2002-08,566.41,3399.92,3018.9,11956.49,18345.32,429.9,1522.92,2068.58,3499.53,653.85,1302.6,937.34,3292.72,2154.03,377.71,345.09,1156.05,671.69,851.04,94.07,1005.8,652.15,1841.44,5966.32,2262.49,5287.46,2168.69,779.99,750.44,3611.99,2699.53,4041.57,625.32,690.48,2096.93,1169.05,1317.45,551.92,3122.27,911.03,1389.56,715.06,2908.17,1015.13,1884.67,4533.71,285.74,1937.58,7624.72
2002-09,534.38,3333.91,3349.82,12229.24,19976.18,448.34,1601.13,2142.59,3615.83,646.45,1268.71,948.26,3340.8,2187.01,404.87,336.52,1121.63,675.21,822.86,98.57,1000.37,655.46,1806.88,5291.12,2202.29,5272.39,2541.5,845.96,822.02,3613.85,2779.13,4132.66,670.75,705.83,2125.84,1219.74,1263.45,516.48,3134.56,954.2,1385.74,755.6,2962.3,986.03,1949.73,4547.87,292.09,2079.34,7266.6
2002-10,520.96,3189.0,3148.02,11518.63,15459.48,408.88,1535.46,2066.63,3522.31,611.92,1295.8,931.61,3105.37,1936.72,362.53,332.67,1014.4,623.0,679.21,87.14,899.66,599.44,1565.87,4951.82,2266.17,5375.51,2444.37,746.48,753.92,3241.63,2469.27,3778.37,660.44,631.83,1730.1,1039.46,1050.96,468.13,2792.0,913.28,1296.14,707.01,2679.17,851.41,1739.55,4209.21,285.22,1830.71,6044.77
2002-11,502.44,3440.52,3547.9,11469.4,16219.88,433.94,1734.88,2253.75,3733.25,670.99,1107.0,965.41,3393.92,2044.96,360.77,345.75,1045.09,652.32,722.74,79.34,994.3,631.24,1427.49,4970.77,2210.03,4799.35,2202.47,687.06,785.27,3417.8,2445.24,4586.47,653.31,691.34,2065.26,1304.77,1230.56,518.31,2974.79,919.72,1382.28,753.35,2871.39,857.86,1886.42,4413.23,289.32,2017.61,6328.92
2002-12,548.96,3441.66,3445.3,11072.18,15151.05,483.02,1892.4,2213.65,3659.31,706.23,1004.01,1008.88,3551.34,2286.91,375.13,387.37,1116.29,671.24,851.51,87.22,1128.12,709.39,1669.32,5334.09,2293.6,4361.91,2096.11,778.04,862.37,3525.39,2469.94,5112.1,651.9,745.62,2517.01,1483.18,1511.28,608.6,3188.74,1012.12,1431.04,727.66,2977.14,902.63,1934.21,4508.61,303.68,2289.47,6958.76
2003-01,538.25,3501.66,3296.23,10717.62,16252.6,451.19,1620.67,2178.99,3656.46,671.21,987.62,1009.14,3394.82,2182.3,375.56,368.28,1110.29,650.5,763.42,87.59,1028.52,677.08,1474.59,5182.72,2232.33,4797.66,2603.45,787.81,966.17,3575.23,2556.41,4802.3,662.57,734.12,2232.79,1349.66,1206.33,552.1,3013.15,979.22,1415.27,707.15,2757.09,851.49,1871.77,4335.76,309.44,2057.75,6317.51
2003-02,527.08,3349.6,3291.83,10092.07,15246.11,458.86,1449.63,2207.44,3548.01,651.65,997.81,1005.76,3388.23,2052.6,359.16,350.54,1064.35,667.03,752.82,80.88,968.17,664.07,1453.22,5136.15,1879.58,4242.8,2582.02,777.37,828.58,3489.32,2448.58,4662.85,663.02,706.96,2247.66,1357.71,1200.42,522.68,3053.41,892.69,1342.18,690.58,2636.75,810.2,1881.23,4250.81,302.92,1983.85,6173.02
2003-03,495.84,3186.68,3027.73,9996.26,15440.76,470.61,1450.78,2155.09,3505.54,630.51,974.73,1031.48,3337.58,1987.86,355.36,335.97,1065.29,695.07,777.76,76.74,996.85,660.38,1361.23,4678.85,1694.65,3801.23,2430.12,714.92,945.22,3534.06,2337.69,4361.21,670.49,672.95,2342.99,1365.15,1265.5,524.97,3000.44,914.04,1307.11,666.28,2632.17,770.86,1840.06,3982.02,301.41,1948.92,6442.48
2003-04,410.37,3209.91,2642.17,10062.43,12153.5,509.76,1465.46,2106.61,3731.44,665.43,1007.21,1045.83,3542.51,2069.35,359.04,330.93,1077.99,712.7,765.61,77.17,984.08,649.48,1310.76,4425.42,1597.87,3972.05,2316.41,706.64,911.53,3613.14,2452.85,4373.96,705.99,692.36,2364.04,1401.54,1250.79,519.31,3011.67,938.42,1362.42,670.04,2785.89,810.52,1824.63,4096.02,306.93,1996.77,6939.95
2003-05,401.64,3382.52,2843.96,10281.54,12481.81,545.25,1719.08,2277.2,3910.63,715.59,909.72,1120.38,3527.65,2274.16,389.57,372.76,1132.24,809.85,841.43,88.32,1068.95,714.59,1582.48,4806.66,1776.46,4159.76,2397.62,765.78,932.3,3620.45,2616.78,4843.45,770.75,746.85,2669.25,1528.72,1385.34,579.31,3106.17,959.09,1524.52,723.4,3056.08,887.46,2028.14,4554.62,326.73,2270.37,8144.28
2003-06,450.75,3563.68,2795.79,11319.53,16538.84,572.89,1886.25,2409.32,4016.45,744.07,998.0,1196.65,3630.61,2284.5,385.73,386.57,1237.21,965.09,951.45,96.03,1133.69,752.88,1633.86,5355.53,1913.42,3871.75,2629.38,956.01,1165.58,3937.67,2867.33,5191.82,804.02,809.3,3073.23,1633.66,1591.56,652.16,3227.81,977.53,1594.64,777.89,3157.42,996.48,2156.56,4732.7,365.35,2471.25,8291.34
2003-07,459.91,3518.21,2319.77,10449.86,17156.49,568.66,2124.67,2519.94,3820.8,748.66,932.94,1264.83,4058.65,2197.46,392.87,399.36,1228.68,999.74,1071.75,100.18,1158.12,768.19,1560.38,6129.31,2027.95,2987.58,3470.58,1095.2,1178.22,3861.5,3098.82,5744.27,857.14,819.25,3147.51,1733.21,1597.56,675.51,3126.36,1057.27,1835.58,784.44,3155.04,1022.09,2028.11,4729.45,370.1,2413.23,8347.46
2003-08,467.32,3571.51,2346.11,10257.68,15225.79,592.85,2126.38,2483.99,3837.1,776.14,1054.82,1372.2,4055.3,2369.96,375.53,453.92,1285.42,973.76,1168.06,110.5,1281.08,831.0,1653.6,6323.49,2233.8,3276.08,3901.56,1203.59,1030.38,3787.69,2946.41,5625.67,935.39,858.52,3378.34,1789.35,1790.82,733.77,3288.91,1055.03,1871.5,778.17,3304.05,1056.61,2102.33,4956.56,415.32,2630.94,8327.39
2003-09,479.63,3599.82,2532.36,10033.53,15590.25,629.79,2227.46,2497.84,3880.63,818.0,1097.96,1363.28,3948.47,2401.93,383.41,484.08,1342.69,1040.53,1219.07,127.43,1378.84,881.86,1790.91,6788.68,2428.09,3198.28,4296.63,1289.65,1104.11,4031.69,2988.48,5741.96,964.09,904.67,3496.42,1881.72,2052.46,787.49,3400.88,1171.56,1880.35,802.33,3591.85,1064.32,2109.22,4871.0,428.22,2666.14,8665.69
2003-10,518.07,3668.08,2441.49,9843.81,16583.03,624.57,2153.28,2491.82,3963.33,818.26,1085.2,1362.68,3975.93,2250.29,351.33,498.34,1315.13,1079.07,1179.87,128.87,1277.02,842.47,1699.14,6346.15,2230.42,2898.38,4237.43,1321.05,1077.11,3941.57,3124.35,5445.09,963.1,882.0,3486.29,1933.06,1997.63,751.58,3394.04,1151.25,1864.7,806.06,3409.83,1080.98,2132.76,4859.77,434.62,2677.86,8909.22
2003-11,573.34,3802.98,2590.25,10405.82,17604.57,699.97,2304.31,2683.5,4192.15,918.31,1147.02,1418.52,3972.82,2398.27,382.87,515.32,1407.97,1257.65,1406.19,130.38,1458.56,941.34,1853.21,7107.42,2364.12,2945.12,4746.67,1522.2,1180.95,4028.74,3163.14,5792.65,998.33,929.56,3928.22,2012.31,2317.71,835.04,3671.96,1204.59,2059.54,842.74,3789.72,1169.12,2295.46,5093.38,439.77,2951.07,8791.08
2003-12,607.32,3879.26,2673.17,10604.27,19612.54,711.19,2436.64,2726.37,4152.95,949.8,1230.16,1467.92,3998.33,2462.58,382.98,510.96,1442.94,1389.85,1453.2,142.66,1526.21,1006.38,1915.64,7080.72,2306.04,2922.67,5303.98,1632.39,1197.49,4034.93,3178.21,5796.69,1093.78,955.87,4036.25,2042.83,2428.24,867.43,3700.7,1194.16,2031.69,884.84,3792.85,1237.66,2330.99,5173.17,470.49,2987.08,8792.96
2004-01,636.37,3920.25,2826.02,11306.29,20470.58,723.28,2607.6,2804.15,4244.6,957.07,1262.12,1531.51,4241.47,2763.72,397.75,516.4,1558.8,1388.55,1607.2,156.17,1588.35,1066.71,2193.98,7838.4,2585.81,3265.66,5397.16,1721.9,1513.32,4609.91,3355.51,6225.99,1057.09,1009.58,4165.78,2161.74,2392.55,894.71,4109.45,1318.84,2068.38,923.0,3726.71,1232.24,2415.18,5471.88,481.43,3174.36,9705.78
2004-02,615.33,4073.53,2984.66,10979.26,20892.54,744.02,2613.94,2828.85,4397.0,937.87,1319.83,1646.33,4341.33,2709.41,415.88,523.18,1561.6,1321.88,1607.65,166.87,1561.91,1057.59,2133.04,8039.97,2618.68,3120.21,4657.08,1629.43,1401.61,4691.3,3410.42,6307.1,1161.34,1033.41,4407.44,2273.24,2512.5,977.14,3961.77,1303.85,1985.11,956.39,3750.38,1239.43,2500.96,5738.62,510.5,3314.57,10372.93
2004-03,628.35,4328.82,3156.44,11249.04,21699.88,771.63,2639.8,2853.16,4604.66,988.39,1280.53,1662.36,4405.63,2773.11,426.9,618.32,1634.89,1461.28,1706.85,170.68,1568.2,1019.86,2099.65,7940.71,2617.51,3007.78,4910.95,1738.05,1497.76,4953.47,3467.09,6278.26,1129.72,1034.87,4206.2,2219.44,2482.63,937.63,4079.08,1387.35,1986.63,978.72,4017.91,1328.57,2558.88,6002.12,522.62,3428.92,10099.55
2004-04,655.22,4381.36,3274.22,11185.96,20566.31,747.57,2697.24,2847.01,4791.91,1016.85,1242.65,1677.75,4179.12,2719.68,406.77,605.14,1677.36,1532.96,1629.42,157.78,1584.97,1060.41,2055.1,7543.48,2530.78,2987.18,5249.48,1904.2,1600.65,4947.86,3498.11,6199.19,1193.65,1054.18,4241.24,2180.64,2386.92,946.06,4194.42,1520.7,1975.54,995.97,4009.62,1354.09,2553.6,5952.65,529.05,3350.22,9592.23
2004-05,654.33,4578.22,3429.06,11228.79,20947.14,700.5,2651.46,2843.77,4882.3,1000.88,1275.6,1727.55,4338.32,2701.71,404.02,626.42,1685.71,1360.39,1516.2,153.07,1543.17,1034.08,2126.71,7683.65,2674.35,3103.87,4142.06,1657.03,1647.46,5078.6,3364.98,6141.14,1200.71,1073.46,3873.58,2165.88,2199.01,899.09,4258.59,1484.46,1978.79,1030.86,3910.29,1356.24,2368.36,5786.86,492.0,3071.6,9416.69
2004-06,661.85,4492.69,3502.03,11470.18,18304.54,720.76,2629.77,2849.77,5042.66,1004.71,1262.31,1734.26,4324.85,2709.65,412.31,597.45,1753.0,1369.76,1601.81,150.71,1587.28,1037.36,2059.42,7709.53,2718.62,3209.55,4400.96,1705.22,1753.24,5138.52,3393.21,6010.67,1238.95,1086.45,4067.41,2227.74,2399.24,933.02,4256.76,1555.02,2015.86,1032.16,4003.21,1309.38,2457.66,5788.46,522.67,3083.01,9744.95
2004-07,738.27,4542.35,3196.77,11247.42,19439.67,690.63,2589.84,2809.47,5134.27,1096.3,1246.84,1774.99,3747.28,2819.05,549.08,632.98,1802.5,1626.61,1545.34,173.24,1800.72,1033.77,2097.37,8404.34,2558.82,3135.34,3474.43,1665.27,2223.56,5025.91,3544.63,5740.86,1097.08,1143.47,4188.34,2361.25,2334.13,1018.43,4534.67,1544.4,2049.91,1091.94,3846.99,1308.86,2443.51,4728.35,476.75,2911.84,13240.21
2004-08,698.81,4357.87,2544.49,10790.42,18710.63,671.29,2415.93,2685.46,4852.87,1062.48,1169.11,1670.43,3533.56,2724.62,508.63,621.7,1713.71,1596.42,1594.46,161.45,1687.77,958.14,2016.5,8505.76,2539.13,3121.56,3574.66,1702.47,2190.3,5340.19,3573.6,5705.95,1012.65,1095.62,3906.59,2216.98,2063.96,902.46,4284.34,1498.98,1956.37,967.76,3728.04,1359.39,2360.11,4658.04,480.93,2742.39,13310.77
2004-09,711.63,4347.86,2546.78,10979.66,19309.5,701.12,2412.01,2687.36,5077.2,1061.9,1169.2,1653.83,3645.88,2798.13,513.43,629.07,1781.4,1656.56,1586.98,161.46,1645.43,964.76,1973.96,8505.07,2493.27,3119.18,3913.1,1759.77,2076.53,5247.66,3688.92,5829.77,965.9,1065.23,3756.97,2168.94,1929.21,841.45,4276.43,1497.06,1937.41,953.66,3721.6,1358.22,2465.87,4698.25,512.75,2852.32,13181.04
2004-10,732.87,4436.17,2438.03,10067.0,18553.13,757.94,2554.78,2714.59,4929.19,1089.92,1183.82,1755.57,3520.17,2915.81,530.08,651.02,1830.67,1790.23,1712.41,159.3,1754.94,984.07,2014.01,8484.88,2624.43,3266.44,4085.15,1890.36,2257.29,5738.01,3730.79,5902.8,974.9,1110.75,3829.22,2274.93,1979.11,867.31,4257.0,1552.26,2032.59,958.4,3828.54,1423.29,2451.94,4756.19,522.57,2919.84,13382.64
2004-11,751.07,4580.59,2604.65,10176.21,19099.72,783.88,2632.89,2782.82,4823.22,1145.23,1179.21,1710.69,3428.46,2941.1,549.29,692.22,1837.98,1806.98,1679.67,156.32,1749.53,1011.02,1923.43,8238.64,2635.31,3222.53,4233.44,1747.1,2254.64,5771.96,3879.77,5802.57,954.98,1139.97,4006.54,2421.96,2100.94,916.46,4089.21,1605.35,2173.01,989.39,4003.08,1476.51,2507.0,4514.22,542.97,3055.89,13472.41
2004-12,751.11,4739.46,2629.11,10051.65,22401.45,835.54,2815.41,2829.78,5016.38,1191.15,1277.74,1732.33,3424.57,3190.06,611.16,726.98,1949.53,1938.97,1894.83,177.02,1896.23,1088.77,2141.54,8754.33,2831.0,3607.68,4199.22,1881.62,2828.55,6113.84,4052.65,6099.97,1062.75,1198.06,4300.3,2540.16,2177.63,958.92,4292.97,1770.79,2335.76,1071.68,4171.26,1597.45,2574.47,4870.04,597.32,3225.81,13881.45
2005-01,783.4,4985.94,2604.61,11193.71,23772.36,869.23,3089.88,2856.39,5220.04,1277.61,1332.4,1818.03,3646.93,3292.82,653.93,825.72,2005.92,2192.56,1897.49,190.33,1953.83,1131.13,2279.77,8847.09,2752.79,3364.53,3913.43,1915.81,2741.78,5969.67,4181.56,6227.54,1113.93,1239.47,4475.67,2634.09,2241.95,996.08,4437.71,1845.01,2455.95,1142.18,4293.24,1687.83,2674.5,5024.42,674.25,3403.71,14416.96
2005-02,761.38,5000.24,2684.82,11118.82,24820.73,849.95,2933.04,2760.88,5229.95,1244.91,1357.07,1841.01,3439.6,3291.6,621.59,798.35,2097.61,2259.87,1928.88,192.82,1852.76,1127.03,2093.47,8763.7,2676.66,3383.03,3659.72,1932.44,2866.61,6147.27,4248.61,5943.71,1100.82,1207.65,4303.47,2447.98,2069.54,951.58,4295.86,1768.94,2309.86,1110.17,4251.72,1716.51,2632.79,5069.81,689.07,3414.29,14328.69
2005-03,780.33,4942.58,2674.79,12120.88,25599.37,849.97,2899.2,2745.76,5227.89,1269.63,1411.01,1865.64,3516.69,3554.94,635.23,804.7,2086.69,2522.59,2113.0,214.32,1974.63,1157.06,2115.53,9140.99,2723.09,3434.73,3953.89,2128.13,3269.03,7323.19,4330.43,5960.59,1075.47,1227.57,4267.16,2401.46,2162.86,982.13,4453.02,1937.39,2364.04,1144.18,4271.12,1735.47,2616.47,5233.7,743.08,3412.58,14166.1
2005-04,786.35,4943.56,2661.37,11946.83,25400.64,794.95,2900.85,2711.46,5195.04,1254.2,1503.13,1779.34,3512.78,3473.83,636.65,752.8,2100.66,2341.64,1993.86,226.95,1927.09,1145.32,1967.39,9362.74,3118.79,3522.2,3711.04,2021.37,3150.61,7121.87,4343.06,5876.41,1071.46,1220.66,4220.19,2340.18,2093.91,918.81,4429.73,1895.96,2339.17,1122.13,4315.63,1740.1,2532.85,5020.56,709.67,3428.87,14228.33
2005-05,776.41,4933.72,2695.38,12211.09,25049.01,727.29,2794.21,2628.83,5043.9,1182.59,1517.89,1832.87,3677.38,3213.95,604.51,706.38,2083.83,2260.85,1757.42,211.38,1846.14,1054.05,1776.39,9323.55,3007.84,3483.86,3323.11,1824.1,2959.05,6723.53,4426.36,5784.57,1057.82,1185.24,3948.0,2244.85,2049.57,868.31,4064.16,1802.3,2191.63,1098.77,4069.76,1683.25,2542.47,4923.46,702.43,3273.29,14146.04
2005-06,810.31,5022.9,2796.13,12489.82,25821.02,750.98,2977.64,2590.46,5124.93,1260.55,1547.14,1863.34,3728.88,3259.82,637.87,822.74,2161.8,2489.19,1756.71,208.3,1950.56,1127.39,2025.1,9769.53,3123.31,3717.24,3268.26,1923.12,3260.29,6845.83,4484.45,5871.07,1110.39,1220.48,4444.13,2401.26,2267.94,953.86,4077.25,1799.69,2311.17,1163.37,4336.34,1818.89,2625.21,5211.38,766.83,3344.64,14268.84
2005-07,813.78,3011.59,2815.24,17605.96,26073.78,834.54,3821.84,2458.76,4836.47,1288.27,1502.88,1708.86,3501.09,3185.29,660.26,3476.34,2133.64,2860.07,1621.93,214.82,1922.47,1093.12,1962.49,9202.76,2881.9,3416.63,3529.2,2345.67,2383.15,6698.46,4584.88,5282.74,1146.12,1191.71,4500.26,2404.96,2179.15,926.02,3140.18,1732.95,2258.26,1183.12,4225.52,1944.84,2521.7,5235.73,1596.28,3697.78,13169.89
2005-08,850.7,3069.1,2935.62,19272.0,27058.07,888.46,3959.98,2522.73,4985.07,1348.55,1437.96,1827.71,3686.73,3353.21,677.05,3574.14,2302.82,3179.04,1834.9,238.8,2130.98,1165.83,2106.6,9362.54,3070.41,3341.76,3392.32,2584.58,2881.59,7113.67,4712.06,5465.94,1185.54,1258.88,4642.55,2539.69,2397.29,1006.79,3301.43,1814.88,2460.89,1244.6,4485.43,2032.72,2540.52,5403.21,1574.99,3866.57,13140.97
2005-09,813.35,3053.6,2871.67,19350.53,28261.53,942.46,3970.8,2620.4,4928.81,1316.44,1436.64,1845.8,3677.72,3141.85,633.48,3495.33,2266.52,3067.9,1816.62,230.43,2173.69,1182.55,2049.74,9323.68,3066.49,3330.36,3552.6,2610.74,3130.82,7413.08,4752.44,5208.6,1175.01,1249.99,4599.05,2562.06,2395.17,1017.27,3168.33,1996.36,2406.94,1240.89,4150.39,1956.1,2492.54,5382.05,1633.93,3816.12,12868.02
2005-10,825.66,3110.94,2626.63,19367.61,29271.45,908.45,3895.36,2521.13,5002.26,1310.05,1438.32,1789.57,3628.55,3075.94,671.85,3316.55,2361.5,3101.59,1870.46,230.7,2167.64,1208.6,1943.05,9414.23,3206.9,3254.6,4231.64,2880.66,3427.43,7944.46,4949.95,5128.15,1098.36,1268.0,4794.05,2584.03,2432.31,1012.89,3188.17,1888.32,2545.49,1247.52,4076.17,2054.27,2459.36,5612.61,1609.4,4074.63,12865.4
2005-11,788.76,3110.06,2601.57,21091.15,29778.21,904.91,3873.26,2360.97,4819.32,1279.7,1371.61,1772.89,3525.21,3188.1,698.72,3181.62,1404.05,2760.64,1789.12,228.01,2078.55,1161.12,1817.63,8961.82,3108.03,3203.13,3805.33,2789.69,3093.52,7182.2,4603.79,4936.64,1100.82,1268.25,4719.88,2652.61,2293.78,977.21,3292.61,1870.54,2637.7,1221.97,4207.85,2056.51,2523.07,5725.28,1474.04,4202.32,13021.13
2005-12,757.82,3083.08,2720.02,21339.29,29000.07,953.4,4070.3,2417.58,4965.8,1379.12,1472.38,1818.14,3580.03,3288.11,724.51,3346.67,1446.15,2959.06,2004.28,228.03,2224.18,1231.59,1790.26,9431.59,3086.83,3223.67,4125.33,2951.23,3110.49,7232.78,4614.9,5095.74,1159.85,1334.04,4893.76,2833.88,2547.4,1056.25,3523.65,2009.65,2861.89,1280.81,4395.96,2184.06,2623.23,5979.59,1516.47,4380.31,13652.66
2006-01,754.6,3127.7,2707.22,20850.08,29917.65,942.39,4028.6,2364.71,5039.47,1397.8,1449.15,1835.94,3702.89,3299.42,737.71,3356.47,1446.5,2945.61,2074.88,221.87,2271.86,1223.13,1756.02,9719.24,3105.74,3365.26,4732.15,3020.53,3157.04,7350.01,4659.43,5034.08,1119.65,1336.71,4907.73,2769.33,2486.56,1047.66,3360.44,2005.08,2909.95,1315.93,4379.48,2205.24,2646.28,5962.85,1562.89,4487.85,14123.01
2006-02,774.74,3224.27,3193.76,20696.44,29220.5,1006.76,4173.05,2325.61,5156.15,1432.4,1473.36,1913.48,3787.09,3405.24,766.45,3253.89,1579.29,3262.31,2384.3,242.44,2533.28,1303.4,1875.75,9858.12,3252.23,3579.74,5518.4,3541.45,3634.93,8297.6,4793.76,5189.07,1135.51,1382.7,5201.51,2891.71,2615.63,1128.92,3258.6,2005.71,3055.17,1405.93,4426.5,2300.23,2633.86,5972.83,1563.54,4892.99,13720.44
2006-03,776.62,3269.38,3206.91,21077.38,29203.18,1016.85,4207.21,2353.44,5210.15,1396.62,1483.57,1893.83,3859.02,3386.74,788.53,3365.0,1616.07,3018.42,2301.81,248.16,2534.15,1341.56,1827.28,10298.4,3447.11,3818.32,4808.86,3308.45,3321.88,7593.09,4785.36,5454.55,1125.58,1403.07,5292.89,2828.08,2587.33,1186.97,3268.67,1993.89,3085.88,1436.94,4599.41,2348.56,2694.86,6000.51,1589.81,4991.91,13742.76
2006-04,812.31,3350.66,3418.91,22929.53,28909.62,1057.94,4350.41,2346.47,5186.49,1441.25,1441.28,1859.97,3819.79,3421.88,813.05,3276.25,1684.91,3080.83,2577.81,258.11,2611.69,1408.79,1904.77,10687.78,3549.07,3943.25,4811.37,3674.11,3513.75,7890.0,4596.4,5591.09,1167.07,1440.76,5476.26,2918.04,2685.8,1219.08,3375.21,2054.4,3298.09,1490.66,4694.68,2465.47,2711.84,5971.45,1711.86,5154.35,14460.08
2006-05,798.66,3420.69,3440.75,23151.51,29900.74,975.72,4508.49,2270.24,5310.91,1424.49,1422.11,1716.56,3731.14,3520.86,836.82,3313.77,1680.15,3039.31,2825.98,276.42,2784.56,1419.38,1879.74,11255.43,3695.68,3985.45,5365.58,3865.86,4243.79,8002.66,4632.89,5631.45,1188.28,1462.63,5427.85,2861.32,2721.16,1237.62,3702.78,1985.3,3310.71,1446.93,4640.34,2460.37,2857.12,5939.53,1719.51,5200.82,14427.08
2006-06,815.7,3598.64,3560.3,23968.93,29568.29,951.68,4517.61,2210.97,5083.62,1346.47,1421.87,1672.67,3644.91,3432.62,808.12,3359.05,1481.06,2749.49,2683.32,269.9,2679.77,1354.66,1921.46,11113.78,3567.48,3807.28,4735.94,3395.88,4171.44,7747.79,4726.3,5482.77,1143.89,1405.72,5150.89,2694.82,2488.2,1174.78,3600.07,1905.29,3285.02,1418.02,4603.85,2368.56,2789.17,5760.0,1580.02,4839.71,14438.22
2006-07,2647.47,3228.89,3194.61,21400.34,30581.81,841.62,4017.75,2059.56,5766.19,1279.47,1386.24,1568.75,3409.46,2879.15,858.7,773.06,1413.76,2448.92,2744.96,271.94,2534.15,1286.01,1809.08,9872.88,3400.93,3585.15,4107.21,4040.12,3760.09,7019.58,4986.82,5672.41,1063.22,1364.87,4997.73,2655.96,2335.45,1126.1,3959.1,2023.82,3245.82,1399.04,4488.02,2389.86,2667.7,5544.97,1272.82,4645.62,14227.72
2006-08,2718.21,3270.5,3300.47,22351.93,33367.28,808.37,3716.73,2104.48,5767.35,1240.11,1404.52,1643.47,3565.39,2754.6,862.48,748.9,1293.22,2285.86,2631.5,279.35,2395.23,1207.07,1738.92,9528.63,3326.99,3926.98,3977.11,3944.56,3286.61,7491.65,5221.0,5977.48,1019.7,1310.47,4828.81,2614.77,2194.85,1097.2,3824.9,2044.45,2873.02,1379.97,4313.14,2272.0,2739.64,5559.83,1236.75,4769.87,14113.05
2006-09,2987.58,3338.27,3181.17,22833.11,34764.58,838.46,3797.15,2160.83,6154.16,1291.63,1480.82,1662.66,3644.18,2852.79,900.83,776.96,1319.07,2310.22,2559.07,260.9,2394.53,1220.05,1787.5,9399.19,3364.99,4044.85,4035.55,4059.52,2940.57,7182.54,5321.97,6160.2,1007.59,1349.69,5516.9,2765.62,2375.21,1146.35,3898.78,2120.86,2889.14,1401.32,4450.37,2338.12,2757.69,5834.09,1161.82,4824.58,14679.15
2006-10,2949.58,3349.29,3134.41,22697.59,32215.5,880.17,3976.99,2182.02,6376.67,1406.59,1453.46,1651.13,3728.66,2915.03,935.62,791.64,1351.89,2224.79,2555.78,269.34,2395.79,1261.59,1845.45,9738.94,3512.01,4217.85,3396.79,3978.72,2497.54,6927.79,5198.22,6433.72,1048.8,1383.71,5805.92,2902.73,2426.83,1166.28,4066.15,2169.01,3032.14,1438.97,4772.36,2505.49,2838.9,5987.63,1196.51,5275.18,15046.38
2006-11,3065.68,3407.53,2951.28,22795.08,33955.23,1022.96,4305.2,2317.91,6555.83,1519.64,1388.59,1714.1,3803.31,3082.75,1031.62,793.71,1408.29,2352.98,2839.22,290.7,2485.54,1323.31,1951.9,10052.34,3562.46,4253.14,3599.09,4368.06,2858.13,7314.92,5470.07,6797.8,1041.25,1440.12,6079.83,3144.49,2422.06,1250.12,4262.74,2287.74,3220.22,1500.5,4960.78,2697.25,2866.44,6036.26,1275.91,5604.08,15463.0
2006-12,3305.89,3407.4,2937.74,22603.52,35154.77,1059.89,4512.99,2353.03,6583.39,1607.0,1197.62,1759.33,3785.81,3161.74,1069.64,822.84,1470.46,2529.74,3084.83,285.41,2608.07,1345.65,2043.41,10458.7,3738.69,4409.32,3761.9,4702.22,3024.11,7924.03,5613.72,6949.8,1088.33,1479.62,6542.1,3213.72,2465.98,1265.72,4345.7,2413.06,3347.26,1459.49,4852.26,2753.78,2850.27,6215.98,1317.65,5687.38,15625.43
2007-01,3540.35,3472.28,3008.45,23111.25,35865.62,1046.24,4732.01,2393.63,6792.28,1606.97,1231.69,1822.34,3780.63,3187.35,1086.06,810.44,1500.31,2471.13,3062.69,292.0,2645.91,1337.75,2064.25,10486.77,3682.35,4468.07,3623.45,4556.08,2640.1,7838.04,5643.02,7361.6,1093.96,1505.43,6566.23,3198.8,2360.44,1295.93,4369.28,2486.76,3270.65,1453.23,4929.42,2841.17,2972.62,6469.04,1327.33,5852.28,16239.9
2007-02,3681.4,3523.39,3105.17,23492.94,36375.34,1060.65,5187.84,2366.33,7039.65,1655.41,1243.82,1945.97,3933.78,3306.0,1124.37,968.25,1571.83,2498.19,3459.8,272.79,2680.2,1384.63,2189.02,10899.34,3853.32,4710.15,3577.85,5055.9,2680.04,7759.44,5663.66,6987.23,1172.99,1558.78,6649.06,3343.48,2411.57,1319.77,4398.95,2643.87,3413.35,1521.84,5123.5,2891.56,2984.75,6410.29,1478.12,6082.6,15944.55
2007-03,3589.84,3524.43,2999.3,22852.01,35191.51,1088.13,4910.91,2361.49,6935.81,1679.79,1280.35,1894.15,3804.94,3361.39,1147.49,1017.03,1603.66,2410.2,3525.11,257.3,2748.27,1293.81,2204.39,10682.25,3800.83,5250.55,3607.16,5488.49,2728.14,7557.67,5910.54,6791.97,1185.15,1555.07,6410.26,3235.6,2433.98,1310.43,4444.78,2701.21,3415.25,1531.29,5113.79,2844.86,2923.87,6415.17,1506.99,5804.9,15764.52
2007-04,3750.29,3617.26,3129.29,23308.06,36552.52,1091.5,4897.8,2398.87,6867.88,1689.04,1237.4,1925.94,3787.33,3464.27,1175.41,978.09,1547.77,2302.27,3190.97,256.71,2817.03,1289.62,2188.75,10740.41,3807.38,5253.91,3400.19,5770.24,2793.07,8059.26,6154.13,6982.05,1174.11,1559.6,6488.94,3332.63,2416.17,1351.47,4480.13,2766.81,3401.53,1584.08,5036.27,2876.04,2895.2,6483.16,1528.62,5835.57,15998.64
2007-05,3983.0,3691.04,3293.19,24421.77,37550.82,1193.18,4938.0,2447.52,7537.9,1715.72,1274.51,2032.6,4094.29,3603.26,1213.99,1061.65,1651.81,2400.61,3377.85,276.77,3049.66,1370.57,2315.48,11469.11,3939.78,5233.97,3373.89,6201.02,3193.87,8455.12,6445.3,7143.37,1214.13,1655.0,6882.21,3501.19,2565.23,1387.52,4705.11,3003.58,3503.08,1610.73,5142.34,2944.48,2985.94,6817.2,1576.66,6186.99,16897.21
2007-06,4130.84,3751.72,3454.51,25231.52,38523.66,1189.28,5102.85,2638.64,7462.76,1829.73,1303.81,2054.7,4135.53,3823.71,1230.65,1164.91,1773.46,2595.17,3726.45,294.12,3234.21,1469.09,2400.97,12209.77,4046.69,5376.65,3258.16,6729.32,3615.59,9014.82,6425.56,7661.88,1297.98,1768.82,7403.98,3647.86,2638.09,1457.27,4883.88,3152.53,3675.46,1659.06,5272.15,3038.83,3042.16,7092.6,1732.02,6415.99,17258.72
2007-07,5143.39,4289.93,3438.13,26303.63,30848.99,1077.58,3534.06,2436.97,6420.31,1825.23,1185.26,1985.14,3593.52,3554.34,1236.11,1217.45,1717.46,1709.97,3157.87,413.08,3064.49,1383.84,2402.9,11561.74,3850.44,5065.56,3201.89,5323.1,2919.11,8347.68,6076.72,8472.37,1437.44,1595.59,6674.34,3371.01,2653.99,1602.4,4610.91,2855.53,3421.74,1557.98,5054.31,2641.76,2840.05,6495.79,1017.29,5922.94,16784.43
2007-08,5014.37,4076.96,3366.08,25997.67,29323.25,1000.79,3498.93,2233.15,6375.61,1742.12,1071.05,1958.67,3452.38,3528.19,1152.28,1171.83,1640.64,1584.63,3011.93,407.08,3100.47,1386.4,2213.09,12107.05,3803.51,5286.51,3404.76,5711.1,2515.99,8311.56,5894.83,8246.18,1338.53,1522.51,6922.88,3349.98,2615.79,1599.53,4610.92,2802.55,3380.06,1493.18,4761.25,2588.64,2611.28,6030.84,919.56,5401.2,16823.48
2007-09,6151.19,4144.69,3546.33,26862.66,30505.16,967.81,3710.35,2086.1,6653.42,1709.25,1082.57,2011.68,3543.13,3594.3,1135.49,1267.29,1617.27,1529.0,2936.62,388.65,3141.89,1398.9,2173.76,11878.98,3735.37,5336.94,3391.52,5391.54,2485.93,8308.76,5965.05,8237.5,1311.03,1492.82,7325.07,3448.56,2702.8,1634.04,4694.88,2806.26,3359.1,1530.43,4814.23,2725.03,2688.4,6195.22,878.22,5343.96,17241.99
2007-10,7416.95,4221.55,3817.05,28567.95,30547.18,920.95,4152.6,2048.84,7026.81,1773.78,1130.96,2055.57,3656.2,3812.48,1162.56,1199.45,1611.8,1487.36,3132.6,403.44,3285.79,1463.19,2302.34,12820.89,3913.25,5795.21,3643.72,6190.93,2823.84,8946.15,6158.63,8462.85,1352.78,1409.83,7690.33,3651.98,2806.44,1735.0,4772.51,2810.89,3353.06,1569.07,4769.94,2799.47,2686.0,6389.72,873.71,5668.24,18062.29
2007-11,8410.45,4132.45,4249.99,29755.76,31940.73,893.25,4237.25,2040.77,7087.97,1747.14,1111.7,2026.66,3761.41,3935.86,1203.44,1265.92,1650.75,1593.19,3213.87,417.15,3243.77,1459.35,2357.93,12574.93,4144.28,5824.06,4107.17,6827.22,3365.43,9155.42,6320.35,8249.46,1476.61,1475.09,8407.28,4090.04,2811.84,1753.26,4895.17,2900.19,3548.5,1621.75,4787.01,2774.84,2596.43,6291.09,868.06,6014.83,19090.25
2007-12,8486.87,4259.08,3922.43,30294.89,34016.49,816.45,3848.27,1855.36,7342.03,1602.77,1136.75,2021.86,3758.71,3755.33,1158.04,1189.36,1493.67,1430.34,3073.06,390.35,3153.88,1524.04,2035.77,12102.48,3916.13,5849.74,4056.92,5846.5,3493.25,8746.68,6305.89,7765.99,1383.05,1353.85,7505.29,3796.63,2639.72,1687.45,4580.37,2802.98,3476.42,1513.1,4735.2,2656.67,2377.78,6258.94,763.89,5521.89,18563.42
2008-01,9474.82,4243.29,3844.73,29924.29,32952.45,805.81,3686.76,1686.5,7246.46,1482.43,1078.91,2034.97,3580.47,3850.74,1135.8,1116.19,1445.13,1491.57,3234.79,399.23,3252.66,1542.64,1973.91,12617.93,3923.34,5566.94,3992.45,5798.63,3975.27,9401.06,6349.42,7736.35,1295.06,1327.92,7585.51,3916.73,2708.87,1685.14,4505.19,2904.86,3377.36,1515.48,4628.26,2535.18,2198.0,6437.97,701.89,5480.69,18257.55
2008-02,9413.3,3906.03,3321.16,27567.12,32750.52,771.98,3086.0,1571.15,6605.06,1482.56,1004.7,1963.71,3439.01,3627.92,1083.87,1131.52,1398.84,1472.93,2981.7,346.35,2929.12,1359.43,1880.87,11642.5,3778.51,5638.72,4363.15,5207.45,3848.41,8526.6,5957.0,7160.61,1280.78,1234.79,6359.91,3550.79,2394.28,1498.02,4292.05,2847.24,3478.14,1452.01,4699.52,2371.89,2287.33,6033.28,702.65,5158.41,17444.37
2008-03,9678.21,4017.97,3419.16,27856.36,31789.74,709.32,2906.8,1411.37,6739.25,1428.98,971.58,1987.38,3397.39,3771.45,1091.49,1110.93,1288.29,1416.97,3218.47,394.66,3056.78,1339.2,1747.22,11322.53,3680.16,5403.34,4214.1,5923.28,4179.04,9192.14,5753.79,6962.09,1107.46,1222.62,6311.35,3334.82,2318.62,1530.91,4099.72,2870.6,3355.77,1420.73,4445.32,2354.01,2030.43,5567.71,659.82,4528.33,17009.75
2008-04,9314.53,4097.42,3337.27,28761.89,31377.18,731.31,2821.16,1325.56,6974.74,1473.48,939.0,1973.13,3335.61,3694.23,1168.7,1101.45,1338.38,1455.6,3220.07,401.82,3054.77,1343.06,1678.8,10798.92,3724.31,5202.04,4504.82,5551.39,3858.64,9109.84,5786.45,7013.74,1051.8,1206.28,6339.1,3402.96,2353.75,1530.15,4050.66,2929.91,3451.49,1399.74,4548.02,2423.83,1999.08,5199.89,664.15,4237.28,17720.6
2008-05,9552.03,4241.32,3230.55,27982.69,28401.96,768.55,2772.65,1401.87,6834.8,1511.54,1000.88,2031.02,3372.74,4139.49,1153.98,1191.62,1387.78,1546.43,3461.1,462.41,3308.7,1377.67,1910.39,11810.04,4037.53,5525.8,4328.01,6301.39,4671.43,10110.45,6150.66,7365.48,1224.68,1257.98,6799.01,3645.19,2531.09,1580.94,3981.87,3061.94,3711.85,1424.89,4853.8,2535.38,2117.49,5447.83,681.81,4597.78,16615.58
2008-06,10595.89,4268.92,2974.35,28357.42,31267.37,798.93,2736.95,1449.32,6976.0,1592.37,1027.5,2048.79,3456.99,4262.24,1160.86,1164.08,1437.7,1619.35,3778.79,488.09,3561.55,1550.51,1847.29,11712.35,4183.01,5667.7,4595.89,6491.37,5768.99,10508.98,6345.87,7760.17,1229.58,1301.13,7313.17,3893.74,2699.64,1670.58,4027.67,3223.64,3845.52,1530.19,4912.4,2503.26,1982.42,5455.58,683.92,4432.5,16709.27
2008-07,10517.16,3469.85,2355.41,26337.2,26030.67,618.66,1280.46,1218.2,5905.74,1382.75,885.16,1689.93,3233.64,3793.38,897.76,985.09,1238.22,1501.67,3020.41,585.0,3139.83,1225.64,1528.46,9328.32,3744.69,4498.73,4414.17,5212.81,6777.82,9757.51,6202.37,6744.5,1087.2,1166.71,6380.63,3379.13,2224.54,1646.05,3236.99,2728.36,3194.45,1306.2,4220.7,2090.01,1642.62,4333.07,581.97,3555.53,12359.4
2008-08,9980.82,3676.66,2326.42,27020.94,26964.29,702.02,1250.08,1162.02,6348.38,1354.23,918.63,1790.19,3501.73,3769.44,943.18,882.52,1248.78,1460.57,2666.97,610.44,2974.76,1223.06,1469.61,9304.67,4011.12,4725.95,4894.86,4432.67,5222.96,8260.82,5794.05,6442.68,1183.63,1177.38,6317.97,3321.14,2256.68,1688.86,3379.11,2818.91,3425.1,1321.9,4315.17,2151.4,1849.76,4461.46,546.8,3652.53,12417.97
2008-09,9618.26,3653.13,2503.29,30040.91,27838.51,675.67,1322.06,1197.39,6721.42,1472.75,967.42,1852.33,3582.94,3656.71,1008.27,1009.84,1303.26,1550.13,2560.09,578.38,3008.05,1202.68,1468.94,9613.47,4124.07,5255.87,4417.96,4193.11,4895.6,8331.47,5742.6,6745.54,1233.31,1232.13,6656.27,3384.87,2313.52,1706.7,3460.24,2931.96,3476.05,1372.53,4618.54,2231.79,1844.96,4605.72,579.25,3587.85,12472.1
2008-10,8376.2,3638.99,2513.65,30442.36,25862.79,640.12,1096.05,1030.96,6689.87,1482.3,902.82,1746.1,3385.62,3006.42,912.2,955.86,1218.76,1319.07,1762.13,415.5,2374.85,1021.07,1310.74,8277.47,3317.52,4928.05,3758.76,2998.68,3032.13,7417.39,5055.13,5941.44,1130.18,1126.17,5670.47,3138.43,1937.12,1527.15,3316.96,2428.58,3135.97,1232.76,4399.45,2153.28,1903.69,4002.51,541.7,3047.87,12120.5
2008-11,7435.05,3087.62,1948.19,25373.48,24167.85,490.21,742.39,802.91,5762.67,1156.74,729.15,1420.9,3118.58,2366.21,737.59,687.37,827.21,972.49,1190.24,295.94,1676.01,768.66,831.06,7083.58,2607.12,3859.1,2495.86,1946.12,2143.33,6195.2,4484.8,5026.41,1047.93,864.58,4764.4,2583.0,1616.44,1183.84,2776.12,1952.55,2799.02,985.86,3804.71,1881.92,1618.26,3019.81,342.97,2269.36,9912.72
2008-12,6639.09,2854.72,1660.29,24071.31,22373.18,433.29,560.49,764.33,5617.49,1028.19,630.16,1152.15,2952.26,2000.73,697.08,495.2,804.57,931.99,1040.52,241.01,1551.97,762.77,777.26,6200.61,2253.77,3513.52,3146.74,1830.06,1512.2,6341.69,4515.75,4986.33,1017.5,836.55,4299.91,2319.96,1394.47,1045.5,2642.57,1813.3,2501.43,865.69,3531.73,1751.67,1328.23,2866.31,256.97,1926.02,8855.69
2009-01,5993.6,2961.76,1954.86,23587.55,22357.68,477.7,605.59,735.91,5497.18,1061.24,677.1,1219.87,3177.19,1968.49,694.03,558.16,813.39,1009.25,1209.49,230.55,1596.25,839.55,752.81,6660.33,2492.38,3828.37,3826.01,2036.35,1446.28,6215.79,4451.67,5193.6,1048.99,869.34,4265.34,2394.43,1476.25,1019.6,2411.91,2028.69,2458.07,918.99,3667.48,1943.12,1276.14,3213.93,279.99,2026.08,8513.57
2009-02,6405.38,2948.13,1809.98,21847.62,22642.48,409.28,528.73,656.59,4872.59,954.19,652.23,1264.11,3130.77,1839.97,648.85,417.45,680.53,890.26,993.41,208.68,1447.99,739.21,689.16,6369.35,2365.01,3719.18,3729.65,1798.72,1477.11,5989.06,4406.29,4666.95,1047.68,805.01,4129.73,2324.0,1430.03,1014.57,2171.54,1822.47,2069.48,912.95,3366.54,1790.56,907.37,2744.64,260.74,1748.35,7216.46
2009-03,6372.7,2616.14,1751.85,20807.4,20678.96,377.96,454.17,566.25,4416.66,889.32,586.45,1106.83,2813.53,1680.62,511.9,297.75,561.21,797.68,803.24,166.25,1260.25,622.21,616.24,5175.22,2029.81,2919.47,3883.42,1785.21,1400.12,5204.14,3831.42,4378.11,932.34,749.35,3824.87,2278.06,1337.05,937.36,1843.94,1741.49,1826.94,828.74,3322.44,1648.34,763.54,2196.88,196.16,1676.31,5945.6
2009-04,6939.46,2631.24,2003.89,22079.38,21857.54,397.8,502.25,611.57,4528.04,1024.45,598.3,1156.28,2791.67,2027.37,540.99,385.93,618.56,918.23,896.79,175.42,1416.85,669.56,702.08,5519.15,1961.81,3160.56,4207.17,2120.99,1403.41,5444.09,3924.19,4658.83,970.72,832.24,4362.66,2507.81,1529.7,1001.21,1980.36,1848.87,1972.73,861.79,3688.67,1824.61,886.2,2430.83,212.41,1997.82,6756.45
2009-05,7132.45,2715.23,2577.14,21760.36,22343.52,508.08,734.24,797.73,4886.29,1246.15,691.7,1230.14,2723.04,2194.26,713.82,614.31,845.56,1077.57,1128.33,243.12,1722.59,821.51,1066.32,6674.58,2503.02,3602.69,3854.43,2328.42,1610.59,5712.22,3998.07,5119.31,922.92,943.57,5128.01,2793.56,1753.74,1107.61,2505.84,2082.68,2270.19,998.51,4055.15,1989.69,1067.46,2755.55,365.73,2282.17,7813.22
2009-06,6920.41,2917.38,2601.6,23820.38,25136.09,520.83,812.86,791.68,5211.82,1283.63,719.16,1316.56,2956.06,2339.13,729.86,570.9,810.94,1102.33,1236.22,263.13,1810.73,802.94,1049.26,7633.11,2684.04,3824.55,4676.73,2703.12,2174.08,6327.75,4159.98,5168.71,914.39,947.5,5157.81,2930.06,1818.54,1145.86,2576.21,2215.83,2313.04,1046.54,3925.65,2104.69,1182.1,2979.43,382.11,2556.0,8264.96
2009-07,4945.23,3064.91,2565.77,23806.05,23857.05,506.58,728.26,777.47,4975.92,1278.97,717.56,1390.76,3010.02,2214.21,730.93,529.03,778.65,1071.61,1361.79,278.66,1697.68,816.85,1677.76,7218.78,424.08,3356.87,4348.12,2685.0,1908.76,5825.04,4390.88,5085.55,1075.71,886.5,5598.2,3039.81,1881.87,1268.7,2801.88,2507.65,2261.81,1076.05,3813.94,2057.7,1352.41,2896.15,447.87,2685.89,7246.83
2009-08,5542.84,3276.91,2741.48,24688.99,25637.07,560.78,843.06,899.52,5451.97,1431.29,764.54,1432.6,3216.07,2590.23,869.38,720.31,932.04,1185.57,1412.48,294.48,1966.65,920.85,1950.39,7609.4,481.33,3139.9,4444.24,3149.02,2204.02,6114.28,4576.19,5321.72,1089.56,942.65,6364.3,3275.18,2068.63,1351.49,3334.17,2803.39,2543.31,1173.44,4109.42,2103.85,1478.39,3170.75,491.63,2870.26,8184.1
2009-09,5533.45,3269.77,2909.55,24502.79,25694.26,611.59,936.13,958.64,5518.99,1511.44,787.56,1532.49,3274.65,2629.23,929.68,732.15,987.65,1254.47,1497.45,317.77,1997.95,950.99,1982.64,8401.57,542.26,3157.17,4357.8,3302.42,2277.41,6135.76,4560.83,5357.15,1124.88,964.31,6528.45,3373.49,2118.91,1366.91,3490.96,2811.04,2657.05,1250.0,4259.0,2160.98,1671.39,3510.81,561.01,2939.66,8469.65
2009-10,5163.88,3382.96,3076.77,26204.45,26513.39,635.76,1052.63,932.49,5995.3,1694.23,814.81,1577.93,3376.01,2802.34,990.29,740.18,1021.49,1212.88,1590.05,347.77,2168.97,1025.97,2033.17,8872.39,589.64,3284.48,4866.24,3612.94,2647.53,6427.41,4649.44,5751.53,1194.18,1011.57,7033.65,3540.64,2175.54,1460.2,3653.14,2973.36,2751.6,1298.72,4345.64,2237.58,1687.85,3505.2,601.57,3176.35,9125.62
2009-11,4510.0,3413.76,2952.31,26460.66,26439.75,645.65,915.78,924.31,6000.81,1648.99,791.0,1490.12,3082.6,2719.89,947.99,691.13,972.15,1103.3,1396.81,315.69,2164.73,966.57,1977.74,8469.27,547.11,2939.43,4789.19,3697.42,2646.94,6625.88,4558.95,5537.38,1067.28,973.46,6923.52,3664.05,2036.67,1410.59,3632.54,2812.54,2597.39,1272.57,4401.96,2170.47,1597.51,3350.38,568.19,3083.17,8692.48
2009-12,5327.16,3474.99,2958.8,27745.81,26985.06,662.35,990.28,950.45,6431.88,1676.66,821.87,1659.66,3183.15,3009.97,985.53,711.92,1036.18,1057.7,1500.46,327.13,2301.4,1034.03,2193.24,9212.67,576.63,3586.49,5941.68,4136.95,2922.19,6928.83,4740.87,5996.19,1106.13,1030.07,7164.95,3881.47,2154.93,1463.24,3952.09,2821.19,2899.27,1365.83,4624.73,2327.26,1685.1,3539.67,624.41,3160.81,9246.45
2010-01,6105.61,3629.45,3115.13,27466.05,27514.94,686.51,1012.36,1109.04,6438.28,1748.02,880.54,1733.82,3294.61,3063.9,1003.57,789.98,1128.61,1122.57,1732.12,336.95,2405.29,1086.95,2333.09,9536.71,608.1,3537.15,5238.02,4060.89,3134.95,6876.8,5004.44,6492.05,1185.72,1085.49,7612.46,4106.62,2339.72,1551.25,4101.77,2973.67,3034.77,1431.7,4702.27,2365.16,1674.89,3667.26,695.53,3211.22,9019.01
2010-02,5681.64,3641.65,3034.75,26450.52,26602.11,670.5,1050.14,1149.14,6454.22,1691.54,847.13,1739.64,3339.21,2941.58,928.86,722.95,1094.66,1120.48,1514.73,313.0,2245.16,1034.79,2352.26,9620.77,551.96,3483.61,4654.1,3399.5,2907.21,6548.91,4773.67,6075.37,1145.83,1052.29,7120.45,3800.55,2129.69,1467.48,3896.2,2716.68,2935.77,1409.41,4660.08,2336.47,1702.61,3691.58,706.54,2999.31,9736.26
2010-03,5306.45,3743.91,3449.53,26512.24,27741.57,797.02,1099.99,1108.77,6677.97,1799.47,877.06,1777.54,3346.19,3093.05,1037.21,836.49,1132.43,1142.49,1581.44,338.32,2452.37,1138.38,2558.7,9948.16,580.52,3645.12,5321.5,3815.02,3211.48,6668.31,4726.52,6300.41,1160.25,1040.22,7725.75,3952.7,2259.88,1566.89,3966.92,2926.74,2770.45,1492.04,4884.93,2432.52,1746.38,3822.26,758.4,3112.96,9948.21
2010-04,5414.68,3957.95,3107.83,27935.11,29076.98,882.9,1289.58,1167.85,6924.35,2002.5,939.08,1884.08,3478.36,3310.93,1084.6,903.31,1232.71,1237.02,1766.91,343.57,2587.88,1218.23,2784.41,11032.76,683.64,3861.04,5516.34,4231.17,3273.67,6996.6,4859.55,6775.18,1237.47,1111.3,8418.2,4154.61,2443.66,1685.75,4189.27,3099.18,2990.67,1577.61,5203.54,2677.88,1906.91,4137.76,860.75,3336.05,10599.56
2010-05,4844.28,3955.3,3054.61,27441.63,28360.51,873.16,1500.49,1187.35,6968.04,2089.63,963.0,1888.76,3367.34,3395.56,1177.07,1006.48,1369.96,1386.65,1714.21,365.14,2740.74,1312.15,2912.35,11277.48,834.2,3923.62,6112.19,4067.11,3209.24,7298.81,4989.81,6964.67,1274.49,1140.74,8939.12,4199.88,2540.45,1812.51,4382.83,3155.55,3096.52,1627.77,5295.85,2913.02,1981.31,4071.86,910.79,3300.74,11145.24
2010-06,3961.84,3793.32,3048.74,26367.26,26160.48,825.02,1381.57,1097.07,6670.82,1964.59,926.64,1728.45,3098.27,3085.65,1118.67,908.34,1238.8,1237.22,1584.47,330.49,2454.77,1175.04,2617.44,10145.17,739.61,3650.14,5796.73,3803.6,2719.38,6576.22,4651.08,6610.77,1176.87,1060.31,8279.18,3855.68,2340.47,1687.71,3973.37,2882.21,2908.91,1574.68,4976.57,2755.76,1787.43,3846.05,799.72,3017.56,10023.28
2010-07,2705.06,3706.61,2716.07,26039.17,25702.09,885.05,1268.65,1003.25,6358.47,1809.65,861.38,1629.62,3037.74,2604.24,904.46,779.02,1004.6,1101.91,1340.35,321.66,2326.95,1161.7,2331.0,9725.03,561.23,3252.22,4430.26,3359.82,2187.43,5896.89,4660.56,6048.14,1018.25,1002.5,7770.3,3428.41,2098.9,1570.59,3762.74,2833.5,2677.29,1427.25,4307.28,2565.63,1964.29,3540.01,720.69,2786.56,9637.18
2010-08,3200.1,3851.58,2898.38,28215.19,28463.56,901.61,1418.84,1059.04,6729.16,1957.68,840.28,1661.35,3150.59,3025.23,977.03,829.58,1093.01,1177.27,1450.57,384.84,2653.35,1319.46,2703.07,10725.14,630.8,3297.74,4035.38,3924.29,2494.63,6402.05,4969.14,6648.33,1095.79,1062.69,8444.58,3755.02,2258.94,1533.98,4053.89,3046.47,2965.09,1484.83,4504.44,2778.19,2115.44,3769.48,822.98,3130.13,10257.26
2010-09,2904.02,3887.4,2886.62,28204.87,28440.92,880.78,1403.63,942.71,6467.95,1810.77,801.58,1535.68,3146.86,2923.18,954.63,783.66,1051.25,1091.58,1322.35,349.02,2433.13,1220.81,2418.1,9797.52,570.13,3060.43,4505.19,3825.54,2335.9,6162.59,4959.1,6569.77,878.26,994.08,7648.41,3638.55,2071.93,1441.09,3779.62,2915.19,2807.99,1376.52,4326.23,2821.01,1894.08,3631.82,764.17,2876.95,9838.37
2010-10,2985.97,3968.48,2996.6,29395.45,30833.51,975.13,1617.85,1073.33,6710.49,2125.99,900.61,1725.7,3405.9,3246.76,1044.65,887.99,1164.08,1196.34,1479.22,399.62,2819.08,1412.17,2803.88,10786.96,680.67,3531.26,4705.36,4369.32,2650.72,6841.52,5172.58,7079.03,1040.78,1107.27,8782.76,4059.79,2381.13,1662.24,4135.46,3086.26,3126.8,1508.57,4914.75,3032.13,2011.93,3941.71,860.76,3169.9,10624.52
2010-11,3553.06,4112.88,2719.21,29945.71,32482.36,994.21,1911.62,1147.08,6966.42,2198.9,927.75,1727.68,3513.67,3517.19,1066.25,916.6,1219.11,1172.96,1547.26,438.76,2943.16,1502.85,3076.82,11442.63,689.8,3550.79,4598.15,4938.24,2832.39,7188.14,5259.82,7433.21,965.23,1133.85,9227.4,4507.96,2479.23,1781.43,4262.61,3269.91,3327.89,1580.51,4975.71,3258.34,2011.58,4075.14,845.39,3433.52,10428.29
2010-12,3583.06,3993.85,2738.46,30415.43,31187.55,1085.12,2024.04,1120.89,6785.17,2407.72,939.25,1743.66,3361.15,3538.28,923.62,904.83,1255.18,1202.53,1591.44,479.76,3163.82,1579.78,3275.66,11330.75,687.78,3412.79,4635.85,5113.84,3240.71,7561.89,5161.0,7286.82,966.19,1161.89,9324.71,4409.28,2562.8,1872.43,4268.66,3241.01,3471.08,1581.95,5216.29,3437.49,2018.47,4093.81,844.96,3400.74,10608.47
2011-01,4150.9,4161.12,2748.57,31380.89,32125.01,1091.96,1993.95,1213.68,7168.5,2473.5,1059.93,1938.0,3526.52,3797.51,944.93,941.85,1432.87,1376.27,1798.71,531.51,3519.18,1668.04,3556.96,11793.42,898.38,3512.33,4906.76,5941.58,3955.54,8357.75,5402.32,7751.33,1075.59,1256.96,9813.9,4796.82,2716.23,2074.59,4568.81,3422.37,3611.02,1687.55,5411.93,3426.38,2288.74,4419.01,910.22,3708.07,11418.42
2011-02,4345.7,4074.14,2800.57,30254.47,31065.44,1069.58,2068.58,1248.69,7056.52,2386.27,1077.58,2000.64,3489.17,3856.71,1015.94,906.54,1474.28,1468.02,1843.02,572.66,3737.6,1713.09,3553.59,12389.96,922.44,3912.09,4374.21,5831.2,4025.17,8957.18,5514.89,7714.2,1071.13,1278.37,10384.32,4942.72,2918.12,2131.07,4706.0,3549.0,3594.1,1750.8,5339.31,3329.08,2371.64,4590.97,930.44,3762.72,12030.08
2011-03,4293.54,4334.02,2889.74,30420.79,33719.12,1134.96,2089.71,1277.01,7149.29,2588.37,1151.19,2109.69,3605.71,4041.04,1056.46,971.19,1515.97,1463.17,1914.55,623.31,3885.8,1778.92,3444.25,12683.08,1127.18,3891.15,4585.01,5803.37,4025.77,9761.3,5654.2,8275.5,1190.13,1343.6,10557.66,5065.87,3074.14,2255.13,4838.33,3695.53,3671.28,1799.89,5440.17,3452.39,2405.58,4861.55,1010.62,3871.48,12599.88
2011-04,4307.69,4398.47,3008.75,31227.81,35469.63,1207.81,2065.16,1274.19,7320.83,2533.31,1202.69,2119.21,3705.61,4273.61,1119.24,1013.63,1567.94,1484.07,1925.0,682.0,4046.51,1847.65,3502.92,12957.08,1330.25,3948.11,4606.26,5808.52,4384.22,9934.8,5684.06,8573.67,1215.8,1383.49,10213.68,5050.9,3000.72,2297.7,4911.38,3706.26,3784.9,1821.89,5492.42,3519.14,2365.75,4874.91,1019.78,3770.97,12212.09
2011-05,4113.48,4721.81,3164.71,32456.29,37375.73,1293.42,2251.35,1274.57,7644.69,2738.33,1232.26,2223.47,3928.46,4464.25,1167.94,1063.82,1568.37,1513.41,1934.28,645.68,4151.14,1880.98,3578.22,13507.66,1351.48,3906.78,5547.58,5635.59,4557.79,10109.77,5902.05,8776.99,1232.94,1423.75,10347.12,5304.9,3151.52,2390.85,5005.99,3730.71,3995.98,1915.56,5772.65,3619.07,2371.48,5077.0,1073.24,3741.68,12381.14
2011-06,4230.97,4905.52,3280.68,32631.5,39030.35,1277.74,2241.08,1284.54,7967.77,2755.35,1256.76,2219.04,4030.17,4294.24,1188.55,1093.39,1535.3,1472.9,1830.04,624.65,3904.71,1811.19,3456.26,13911.58,1266.73,3843.5,5225.25,5271.03,4289.21,9620.65,5952.19,8838.98,1245.22,1404.01,10123.9,5187.31,3113.12,2422.23,4958.08,3937.04,4029.52,1939.57,5833.02,3767.3,2314.47,5024.24,1090.88,3585.92,11882.52
2011-07,4849.26,4896.64,2570.56,32213.02,35535.64,1169.8,2373.62,1258.9,7270.92,2886.62,1394.72,2045.41,3778.41,4023.5,1079.16,1030.84,1456.46,1366.37,1944.98,643.02,3626.63,1814.82,3925.29,13920.27,1312.82,3740.08,4122.68,5812.54,4174.95,9208.51,6170.29,8265.04,1205.55,1357.09,10000.25,4710.1,2907.89,2246.62,4889.38,3402.53,4039.95,1847.89,5485.19,3706.87,2262.66,5252.76,961.1,3642.07,11248.21
2011-08,4896.22,4878.2,2418.05,31252.69,36544.83,1098.41,2518.87,1263.36,7025.76,2955.13,1266.06,1953.68,3661.34,3940.31,1018.0,966.53,1367.94,1333.43,1823.28,617.71,3415.84,1645.32,3539.47,13090.92,1232.52,3522.62,4268.5,5754.98,4200.85,9283.54,6138.24,7814.39,1193.92,1317.73,10450.06,4821.3,2728.07,2061.76,4543.81,3245.15,3877.81,1763.66,5477.56,3756.59,2188.52,5014.67,923.96,3574.86,10723.58
2011-09,4563.75,4801.32,2470.35,31861.58,36637.92,1122.44,2363.75,1218.38,7066.89,2783.04,1091.25,1858.77,3596.01,3602.38,992.13,899.12,1263.71,1196.95,1580.91,574.54,3161.33,1507.5,3106.13,12086.74,1121.88,3447.68,4684.21,5375.27,3370.82,8341.44,6117.34,7415.09,1039.16,1229.47,9854.61,4524.5,2548.21,1889.59,4284.1,2976.58,3583.16,1690.13,5279.96,3716.99,1981.27,4616.07,806.58,3153.64,10184.1
2011-10,3977.03,4608.72,2395.02,30514.54,34413.42,1016.22,1855.11,1119.4,6800.05,2654.87,1005.13,1712.88,3491.44,3021.39,828.4,769.72,1056.34,1013.1,1251.44,470.29,2638.92,1299.7,2677.15,11557.73,909.8,3306.17,4427.3,3723.95,2361.69,7356.04,6063.76,7025.38,893.08,1130.68,9479.31,4341.83,2407.48,1694.42,3852.01,2591.99,3243.2,1550.6,5126.08,3516.67,1755.01,4221.69,680.41,2712.3,9631.97
2011-11,4794.17,4855.32,2456.43,31097.16,37025.67,1178.9,2138.44,1217.37,7048.75,3093.85,1147.8,1818.02,3663.04,3598.98,939.23,879.69,1318.02,1214.73,1477.41,582.97,3240.09,1566.23,3309.36,12777.47,1175.58,3488.87,4780.27,4716.73,3031.77,8520.49,6462.51,7516.1,1059.36,1281.37,10594.82,4904.3,2716.84,1892.77,4260.2,2936.73,3795.48,1762.16,5603.17,3869.68,1990.91,4873.95,791.57,3118.97,10533.83
2011-12,4802.42,4872.71,2432.28,31038.07,39643.99,1165.87,2055.92,1279.1,7094.29,2976.64,1186.65,1807.26,3715.98,3560.38,984.72,870.17,1350.19,1247.76,1453.11,638.97,3289.68,1717.24,3021.01,12936.91,1237.35,3590.2,4898.53,4703.29,2833.55,8749.95,6523.4,7529.15,1022.39,1264.01,10240.97,4853.49,2690.65,1891.72,4294.72,2935.06,3988.76,1780.26,5673.15,3944.84,1928.55,4822.0,792.65,2996.05,10353.68
2012-01,5183.29,4997.04,2487.98,32265.88,40642.84,1090.14,1965.67,1386.32,7243.38,2900.21,1187.1,1839.44,3878.13,3529.84,989.64,876.79,1330.43,1243.85,1372.54,587.06,3156.85,1666.83,3071.94,12973.69,1265.19,3692.77,4252.31,4487.03,2446.53,8888.31,6736.99,7806.69,1107.66,1288.62,10296.38,4741.52,2654.49,1857.39,4332.43,2947.33,4032.83,1777.87,5676.77,4100.96,1994.19,4902.38,804.15,3004.96,10717.75
2012-02,6034.43,5030.57,2593.42,31517.63,38750.31,1208.53,2211.77,1433.6,7279.78,3181.41,1241.12,1960.37,3969.14,3927.86,1130.75,938.44,1415.7,1363.82,1541.22,612.26,3556.12,1837.91,3470.84,13609.82,1323.87,3776.8,4479.06,5321.69,2481.48,9037.58,6617.02,8018.39,1188.96,1356.18,11468.21,5054.67,2959.32,2135.56,4495.81,3207.05,4305.62,1883.93,5927.08,4302.84,2164.47,5162.26,937.51,3307.32,11125.89
2012-03,5725.25,5125.9,2717.55,31673.47,42792.79,1277.23,2338.43,1447.25,7752.56,3384.05,1305.42,1992.68,4042.74,4004.64,1155.11,993.26,1485.37,1480.58,1498.42,662.16,3711.8,1860.64,3640.72,14126.24,1422.58,4007.93,4335.99,4998.08,2433.65,9649.9,6664.28,8403.67,1173.25,1414.57,12938.97,5411.32,3073.64,2180.51,4671.72,3339.06,4224.15,1911.05,6126.79,4567.08,2323.0,5431.7,1007.39,3522.07,11265.53
2012-04,5894.56,5189.18,2820.54,33443.09,44467.98,1314.78,2431.5,1502.73,7871.0,3430.11,1304.86,2072.07,4238.74,4104.53,1190.02,1037.46,1529.76,1500.63,1501.98,689.6,3650.09,1879.85,3661.4,14130.83,1388.65,4056.0,3795.52,4768.95,2133.24,9411.49,6750.5,8586.85,1154.08,1449.08,13849.33,5686.62,3195.09,2264.57,4728.87,3390.84,4254.9,1965.94,6468.0,4743.81,2546.79,5642.38,1062.62,3671.76,11956.45
2012-05,5635.98,5330.57,2910.04,33890.27,45283.49,1325.31,2364.37,1461.86,7841.87,3427.48,1311.87,2074.85,4298.19,4151.29,1177.83,1035.89,1498.4,1532.06,1437.15,671.16,3588.06,1848.94,3371.47,14166.12,1361.66,4109.63,3560.65,4768.81,2184.85,9254.75,6879.98,8690.25,1153.8,1463.84,13373.08,5681.19,3088.57,2197.65,4707.14,3321.67,4375.81,1978.88,6412.91,4779.48,2490.96,5592.75,1092.75,3473.16,11767.19
2012-06,5665.7,5147.4,2956.16,33703.85,43610.11,1215.02,2049.09,1342.62,7643.43,3227.07,1229.98,1960.58,4186.34,3792.29,1118.66,1008.79,1411.96,1407.4,1226.1,648.05,3186.48,1664.09,3119.47,13041.69,1214.53,3730.47,3428.44,3991.6,1662.4,8313.54,6605.54,8617.03,1071.97,1354.42,12406.4,5246.91,2744.13,2083.41,4448.2,3001.94,4270.74,1853.93,6263.27,4714.31,2254.9,5288.18,1047.35,3054.96,11441.84
2012-07,5395.81,4985.46,17368.99,14765.05,52669.81,1178.67,2014.82,1396.65,7610.86,2816.58,1314.56,2019.19,4226.85,4057.62,1075.49,1046.63,1106.03,1505.4,1260.59,486.72,3157.46,1642.64,2958.19,11603.73,1330.57,3684.57,3549.58,4351.59,1783.34,8042.12,6905.74,8176.79,1041.66,1471.97,12651.36,5073.52,2600.0,2636.98,4492.67,2972.2,4278.64,1806.02,6097.42,4232.37,2362.88,5340.77,983.45,3084.21,12134.16
2012-08,5554.09,4840.89,17850.53,15067.0,54746.7,1249.83,1769.86,1408.49,7836.83,2873.98,1255.49,1932.69,4358.29,4024.82,1035.1,1038.73,1098.08,1475.67,1269.72,460.26,3201.08,1751.2,2920.48,11150.44,1361.7,3793.82,3232.22,4285.2,1728.68,8280.98,7024.21,8691.29,938.16,1476.54,12910.79,5041.33,2610.99,2653.75,4532.07,3047.3,4241.74,1811.99,6305.69,4138.54,2366.13,5171.67,959.88,3074.82,12242.25
2012-09,5671.64,5045.79,16604.19,15099.76,53097.89,1285.93,1918.03,1498.15,8283.73,3174.97,1363.23,2018.06,4368.69,4134.01,1074.18,1122.39,1180.77,1591.89,1252.54,502.48,3327.83,1806.04,3038.04,11442.24,1351.26,3856.46,3740.98,4392.48,1728.83,8605.8,6738.91,8770.58,996.02,1511.37,14150.07,5260.68,2693.22,2757.85,4614.99,3129.98,4161.35,1817.28,6542.24,4259.89,2439.87,5483.48,1005.34,3237.29,12165.65
2012-10,5935.8,5088.84,18314.51,14853.94,52538.77,1287.2,2144.13,1590.62,8496.24,3230.69,1521.6,2133.92,4579.39,4183.26,1129.87,1182.08,1253.5,1695.14,1295.47,520.81,3388.88,1834.86,3141.46,11339.73,1404.95,3987.05,4230.17,4770.2,1764.49,8931.55,6863.63,9185.51,1033.84,1546.03,14179.42,5455.77,2613.0,2826.05,4834.57,3255.97,4064.44,1849.08,6655.53,4417.19,2573.68,5550.33,1038.25,3431.59,12883.59
2012-11,5626.37,5125.06,17819.6,14572.39,51212.98,1272.42,2189.08,1577.54,8538.2,3194.66,1424.1,2052.12,4523.6,4078.46,1158.17,1237.99,1324.97,1744.91,1284.06,511.21,3378.98,1890.23,3396.25,11364.76,1443.81,4007.74,4109.05,4863.24,2124.16,8923.19,6932.1,8919.69,1005.42,1536.45,12654.21,5212.15,2516.37,2784.07,4697.87,3286.33,4221.82,1924.58,6619.13,4270.31,2625.45,5706.46,1026.8,3588.73,12385.41
2012-12,5955.25,5315.03,18287.96,14846.81,52848.1,1292.19,2211.33,1530.54,8642.65,3317.83,1507.15,2067.99,4573.68,4191.1,1180.05,1288.12,1392.23,1726.68,1316.15,485.83,3463.6,2023.09,3486.06,11771.27,1468.66,4040.59,3525.18,4798.93,1881.1,8822.55,6627.56,9094.79,1014.11,1555.49,12699.06,5301.68,2569.84,2926.51,4878.59,3263.89,4280.86,1966.45,6721.04,4357.97,2613.49,5551.61,1031.67,3577.67,12491.11
2013-01,6134.0,5258.77,17606.75,14538.92,49354.9,1274.48,2247.38,1571.16,8706.08,3299.33,1576.18,2087.35,4561.32,4477.13,1179.17,1331.77,1436.21,1828.55,1421.34,520.04,3631.6,2095.75,3831.91,12044.68,1548.11,3969.89,3476.27,4722.5,2022.32,8985.05,6664.92,9167.64,1049.61,1592.02,12158.83,5505.48,2650.55,3025.27,5035.93,3322.38,4406.77,2005.31,6530.04,4433.72,2772.72,5695.68,1092.25,3750.95,12597.06
2013-02,6539.93,5651.95,18030.53,15283.84,52125.08,1308.87,2605.33,1656.07,9428.07,3457.95,1727.75,2314.78,4914.63,4699.51,1311.79,1454.27,1548.42,2031.29,1444.34,544.58,3924.33,2240.64,3875.86,12341.6,1686.26,3813.37,3179.3,4887.76,1947.03,9671.29,6989.9,9665.67,1144.32,1699.78,11376.88,5828.83,2750.95,3251.19,5330.2,3470.97,4778.77,2152.67,6914.32,4746.7,2893.43,6057.49,1156.6,4238.97,13490.13
2013-03,6513.17,6028.4,18668.18,15967.13,53229.48,1456.8,2560.03,1511.22,9713.48,3516.24,1741.14,2285.47,5015.75,4646.8,1341.77,1536.37,1581.07,1960.17,1403.65,590.7,3888.49,2282.52,3833.05,12733.18,1792.11,3879.11,2917.49,4513.05,1785.98,9701.44,7106.91,9972.97,1179.82,1721.22,11207.28,5881.26,2794.81,3296.49,5553.17,3636.7,4936.49,2201.58,7032.14,4769.19,2939.08,6147.51,1193.4,4380.35,14022.97
2013-04,6812.46,6496.74,19434.53,16809.7,54134.3,1564.67,2753.58,1616.75,10184.61,3608.21,1874.82,2375.26,5409.15,4689.39,1497.91,1672.47,1614.16,2083.44,1428.7,642.72,3896.41,2289.34,3985.59,13450.43,1906.99,4225.31,2966.59,4530.72,1801.37,9897.63,7489.9,10524.15,1333.81,1838.66,11415.75,6040.35,2907.25,3455.3,5832.9,3883.87,5166.86,2274.98,7351.77,5019.94,3072.91,6459.17,1266.68,4570.54,14259.63
2013-05,6883.68,6602.66,20372.44,17403.93,56516.46,1630.84,2875.19,1615.54,10530.73,3934.28,1866.5,2329.88,5621.43,4873.75,1484.52,1689.17,1567.41,2015.47,1365.34,651.04,3853.27,2306.89,4239.03,13523.81,1851.11,4332.5,2306.95,4201.89,1699.26,9901.39,7867.45,10930.24,1329.61,1872.89,11548.23,6206.87,2930.86,3404.41,5828.59,3899.56,5160.02,2316.99,7586.96,5239.34,3136.3,6693.79,1279.58,4606.8,14264.83
2013-06,6535.21,6458.96,19352.23,17137.08,54792.49,1633.45,2946.37,1759.21,10501.36,4073.84,1846.09,2450.15,5648.71,5108.0,1511.54,1698.89,1677.11,2084.35,1415.93,744.22,4058.08,2405.98,4709.18,14363.66,1882.02,4601.53,2378.29,4399.62,1701.71,10254.38,7270.86,10815.48,1448.77,1935.08,12225.55,6479.47,3059.69,3617.49,5956.36,3917.45,5288.09,2404.47,7848.34,5202.69,3407.33,6986.7,1263.92,5051.79,15341.6
2013-07,5903.02,6171.91,20925.35,15590.34,51274.49,1667.8,2801.17,1024.7,9904.79,4173.92,1781.52,2332.78,4982.94,4771.44,1853.36,1786.05,1600.84,1869.18,1335.27,741.49,3771.68,1928.98,4671.85,13785.08,1843.68,4677.76,1903.58,4101.36,1307.33,9622.51,7931.94,10225.29,1374.17,1984.2,5371.57,5955.14,4784.29,3678.23,5844.24,3825.83,5139.68,2264.22,7370.92,5044.59,3255.37,6801.56,1541.54,4798.59,14253.93
2013-08,5953.34,6496.92,21001.43,16013.67,52176.83,1647.36,2976.18,1109.02,10362.01,4336.75,1811.05,2463.02,5434.69,5075.72,1958.01,1998.85,1729.56,1858.17,1428.29,844.76,3943.45,2116.09,5210.31,14663.4,1967.87,5172.49,1926.18,4079.06,1445.06,10176.96,8285.62,10697.74,1483.98,2120.47,5658.59,6234.32,5205.0,3873.53,6279.94,4155.62,5337.27,2407.0,7838.44,5186.48,3480.88,7265.05,1578.89,5208.98,14885.27
2013-09,5879.27,6365.55,20043.46,15373.32,49605.13,1616.53,3131.35,1084.04,10322.3,4249.58,1734.69,2369.9,5262.35,5032.89,1875.99,1928.5,1642.78,1758.11,1385.57,816.76,3963.58,2065.33,5142.76,14155.07,2009.53,5252.2,2033.38,4246.56,1493.66,10003.91,7880.46,10443.94,1413.34,2070.31,5336.51,6289.7,5333.36,3769.69,6228.13,4060.98,5248.26,2344.16,7437.13,5053.9,3310.93,7058.35,1488.34,4931.18,14273.07
2013-10,6241.73,6349.54,19909.1,15485.06,51147.86,1749.33,3473.92,1177.19,10395.66,4552.28,1837.03,2455.4,5491.15,5279.93,2006.25,2091.3,1792.63,1891.14,1497.53,885.57,4196.93,2255.68,5489.3,15368.91,2160.79,5512.12,1789.69,4447.07,1531.93,10264.16,7935.94,10988.31,1440.44,2205.7,5536.68,6611.27,5461.91,4070.99,6425.99,4046.66,5553.13,2473.87,7757.82,5258.6,3403.68,7276.17,1542.83,5149.74,14660.88
2013-11,6283.31,6666.85,20842.24,16464.83,53887.81,1918.63,3589.2,1235.02,10997.03,4783.29,1912.4,2615.25,5701.45,5483.57,2136.28,2183.78,1864.25,1949.14,1620.09,841.34,4283.77,2379.61,5469.89,16179.95,2298.72,5799.79,1731.38,4766.22,1687.66,10816.38,8185.6,11584.84,1535.65,2301.74,5252.87,6836.37,5838.09,4209.57,7251.83,4266.24,5874.32,2640.7,8215.88,5455.48,3505.22,7450.77,1603.02,5453.79,15652.03
2013-12,7368.87,6782.45,21192.75,16642.12,52543.83,1971.56,3693.43,1254.52,11418.19,5105.89,1951.07,2688.06,5977.03,5617.33,2170.31,2274.6,1917.66,1995.27,1645.72,843.76,4344.36,2450.35,5558.49,16866.37,2471.04,6188.44,1581.33,4521.25,1779.88,10871.71,8004.85,11584.89,1580.36,2389.75,5461.04,7128.55,6112.23,4325.09,7607.67,4223.89,6166.44,2895.65,8554.8,5619.49,3754.21,7865.24,1685.32,5676.47,16238.05
2014-01,7595.99,6962.18,21904.9,16489.02,53530.73,2017.54,3979.04,1350.82,11189.75,5143.61,1923.69,2724.81,6007.69,5881.99,2296.24,2358.6,2007.48,2120.21,1749.33,835.31,4569.62,2529.17,5641.07,17347.33,2650.11,6439.05,1488.73,4938.73,1920.38,11248.17,8149.74,12260.31,1658.24,2495.25,5809.98,7442.05,6335.41,4541.91,7780.81,4411.55,6328.25,2963.5,8542.03,5598.3,3867.95,7980.39,1833.79,5874.84,16682.58
2014-02,6961.51,6695.44,20311.73,16413.29,49071.39,1840.47,3996.24,1261.94,10449.64,4750.66,1925.87,2772.93,6175.77,5656.62,2175.7,2294.33,1897.1,2109.63,1652.12,761.76,4363.36,2459.85,5483.22,16680.67,2728.93,6601.76,1447.1,4557.4,1774.11,10471.43,8339.02,11750.3,1631.31,2386.55,5850.36,7494.6,5996.95,4607.71,7390.88,4253.39,6228.54,2891.65,7916.46,5335.12,3741.55,7622.17,1776.88,5550.14,15451.59
2014-03,7169.83,7014.36,20781.7,16662.25,50669.65,1893.4,4367.82,1364.24,10795.01,5149.75,1989.54,2872.15,6622.02,6169.93,2219.47,2310.32,2044.42,2204.98,1721.02,808.99,4663.03,2583.41,5957.38,17201.76,3094.29,6993.58,1567.47,4823.17,1852.73,11016.69,8555.0,12044.72,1760.13,2561.69,6103.81,7954.76,6315.5,4815.01,7960.14,4581.77,6339.06,3020.07,8413.78,5652.25,3861.66,7895.52,1857.96,5714.48,15766.03
2014-04,7435.39,7226.12,20975.08,17374.29,52154.3,1978.06,4031.65,1357.28,10986.28,5134.44,2030.57,2909.73,6404.01,6193.39,2293.96,2306.01,2009.15,2127.26,1779.3,877.52,4703.91,2585.39,5881.61,16978.91,3084.92,7056.28,1518.04,4811.47,1799.01,11433.11,8761.15,12162.31,1733.35,2551.25,6312.92,7715.82,6483.11,4684.43,7900.58,4516.26,6511.57,3029.95,8290.61,5742.73,3987.35,8059.48,1801.64,5769.47,16854.21
2014-05,7215.81,7223.91,21835.49,17643.66,55123.69,1952.13,3856.45,1333.36,11242.86,5061.41,2007.72,2770.3,6444.33,6271.81,2268.03,2315.69,1978.12,2086.46,1791.39,830.31,4764.26,2563.66,5875.51,17199.79,3111.22,7099.09,1567.06,4932.26,2176.55,12076.27,9099.35,12166.06,1721.52,2506.54,6255.77,7504.67,6725.74,4528.87,7934.07,4447.42,6673.39,3010.35,8267.67,5660.38,3810.67,7921.48,1745.06,5610.41,17389.13
2014-06,7925.69,7578.92,21970.3,18651.39,57274.04,1921.8,4007.29,1322.35,11159.02,5150.75,2116.87,2901.66,6513.76,6427.59,2250.58,2670.64,2018.66,2103.36,1842.72,842.57,4781.81,2540.35,5974.42,17427.61,3277.91,6982.85,1426.62,5077.28,2013.34,12138.19,9055.39,12659.41,1749.9,2569.24,6493.96,7674.96,7037.03,4669.02,8152.13,4620.69,7022.87,3113.04,8319.19,5771.72,3889.83,8143.88,1763.84,5622.21,17327.06
2014-07,7264.13,7553.32,22321.26,18863.24,54487.55,1937.96,3581.3,2043.32,10021.93,5038.19,2013.95,2725.07,5087.55,6110.68,1839.1,2896.6,1945.52,1916.1,2001.11,948.44,4575.16,2433.97,5741.58,18011.38,2907.68,6859.59,1668.48,4766.1,2106.43,11369.83,9550.14,13281.67,1863.57,2594.78,5772.67,6769.25,6874.0,5353.18,8008.46,4699.67,7331.61,3248.69,8419.22,5736.14,3879.44,7518.82,1873.18,5362.71,16497.21
2014-08,6645.47,7175.81,20786.99,18307.71,52710.71,1823.73,3460.12,2089.74,9674.39,5001.35,2137.84,2685.12,4998.29,5914.56,1683.95,2731.02,1776.69,1725.73,2048.25,818.96,4295.43,2273.95,5510.62,16908.09,2880.45,6984.11,1612.01,4887.39,1871.47,10966.73,8922.08,13627.35,1849.59,2561.21,5952.41,6833.2,6870.09,5161.14,7711.89,4396.21,7171.74,3152.93,8438.45,5547.57,3823.03,7229.17,1802.3,5383.68,16059.2
2014-09,6851.38,7597.65,22413.51,19305.23,55110.39,1865.97,3431.36,2136.26,10232.71,5169.76,2238.1,2736.18,5303.87,6160.27,1777.89,3004.85,1892.76,1882.19,2171.29,785.83,4525.22,2344.74,5739.54,17769.66,3140.31,7246.9,1734.57,4892.37,1945.17,11174.59,9435.52,13663.05,1941.46,2659.74,6127.79,7041.76,7307.66,5355.14,7963.41,4487.17,7476.68,3299.3,9053.49,5660.94,3922.3,7653.75,2058.58,5627.06,17082.81
2014-10,6682.99,7429.79,22826.75,19358.89,55620.93,1717.33,3361.68,1981.21,10195.28,5530.05,2186.78,2662.71,5322.95,6012.89,1739.22,2933.49,1790.82,1737.65,2063.87,719.45,4210.46,2231.01,5153.64,17604.64,3085.29,7535.84,1433.35,4668.06,1664.13,10366.67,9090.86,13599.67,1797.47,2584.89,6027.29,6978.53,7206.99,5221.38,7698.52,4219.97,7504.71,3221.99,8922.56,5624.96,3937.63,7488.04,1938.45,5606.82,16966.17
2014-11,6874.17,7754.75,22748.64,19986.15,58877.01,1789.3,3350.39,2030.3,10563.64,5609.69,2282.65,2965.81,5597.74,5945.26,1782.75,2993.08,1870.55,1797.17,2108.73,726.15,4303.18,2301.41,5244.06,17899.99,2888.68,7781.33,1143.35,4303.58,1559.2,10050.6,9684.54,13876.2,1850.69,2743.48,5964.69,6969.88,7626.53,5465.48,8203.4,4448.62,7979.29,3364.99,9225.8,5693.07,4098.46,7865.21,1988.35,5745.0,17636.63
2014-12,7130.15,8117.86,24344.04,20849.86,59413.66,1821.41,3308.57,2053.4,10877.38,6104.17,2285.95,3141.04,5762.13,6065.15,1842.6,3215.56,1899.43,1818.45,2057.21,658.24,4295.66,2290.21,5515.66,18765.72,2806.13,7812.72,1137.73,4253.9,1616.88,9052.81,9670.41,14300.92,1989.63,2819.78,6438.85,7131.23,8118.62,5638.02,8579.55,4627.37,8386.66,3429.85,10035.22,6095.48,4188.8,8009.4,2077.17,5851.7,18746.34
2015-01,7126.6,7988.92,23077.34,19835.51,57096.93,1772.57,3191.11,2085.77,10880.93,6047.24,2365.02,3168.52,5680.88,6159.43,1922.49,3204.93,1926.56,1815.78,1914.97,620.03,4245.73,2266.52,5533.8,18697.25,2709.67,7883.54,1176.16,3918.69,1350.46,9170.81,9823.36,14129.39,2041.64,2804.62,6577.52,7116.6,7964.51,5643.43,8705.94,4830.73,8504.87,3443.32,10303.91,5948.64,4275.47,8217.24,2067.95,6033.17,19026.95
2015-02,7743.78,7779.65,22818.66,20009.72,58848.46,1766.8,3198.94,2044.26,10328.35,5810.29,2303.6,3167.83,5814.97,6036.43,1908.32,3271.43,1852.87,1699.38,1732.32,532.42,3915.69,2142.27,5174.64,18903.75,2647.38,7820.09,1530.19,3505.55,1114.21,8841.65,9934.42,13437.39,1896.72,2757.41,6031.64,6802.19,8004.69,5503.17,8525.9,4605.46,8125.71,3360.69,10330.98,5991.23,3890.87,7850.21,2075.3,5640.1,18165.61
2015-03,7904.28,8058.22,24299.02,20903.4,62011.51,1853.19,3377.27,2205.5,10689.15,6149.98,2431.37,3372.63,6026.51,6509.68,2052.26,3703.09,1958.91,1878.63,1792.21,609.95,4198.44,2250.55,5634.71,19872.57,3129.33,9162.34,1576.55,4118.59,1280.07,9265.78,9452.13,14629.75,2058.15,2947.23,6516.27,7431.8,8705.39,5788.71,9004.88,5111.13,8333.3,3567.72,11036.44,6378.99,4219.11,8468.65,2195.85,6109.8,19090.7
2015-04,7456.21,8416.24,23006.99,20363.47,56155.71,1775.75,3289.09,2212.25,10435.86,6213.09,2552.96,3327.07,5863.47,6266.61,2071.23,3824.9,1975.5,1907.53,1735.58,624.22,4033.9,2238.75,5599.77,19588.47,3146.76,9396.89,1448.75,3913.65,1041.27,9161.78,9396.63,14296.44,1996.49,2977.71,6005.59,7309.93,8580.21,5791.38,9127.91,4936.03,8075.38,3585.26,11198.67,6358.27,4209.67,8730.69,2222.93,6104.56,18639.44
2015-05,7530.99,8387.56,22908.8,20263.85,59529.68,1935.89,3369.32,2122.07,10378.1,6110.3,2508.79,3265.39,5773.8,6338.72,1977.17,3596.91,1957.76,1802.9,1805.25,610.35,4114.6,2270.47,5594.42,19080.84,2909.27,8752.25,1918.41,4357.93,1153.46,9769.3,9411.27,14921.18,1930.94,2943.0,6395.47,7562.7,8622.71,5621.46,8872.57,4849.98,7944.18,3537.24,10884.96,6388.81,4309.39,8567.07,2150.1,6255.49,19449.8
2015-06,7784.67,8600.93,22953.07,20651.09,60419.73,1854.79,3421.89,2161.17,10366.46,6088.67,2631.5,3338.66,6069.42,6399.08,1999.58,3749.21,2029.57,1824.41,1735.74,571.02,4119.45,2325.73,5535.25,19327.5,2994.58,8865.49,1968.65,4052.51,954.66,9288.29,9323.5,14961.23,1930.81,2965.42,6675.12,7516.68,9119.83,5843.95,8974.52,4855.27,7636.66,3586.92,10950.66,6470.27,4415.19,8957.19,2167.99,6401.22,19590.18
2015-07,7234.6,8398.39,22502.92,19812.64,67666.32,1771.18,3215.09,2067.53,10336.19,6129.06,2708.28,2435.84,5118.4,6182.19,1953.84,3920.74,1862.28,1872.64,1666.07,340.09,3910.14,2192.18,5339.0,18197.48,2725.82,7964.8,1627.01,4319.91,742.4,8729.08,9306.44,14561.83,1795.64,2811.12,6348.53,6810.64,8083.04,5915.48,8184.8,4562.24,7001.68,3357.45,10477.45,5646.62,4327.08,8432.76,1821.62,5714.43,17088.43
2015-08,7035.96,7748.74,24043.8,20506.47,74257.74,1701.1,3475.94,2009.95,10359.69,6483.49,2802.94,2546.0,5291.89,5877.35,1978.34,3893.35,1909.03,1884.4,1527.56,274.12,3660.12,2100.03,5160.14,17848.16,2862.76,8694.8,1196.9,3845.39,693.93,8041.19,9534.03,14339.43,1890.19,2833.39,6506.29,7252.83,7941.0,6158.45,8144.34,4089.27,7221.43,3318.06,11275.87,5882.13,4466.16,8640.56,1847.43,5720.33,17410.96
2015-09,6711.86,7422.49,22914.67,19866.6,71276.99,1609.96,3211.31,1837.49,9627.0,6239.2,2648.19,2429.91,4792.31,5438.36,1862.44,3768.48,1869.1,1834.66,1457.87,261.48,3427.02,1925.09,4839.93,16879.26,2717.29,8491.03,1193.23,3775.29,749.74,7698.71,9101.95,13133.72,1864.43,2688.44,5990.2,6857.06,7506.94,5720.82,7624.72,3935.09,6815.81,3208.1,10713.26,5565.72,4185.93,8144.09,1670.64,5227.47,16853.47
2015-10,5961.37,7280.97,23215.31,20269.88,72258.1,1522.41,2850.03,1731.46,9575.08,6436.26,2387.58,2290.9,4439.11,4970.67,1781.13,3545.2,1720.05,1738.68,1331.33,206.18,3169.51,1783.5,4706.41,16533.3,2447.21,8611.55,1122.44,3546.27,474.55,7314.58,9028.11,12791.48,1835.57,2619.38,5850.68,6809.4,7524.1,5479.97,7658.89,4189.85,6837.92,3016.97,10477.53,5595.96,4062.03,7962.08,1596.69,4968.73,16996.5
2015-11,6439.88,7686.28,24527.79,21906.16,80094.9,1699.04,3285.96,1940.69,10109.89,6692.17,2286.66,2436.53,4833.23,5795.77,1882.79,3824.92,1858.21,1816.06,1418.75,192.6,3469.72,1925.7,4976.5,18073.03,2627.45,9162.73,1324.39,3804.23,326.98,8326.52,9197.72,13886.86,1917.56,2804.41,6517.64,7744.41,8257.02,5889.85,8443.71,4602.27,7457.16,3170.14,11046.76,5873.59,4303.62,8378.45,1740.61,5345.93,19430.77
2015-12,6559.81,7562.79,25017.85,21741.32,77666.12,1651.98,3281.04,1934.47,9989.88,6593.98,2322.68,2498.21,4815.0,5882.9,1921.59,3719.55,1912.15,1929.48,1437.67,217.22,3533.17,1960.77,5069.87,17910.64,2657.68,9103.19,1251.08,3561.16,359.26,8427.37,8837.2,13612.14,1841.78,2854.2,6295.13,7891.94,8341.32,6179.49,8412.12,4579.17,7345.76,3258.32,11136.87,5794.61,4449.95,8334.69,1712.55,5510.36,19531.71
2016-01,6697.67,7768.25,25091.4,21702.83,78082.83,1612.1,3284.72,1818.42,10169.3,6299.66,2264.69,2485.69,4856.34,5592.71,1972.77,3621.16,1830.04,1805.93,1413.68,185.35,3322.95,1939.76,4838.72,17669.33,2421.88,9071.56,1224.8,3301.91,335.23,7605.43,8666.8,13401.12,1769.75,2765.85,6133.53,7865.96,7811.3,6150.73,8067.53,4455.54,7079.92,3200.42,11309.45,5741.56,4367.72,8270.1,1618.61,5205.74,19686.15
2016-02,6207.19,7826.36,24713.41,21665.13,81523.59,1580.27,2979.23,1715.41,10150.19,6408.09,2153.21,2378.05,4303.02,4972.7,1818.82,3428.77,1697.32,1623.23,1275.91,211.85,3152.96,1780.25,4206.2,15916.88,2267.02,8873.85,1339.05,3038.16,374.3,7648.21,9062.62,13384.57,1608.3,2526.57,5388.83,7593.84,7334.65,5735.7,7941.74,3960.57,6459.58,2958.54,10810.98,5698.57,3910.04,7629.52,1422.72,4661.08,18963.62
2016-03,6175.78,8131.37,24597.01,21150.99,82294.86,1699.73,3214.88,1681.26,10137.87,6491.59,2091.04,2412.57,4247.51,5301.26,1857.88,3444.69,1758.06,1624.47,1409.44,250.72,3301.48,1867.59,4372.83,15431.71,2242.93,9073.57,1985.9,3277.57,397.24,7419.87,9171.76,13502.54,1560.27,2579.19,5768.78,7418.28,7206.52,5747.75,8160.61,4015.95,6893.02,3087.05,10823.28,5723.36,3741.09,7640.61,1431.23,4545.28,19326.77
2016-04,6117.59,8281.97,26201.79,22229.04,85522.56,1817.56,3492.99,1794.15,10869.3,6637.91,2266.16,2560.11,4377.26,5725.61,2076.38,3567.27,1949.36,1893.87,1705.38,274.83,3616.63,2037.4,4823.4,16005.17,2441.62,9328.11,2077.88,3792.64,502.66,8343.28,9892.56,14318.26,1605.37,2777.14,6252.5,8022.29,7956.85,6229.9,8777.0,4452.45,7470.77,3270.72,11424.37,6027.79,3996.54,8219.3,1586.94,4841.4,20758.4
2016-05,6524.28,8368.69,25822.68,22311.71,85286.92,1855.16,3277.43,1900.82,10752.07,6489.03,2401.97,2727.34,4586.1,5940.45,1497.16,3622.28,2012.72,1871.44,1872.41,321.16,3643.3,2123.23,4987.92,16804.17,2572.89,9651.46,2782.69,4227.84,770.61,9105.88,9879.88,14348.81,1539.57,2791.34,6033.85,7764.02,7388.25,6278.3,8823.58,4582.64,7387.38,3272.65,11608.23,5880.49,4236.25,8313.46,1550.06,4968.08,20657.41
2016-06,7609.92,8441.21,27377.04,22103.14,85988.88,1907.48,3471.85,1874.39,10779.7,6177.51,2463.05,2783.28,4732.98,5850.06,1533.3,3555.27,2083.4,1928.99,1711.38,305.83,3684.33,2115.41,4857.14,16431.61,2511.6,9842.03,2572.76,4034.7,782.68,9133.95,10055.8,14305.31,1592.77,2870.49,6251.6,8183.35,7881.54,6479.56,8947.94,4648.14,7309.68,3243.87,11878.47,5786.75,4355.24,8471.21,1540.5,5251.63,20778.97
2016-07,6716.19,10860.15,27892.57,23088.12,92465.0,1856.66,3136.04,1687.88,10892.18,6276.01,2290.15,2706.17,4199.0,5392.45,1428.46,2454.49,1992.37,1916.58,1845.09,952.57,3403.6,2037.0,4398.35,15542.21,2170.18,9926.64,2883.29,4317.15,827.08,9827.21,10873.66,15233.8,1462.31,3026.48,5754.89,7813.39,7432.7,6556.14,8880.21,5101.72,6745.96,3173.26,11163.01,5181.55,3870.89,8188.27,1322.48,4518.51,16838.78
2016-08,6931.63,10859.69,27085.58,23507.12,89905.28,1940.72,3412.73,1817.74,11121.87,6398.87,2360.24,2908.7,4511.9,5625.15,1498.82,2694.1,2116.65,2007.84,2097.7,1009.88,3624.7,2142.02,4777.35,16174.76,2279.39,10156.26,3350.49,4513.89,999.88,9546.75,10931.58,15679.43,1536.04,3191.29,6156.35,8438.64,8133.78,6898.76,9079.98,5344.93,7114.14,3346.88,11707.85,5290.13,4083.19,8236.45,1394.75,4886.32,17076.33
2016-09,7911.4,10815.92,26705.38,23172.34,88822.53,1961.57,3441.78,1822.08,11276.89,6612.33,2198.31,2923.66,4371.36,5801.46,1562.77,2738.25,2137.84,2012.91,1934.21,1049.67,3763.19,2135.79,4748.86,16118.01,2343.69,9639.72,2887.14,4139.32,954.57,9650.07,10468.18,15172.96,1471.41,3233.14,6443.4,8676.15,8327.79,6866.18,9133.75,5663.41,7162.78,3309.27,11497.45,5261.4,4366.28,8443.89,1385.71,5146.46,17428.27
2016-10,7592.41,10465.44,25932.22,23582.03,85505.31,1883.41,3653.28,1750.08,11576.65,6151.08,2276.68,2981.65,4376.95,5683.34,1514.59,2603.58,2082.62,1966.3,1976.04,1046.55,3883.44,2169.02,4722.76,16011.93,2334.65,9524.35,2960.01,4485.81,1027.9,10051.83,10707.22,15412.04,1507.36,3251.78,5897.45,8795.27,8813.11,7036.09,8348.59,5834.26,7373.74,3219.33,11618.6,5078.72,4296.52,8450.32,1356.44,5125.06,16737.44
2016-11,7400.06,10908.38,25855.8,23185.24,89447.43,2008.33,3898.98,1603.76,11162.57,5822.15,2154.55,2742.34,4080.36,5572.4,1443.61,2411.44,2003.44,1883.98,1917.69,1027.45,3726.19,2045.67,4555.41,16334.85,2262.11,9700.33,2799.38,4623.32,938.64,9749.39,10740.54,14870.41,1492.45,3114.78,5816.22,8873.58,8818.86,6645.1,7849.26,5606.42,7320.14,2954.47,11175.22,5048.21,4453.34,8351.8,1277.02,5090.05,16613.47
2016-12,7556.07,10269.05,24653.52,21711.16,84871.19,2178.62,4005.83,1730.5,10755.07,5891.92,2172.27,2736.0,4226.26,5983.05,1544.1,2601.81,2212.55,2048.03,2329.68,1109.68,4185.18,2255.58,4953.53,17621.81,2597.2,10432.69,2482.45,5518.09,1134.32,10712.34,10405.3,15834.08,1660.22,3252.42,6051.05,8943.31,9016.67,6830.87,8135.63,5782.44,8362.86,3232.24,11461.43,5461.13,5054.69,9325.99,1368.79,5863.72,17837.68
2017-01,7808.11,10815.36,25254.81,22359.19,88603.54,2018.3,3957.56,1773.9,10926.88,5826.21,2154.61,2811.12,4262.99,5985.68,1559.85,2644.65,2213.85,2050.8,2272.97,1138.87,4168.35,2284.27,5151.2,17868.87,2633.29,9871.3,2533.67,5368.05,1025.01,10923.48,10863.34,16959.19,1705.48,3273.48,6188.76,8953.4,9275.49,6892.45,8304.12,5726.03,8531.68,3310.01,11354.28,5568.92,5322.09,9476.47,1478.11,6079.31,18371.42
2017-02,8225.3,10910.27,25190.37,22146.04,93608.04,2021.71,4185.23,1802.35,11158.77,5845.07,2244.79,2795.32,4309.77,6214.41,1656.05,2793.49,2282.47,2151.0,2351.43,1178.86,4312.64,2376.7,5489.09,18188.6,2708.67,9865.4,2799.32,6057.95,970.37,10451.59,11091.55,17877.63,1761.33,3365.87,6366.37,9549.05,9560.17,7343.92,8455.78,6011.09,8705.47,3371.23,11469.99,5603.48,5335.68,9553.98,1495.74,6149.55,18361.51
2017-03,8549.6,11085.73,25393.54,23491.87,101077.6,2131.9,4178.44,1795.88,11710.37,6003.76,2408.17,2930.77,4638.98,6395.52,1660.93,2907.39,2325.52,2231.51,2564.95,1262.59,4405.91,2420.05,5528.74,19314.2,2755.67,10349.55,2569.79,5537.94,879.13,10140.96,11245.71,18095.36,1782.28,3494.74,6899.58,9933.82,10244.81,7672.03,8763.22,5996.05,8920.48,3456.36,11956.76,5725.67,5615.25,9870.02,1575.23,6428.38,18907.59
2017-04,8513.72,10964.18,26197.58,23582.13,101270.17,1755.14,4427.47,1811.45,11664.09,6030.29,2391.71,3010.37,4638.46,6518.34,1663.68,2943.27,2364.64,2308.06,2384.88,1264.82,4465.03,2433.01,5609.71,18999.08,2636.24,10434.06,2455.52,5432.98,927.57,10090.81,11252.15,18247.34,1812.9,3504.14,6892.52,10191.21,10555.91,7724.28,8785.66,5922.18,8655.83,3413.96,12112.85,5969.03,5465.01,9747.57,1588.52,6428.39,19082.9
2017-05,8740.0,11038.61,26374.83,24036.47,101176.35,1675.8,4592.36,1785.25,11554.78,5968.63,2399.08,3195.68,4647.18,6667.61,1769.91,3018.91,2390.5,2312.65,2370.36,1312.27,4659.43,2421.72,5790.19,19882.36,2715.13,10542.11,2520.95,5309.8,1020.47,9885.06,11277.36,18197.01,1844.6,3582.75,7099.98,10698.91,10586.66,8186.52,9008.53,6161.69,9107.33,3296.7,12507.08,6222.42,5463.29,9980.47,1686.01,6399.36,18834.98
2017-06,8778.76,11247.67,27915.36,24933.4,107426.59,1742.4,4822.32,1754.1,11745.86,5858.11,2391.36,3261.04,4604.14,6616.51,1837.02,3071.78,2348.41,2245.91,2259.62,1281.41,4836.7,2360.31,5756.36,20399.54,2652.24,10968.51,2543.45,5415.8,968.2,9570.72,11497.9,17936.64,1797.24,3684.71,6912.95,11136.91,11357.28,8463.79,9235.15,6314.86,9324.59,3411.8,12532.09,6651.04,5380.66,10198.64,1714.07,6343.54,18983.43
2017-07,8905.41,9666.32,20287.28,24298.21,104833.15,1647.59,4745.21,1806.74,11741.43,6115.87,2690.79,3224.59,4578.23,6450.03,1831.46,2729.58,2333.47,2345.43,2046.54,1238.77,4767.67,2351.25,5824.91,20750.18,2542.46,11656.56,2454.66,5457.81,1159.91,8773.19,11326.84,16651.44,1744.46,3495.52,6657.1,10155.24,10298.49,6781.24,8397.02,6739.64,8874.56,3406.97,11750.27,6293.57,5475.58,9915.74,1742.97,6524.44,20265.97
2017-08,8799.08,9782.11,20821.46,24594.53,102352.3,1560.14,5039.59,1859.03,11901.17,6320.46,2538.88,3219.56,4633.66,6508.29,1752.46,2790.84,2346.54,2341.99,2072.49,1313.66,4907.77,2350.6,5756.73,22340.27,2461.14,12216.85,2747.44,5882.92,1308.08,8945.62,11652.67,17666.0,1754.58,3671.17,6793.74,10693.45,10682.67,6865.98,8170.28,6664.83,8465.95,3376.1,11864.63,6131.55,5536.08,10201.61,1765.88,6792.5,20407.39
2017-09,8814.6,9274.49,20898.43,24716.19,101466.48,1405.83,5112.86,1754.36,11902.22,5996.15,2522.45,3235.74,4788.49,6609.06,1722.15,2825.74,2317.03,2389.89,2106.17,1350.83,4811.67,2277.28,5859.95,22706.88,2465.68,12717.45,2816.51,5898.69,1299.95,8495.22,11999.65,17426.43,1814.48,3656.98,7154.17,11027.29,11342.38,7173.71,8227.25,6626.35,8478.36,3229.5,11626.37,6191.32,5439.18,10140.86,1725.01,6651.63,20526.27
2017-10,9258.57,9327.79,20674.46,23987.45,98413.23,1402.37,5396.84,1804.32,11872.48,6067.62,2478.12,3273.45,4912.03,4825.59,1831.7,2825.87,2498.03,2563.58,2178.62,1432.04,5243.37,2450.63,6418.35,23265.08,2659.33,13136.08,2740.33,5792.76,1317.98,9426.74,11881.9,17157.46,1874.29,3812.23,7447.23,11197.29,11471.98,7392.38,8430.08,6749.38,9102.27,3339.54,12170.79,6198.54,5790.03,10336.11,1757.0,7087.53,20613.86
2017-11,9373.48,9333.41,20999.51,24300.46,95633.64,1322.9,5543.71,1768.74,11455.5,6236.06,2432.38,3430.04,4749.4,5093.37,1876.21,2978.94,2655.88,2801.56,2227.87,1507.26,5531.39,2564.13,6545.21,23691.81,2716.81,13011.05,2611.08,5963.02,1346.49,9526.96,12230.21,16308.0,1883.14,4031.81,7529.8,12073.93,12576.8,7783.26,8827.3,6965.55,8932.8,3307.28,12561.41,6436.63,6040.54,10799.21,1870.38,7282.05,20066.34
2017-12,9223.14,9889.82,21259.92,25238.4,96979.19,1418.26,5706.87,1970.14,11986.81,6681.81,2568.25,3647.0,4839.63,5195.89,1921.37,3203.43,2797.36,3051.99,2269.73,1564.74,5647.46,2565.96,6578.42,24559.65,2804.78,13363.87,2622.48,5952.54,1390.69,9856.07,12469.85,17400.13,1908.25,4218.99,8007.65,12213.26,12798.23,7918.68,9286.86,6911.68,9513.04,3413.92,13772.85,6843.42,6258.64,11564.01,1897.51,7777.01,20152.93
2018-01,9055.1,10295.56,21390.95,26341.58,100808.84,1337.88,5768.23,1997.12,12267.32,7197.64,2646.9,3387.27,4878.76,5218.0,1893.43,3131.49,2858.82,3071.15,2562.6,1526.41,5780.04,2650.5,6475.38,25553.59,2847.97,13430.37,2671.78,6776.95,1553.09,10498.47,11820.13,18158.59,1930.95,4257.56,8102.14,12338.25,12671.19,7742.19,9192.29,6835.92,9792.6,3584.8,14120.39,7042.29,6440.27,11457.12,1910.84,8155.29,20761.67
2018-02,9407.98,10753.6,22622.58,26311.27,100943.34,1384.3,6823.18,2111.57,11925.33,7712.42,2861.76,3728.87,5143.39,5306.39,1897.67,3181.69,2888.09,3034.46,2654.03,1588.84,5995.6,2710.53,6682.07,28914.74,2807.42,14614.91,2852.18,6963.99,1567.03,10790.73,11476.07,18636.82,2032.09,4578.41,8999.21,13529.67,13272.67,8388.35,9626.03,7047.91,10193.8,3749.42,15839.88,7218.11,6961.46,11908.68,1981.75,8576.36,21596.51
2018-03,9521.52,10010.59,20726.73,24527.35,94272.96,1393.51,6871.17,2036.14,11123.17,7563.35,2802.16,3677.92,4977.96,5173.64,1738.23,2784.69,2638.35,2650.49,2600.19,1594.61,5737.69,2549.2,6253.56,28764.97,2885.47,14543.25,2686.27,6751.82,1657.27,9555.27,10904.89,17537.7,1950.82,4465.42,9432.14,13506.61,13607.84,8050.33,9367.68,6766.96,9521.2,3544.13,15123.56,6974.16,6827.94,11355.97,1914.67,8448.5,20428.94
2018-04,9050.55,9870.16,22353.32,24652.6,91709.63,1264.01,6969.73,2028.77,11622.2,7593.8,2763.74,3685.73,4807.48,5125.61,1764.42,2723.18,2616.53,2759.31,2440.78,1630.28,5723.17,2511.35,5820.96,27008.26,2861.21,14086.69,2752.47,6695.72,1549.17,9850.41,11212.96,17439.3,1998.39,4405.38,9324.15,13016.44,13166.44,8013.07,8870.8,6650.32,9568.8,3502.79,14670.45,6951.49,6503.06,11087.63,1993.51,8320.94,20045.7
2018-05,9732.72,9563.84,24396.65,23575.87,78714.07,1340.46,7179.96,2016.76,10911.84,7842.96,2804.0,3825.58,4789.94,5163.11,1768.52,2462.43,2501.44,2735.56,2529.4,1696.56,5395.78,2345.54,5816.93,26500.22,2844.25,13499.51,2768.07,6409.4,1675.23,11084.84,11510.55,16939.3,2011.51,4399.87,9458.4,13283.35,12766.37,7802.09,8217.65,6558.61,9743.29,3528.21,15374.73,7321.38,6617.6,11589.22,1970.44,8186.2,20280.67
2018-06,9882.69,9448.98,24084.27,23142.4,77239.07,1350.86,7859.49,2028.63,10865.09,8144.34,3020.65,4045.25,4829.07,5273.17,1744.82,2427.01,2605.3,2716.1,2669.75,1744.61,5603.29,2521.53,6021.43,27595.96,2924.71,13474.05,2766.09,6636.46,1867.23,11486.49,11487.5,16716.1,2002.03,4626.39,9330.33,14154.08,14163.39,8047.92,8332.8,6337.76,10185.66,3579.15,15540.99,7278.48,6685.92,11446.44,1903.79,8294.1,20264.04
2018-07,931.03,9515.79,24731.12,19922.02,77868.47,1395.12,7374.94,2080.92,11088.33,8551.37,2955.33,4000.16,4416.58,7301.87,2060.9,2512.33,2549.35,2737.35,2575.81,768.87,5083.35,1666.69,5828.21,26232.61,2906.79,13378.45,2682.05,6627.59,1351.47,10892.72,12226.41,17272.23,1912.76,4659.29,8731.54,12982.5,13634.44,8604.48,8247.67,6183.17,9107.88,3382.94,15664.27,6425.68,6144.88,11046.71,2145.49,7794.75,18935.85
2018-08,936.25,9530.0,26511.28,20626.37,81951.8,1451.6,6856.22,1982.6,11278.43,8612.12,3220.99,4091.43,4724.72,7654.02,2178.49,2284.16,2679.75,2730.63,2684.33,872.68,5387.68,1763.83,5633.49,28099.83,3162.03,14696.88,2599.51,6486.7,1309.38,11032.96,12521.8,17877.17,2010.37,4762.22,8662.11,13332.71,14027.02,9310.78,8784.49,6423.79,9818.38,3458.98,16187.83,6512.11,6444.44,11717.79,2204.93,8030.77,20064.04
2018-09,897.67,9592.51,25684.64,20214.97,77494.43,1538.8,7009.42,1887.92,11561.87,9038.06,3402.86,4360.7,4912.39,7725.63,2189.53,2366.92,2682.19,2746.94,2596.62,865.35,5267.56,1754.68,5527.8,27331.99,3193.9,14572.42,2201.3,5831.2,1296.73,10659.57,12581.68,18382.66,2043.14,5145.87,9954.46,13979.71,15691.53,9638.92,8718.53,6363.5,10071.86,3581.66,17623.69,6722.0,6615.68,12129.15,2113.17,8032.2,20524.98
2018-10,843.92,9362.02,26299.89,20141.88,80565.01,1632.65,6920.52,1843.1,11682.58,9126.09,3391.72,4524.5,5020.19,7477.32,2226.3,2212.03,2643.11,2608.59,2572.17,885.92,5300.79,1750.72,5237.6,29165.33,3271.53,15616.86,2140.15,5738.79,1217.87,11104.44,12473.64,18703.24,1994.54,5124.14,10169.41,13948.27,15700.02,9740.89,8620.85,6470.4,10192.94,3525.77,17709.7,7032.46,6439.65,12230.32,1921.79,7745.87,20546.41
2018-11,809.27,9467.95,26620.75,19818.79,86930.34,1394.77,5896.93,1735.86,11575.32,8474.57,3124.18,3995.91,4618.94,6035.63,1967.0,1637.13,2211.79,2412.69,2272.55,792.12,4593.72,1543.89,5273.85,26446.26,2713.5,13362.12,2150.97,5011.64,1231.59,9762.74,12453.73,18523.67,1909.96,4709.55,9561.23,12756.66,14456.78,8950.07,7801.59,5757.39,9198.47,3262.06,15991.36,6916.44,6088.77,11648.52,1702.24,7374.95,19410.46
2018-12,754.21,9453.17,28227.27,22857.36,79618.61,1313.24,6028.88,1797.75,12306.62,8371.79,3243.11,4201.17,4941.04,6392.73,2091.9,1684.29,2318.15,2451.47,2203.39,757.26,4972.16,1594.57,5466.86,26784.09,2907.58,13446.07,2204.12,4897.49,1056.65,9570.39,12877.56,18977.88,1983.96,4766.57,9643.12,12897.03,13202.39,9581.66,8540.53,6324.48,9875.24,3359.53,16381.26,7445.95,6281.11,11639.87,1787.93,7348.73,19836.99
2019-01,653.85,8388.21,26030.08,20516.49,65926.08,1104.52,5546.29,1535.62,11627.01,7703.24,2745.68,3873.34,4570.37,5885.25,1901.71,1514.5,2033.26,2213.72,1870.71,733.33,4483.22,1394.33,4924.52,24052.73,2517.92,11866.92,2354.22,4375.43,1034.56,8302.31,12227.32,17291.69,1738.58,4313.03,8919.21,12101.11,12090.97,8468.79,7872.15,5521.64,8447.27,2977.15,14603.05,7072.72,5484.02,10468.68,1566.02,6692.66,18896.76
2019-02,748.26,9086.98,26993.44,21241.51,71114.21,1269.73,6619.46,1740.23,12326.88,8664.9,3054.46,4273.44,4743.51,6209.66,2031.61,1661.45,2298.48,2512.74,2189.59,809.7,4967.02,1552.05,5391.44,27765.83,2674.89,13097.55,2356.57,4805.99,1181.7,9228.98,12947.68,18141.64,1881.52,4816.49,9822.79,13549.69,12856.67,9257.07,8413.83,6234.19,9286.13,3264.66,15906.99,7513.61,6099.82,11381.41,1807.13,7230.92,20084.49
2019-03,746.52,8749.69,26025.3,21617.78,78375.43,1374.16,6854.53,1806.93,12904.45,9143.5,3095.7,4455.3,4885.96,6428.79,2117.08,1773.3,2427.88,2562.97,2238.32,927.28,5154.27,1678.14,5528.66,30504.33,2750.0,13895.11,2336.18,5175.68,1129.11,9575.88,13444.66,18691.24,1985.82,5180.75,10649.86,14357.42,13697.46,10074.63,8663.6,6305.38,9637.38,3410.43,15887.72,7803.87,6367.3,11222.89,1895.7,7410.23,20190.03
2019-04,756.63,9205.82,26155.77,24928.26,82327.14,1328.62,6991.75,1705.9,13459.42,9093.59,3036.69,4543.74,4921.72,6321.66,2163.41,1634.28,2382.63,2633.24,2126.82,910.96,5156.01,1648.3,5182.84,28441.77,2647.22,13458.39,2398.82,5483.08,1230.97,9836.04,13856.51,17904.7,1966.68,5320.34,10885.47,14870.07,14563.1,10586.92,8712.44,6534.79,9736.11,3381.03,16588.08,8098.93,6195.52,11066.26,1838.46,7225.87,20260.63
2019-05,756.43,9425.65,27529.69,26566.79,79401.88,1437.91,7416.62,1729.71,14203.0,9547.16,3047.36,4408.85,4786.34,6667.03,2307.52,1746.11,2464.48,2844.43,2069.55,906.37,5482.79,1753.49,5387.82,29428.15,2750.65,14883.48,2352.08,5518.23,1265.97,9844.88,13976.08,19160.97,2027.13,5549.77,11289.18,15914.91,15539.6,10749.71,8740.61,6718.23,10218.75,3547.24,17526.82,8567.07,6785.0,11294.78,1915.1,7887.52,21580.57
2019-06,719.15,8880.05,27605.81,25485.5,71232.33,1418.06,6715.0,1569.59,13648.88,8494.05,2898.88,4277.0,4609.17,5790.36,2079.83,1704.78,2227.32,2700.87,1749.13,808.52,4829.64,1574.21,4602.72,26727.75,2425.87,15130.77,2421.84,4891.78,1078.55,8680.88,13700.4,18578.7,1975.39,5388.98,10015.12,14902.88,13415.51,10029.56,7785.74,6356.3,9369.52,3332.4,16274.73,8563.75,6295.2,11425.25,1650.98,7324.61,20505.99
2019-07,3862.42,10165.21,28615.72,24044.55,70574.91,1653.84,7207.0,1695.7,13410.24,7977.25,3143.99,4360.86,4328.54,5391.32,2253.25,2106.54,2366.04,2758.63,1982.16,798.65,5214.09,1668.92,5021.35,26758.99,3155.99,16106.85,4284.28,5246.27,886.44,8983.5,14251.48,19874.93,2882.19,5581.45,9843.03,14733.36,14251.76,10897.87,8632.99,6868.45,10545.45,3441.59,16851.26,8769.7,6139.24,11693.17,1788.3,7711.21,21135.64
2019-08,3868.45,10396.75,29457.61,23528.3,72957.41,1878.36,6927.92,1750.72,14005.21,8051.37,3220.48,4413.38,4173.51,5457.18,2216.81,1871.43,2417.4,2764.35,1966.64,783.31,5239.27,1655.06,5056.29,26144.38,3249.67,16074.14,4094.63,5127.74,780.61,8743.83,14083.3,20150.14,2959.28,5510.76,10261.36,15266.65,14989.4,10436.22,8652.4,6967.02,10866.14,3441.16,16935.35,9048.83,6432.09,11945.47,1860.64,7912.34,20681.47
2019-09,3818.14,10358.76,30242.05,24955.11,64898.05,1913.07,6717.41,1668.7,14220.32,7563.99,3113.58,4393.55,4146.37,5167.57,2152.32,1768.63,2342.16,2850.77,1729.27,694.39,4897.58,1597.69,4645.04,26995.03,2917.44,16894.05,4471.94,4752.43,659.15,7841.11,14504.1,20201.28,2917.67,5423.35,9231.95,14965.57,14662.92,10725.49,8205.36,7068.3,10214.76,3352.3,17129.42,9150.31,6095.65,11402.78,1783.05,7635.45,19908.04
2019-10,3660.1,10513.6,29902.04,25250.64,65034.82,1791.99,6710.59,1669.66,14457.02,8296.89,3208.61,4322.04,4102.07,5422.74,2172.01,1897.9,2489.36,3032.3,1844.55,703.42,5239.87,1686.16,4985.84,27626.68,3043.95,17097.05,4225.71,5068.54,602.13,8193.89,15031.24,20701.76,2883.89,5168.14,10026.4,14864.67,15536.41,11079.83,8408.28,6989.33,10257.95,3543.98,17378.31,9079.9,6354.85,11477.04,1833.98,7784.86,20459.76
2019-11,3492.45,10274.88,29751.0,27460.09,70303.98,1886.77,7245.26,1715.68,14294.82,8112.04,3289.75,4479.1,4316.69,5349.88,2200.48,2102.74,2586.43,3088.87,1909.14,681.39,5562.32,1736.96,5330.14,26565.57,3055.5,16447.67,4478.53,5021.87,533.4,8136.41,14986.94,21040.14,2820.37,5313.24,9962.81,15351.75,16687.54,11316.86,8382.71,7047.03,10408.8,3633.73,17887.39,8686.43,6577.76,11942.56,1859.51,7866.12,21010.58
2019-12,3454.88,10852.62,29507.0,27268.29,74182.77,1963.92,7893.24,1731.36,14095.44,8542.14,3558.54,4723.06,4418.9,5542.98,2192.39,2054.68,2698.71,3145.41,2023.96,650.93,5768.76,1927.9,5490.69,28091.6,3404.6,17258.61,4357.56,5297.21,480.25,8301.6,14603.41,21553.64,2797.62,5508.87,9859.98,16167.67,17638.62,11896.02,8637.85,7150.9,10666.77,3819.87,18244.07,8884.39,6950.16,12697.14,1986.3,8414.72,23003.36
2020-01,3839.45,11170.17,30678.09,27504.84,75440.38,1943.84,8259.96,1786.46,14451.1,9201.43,3667.73,4777.45,4617.62,5608.25,2258.2,1984.17,2816.1,3127.86,2032.49,726.78,5981.28,2018.27,5874.25,26502.08,3414.58,17204.69,4989.26,5733.8,483.36,9022.98,15159.24,21935.33,2897.79,5630.78,10340.18,16644.92,18912.75,12376.95,8850.0,7180.87,10874.5,3938.41,18572.95,9083.85,7153.41,12943.62,2092.33,8454.05,23989.58
2020-02,3712.26,10994.79,32276.3,28246.32,72679.05,1874.27,8342.96,1707.67,14752.98,8619.48,3688.89,4731.51,4518.41,5185.15,2186.35,1893.67,2778.69,3311.89,1720.05,672.95,5730.38,1929.65,6415.81,26535.04,3330.93,18876.43,5070.64,5211.03,371.42,8057.34,15869.29,21359.1,2882.88,5797.07,10064.0,17543.34,19331.23,12069.12,8314.9,7110.98,10856.38,3841.09,18774.45,9217.49,6938.02,12516.31,2053.57,8699.01,24812.88
2020-03,3485.47,9958.07,29634.4,26122.51,67804.96,1553.51,8033.31,1712.85,13496.65,7735.97,3500.31,4404.68,4309.04,4730.01,2007.46,1739.28,2564.66,3075.56,1543.08,601.43,5419.75,1798.24,6009.12,23212.68,2958.64,16488.72,4926.32,4573.53,338.61,6802.23,14236.24,20030.03,2701.18,5378.69,8828.51,16627.59,17583.35,11054.72,7648.69,6575.3,9638.23,3476.54,17892.58,8475.36,6141.22,11380.49,1847.23,7840.56,22700.08
2020-04,3083.75,9506.22,27912.03,23376.74,62091.13,1259.96,6703.2,1318.35,12578.63,6358.29,2849.1,3896.72,4201.23,3897.63,1816.79,1111.07,1906.23,2085.8,1216.97,398.7,4460.12,1418.83,4553.1,14902.34,2261.91,15098.3,4895.34,3687.62,199.23,4437.29,12342.13,17502.64,1928.21,4426.06,8107.71,15100.48,16104.63,10137.21,7195.96,5924.78,8009.32,2855.81,17060.64,6719.44,4662.04,9901.26,1179.09,6499.11,19742.88
2020-05,3379.16,10300.79,29241.18,25934.11,63317.65,1483.09,7686.44,1427.74,13804.68,6966.71,3364.78,4472.67,4756.24,4610.06,2147.59,1257.43,2161.23,2543.23,1357.56,443.83,4887.48,1625.49,5864.57,15932.9,2547.95,17167.68,6454.22,4141.37,234.99,5992.85,13087.71,19049.97,2225.74,5228.55,8946.11,17507.65,18388.31,11768.04,7948.64,6381.37,8837.98,3206.76,20254.13,7974.14,5206.11,11069.21,1329.95,7388.25,20197.33
2020-06,3537.59,10647.92,30429.35,26158.31,62554.36,1506.38,7944.99,1593.73,14094.05,8018.13,3516.38,4705.98,4936.97,5102.71,2368.62,1358.53,2399.81,2922.24,1435.71,463.07,5284.58,1775.94,6518.81,16710.9,2753.44,17247.11,6431.83,4323.84,242.04,6004.5,13627.81,20290.29,2386.53,5763.14,9861.23,18859.49,19785.53,12593.15,8125.64,6560.64,9517.0,3457.78,21422.4,8149.47,5373.22,11464.24,1403.09,7909.66,20292.73
2020-07,3446.54,10139.81,29256.13,28861.96,60840.48,2346.44,7652.49,1506.07,13953.69,7840.42,3366.89,5621.0,4429.5,5371.82,2643.99,1425.55,2482.96,2872.96,1476.24,614.32,5878.9,1910.06,7572.89,16781.74,2581.4,16521.89,6665.47,4678.37,217.29,6048.53,13228.9,19637.87,2298.0,6398.78,9694.95,19042.2,21849.16,12592.85,8085.51,7133.23,9539.87,3411.42,22126.65,7713.68,5024.04,10821.53,1376.99,7824.66,17381.09
2020-08,3642.63,10726.65,31294.54,30428.82,65573.03,2695.57,7972.09,1578.86,14973.75,7892.23,3921.73,6279.93,4503.84,5753.66,2955.54,1155.16,2646.16,3251.0,1508.27,749.35,6464.05,2079.29,9118.18,15432.1,2678.94,17019.42,7669.45,5251.46,231.5,5902.38,14195.44,20528.5,2463.35,6823.27,10044.16,20026.28,24110.84,13907.41,8080.39,7385.42,10157.86,3582.99,24591.97,8048.86,5078.81,11215.33,1364.83,8142.32,18818.39
2020-09,3615.08,11063.82,33051.41,31204.05,68698.18,2897.69,8968.5,1634.62,15689.58,8844.07,3957.7,6497.29,4588.16,6027.7,3134.49,1300.16,2851.32,3484.02,1632.18,744.65,6763.22,2329.5,13448.21,16758.63,2679.2,17485.87,7517.53,5745.46,236.02,5867.53,13813.35,22025.99,2641.6,7122.45,9476.37,22293.8,28013.7,14142.81,8546.99,7893.57,11450.59,3758.18,27156.09,9001.96,5433.75,11674.9,1524.88,8503.24,20664.02
2020-10,3623.93,10611.89,32638.31,34966.66,63041.02,3215.14,8765.18,1555.35,15581.68,9353.25,3928.03,6412.25,4514.58,6079.49,3064.62,1333.24,2778.52,3619.21,1544.79,943.83,6777.77,2346.17,12034.65,15867.74,2521.16,17181.89,7022.33,5861.95,255.4,5067.26,13722.27,21586.54,2568.06,7010.82,8921.99,21174.26,26500.33,14027.14,8394.32,8157.63,11605.75,3665.35,25901.19,8932.35,5163.32,11375.84,1495.82,8139.15,20392.71
2020-11,4078.54,10254.6,31729.77,33358.8,59457.1,3425.26,8377.57,1457.83,15439.53,9188.18,3931.65,6166.6,4255.44,6069.15,3090.43,1402.77,2752.87,3403.65,1656.83,1085.02,6932.47,2271.97,11471.31,14863.46,2488.83,15867.12,6907.75,6985.66,206.67,4932.96,14314.01,20631.59,2556.01,6751.78,8416.04,21142.76,25504.49,14546.7,8263.35,8566.86,11213.08,3630.0,25097.14,8850.78,5092.14,11299.45,1554.81,7969.88,20318.91
2020-12,4683.67,10967.53,34432.31,37041.03,64245.25,4146.14,9339.75,1803.0,16318.59,10514.48,4478.12,6635.09,4689.14,6807.4,3331.08,1740.08,3145.61,3781.0,1971.84,1294.5,8141.05,2681.44,15647.35,19658.32,2933.69,16748.73,6523.14,7945.04,239.56,6394.31,14634.68,24001.78,2879.69,7844.38,10103.45,23104.03,28475.16,15644.86,8981.7,9473.36,13134.67,4202.43,26954.83,9805.49,6015.81,12623.59,1886.09,9407.21,23680.56
2021-01,4745.79,11164.77,36752.27,38075.85,68660.26,4804.74,10259.41,1998.78,16440.87,10958.25,4808.6,7050.87,4899.84,7019.01,3561.03,1943.39,3287.11,3903.52,2092.24,1485.7,8358.68,2778.21,18285.57,20130.83,3050.55,16550.41,6844.95,8733.22,305.18,6749.13,14679.68,25496.1,2950.96,8142.55,10927.3,24017.15,30718.31,16488.32,9070.42,9687.98,13235.55,4275.35,27358.98,10221.08,6468.14,13141.45,2079.91,10149.96,24275.07
2021-02,4863.73,10996.95,33212.39,35455.34,67096.6,5081.14,9862.05,2080.36,15400.26,10427.45,5177.87,7146.6,5093.34,6988.04,3506.99,1967.8,3312.4,4132.19,1991.62,1507.75,8533.21,2851.59,20563.42,18607.45,3058.65,15620.03,6736.91,8916.14,339.37,7061.76,14596.64,24471.28,2850.72,7794.1,10972.8,24145.0,31385.28,17263.66,9020.98,9192.43,12623.63,4202.36,27822.75,9772.0,6255.96,12714.66,2160.65,10011.79,23610.99
2021-03,5452.66,10976.62,33436.15,34258.84,70939.56,4951.43,10920.2,2362.98,15777.24,10837.9,5226.65,7227.68,4987.73,7142.18,3633.97,2360.86,3543.92,4300.09,2337.7,1732.71,9538.3,3030.76,18503.5,20239.55,3213.18,16012.94,6273.86,10207.49,355.62,8667.54,13868.33,25947.14,3030.74,8512.86,11668.72,25113.59,30529.11,16872.42,9123.36,9255.39,13746.06,4416.98,26924.51,10490.11,7163.25,13139.73,2555.61,11054.11,25021.99
2021-04,5635.04,11821.13,35600.85,36935.51,78091.93,4564.57,10562.94,2481.54,16936.72,10870.64,5486.62,7179.76,4986.36,7683.12,3713.05,2556.59,3873.26,4872.45,2849.76,1689.75,10218.04,3164.44,18683.81,22591.51,3459.68,17328.49,6801.35,10142.14,306.87,9028.22,15251.96,26360.75,3234.27,8675.23,12757.66,25250.84,30950.8,17137.44,9910.89,9789.06,14817.13,4800.69,28400.5,11031.63,7513.69,14372.68,2510.87,11475.38,26674.56
2021-05,5871.83,12122.6,36746.84,38256.99,79206.92,4629.49,10593.69,2487.17,17141.14,11406.95,5744.48,7584.84,5070.23,8018.4,4049.69,2717.66,4071.61,5210.71,2930.82,1872.06,10439.75,3141.39,19459.38,22870.65,3557.98,17854.18,7009.02,10755.78,304.46,9172.11,15836.1,27513.6,3231.26,9285.62,13044.35,27792.58,32626.42,18324.58,10155.17,10632.7,15636.58,5069.86,30708.69,11617.66,7963.1,15386.5,2620.96,12288.65,28131.96
2021-06,5498.97,12565.68,37456.37,39053.16,80820.25,4805.2,10495.16,2702.75,17204.33,11307.94,5834.52,7348.64,5102.04,8385.2,4265.12,2803.93,4063.25,5248.18,3352.64,1770.4,10673.26,3129.14,18189.09,24016.16,3563.46,18002.45,8407.57,11430.38,415.98,9654.58,15595.18,27849.84,3233.3,9237.33,13603.37,27635.72,32279.71,18515.47,10477.74,10235.94,15916.89,5119.92,29845.51,11630.23,8185.3,15985.3,2647.4,12954.25,29414.21
2021-07,5299.14,10922.22,42113.43,34536.23,81192.45,5833.36,10807.39,2603.39,15914.36,12710.26,5829.76,7458.29,4535.52,7905.03,4370.29,2544.18,4019.88,4236.82,3439.93,1794.75,10255.75,3249.06,17282.24,23618.11,3457.59,14315.45,5938.41,10540.42,473.55,9961.05,15913.77,27219.38,3859.02,8503.91,13484.08,24460.02,32025.96,17656.28,9940.17,9201.06,16220.06,4728.41,27788.82,12200.94,7868.54,14410.25,2704.94,13658.37,5304.89
2021-08,5137.18,10643.49,44031.77,34983.17,81969.71,5608.11,9907.49,2534.82,16472.56,13316.79,5991.13,7826.35,4572.28,7917.42,4538.21,2546.27,4003.19,4371.75,3687.05,1890.25,10284.9,3234.58,17399.64,23317.53,3513.24,13999.34,5776.46,10770.98,555.2,9062.02,16355.95,28143.75,3925.47,8633.55,13780.22,25370.84,33012.15,18772.29,10214.61,9070.89,15494.92,4832.26,27732.25,12831.89,7853.25,14421.84,2821.15,14038.7,5356.89
2021-09,5256.64,10552.56,43993.48,34407.81,84811.74,5030.72,11223.44,2544.54,16467.15,13223.9,5834.21,8019.41,4744.53,7941.39,4789.65,2538.05,4174.89,4414.81,3815.64,2164.91,10383.39,3283.88,17842.58,22808.7,3600.38,13575.48,5343.69,10539.11,680.52,8949.93,16817.48,28501.78,3934.75,8816.87,14595.81,26753.6,34393.11,19436.58,10227.13,9949.04,15476.15,4893.82,28544.87,12674.19,8019.49,14819.15,2935.05,15216.45,5466.46
2021-10,5038.49,10302.1,41118.97,33220.9,77628.28,4526.09,11397.0,2572.64,15778.05,12002.94,5356.11,7658.61,4437.52,7533.78,4435.44,2332.9,3898.54,4119.23,3402.71,2213.25,9582.46,3078.08,18641.69,22896.56,3437.13,13026.29,4962.42,9520.51,754.72,9947.85,15951.9,27871.39,3801.87,8288.98,13656.3,25186.14,32355.53,18358.53,9467.75,9267.57,15013.76,4693.07,27229.58,12814.42,8124.99,14221.55,2905.35,14510.68,5241.18
2021-11,5179.04,10519.43,43361.67,35002.95,76567.74,4688.07,12306.55,2623.06,16315.13,13475.06,5397.87,7983.71,4521.71,8321.98,4575.49,2346.49,4176.54,4424.04,3745.77,2095.92,10037.7,3485.77,25376.27,22887.69,3583.78,12683.39,4964.42,10645.79,789.75,10977.86,16745.48,26558.97,4342.68,8384.98,14320.82,27811.43,35044.58,19498.48,9559.8,9349.53,16451.69,4992.7,28765.15,12926.6,8527.52,15714.93,3096.98,16160.46,5591.04
2021-12,5328.38,10130.02,40660.52,35011.04,71192.04,3840.92,11331.49,2509.33,16454.07,13486.4,4761.36,7373.7,4422.86,8257.17,4898.21,2243.43,4338.26,4589.27,3509.68,2051.76,10250.34,3356.82,26139.62,21415.67,3401.94,12615.6,5001.72,10638.41,641.05,10480.56,16348.28,25089.33,4246.58,7724.08,14676.94,26971.39,39219.4,19390.1,9528.85,9177.55,15690.12,4926.63,29363.27,12651.35,8075.24,14881.76,2820.05,15588.4,5400.67
2022-01,5586.8,11086.33,45775.73,37998.7,78827.6,3755.57,11634.56,2613.93,18490.03,12968.04,5241.75,8099.75,4659.11,8770.28,5203.13,2437.0,4687.21,4990.87,3843.85,1956.03,10704.8,3221.69,24726.85,22720.94,3582.69,13223.15,5509.4,11540.77,732.98,10962.17,17696.49,26077.52,4246.25,7899.93,16308.63,26946.07,40827.69,20369.74,10086.55,9440.03,16804.67,5354.5,29299.84,13678.29,8379.99,16302.07,3085.2,15925.47,5686.17
2022-02,5661.59,11205.14,45837.45,37271.71,85042.48,3063.92,9366.86,2465.11,17758.67,11524.32,4482.61,7213.35,4313.93,8099.46,4627.75,2135.88,4131.02,4316.79,3445.78,1572.3,9999.5,2756.85,22256.88,22753.69,3464.81,13998.31,5374.06,10774.04,737.82,12911.12,17302.66,25436.32,3801.16,7239.74,14564.47,24500.19,38141.73,17823.89,9576.17,9681.07,15848.53,5004.25,26646.78,12539.99,8622.78,15772.25,2840.39,15331.46,5792.6
2022-03,6108.44,11287.02,46502.27,35267.58,84359.81,2997.45,9305.05,2547.77,16989.11,10848.67,4667.14,7324.97,4198.29,7865.49,4579.45,1979.19,4097.32,4145.22,4267.7,1735.53,9532.09,2758.18,20678.74,24886.6,3656.46,15377.63,5809.19,11925.74,998.8,14014.02,17040.35,25487.53,3725.9,6631.65,14386.77,23085.21,37274.2,17081.32,8742.8,9489.28,15631.67,5082.16,26159.03,12344.0,8487.49,16236.23,2762.28,14651.37,5859.33
2022-04,6762.07,11613.05,45915.26,36263.82,81251.0,2728.11,8950.89,2558.76,16484.79,10733.29,4847.16,7383.09,4499.64,8201.66,4655.92,1798.67,3872.35,3915.92,4920.43,1973.99,9798.71,2792.27,24127.36,24284.3,3763.18,15570.55,6943.97,12735.92,1257.47,15500.22,18641.02,24858.37,4118.84,6953.92,14669.93,23752.68,39252.96,17811.65,8962.87,9782.46,16329.91,5231.45,27033.33,12580.52,8078.71,17393.14,2706.6,14602.02,6347.69
2022-05,6752.12,11889.75,47874.45,37366.9,86430.64,2413.33,6447.28,2268.08,16800.33,9990.94,4107.66,6522.05,4308.24,8101.46,4077.28,1919.66,3750.22,3663.4,4603.92,1913.11,8851.97,2418.52,20177.47,22001.43,3558.7,15070.85,6295.63,10751.31,1355.56,15278.68,17924.87,22306.31,3913.32,6305.55,13073.86,20787.7,34056.47,16077.17,9043.61,9404.4,14645.91,5113.84,23982.68,11931.03,7437.99,16805.19,2392.91,12870.44,5881.26
2022-06,7235.71,11478.96,47732.27,36756.12,88750.95,2383.69,6343.03,2107.83,15909.83,9313.77,4072.69,6485.74,4397.67,8469.72,4321.15,1964.77,3848.2,3861.23,4225.3,1967.01,9111.14,2389.33,18205.76,21219.95,3617.06,15282.05,5866.35,10441.04,1366.97,17745.21,18709.79,24227.92,3739.67,6163.01,12636.84,20210.24,33584.53,16378.19,9099.99,8952.63,13985.76,5215.52,22615.02,11895.15,7711.54,17092.86,2404.62,13362.08,5893.05
2022-07,4074.4,10151.09,33656.39,25217.46,76391.36,1943.8,5021.31,1697.96,13549.29,7572.38,4787.33,5046.32,3940.88,6660.21,4080.04,1643.83,3190.26,3164.74,3135.5,1881.33,7307.56,1808.23,15269.61,20957.69,2882.46,8859.27,4305.53,7924.37,1341.27,14314.26,16702.02,19847.81,3040.36,5116.36,9654.02,15810.28,28637.93,13890.07,7508.31,7259.73,12127.56,4745.28,17936.89,9818.61,6268.1,15309.39,2163.8,11000.13,3352.33
2022-08,4335.13,10615.71,34766.43,26587.86,76812.25,1998.37,5881.09,1900.17,13583.14,8464.27,5391.42,5383.7,3963.46,7301.25,4587.3,1757.2,3753.64,3647.02,3775.98,2152.59,8335.36,2199.38,19702.51,22285.05,3117.76,8737.88,3392.03,8595.67,1385.86,15923.3,17716.71,20000.64,3414.74,5788.44,10484.05,17172.53,33570.11,15831.66,8392.01,7771.49,13280.87,5170.75,21006.77,10934.99,6806.22,16096.33,2468.24,12136.19,3701.33
2022-09,4551.75,10553.57,33242.24,26078.2,76710.86,1890.68,5871.0,1802.86,13578.47,7962.36,5213.44,5130.0,3768.78,7181.74,4331.69,1542.76,3446.87,3431.71,3724.86,2124.85,7907.8,2101.11,18824.66,21807.48,3035.99,8856.24,3075.84,8334.04,1564.46,16341.55,17668.35,19415.72,3178.57,5516.35,10103.13,16349.41,32063.92,14494.4,7753.58,7041.81,13026.04,5080.87,20249.41,10716.39,6588.41,15935.6,2316.44,11981.83,3632.47
2022-10,4227.58,9719.56,30345.17,24569.49,67389.21,1593.54,5623.57,1556.22,12138.79,6548.46,4950.87,4815.49,3770.11,6427.31,3729.53,1302.19,3184.73,3156.04,3046.59,2007.77,7124.0,1880.12,17621.26,19016.65,2805.8,8132.94,3131.53,7690.84,1412.59,14766.99,15575.39,17018.11,2969.97,4991.21,8967.55,14649.18,28007.41,13344.67,6724.52,6054.28,11363.98,4594.32,18689.8,10225.5,5978.39,15191.35,2014.04,10917.8,3420.78
2022-11,4805.1,10799.37,32504.25,26871.76,75525.6,1652.73,6462.55,1689.56,13047.02,7260.94,5248.2,5212.1,4123.64,7000.15,3710.71,1411.93,3446.92,3583.32,3650.97,2338.13,8316.78,1959.27,16299.03,22026.6,3284.22,10178.63,3193.72,8378.79,1586.54,18470.7,16089.67,18709.46,3310.88,5394.21,10120.66,14914.61,30788.07,14117.59,7532.52,6397.26,12207.92,5215.57,19137.8,11302.61,6795.4,17175.94,2153.51,12539.75,3864.67
2022-12,4911.15,11090.71,34815.79,27175.12,79743.92,1735.79,6931.6,1952.13,14268.01,8528.95,5481.55,5523.01,4347.56,7714.47,3810.75,1510.63,3627.62,3875.51,4160.0,1687.42,9135.34,2064.93,14969.29,23871.99,3376.76,10298.33,3576.67,10035.48,1776.99,18614.02,17117.48,19113.92,3588.84,5589.74,10972.46,15814.79,31989.48,15677.48,7890.24,7048.35,13435.6,5471.82,19658.45,11940.16,7131.41,17563.69,2447.59,13589.86,4203.99
2023-01,4309.69,10811.6,34670.79,28114.33,80012.21,1557.8,6555.0,1798.9,14374.06,8759.59,5258.96,5450.88,4286.99,7216.59,3700.43,1495.46,3460.59,3864.0,3834.43,1436.9,8739.67,1909.13,10460.49,24343.41,3313.5,10173.84,3558.37,9561.83,1536.06,17972.96,17076.65,18131.25,3314.44,5366.37,10223.02,14829.8,28706.05,15209.27,7550.96,6731.69,12445.83,5160.16,18006.06,11171.19,6669.38,16964.95,2283.71,12790.07,4996.16
2023-02,4730.25,10554.37,33759.07,27078.37,81182.99,1811.23,7821.79,2003.65,14249.6,9550.7,5416.62,5581.98,4230.03,7876.6,4094.93,1733.05,3896.4,4404.69,4682.96,1657.95,9435.6,2144.26,13695.59,25286.22,3356.64,9990.74,3993.4,11130.1,1595.77,18455.38,16846.72,20477.01,3594.38,5890.34,10753.67,16314.05,32168.32,15947.91,7948.79,7360.33,13674.15,5510.59,20227.84,12257.72,7314.91,16897.53,2656.02,13861.89,5229.85
2023-03,4561.11,10407.54,32859.24,27143.64,78440.2,1741.51,7488.59,1909.31,14164.6,8975.03,5271.55,5485.32,4038.45,7498.53,4213.25,1509.82,3959.79,4364.79,4779.07,1658.63,9345.5,2210.59,15534.7,24764.02,3345.75,10180.64,3291.37,10703.07,1599.59,17064.72,16033.82,19140.93,3509.96,5638.09,10752.11,16272.09,33103.45,15141.46,7488.6,7048.68,13639.87,5484.99,19092.61,11907.71,7232.62,16265.53,2595.54,13531.82,5191.63
2023-04,4440.84,10738.74,34351.06,28139.38,77304.46,1726.45,7713.77,1831.75,14882.09,9327.93,5271.56,5777.07,4159.28,7326.44,4253.65,1421.36,3826.05,4624.59,4382.56,1552.03,9422.8,2161.39,15472.64,25119.92,3210.76,10223.19,3752.17,10594.62,1506.56,16958.94,16615.47,19115.14,3609.71,5647.29,11443.2,18318.22,36873.95,15715.66,7808.31,6969.2,13778.35,5512.83,19834.57,12301.54,6382.37,15457.32,2379.31,12597.98,5582.91
2023-05,4432.89,11037.02,35525.87,29329.35,80470.91,1672.37,7774.68,1859.82,15463.24,9534.6,5452.28,6265.76,4311.57,7301.83,4334.9,1480.75,3911.06,4913.1,4082.69,1581.72,9036.62,2047.79,12935.13,24954.74,3105.01,10694.2,3613.05,10338.55,1427.31,17408.96,16875.73,19197.34,3575.58,5676.22,10610.54,18794.99,36510.2,14960.72,7891.97,6831.36,13512.67,5529.93,20190.0,12920.16,6493.28,16182.99,2367.79,12615.51,6080.16
2023-06,3937.91,10464.49,34168.71,28428.9,73442.53,1522.6,8049.9,1999.08,14049.35,8237.31,5028.18,5883.33,4218.66,6722.33,4130.86,1312.44,3843.43,4861.03,3734.82,1359.51,8970.64,2066.57,14990.81,23874.35,2981.63,10224.11,3100.1,9866.32,1240.86,15637.7,15816.73,17709.25,3469.1,5495.25,11499.21,20660.36,40574.08,14534.55,7144.56,6391.53,13387.19,5453.0,20814.92,12231.08,6268.28,15561.89,2376.83,12127.31,6218.08
2023-07,3780.4,9718.8,38185.03,32153.47,46663.12,1418.37,7882.44,2080.5,15688.53,8551.51,4938.76,6265.21,4248.33,6685.88,4273.69,1466.76,4230.92,5273.2,4262.68,1865.55,10002.1,2180.71,18433.96,22968.26,3153.86,10253.9,3269.18,9161.32,1449.66,15181.43,16282.68,17503.22,3498.85,5687.76,12710.79,20610.63,42060.68,14138.62,8230.19,7447.07,13044.91,6070.93,21678.4,11935.56,6451.01,15394.25,2147.93,12435.78,6542.7
2023-08,3744.53,10092.16,39007.04,33194.68,47358.52,1513.6,8101.02,2159.2,15679.46,8634.33,4906.19,6198.83,4303.28,6976.56,4354.12,1517.51,4383.55,5579.02,4407.4,2043.35,10703.34,2265.75,19279.6,23352.95,3316.96,10448.1,3336.28,10014.07,1575.72,16305.41,16700.95,17567.15,3639.51,5923.44,12935.16,21586.52,43559.43,14600.01,8641.18,7860.23,14210.79,6068.14,22511.71,12275.32,6933.36,15984.0,2260.84,13437.33,7018.12
2023-09,3727.88,9529.55,38482.47,31479.88,45804.14,1498.22,7892.56,2283.09,15382.49,8106.67,4690.6,5761.11,4449.69,6767.36,4519.88,1458.01,4347.52,5592.53,4386.94,2060.42,10500.03,2065.51,18658.72,22754.75,3124.56,10597.22,3006.6,9413.44,1618.01,16637.26,15723.46,17589.48,3542.85,5710.0,13743.62,21533.65,42739.6,14582.17,8441.3,7546.55,13596.07,5971.55,22723.53,11608.21,6640.11,15662.78,2151.82,13184.32,7296.69
2023-10,3759.2,9103.32,35785.58,29855.57,43935.26,1387.33,7003.92,2136.94,14329.08,7723.9,4440.34,5412.09,4301.33,6334.6,4153.56,1283.01,4099.48,5069.84,4177.84,1932.83,9783.84,1911.64,18526.08,20339.46,2954.36,9692.3,2806.53,8751.79,2035.76,17254.97,14890.85,17306.33,3363.74,5342.42,13045.57,20735.65,39142.03,13506.39,7863.47,7335.28,13155.79,5808.02,21327.92,11089.45,6388.1,16025.64,1924.54,12701.12,7224.56
2023-11,3539.99,8636.39,35646.6,28558.97,42178.23,1184.35,7345.24,2089.35,14259.93,8053.31,4300.14,5123.85,4164.8,5920.18,3727.16,1202.96,3878.41,4778.3,4008.18,1495.23,9188.21,1691.55,15120.65,21086.08,2938.06,10599.34,2857.57,8272.71,1830.11,16196.3,15017.5,17166.15,3298.0,5035.9,12661.44,20800.59,38275.03,12031.11,7648.69,7081.14,12269.88,5747.11,21750.67,11077.22,6187.98,16578.32,1751.48,11870.07,7407.88
2023-12,3448.72,9234.81,37134.73,29481.45,44185.87,1252.93,8150.02,2252.15,15268.45,8905.46,4560.29,5671.22,4402.76,6460.18,4418.65,1304.28,4467.88,5574.82,4452.64,1641.09,10086.64,1888.33,17608.52,23317.66,3211.79,10617.51,3113.83,8885.53,2083.75,16074.54,15705.78,18343.51,3684.11,5776.61,12951.96,23421.09,43678.57,13492.15,8203.77,7794.02,13745.0,6234.99,23388.89,11885.37,6980.37,17196.35,1982.27,13723.55,8046.85
2024-01,3680.37,9620.13,37972.19,29644.83,43833.87,1381.01,8466.89,2448.43,15309.14,9296.43,5084.2,6161.88,4656.17,6991.62,4615.83,1520.2,4991.24,6622.47,4873.19,1744.06,11233.02,2137.33,18663.21,24864.2,3523.62,10945.78,3186.6,10042.33,2177.52,16055.67,15937.38,19091.18,4114.72,6330.72,13562.82,24464.05,46671.77,14647.53,8556.39,8053.87,15054.04,6595.05,24820.71,12484.27,7704.39,17052.93,2325.95,15223.51,8843.3
2024-02,3512.0,9450.66,37683.52,29400.93,42733.19,1292.86,9138.61,2436.14,15826.42,8813.93,5066.8,6485.33,4837.1,6679.7,4640.33,1481.54,4986.43,6433.93,4915.15,1589.84,11201.56,1939.16,15134.94,24254.97,3557.34,10396.31,2652.19,9657.29,2336.94,16011.47,15435.19,20577.41,3970.31,6367.41,14130.83,25497.78,48180.56,14638.79,8014.03,7957.16,14824.73,6780.59,25313.1,12757.06,7810.87,17508.61,2207.89,14895.56,9371.67
2024-03,4243.54,9342.04,44225.94,29247.97,42732.47,1339.58,9722.83,2470.63,16283.94,9334.44,5293.57,6791.56,5126.63,6901.27,4772.08,1660.9,5477.89,7126.83,5153.58,1858.4,12157.97,2091.12,16194.6,24688.86,3866.7,10731.52,2418.68,9982.21,2159.69,16417.91,15722.92,20391.54,4103.39,6583.47,14934.81,26877.59,52472.48,15792.34,8136.54,8386.4,16103.73,7246.48,28237.08,13412.56,8104.79,17835.23,2311.05,15564.51,10329.44
2024-04,4574.26,9825.38,44845.57,30585.33,44185.62,1416.78,10015.42,2454.24,17183.21,8720.79,5599.51,7040.74,5221.22,7274.75,5141.02,1779.61,5864.52,7787.16,5425.37,2107.41,12853.92,2195.04,15386.61,25480.0,3964.63,11304.53,2856.13,11748.12,2068.48,18101.76,16777.19,21014.39,4301.86,6879.34,15953.65,27485.34,53945.79,16106.25,8828.83,8879.43,16265.25,7561.36,29583.92,13526.56,8575.53,18507.52,2372.46,16262.1,11340.39
2024-05,4303.63,9870.35,44006.78,29981.52,45271.82,1367.13,9255.12,2306.49,16841.23,8160.94,5150.44,6764.59,4963.43,6743.36,4707.92,1563.37,5582.47,7270.03,4921.31,1898.34,12113.77,2027.8,15350.69,26325.65,4115.22,11484.27,3208.5,12123.19,2051.45,18138.48,17017.33,19526.73,4069.0,6503.12,15404.87,26088.81,52563.53,15467.12,9034.45,8608.98,15201.32,7105.16,28072.07,13209.43,8286.81,17742.85,2172.23,15494.64,11520.61
2024-06,4487.36,9713.0,44901.1,29426.23,48176.45,1374.59,10153.92,2603.91,16855.79,8564.01,5235.8,6811.23,5230.46,7059.63,4798.19,1668.19,5725.52,7867.12,5137.86,2081.23,12458.05,2153.9,15478.67,28287.75,4226.64,11425.76,3411.88,12406.52,2196.94,17456.93,18309.98,20236.95,4213.92,6508.14,16287.77,27070.66,60650.62,15865.61,9399.23,8933.12,15214.51,7109.22,29059.64,12941.33,8556.49,18700.71,2274.15,16188.75,12366.03
2024-07,3555.74,8259.71,50210.51,29661.24,34064.61,1236.41,9655.9,3021.59,16107.41,7572.75,4693.0,6580.57,5427.36,7071.9,4407.37,1567.37,5338.89,6618.65,4524.91,2033.04,12279.86,2021.27,15581.13,23128.36,3921.23,10234.53,4618.31,11484.02,1851.14,17625.69,18021.13,19063.6,4260.18,8576.48,18675.11,28506.32,65260.05,14425.69,6016.92,8111.61,14647.77,6551.86,29618.0,13096.87,7000.88,17946.86,2082.0,15612.1,13689.88
2024-08,3736.7,8583.2,52001.2,30562.42,38045.8,1341.2,9598.5,3112.5,15873.46,7648.46,5137.27,6439.72,5501.37,7526.91,4544.21,2062.82,6016.7,7678.14,4822.96,2204.59,12235.96,2174.23,17751.36,25097.33,4130.81,12491.68,5406.96,11637.7,1900.08,18144.49,19335.03,19667.86,4573.81,9314.4,18228.52,27570.6,65006.14,15478.72,6119.16,8463.74,14874.91,6964.84,29761.5,12746.13,7583.55,19621.74,2573.53,16632.85,15064.18
2024-09,3821.53,9167.79,54799.67,33608.96,41069.87,1308.86,10829.6,3163.31,16858.99,8088.37,5364.95,7050.01,5847.39,7624.08,4478.81,2027.66,6124.67,7779.44,4490.47,1898.96,12185.27,2131.45,16780.45,25358.93,4261.74,13383.46,5814.41,11464.69,1762.34,17680.66,20119.05,20275.62,4870.21,9757.39,18559.21,27968.5,67678.73,15579.33,6371.48,8557.61,15212.26,6872.04,30357.05,13428.52,7791.89,20448.2,2581.0,16759.94,16502.4
2024-10,4271.94,9233.04,54923.29,33844.15,46642.05,1352.46,11293.82,3083.88,17429.81,8531.14,5503.9,7136.02,5717.47,7902.65,4788.39,2059.26,6486.27,8182.45,4564.33,1913.06,12738.14,2157.55,19259.32,24882.62,4423.12,14036.6,5901.31,12576.68,1841.73,17246.93,21152.06,21670.72,5031.02,10048.05,19295.71,29225.84,69104.47,16028.19,6286.66,8808.63,15804.23,6814.61,31812.98,14387.93,7642.01,20196.53,2737.53,17170.87,17328.97
2024-11,4455.75,8818.21,50696.59,32100.7,60196.34,1356.01,11750.74,3097.74,16346.72,8007.67,5048.78,7045.7,5578.14,7587.21,4814.92,1989.55,6506.06,7752.67,4492.48,1850.31,12114.53,2152.52,18654.93,24186.59,4699.07,13503.48,5127.24,12469.95,1828.34,17442.12,21277.2,22062.81,5020.07,10157.07,19222.17,29489.37,69735.81,14593.06,6056.74,8490.68,16026.27,6777.54,31718.28,14542.61,8059.45,19322.93,2759.65,18266.66,17788.48
2024-12,4592.26,8847.98,50540.67,31954.73,61492.71,1405.68,13405.42,3263.73,17477.68,8634.4,5342.74,7481.18,5400.53,7743.2,5000.89,2202.47,7167.88,8457.72,5119.8,2590.34,12888.93,2380.48,24468.08,24900.16,5026.93,16264.68,4708.47,12345.24,2030.68,18685.26,22496.3,24063.93,5478.35,11132.34,20497.92,31552.04,72597.68,14932.7,6306.57,9009.99,17306.95,7661.74,34935.5,15432.1,9109.16,20912.97,2966.88,20987.99,21165.06
2025-01,4263.07,8498.13,48878.7,32669.68,55649.82,1308.0,13487.64,3060.3,16402.66,8786.38,4847.88,7140.67,5173.65,6967.35,4680.81,1959.39,6255.02,7163.67,4189.45,2482.62,11732.46,2179.6,27335.58,24336.6,4734.67,15019.99,4560.95,10938.08,1672.31,17233.97,20802.85,22560.2,4821.76,10581.25,20447.12,31634.91,75668.57,14426.27,5855.15,8206.73,16027.24,6999.43,35304.6,14743.71,8612.51,18536.84,2703.02,19552.44,21456.15
2025-02,4809.26,8256.33,49156.76,31411.96,58701.56,1302.92,14410.67,3112.17,16359.96,9014.68,5472.52,7822.34,5399.37,7246.55,4856.15,2000.43,6855.8,7286.72,4621.56,2683.53,12560.46,2232.27,28940.24,25633.64,5136.76,15155.41,5645.71,11034.72,1408.9,17478.96,21395.01,22744.06,5192.93,11204.68,20842.17,33454.65,71137.58,15699.07,5873.94,8216.66,16354.3,7324.38,37860.35,15276.2,9350.69,19417.22,3054.94,21149.19,24069.02
2025-03,4568.88,8675.31,54744.0,32011.99,67765.53,1348.85,14689.4,3003.51,16930.63,8543.43,5466.65,7851.11,5759.39,6977.64,4157.61,1881.63,6355.03,6483.46,4797.18,2505.0,12047.04,2048.3,22524.2,26045.57,4544.33,13669.33,5566.19,10675.95,1169.38,17939.54,21715.25,25364.93,5212.98,11030.73,20103.5,31547.22,71900.03,14504.72,6063.82,8085.19,16473.14,7458.33,36185.33,15680.01,9301.86,19432.14,2991.09,19976.08,27212.43
2025-04,4556.29,8789.35,55802.66,31777.61,70209.69,1253.38,13814.88,2918.26,16530.29,6962.84,5717.84,7436.55,5537.43,6591.68,3991.33,1798.39,5949.16,6341.64,4396.85,2041.94,11455.79,1835.47,20231.73,25974.28,4533.72,13357.97,6257.93,10782.17,1160.77,18620.75,21832.07,25018.53,5073.67,10475.55,18080.22,29058.26,64958.53,13586.01,5883.44,7832.85,15133.58,7413.12,33019.97,14507.4,8635.24,20388.27,2735.18,18310.47,29884.71
2025-05,4511.15,8577.91,56642.74,29912.0,73844.8,1213.03,15764.93,2970.44,15884.12,6427.56,5820.9,7494.52,5511.02,6278.56,3518.89,1685.13,5984.98,6537.2,4409.77,1986.39,11217.93,1822.79,21911.95,26182.61,4641.61,14723.46,6770.55,10874.9,1146.0,15940.23,21809.35,23665.46,5259.11,10280.77,17662.65,30464.29,64434.01,13053.6,5412.19,8281.65,14929.81,7605.9,33685.75,14120.81,8584.03,18716.98,2528.13,18245.33,32606.29
2025-06,5098.44,8303.75,56804.79,28882.84,77258.96,1275.25,16787.79,3093.26,16518.42,7087.28,6033.76,7714.7,5179.99,6402.72,3669.3,1639.31,6113.47,7024.17,4582.92,2247.64,12117.48,2154.13,26226.72,28892.63,4943.07,15931.15,6845.11,11278.27,1124.66,16109.15,22464.69,25065.8,5890.85,10818.7,19354.4,34199.35,70969.54,13299.81,5722.85,8476.91,15970.66,7780.09,36066.05,14889.94,9141.98,17836.14,2559.83,19657.45,32737.02
2025-07,5300.12,8052.96,56076.7,27961.95,76750.82,1356.19,18347.14,3184.78,15461.38,6926.62,6083.27,7884.38,5352.96,6126.01,4038.9,1678.46,6155.57,7467.99,4445.16,2452.09,12360.03,2354.47,25450.72,42681.09,5591.61,16509.32,7590.55,12128.99,1454.64,16375.59,22273.55,25113.46,5842.77,10369.3,20238.25,35940.11,78727.1,13807.45,5851.05,8300.58,16478.58,8249.42,37725.36,14372.34,9923.56,18388.41,2766.6,20281.6,37125.1
2025-08,5196.94,8002.74,53764.49,28890.33,72264.85,1382.18,17114.04,3074.13,14916.93,7099.01,5566.06,7473.45,5482.05,6077.41,4191.52,1694.43,6441.37,8132.04,4596.78,2927.19,12866.25,2749.83,25586.22,46681.66,5399.32,15576.51,7995.26,12069.78,1636.91,16614.88,23000.76,24146.58,5668.37,10432.2,21688.76,37881.13,83832.28,14814.12,5730.97,8265.55,16137.47,8342.73,38890.93,14008.58,10096.61,16589.34,3120.04,21166.9,37177.58
2025-09,5864.48,7975.83,55608.19,29896.91,75063.31,1465.32,17963.61,3247.12,15388.08,7400.0,6509.4,7655.37,5793.01,6445.62,4402.17,1990.3,6780.39,8844.65,4789.06,2949.54,12721.61,2793.8,27663.01,46784.88,5443.63,16217.1,9867.83,12916.76,1845.12,17377.14,22538.86,25343.02,5605.82,10688.09,22429.47,37442.44,86757.34,15053.09,6020.37,8419.4,17041.02,8464.59,39698.95,14113.41,10593.35,17808.15,3300.3,21088.0,38805.18
2025-10,5298.45,7941.46,54435.79,27536.77,73131.77,1420.53,17657.38,3625.38,14835.54,6932.03,6750.45,7359.3,6059.33,6139.47,4486.12,1922.41,6584.03,9173.24,4826.01,2943.25,13857.6,3033.44,34984.32,48721.66,5646.65,16909.99,11614.83,14588.02,2177.0,17235.96,23386.65,25053.76,5663.68,10190.8,23673.34,39941.87,94390.42,15548.34,5754.13,8059.77,17384.13,8678.8,39532.92,13432.12,10670.21,18052.45,3182.08,21905.76,38506.03
2025-11,4833.59,7489.33,56151.97,28445.9,64267.69,1432.1,16532.38,3327.89,14315.27,6512.03,6977.52,7499.44,6454.91,6030.78,4503.02,1738.47,6501.44,9160.42,5369.38,2890.41,15023.1,3606.11,36683.75,49625.82,5833.41,17477.2,11187.97,15326.76,2200.21,17267.94,23469.35,23465.65,5004.37,9794.02,25570.22,41040.83,103096.64,17283.31,5436.48,7426.63,17340.17,8670.21,40951.88,13175.4,10686.09,17069.8,3122.28,21231.91,38870.11
2025-12,5225.96,7700.01,59631.67,29113.96,69290.56,1558.23,16273.43,3401.19,14462.0,6765.94,7505.23,7958.91,7276.58,6217.82,4722.15,1743.24,6699.62,9440.13,5630.32,2936.94,15167.81,3320.58,35240.37,48455.29,5873.6,14642.7,12569.52,15353.47,2152.58,17568.29,24043.11,23097.34,4835.38,9785.3,24931.03,40495.59,99695.94,17753.02,5289.46,7746.77,17404.9,8915.41,41073.59,14291.03,10931.43,17609.65,3344.96,21486.04,41240.98
2026-01,5175.06,6928.89,57927.35,28322.4,69778.36,1532.94,15113.69,3496.3,14104.29,7174.32,7213.48,7788.68,7278.84,6094.83,4603.43,1688.96,6684.71,8757.7,5943.42,3001.01,15376.77,3148.48,37622.87,52481.06,6096.7,16531.4,13831.27,16161.76,2420.15,17778.02,23227.95,24424.0,4904.21,10037.57,24727.47,40464.29,98982.42,17732.72,5411.48,8006.2,17955.06,8826.92,41181.8,14378.94,11527.0,17795.04,3340.48,22075.14,41602.91
2026-02,5602.35,7340.09,61773.03,30074.46,77220.0,1640.78,13585.36,3679.32,15114.64,7309.04,7330.97,7535.79,7473.5,6826.7,4445.18,1843.57,7075.42,9649.01,6420.18,3124.01,18020.05,3766.95,37418.0,55120.89,6816.76,19419.03,15692.53,19492.03,2615.48,20684.54,23878.68,25999.08,4933.33,9707.49,25959.86,38984.92,100760.14,18674.03,5475.25,8467.57,18204.14,9448.08,43152.92,15429.27,11309.24,16835.3,3597.08,22632.76,40930.13
2026-03,6125.9,7850.58,67214.8,32778.63,81937.09,1653.7,15144.56,3584.99,16404.51,7703.58,7877.53,7741.85,7894.86,7270.03,4888.34,1925.93,7510.21,10770.31,6829.01,3259.18,19904.31,3780.2,36236.52,57865.86,7624.15,19799.08,18340.99,21646.44,2292.48,22650.43,26127.29,27021.67,4949.08,9050.18,27248.12,35583.19,98893.66,19064.99,5925.76,9135.77,19096.87,10093.12,41586.54,16690.03,10867.25,16546.57,3222.12,20915.42,44504.02
2026-04,6314.65,7291.74,61131.01,29887.77,74034.09,1500.14,14857.24,3790.15,14054.63,6795.5,7118.06,6914.7,7476.29,7178.31,4501.6,1552.55,6590.9,9847.38,6462.82,3146.2,18154.81,3507.99,33349.8,51404.12,7021.55,17761.26,14824.23,18021.4,2629.5,25591.54,25535.84,26829.29,4617.83,8486.75,26483.94,33891.44,95213.88,17687.0,5073.02,8111.65,17764.56,9161.7,40321.25,15381.64,10637.02,15599.44,2953.44,20347.86,43165.4
2026-05,6124.45,7311.93,63671.77,30832.37,76166.59,1581.13,15100.74,3850.11,14261.46,6585.58,7236.88,6527.99,7358.42,7341.63,4837.62,1686.33,6965.99,11992.46,7617.41,3328.13,20911.81,4519.76,34434.4,52180.14,7332.54,16731.81,15086.73,18456.5,2339.05,24518.59,26044.2,26080.07,4862.29,8845.0,34095.39,39310.56,116040.77,19163.94,4937.65,8070.09,19136.06,9554.25,46572.86,16122.94,11678.3,17428.49,3149.67,22269.95,42632.23
2026-06,5928.21,7404.38,65114.77,28525.69,78984.61,1558.64,14408.88,3739.29,14081.86,6747.82,7430.82,6213.79,7777.72,7063.56,4928.26,1756.78,6868.43,12284.15,8481.15,3341.44,21784.99,4802.09,38805.66,55361.86,7745.71,20075.54,14998.51,19751.13,2402.38,22866.41,24633.55,25670.48,4985.98,8954.74,42544.52,43124.18,132690.62,20491.37,5386.4,7858.67,19701.73,9315.14,45298.37,15647.35,11425.07,17202.59,2941.73,22803.86,44133.81
