date,Agric,Food,Soda,Beer,Smoke,Toys,Fun,Books,Hshld,Clths,Hlth,MedEq,Drugs,Chems,Rubbr,Txtls,BldMt,Cnstr,Steel,FabPr,Mach,ElcEq,Autos,Aero,Ships,Guns,Gold,Mines,Coal,Oil,Util,Telcm,PerSv,BusSv,Hardw,Softw,Chips,LabEq,Paper,Boxes,Trans,Whlsl,Rtail,Meals,Banks,Insur,RlEst,Fin,Other
1926-07,,,,,,,,,,,,,,,,,,,,,,,,,,,,,,,,,,,,,,,,,,,,,,,,,
1926-08,4.603168,3.440098,,1.962908,4.089667,2.564949,3.354804,1.465568,3.10324,2.910174,,2.95178,3.334701,4.053349,,1.754404,3.034953,2.336987,3.8828,,3.313095,4.707546,3.956805,2.253395,3.783053,,,3.322875,3.701796,4.530339,4.397162,5.858961,,2.416806,3.379974,,3.264614,5.425434,,3.565298,4.222298,0.173953,3.842673,2.381396,2.674149,3.460095,3.13201,2.294553,3.188417
1926-09,4.625561,3.438493,,1.909543,4.102147,2.647592,3.378952,1.871802,3.096934,2.987196,,3.0037,3.335058,4.129229,,1.757858,3.058707,2.251292,3.919594,,3.364188,4.738739,4.009331,2.247072,3.788951,,,3.377588,3.708437,4.516011,4.463722,5.867233,,2.468947,3.415758,,3.260402,5.438818,,3.633895,4.238156,-0.105361,3.840957,2.397895,2.71932,3.454738,3.15955,2.233235,3.239071
1926-10,4.647655,3.464172,,2.149434,4.159352,2.80336,3.370738,2.228939,3.053057,2.959587,,3.031099,3.371769,4.182203,,1.832581,3.10324,2.322388,3.935935,,3.378952,4.759521,4.044979,2.172476,3.805551,,,3.382694,3.717953,4.548071,4.442769,5.888767,,2.484073,3.447126,,3.212455,5.48869,,3.606041,4.281515,-0.051293,3.83103,2.392426,2.821379,3.480009,3.197448,2.236445,3.303585
1926-11,4.633855,3.472277,,2.188296,4.165424,2.883123,3.420346,2.178155,3.055415,2.946017,,3.064792,3.368674,4.226396,,1.850028,3.092859,2.174752,3.932218,,3.377588,4.744323,4.091006,2.098018,3.827771,,,3.383033,3.720862,4.50976,4.459103,5.897593,,2.48574,3.478776,,3.147165,5.482304,,3.548755,4.279302,-0.127833,3.831897,2.379546,2.790551,3.486151,3.166319,2.184927,3.267285
1926-12,4.628301,3.430756,,2.154085,4.175617,2.869035,3.367641,2.231089,3.002708,2.946017,,3.09874,3.342508,4.17531,,1.853168,3.046901,2.084429,3.889777,,3.385407,4.685182,4.003873,1.95586,3.766303,,,3.350255,3.735286,4.498698,4.423289,5.896439,,2.498974,3.453474,,3.086943,5.484465,,3.490429,4.249495,-0.301105,3.807329,2.335052,2.66375,3.442339,3.105931,2.173615,3.132446
1927-01,4.693639,3.490124,,2.224624,4.214791,2.869035,3.385068,2.128232,2.991222,2.962692,,3.13201,3.393501,4.225373,,1.885553,3.068053,2.10657,3.925729,,3.410487,4.734794,3.974246,2.010895,3.841815,,,3.431403,3.730501,4.492337,4.462454,5.912557,,2.507157,3.485845,,3.100092,5.509591,,3.52371,4.260424,-0.248461,3.865351,2.373044,2.643334,3.477541,3.113071,2.223542,3.172203
1927-02,4.652435,3.482777,,2.183802,4.233672,2.8937,3.387436,2.09433,3.007661,2.95803,,3.079154,3.40053,4.25887,,1.950187,3.087399,2.090629,3.952397,,3.45379,4.699935,4.071076,2.098018,3.856933,,,3.429461,3.744787,4.514808,4.455742,5.917603,,2.543961,3.518091,,3.091951,5.606243,,3.476305,4.289226,-0.162519,3.869324,2.379546,2.701361,3.49256,3.189653,2.207175,3.147595
1927-03,4.61522,3.476923,,2.178155,4.23004,2.910719,3.404525,2.10657,3.044046,2.947592,,3.132446,3.441059,4.258021,,1.928619,3.067588,2.054124,3.945651,,3.463859,4.689603,4.060615,2.075684,3.846097,,,3.468856,3.700808,4.554403,4.435686,5.936269,,2.596746,3.525478,,3.086487,5.575684,,3.444257,4.299596,-0.356675,3.839452,2.393339,2.646175,3.484619,3.170945,2.174752,3.105483
1927-04,4.688868,3.511844,,2.298577,4.296605,2.825537,3.428164,2.204972,3.080992,2.972975,,3.172622,3.442979,4.350278,,2.081938,3.107274,2.13061,3.976687,,3.534854,4.731715,4.144087,2.026832,3.89182,,,3.51898,3.755603,4.560277,4.4762,5.975208,,2.653946,3.591542,,3.142858,5.596791,,3.493169,4.359909,-0.328504,3.868698,2.454447,2.72589,3.491038,3.198265,2.193886,3.096482
1927-05,4.662873,3.530177,,2.152924,4.344974,2.732418,3.434632,2.123458,3.075005,2.972975,,3.177637,3.45189,4.400726,,2.021548,3.130263,2.157559,3.985645,,3.507058,4.72606,4.157006,2.026832,3.867444,,,3.549043,3.807995,4.481646,4.475517,6.01584,,2.606387,3.637849,,3.008648,5.657529,,3.391484,4.365262,-0.544727,3.864302,2.412336,2.626117,3.561046,3.154444,2.166765,3.118834
1927-06,4.715459,3.548755,,2.169054,4.388133,2.728506,3.392157,2.159869,3.086487,3.02965,,3.173878,3.480625,4.427239,,2.020222,3.122365,2.066863,3.979495,,3.52371,4.787075,4.183576,1.905088,3.856087,,,3.575711,3.811982,4.420285,4.490096,6.193997,,2.61007,3.684118,,3.093313,5.671707,,3.432696,4.384898,-0.673345,3.90076,2.478218,2.564949,3.591542,3.15955,2.243896,3.210037
1927-07,4.755829,3.611728,,2.279316,4.497808,2.652537,3.397524,2.144761,3.179303,3.061052,,3.221273,3.511247,4.464758,,2.152924,3.198673,1.957274,4.009875,,3.603049,4.866149,4.224495,2.175887,3.958143,,,3.577948,3.842673,4.463146,4.574711,6.226892,,2.762538,3.730021,,3.071303,5.713106,,3.480625,4.447814,-0.71335,3.921973,2.520113,2.6483,3.709907,3.186766,2.343727,3.214064
1927-08,4.713397,3.577669,,2.374906,4.487512,2.423031,3.297687,2.355178,3.044999,2.937573,,3.315276,3.562749,4.444767,,2.199444,3.169686,2.561096,4.007697,,3.508855,4.643429,4.204991,2.306577,3.900153,,,3.581573,3.785098,4.53507,4.609959,6.043962,1.94591,2.771338,3.703522,,3.139833,5.768196,,3.476614,4.386641,0.582216,3.863043,2.576422,2.712706,3.594843,2.965273,2.93492,2.959587
1927-09,4.772124,3.621403,,2.411439,4.530231,2.448416,3.30652,2.350422,3.09603,2.996732,,3.423611,3.64545,4.60547,,2.244956,3.23593,2.553344,4.103469,,3.599228,4.780467,4.330996,2.278292,4.010963,,,3.663562,3.800421,4.562784,4.660226,6.080642,1.94591,2.791778,3.750445,,3.271848,5.834811,,3.585184,4.440767,0.683097,3.956996,2.620311,2.745988,3.720136,3.002708,2.941804,3.025776
1927-10,4.791816,3.644144,,2.370244,4.563723,2.504709,3.364533,2.357073,3.094219,3.006672,,3.392493,3.651437,4.623207,,2.13061,3.224062,2.532108,4.164026,,3.603866,4.848744,4.395436,2.537657,4.046204,,,3.669697,3.824502,4.553666,4.688868,6.084887,1.974081,2.868467,3.817493,,3.1307,5.830327,,3.617383,4.420406,0.65752,4.027136,2.622492,2.794839,3.721347,3.012589,2.971952,3.073156
1927-11,4.855695,3.69312,,2.43799,4.60407,2.501436,3.39081,2.360854,3.113071,3.045474,,3.469479,3.697096,4.678049,,2.148268,3.262318,2.501436,4.188594,,3.651437,4.842374,4.454464,2.700018,4.074822,,,3.723522,3.83773,4.584151,4.765246,6.135651,1.960095,2.932792,3.859466,,3.220075,5.859988,,3.650398,4.458293,0.71295,4.099,2.674149,2.822569,3.797734,3.004692,3.026261,3.077773
1927-12,4.795956,3.671733,,2.421257,4.602667,2.489065,3.395179,2.326302,3.093313,3.148024,,3.484619,3.747856,4.598347,,2.119863,3.212455,2.499795,4.10479,,3.59649,4.755743,4.406353,2.497329,4.001315,,,3.689379,3.772761,4.557554,4.718142,6.1145,1.987874,2.974509,3.863673,,3.185939,5.780929,,3.647276,4.409034,0.470004,4.044979,2.654649,2.848392,3.899748,2.960105,3.019937,3.028683
1928-01,4.858649,3.741472,,2.519308,4.661834,2.43799,3.438814,2.406044,3.113515,2.129421,,3.496508,3.78419,4.675722,,2.170196,3.269949,2.486572,4.240895,,3.699819,4.942856,4.47745,2.670694,4.077537,,,3.768384,3.846951,4.570993,4.776347,6.14236,1.924249,3.067588,3.921577,,3.394844,5.854126,,3.799078,4.442887,0.457425,4.155753,2.681022,2.959068,3.968403,3.040706,3.091951,3.135929
1928-02,4.843793,3.77391,,2.639057,4.663345,2.356126,3.461037,2.43799,3.206398,2.125848,,3.488292,3.776661,4.67049,,2.193886,3.252697,2.545531,4.292786,,3.724005,4.946843,4.549446,3.010621,4.091507,,,3.882388,3.811761,4.588939,4.795625,6.14322,1.871802,3.02432,4.022849,,3.343921,5.819341,,3.809326,4.43758,0.565314,4.148043,2.656055,3.045474,4.147253,3.050694,3.115292,3.146735
1928-03,4.824707,3.820565,,2.638343,4.635893,2.340844,3.458837,2.466403,3.240637,2.188296,,3.521052,3.795939,4.657573,,2.292535,3.265759,2.625393,4.266054,,3.710396,4.936702,4.515902,3.025776,4.127457,,,3.86556,3.759571,4.5712,4.849919,6.146158,1.871802,3.063858,4.05491,,3.337547,5.818182,,3.820346,4.422208,0.553885,4.137404,2.638343,3.022374,4.139477,3.064792,3.17346,3.111736
1928-04,4.828954,3.78328,,2.583998,4.57368,2.251292,3.456317,2.46215,3.234749,2.158715,,3.494991,3.755603,4.664759,,2.237513,3.27903,2.654649,4.231204,,3.678071,4.92195,4.518522,2.916689,4.081428,,,3.782142,3.746205,4.564348,4.839135,6.143155,1.796747,3.033028,4.083621,,3.318178,5.82201,,3.825157,4.405133,0.470004,4.123094,2.608598,2.992728,4.12277,3.072693,3.104587,3.075467
1928-05,4.828954,3.833196,,2.71932,4.591477,2.552565,3.504656,2.551006,3.326115,2.193886,,3.582963,3.654288,4.782395,,2.310553,3.335414,2.678965,4.287991,,3.767691,5.148482,4.762857,3.1381,4.135327,,,3.84353,3.795714,4.616407,4.939497,6.150262,1.850028,3.02432,4.088326,,3.436243,5.854126,,3.930059,4.456206,0.548121,4.204245,2.636196,3.184698,4.195396,3.094672,3.215269,3.159975
1928-06,4.826071,3.863043,,2.760643,4.530554,2.532108,3.566147,2.578701,3.360375,2.286456,,3.638112,3.659193,4.777946,,2.257588,3.363842,2.70538,4.300003,,3.800868,5.172301,4.772547,3.619529,4.135487,,,3.835574,3.807329,4.767799,5.040647,6.181051,1.921325,3.151025,4.108576,,3.43108,5.870906,,3.924149,4.491217,0.482426,4.200205,2.639057,3.288402,4.242621,3.312002,3.310543,3.264232
1928-07,4.818344,3.882182,,2.81421,4.525152,2.614472,3.575151,2.68444,3.333632,2.273156,,3.680091,3.760269,4.807131,,2.203869,3.343215,2.885917,4.348858,,3.843102,5.189729,4.818021,3.79863,4.10874,,,3.846951,3.812203,4.703204,5.053056,6.447544,1.879465,3.241811,4.110874,,3.459152,5.919593,,3.980242,4.483567,0.559616,4.233091,2.768204,3.275634,4.250065,3.33577,3.342155,3.246491
1928-08,4.789905,3.847164,,2.768204,4.424248,2.497329,3.599502,2.756205,3.216072,2.197225,,3.847378,4.248352,4.770515,,2.235376,3.685122,2.823163,4.280409,,3.800644,5.103883,4.730127,3.599502,4.030695,,,3.808217,3.604138,4.678699,5.040129,6.468102,1.795087,3.174715,4.246064,,3.405189,5.891727,,3.751854,4.501364,1.373716,4.187683,2.741485,3.966322,4.409155,3.533687,3.188829,3.119276
1928-09,4.787075,3.857778,,2.768832,4.456902,2.593761,3.60577,2.786245,3.221273,2.200552,,3.834494,4.282068,4.786741,,2.195,3.704753,2.79545,4.304876,,3.803324,5.093443,4.758406,3.653252,4.001864,,,3.793239,3.586293,4.689787,5.024472,6.455246,1.731656,3.145014,4.300138,,3.464485,5.940934,,3.791436,4.495244,1.373716,4.241614,2.733718,3.967268,4.404399,3.527242,3.210037,3.111291
1928-10,4.796947,3.940416,,2.885359,4.489759,2.598235,3.702782,2.785011,3.311637,2.198335,,3.90962,4.428552,4.868841,,2.207175,3.744551,2.792391,4.390243,,3.872242,5.209432,4.863449,3.782825,4.050393,,,3.864302,3.60441,4.708809,5.083886,6.499772,1.629241,3.268428,4.354141,,3.466673,5.940934,,3.907814,4.530123,1.413423,4.367294,2.847232,4.015482,4.4613,3.564166,3.255786,3.223266
1928-11,4.787908,3.956423,,2.885359,4.480174,2.786245,3.790307,2.793616,3.404525,2.182675,,3.969914,4.391729,4.903199,,2.244956,3.794365,2.776332,4.441827,,3.906407,5.205818,4.941071,3.840957,4.031227,,,3.887525,3.592093,4.762088,5.119071,6.48881,1.658228,3.248435,4.427478,,3.501646,5.904435,,3.890186,4.530447,1.423108,4.367801,2.841998,4.083452,4.437225,3.551053,3.271468,3.181797
1928-12,4.834137,3.941582,,2.919391,4.513603,2.674838,3.787819,2.841415,3.481855,2.144761,,3.963476,4.392843,4.952653,,2.301585,3.851848,2.79545,4.502694,,3.926517,5.226392,4.939569,3.779634,4.019262,,,3.919793,3.566994,4.783735,5.097486,6.518011,1.589235,3.31455,4.436752,,3.51631,5.914205,,3.831247,4.51426,1.583094,4.425685,2.818398,3.931041,4.473009,3.531055,3.280159,3.128075
1929-01,4.850388,4.010238,,2.975019,4.575432,2.737609,3.88855,2.880321,3.634423,2.164472,,3.984158,4.443122,5.062215,,2.386926,3.939444,2.802148,4.635408,,4.069539,5.43747,4.973695,4.13868,4.074312,,,4.05595,3.628333,4.942,5.293405,6.582648,1.526056,3.400864,4.542017,,3.630721,5.94699,,3.877639,4.598448,1.695616,4.567364,2.906901,4.036539,4.547117,3.598681,3.404193,3.15487
1929-02,4.83087,4.02267,,2.932792,4.551136,2.664447,3.875359,2.893146,3.58657,2.155245,,3.958716,4.441945,5.083204,,2.324347,3.943522,2.8088,4.668333,,4.096841,5.497865,4.971825,4.143928,4.082778,,,4.069539,3.620601,4.893952,5.306534,6.567361,1.423108,3.351657,4.700844,,3.663562,5.930732,,3.887935,4.59512,1.652497,4.554087,2.868467,4.041295,4.532815,3.581573,3.422633,3.019937
1929-03,4.942285,4.055604,,3.017494,4.583333,2.708717,3.977061,2.929592,3.649619,2.134166,,4.00369,4.725528,5.288116,,2.309561,4.020877,2.817204,4.741186,,4.210942,5.618188,5.003409,4.161068,4.084967,,,4.148833,3.625673,4.808764,5.429258,6.692877,1.286474,3.35829,4.731274,,3.781687,5.93619,,3.938665,4.638508,1.597365,4.512068,2.866193,4.381401,4.5564,3.724729,3.452207,3.032064
1929-04,5.004483,4.012592,,2.97604,4.533352,2.632608,3.994156,2.871868,3.57655,2.088153,,4.02267,4.7116,5.286144,,2.331173,3.978934,2.904165,4.822778,,4.220243,5.599532,5.001595,4.178533,4.092176,,,4.226834,3.632838,4.801723,5.407082,6.681269,1.360977,3.398527,4.741535,,3.769999,5.940934,,3.99618,4.620847,1.564441,4.483906,2.865054,4.422208,4.502473,3.771611,3.475377,2.956991
1929-05,4.881437,3.970481,,2.943913,4.48368,2.552565,3.879913,2.807594,3.489819,2.024193,,4.02767,4.686197,5.247235,,2.253395,3.909219,2.890372,4.815998,,4.17408,5.705481,4.986821,4.106273,4.106767,,,4.25788,3.5636,4.910741,5.372961,6.713357,1.223775,3.347093,4.803529,,3.760735,5.908626,,4.010057,4.587922,1.465568,4.429864,2.823757,4.35337,4.454115,3.73457,3.469168,2.880321
1929-06,4.814864,4.026601,,3.065725,4.459335,2.508786,3.888959,2.796061,3.493473,2.063058,,4.043928,4.698752,5.283001,,2.278292,3.94061,3.052585,4.826071,,4.214643,5.716073,4.973349,4.173464,4.086816,,,4.196901,3.533395,4.918812,5.419428,6.746671,1.193922,3.374511,4.871143,,3.813748,5.912827,,4.083115,4.600158,1.490654,4.461646,2.921009,4.423169,4.467975,3.766535,3.467921,2.766319
1929-07,4.738126,3.988243,,2.949165,4.452602,2.324347,3.800421,2.862201,3.382694,1.987874,,3.932806,4.617988,5.204007,,2.127041,3.864512,2.986692,4.687211,,4.109069,5.724369,4.797937,4.03176,4.017103,,,4.071758,3.482163,4.85624,5.491867,6.654913,1.054312,3.321071,4.87145,,3.78714,5.865845,,3.995077,4.618876,1.420696,4.367547,2.888704,4.314417,4.444884,3.667145,3.442659,2.621766
1929-08,4.717337,4.093678,,3.122365,4.41025,2.645465,4.032824,3.936911,3.706719,2.149434,,4.040768,4.739439,5.347679,,2.481568,3.888345,3.011113,4.746322,,4.166355,5.807632,4.832624,4.707456,4.056989,,,4.239454,3.324316,4.874586,5.866213,6.761712,1.252763,3.551914,5.000316,,3.869742,5.922007,2.307573,3.974434,4.70917,2.450143,4.399252,3.071767,4.508549,4.233382,4.133726,4.445353,2.672078
1929-09,4.747104,4.151827,,3.132882,4.429387,2.56418,4.012773,3.926123,3.765146,2.10657,,4.051611,4.7706,5.396623,,2.442347,3.844814,2.985177,4.777105,,4.219214,5.903862,4.789989,4.768479,4.090169,,,4.211831,3.498627,4.864839,5.952672,6.889917,1.504077,3.568687,5.061835,,3.845242,5.987983,2.218116,4.039888,4.786158,2.409644,4.408303,3.088767,4.513822,4.334542,4.115943,4.575947,2.716018
1929-10,4.759949,4.193134,,3.226447,4.50347,2.540814,4.075841,3.924544,3.798854,2.112635,,4.029806,4.817212,5.506063,,2.442347,3.872658,2.989714,4.884467,,4.314149,6.029459,4.803857,4.876875,4.133084,,,4.292649,3.549617,4.971409,6.035123,6.994116,1.391282,3.571784,5.127766,,3.795714,6.11977,2.319442,4.128102,4.862754,2.349469,4.484019,3.132446,4.56341,4.445001,4.160444,4.610158,2.68444
1929-11,4.764735,4.16247,,3.200712,4.419924,2.550226,4.050915,3.909821,3.861361,2.064328,,3.953549,4.7404,5.433678,,2.401525,3.836437,2.961141,4.787575,,4.252203,5.904926,4.707637,4.609959,4.127296,,,4.237145,3.527242,4.937634,6.043321,6.972616,1.366092,3.757472,5.281171,,3.704999,6.149621,2.24071,4.079738,4.779208,2.342767,4.424847,3.094672,4.083957,4.343416,4.103635,4.557764,2.683074
1929-12,4.758063,3.992496,,2.88926,4.442298,2.345645,3.829728,3.807773,3.440418,1.940179,,3.783508,4.526019,5.149121,,2.143589,3.643621,2.873565,4.614724,,3.995261,5.544513,4.374624,4.093511,3.986945,,,4.09601,3.436243,4.847803,5.679865,6.805512,1.029619,3.57459,4.954982,,3.537475,6.0914,2.04122,3.910622,4.69144,2.063058,4.146621,2.875258,3.679082,4.094511,4.000583,4.210051,2.287471
1930-01,4.681576,3.884446,,2.76317,4.370081,2.083185,3.661251,3.780319,3.301377,1.856298,,3.693867,4.434856,4.965638,,1.985131,3.526655,2.853593,4.457598,,3.841171,5.341712,4.164182,3.735047,3.953549,,,3.933393,3.404193,4.774069,5.509105,6.706031,0.530628,3.445533,4.621929,,3.356549,5.916256,1.871802,3.756772,4.606869,1.9947,4.007697,2.7638,3.423285,3.898938,4.022849,4.017103,2.116256
1930-02,4.62301,3.874529,,2.778819,4.389126,2.020222,3.567277,3.820127,3.304319,1.885553,,3.680595,4.447463,5.026377,,1.960095,3.501043,2.933325,4.446995,,3.868489,5.455577,4.198554,3.864302,3.949511,,,3.895487,3.344627,4.762259,5.547207,6.705982,0.530628,3.184284,4.694462,,3.296947,5.93044,1.83098,3.750915,4.60066,1.965713,3.939638,2.785628,3.425565,3.836221,3.897315,4.063198,2.025513
1930-03,4.614427,3.926912,,2.675527,4.471296,1.884035,3.803324,3.833629,3.395515,1.918392,,3.724488,4.460953,5.103518,,2.055405,3.568687,2.936513,4.497696,,3.94739,5.559489,4.258728,3.874113,3.971423,,,3.948548,3.33577,4.771108,5.661744,6.717853,0.765468,3.020425,4.784571,,3.404193,6.018033,2.236445,3.812424,4.634049,2.000128,3.980242,2.894806,3.946038,3.982481,3.917408,4.148517,2.300583
1930-04,4.813728,3.93398,,2.686486,4.518849,2.075684,3.956996,3.88814,3.300271,1.909543,,3.769076,4.46303,5.122773,,2.110213,3.571221,3.007661,4.494574,,3.991573,5.634861,4.283311,4.094178,3.983413,,,3.935153,3.379633,4.713307,5.740821,6.786085,0.470004,3.329343,4.822054,,3.372112,6.127895,2.156403,3.89508,4.650908,1.953028,3.920586,2.893146,4.040064,4.007697,3.856087,4.250208,2.494857
1930-05,4.79975,3.939638,,2.595255,4.555139,2.319442,4.093844,3.901973,3.29287,1.975469,,3.930648,4.521136,5.219869,,2.073172,3.599775,3.015535,4.542124,,4.038832,5.716929,4.420406,4.337683,3.958907,,,3.942358,3.388112,4.886356,5.833904,6.861701,0.451076,3.294725,4.82004,,3.403528,6.216347,2.230014,3.952397,4.686934,1.902108,3.890595,2.934389,4.075332,4.110054,3.928683,4.334411,2.555676
1930-06,4.838264,3.986574,,2.464704,4.525477,2.068128,4.150095,3.918601,3.269189,1.962908,,3.833845,4.536891,5.163986,,1.964311,3.536311,3.093766,4.402809,,4.098337,5.746235,4.32823,4.281239,3.879913,,,3.790759,3.292498,4.975492,5.864994,6.815421,0.741937,3.309813,4.751433,,3.162517,6.268907,1.986504,3.925926,4.617494,1.941615,3.911023,2.957511,3.979869,4.009694,3.94739,4.31922,2.522524
1930-07,4.806886,4.007333,,2.460443,4.53903,2.071913,4.107754,3.904595,3.190065,1.915451,,3.779634,4.523743,5.137033,,1.905088,3.517201,3.108168,4.400112,,4.033532,5.696019,4.36742,4.194039,3.831463,,,3.843316,3.272227,4.931592,5.848806,6.819449,0.57098,3.180551,4.737864,,3.031582,6.232094,1.7492,3.90962,4.607767,1.843719,3.90942,2.937043,3.915617,3.967458,3.912823,4.245921,2.431857
1930-08,4.853904,4.007515,,2.309561,4.535927,2.272126,4.074652,3.953165,3.945458,2.826129,,3.440739,4.403543,4.760292,2.980111,1.8453,3.359333,3.978934,4.27611,,3.759338,5.355406,4.006969,3.751385,3.686126,,,3.750915,3.150597,4.789407,5.77222,6.820769,0.182322,3.055886,4.33047,,2.249184,6.118406,0.95935,3.754199,4.479267,2.05027,3.714547,2.747912,3.859677,3.864092,3.761665,3.675541,2.29556
1930-09,4.865532,4.037421,,2.309561,4.564036,2.396075,4.094345,3.964236,3.99618,2.857619,,3.559909,4.451203,4.811859,3.112626,1.891605,3.439135,4.020698,4.322011,,3.787366,5.394536,4.116595,3.822536,3.713816,,,3.782825,3.126322,4.841822,5.809613,6.83342,0.277632,3.118834,4.365008,,2.432736,6.15252,1.054312,3.821879,4.506785,2.032088,3.739573,2.773838,3.924544,3.905602,3.74762,3.7281,2.350422
1930-10,4.877866,4.051611,,2.397895,4.598548,2.454447,4.129873,3.92888,4.001681,2.826129,,3.571784,4.531201,4.850701,3.050694,1.876407,3.409166,3.987872,4.292786,,3.792564,5.410753,4.081428,3.814631,3.722798,,,3.628599,3.150169,4.802709,5.818004,6.849777,0.223144,3.157426,4.395806,,2.377693,6.203871,1.088562,3.805106,4.50535,1.951608,3.78714,2.789323,3.93261,3.896706,3.590163,3.760968,2.357073
1930-11,4.742407,3.94061,,2.266958,4.500587,2.338917,3.912423,3.940027,3.887935,2.778819,,3.483699,4.43272,4.694554,2.710713,1.731656,3.217275,3.854394,4.139796,,3.606584,5.179478,3.898532,3.445533,3.59649,,,3.530763,3.087399,4.647175,5.689041,6.785305,0.262364,3.040706,4.272212,,2.179287,6.08566,0.765468,3.666122,4.412071,1.8453,3.669951,2.628285,3.785098,3.768845,3.411478,3.517201,2.22029
1930-12,4.567053,3.895894,,2.235376,4.450619,2.292535,3.817712,3.847164,3.833413,2.726545,,3.460723,4.381527,4.561323,2.60417,1.684545,3.076851,3.613347,4.069027,,3.491343,4.97328,3.777348,3.258865,3.486763,,,3.414443,2.954389,4.574711,5.600753,6.743246,0.113329,2.987196,4.114147,,2.074429,5.957416,0.625938,3.621938,4.337683,1.780024,3.57711,2.517696,3.746912,3.658678,3.312366,3.310908,2.03862
1931-01,4.593705,3.902175,,2.270062,4.434738,2.208274,3.751854,3.816833,3.813748,2.739549,,3.413784,4.341335,4.557345,2.676215,1.638997,3.055415,3.542408,4.057508,,3.47785,4.936486,3.838376,3.188829,3.555348,,,3.458522,2.853016,4.516994,5.504722,6.70995,0.19062,2.928524,4.068001,,2.131797,5.929376,0.463734,3.624874,4.276388,1.806648,3.601141,2.489065,3.671988,3.641001,3.185112,3.197039,2.012233
1931-02,4.324795,3.859887,,2.1471,4.396176,2.161022,3.559625,3.753262,3.749975,2.646884,,3.357942,4.257455,4.504908,2.498974,1.570697,2.900872,3.390136,3.954124,,3.371769,4.797442,3.820127,3.010128,3.397524,,,3.361417,2.757475,4.377768,5.464128,6.658409,0.04879,2.90963,4.066288,,1.997418,5.801816,0.182322,3.563883,4.184338,1.759581,3.447763,2.392426,3.682861,3.505257,2.986692,3.030617,1.88707
1931-03,4.471525,3.903588,,2.19277,4.45667,2.143589,3.717224,3.759105,3.824939,2.644045,,3.452524,4.331391,4.496025,2.653242,1.686399,2.973998,3.359681,3.993787,,3.425565,4.846704,3.885884,3.212858,3.463859,,,3.424588,2.876949,4.428672,5.51673,6.705174,0.41871,2.968361,4.123094,,2.00283,5.856418,0.476234,3.589059,4.304335,1.805005,3.514526,2.457878,3.715521,3.637586,3.040706,3.260402,2.054124
1931-04,4.595221,3.965185,,2.347558,4.512397,2.213754,3.79863,3.772761,3.884652,2.669309,,3.470101,4.410007,4.618679,2.837323,1.83098,3.105931,3.495901,4.124389,,3.531055,5.070287,4.052654,3.461037,3.597312,,,3.552773,2.871302,4.482664,5.654942,6.762926,0.693147,2.99072,4.256747,,2.156403,5.987532,1.036737,3.702042,4.32148,1.783391,3.652475,2.55955,3.860098,3.700314,3.240246,3.447126,2.173615
1931-05,4.470266,3.958143,,2.037317,4.508108,2.129421,3.721347,3.757939,3.8446,2.669309,,3.446808,4.43165,4.539564,2.926918,1.795087,3.01896,3.483392,4.037774,,3.440098,4.979626,4.008423,3.349553,3.515419,,,3.473828,2.729812,4.321347,5.623837,6.714353,1.238374,2.956472,4.170997,,2.10657,5.903589,0.858662,3.697096,4.20678,1.745716,3.615771,2.492379,3.720378,3.649099,3.036394,3.360723,2.36368
1931-06,4.448399,3.861571,,1.790091,4.533674,1.993339,3.392829,3.667911,3.793915,2.582487,,3.380314,4.401216,4.400235,2.699346,1.660131,2.867331,3.340385,3.847804,,3.266904,4.884543,3.926123,3.216874,3.302113,,,3.335058,2.615204,4.194039,5.527045,6.670906,1.047319,2.873,4.064572,,1.848455,5.858019,0.57098,3.606313,4.127618,1.697449,3.563883,2.354228,3.591267,3.556776,2.800933,3.16294,2.166765
1931-07,4.37852,3.722072,,1.690096,4.409034,1.934416,3.108168,3.565864,3.67706,2.575661,,3.173041,4.301901,4.265774,2.572612,1.581038,2.700018,3.1381,3.612268,,3.04785,4.762687,3.756071,3.083743,3.097837,,,3.243764,2.408745,4.058199,5.404298,6.577221,0.875469,2.35802,3.863253,,1.644805,5.676993,0.322083,3.440098,3.929863,1.532557,3.533102,2.284421,3.538057,3.382694,2.548664,2.92531,2.084429
1931-08,4.439942,3.805551,,1.781709,4.518413,1.951608,3.386084,3.551053,3.877224,2.695303,,3.324676,4.334673,4.347565,2.687847,1.65058,2.796061,3.055415,3.771841,,3.132446,4.927399,3.878673,3.214868,3.291754,,,3.451257,2.542389,4.304065,5.530024,6.798007,1.437463,2.464704,4.059753,,1.809927,5.808593,0.732368,3.454106,4.113003,1.549688,3.566994,2.399712,3.689629,3.531055,2.63548,3.711863,2.151762
1931-09,4.441592,3.757005,,1.669592,4.481985,1.780024,3.298057,3.529297,3.851848,2.660959,,3.258481,4.375631,4.280271,2.562639,1.583094,2.695303,2.90526,3.603594,,3.001217,4.817212,3.852273,3.101892,3.193763,,,3.36557,2.353278,4.272909,5.472481,6.748032,1.371181,2.407846,3.916413,,1.743969,5.719426,0.587787,3.308717,3.994708,1.460938,3.569533,2.312535,3.513633,3.447763,2.529721,3.623274,2.223542
1931-10,4.404033,3.765146,,1.800058,4.44006,1.752672,3.370738,3.470723,3.840742,2.634045,,3.312366,4.35927,4.289089,2.484907,1.587192,2.647592,2.899772,3.603866,,2.977059,4.854527,3.80999,3.150597,3.117507,,,3.38439,2.305581,4.358118,5.467976,6.756153,1.378766,2.36462,3.933784,,1.715598,5.767195,0.609766,3.318902,3.933784,1.474763,3.596216,2.323368,3.55934,3.441059,2.587012,3.621403,2.226783
1931-11,3.93847,3.423285,,1.510722,4.18662,1.435085,2.797891,3.235536,3.410487,2.532108,,2.972464,3.999851,3.914221,2.093098,1.337629,2.261763,2.441477,3.282789,,2.560323,4.426522,3.378611,2.624669,2.813011,,,2.993229,1.950187,3.992312,4.99498,6.496232,1.064711,2.102914,3.495598,,1.163151,5.411512,0.10436,3.046425,3.690129,1.160021,3.228034,1.987874,3.110845,2.825537,2.13061,3.104138,1.947338
1931-12,3.868071,3.549617,,1.728109,4.244631,1.508512,2.977059,2.97553,3.548467,2.506342,,3.127637,4.096675,3.991389,2.134166,1.355835,2.303585,2.478218,3.292498,,2.645465,4.529476,3.492256,2.747912,2.925846,,,3.167583,1.969906,4.135327,5.091785,6.538719,1.118415,2.148268,3.595393,,1.247032,5.502727,-0.072571,3.154017,3.655064,1.226712,3.35829,2.091864,3.350956,3.079614,2.214846,3.17847,1.983756
1932-01,3.77092,3.518684,,1.61542,4.173926,1.413423,2.598979,2.870736,3.467297,2.491551,,3.03351,4.064572,3.930452,2.093098,1.249902,2.223542,2.293544,3.199489,,2.561868,4.356581,3.432373,2.710048,2.733718,,,3.018472,1.774952,4.036009,5.036888,6.467699,1.004302,2.085672,3.53427,,1.217876,5.375741,-0.18633,3.033991,3.404193,1.033184,3.242202,1.934416,3.407842,2.967333,2.061787,3.039271,1.921325
1932-02,3.565581,3.409166,,1.534714,4.097672,0.951658,2.21266,2.613007,3.370738,2.319442,,2.953868,4.020698,3.858411,1.960095,1.175573,2.039921,2.09433,2.892037,,2.386007,4.188897,3.364533,2.551786,2.515274,,,2.823163,1.508512,3.824721,4.890048,6.365731,0.936093,1.8453,3.41871,,0.978326,5.221112,-0.478036,2.901422,3.22446,0.667829,3.07084,1.76815,3.113515,2.773214,1.800058,2.768832,1.771557
1932-03,3.432373,3.392829,,1.465568,4.174387,0.797507,2.386007,2.543176,3.36833,2.366498,,2.963209,3.986388,3.794815,1.960095,1.178655,2.048982,2.119863,2.921547,,2.400619,4.033887,3.280535,2.644755,2.629728,,,2.876949,1.562346,3.770459,4.862522,6.324466,0.940007,1.84055,3.376221,,0.982078,5.187106,-0.223144,2.894253,3.298795,0.09531,3.078233,1.729884,3.287655,2.761907,1.811562,2.799109,1.838961
1932-04,3.663049,3.454738,,1.629241,4.198254,0.896088,2.444952,2.522524,3.39652,2.375836,,2.85647,4.011325,3.870993,1.922788,1.205971,2.152924,2.157559,2.965273,,2.379546,4.116269,3.283539,2.61007,2.674838,,,2.842581,1.528228,3.844386,4.922095,6.434514,0.97456,1.83418,3.404525,,0.940007,5.169688,-0.274437,2.991222,3.249987,0.165514,3.103689,1.800058,3.430109,2.832625,1.885553,2.940748,1.871802
1932-05,3.498627,3.372112,,1.508512,4.187076,0.797507,2.169054,2.386926,3.21326,2.334084,,2.801541,3.93398,3.780547,1.805005,1.160021,1.958685,2.04122,2.783158,,2.234306,3.915816,3.031582,2.251292,2.483239,,,2.775709,1.337629,3.835574,4.807294,6.310191,0.86289,1.80171,3.307619,,0.727549,5.101816,-0.210721,2.901422,3.045474,0.576613,3.029167,1.708378,3.218076,2.697326,1.882514,2.747912,1.706565
1932-06,3.32791,3.244544,,1.398717,4.082103,0.770108,1.879465,2.243896,3.100993,2.276241,,2.572612,3.713816,3.370394,1.439835,1.022451,1.786747,1.829376,2.566487,,2.005526,3.65377,2.689886,2.10657,2.285439,,,2.613007,1.137833,3.704507,4.634632,6.17784,0.482426,1.682688,3.086487,,0.438255,4.698114,-0.798508,2.549445,2.754297,0.444686,2.84955,1.4884,3.053529,2.149434,1.169381,2.590767,1.562346
1932-07,2.874694,2.992226,,1.105257,3.828424,0.198851,1.294727,1.943049,2.864484,2.239645,,2.279316,3.240246,3.249987,1.193922,0.746688,1.585145,1.597365,2.308567,,1.756132,3.242202,2.466403,1.769855,2.021548,,,2.492379,0.896088,3.639164,4.305955,6.063483,0.314811,1.547563,2.941276,,0.262364,4.494015,-1.272966,2.36462,2.316488,0.14842,2.502255,1.18479,2.676215,1.731656,0.425268,2.244956,1.401183
1932-08,2.919931,3.00072,,1.283708,3.875152,0.076961,1.393766,1.534714,2.507972,2.191654,,2.415914,3.321793,3.15955,1.111858,0.71784,1.629241,1.521699,2.337952,,1.638997,3.326833,2.37862,1.848455,2.09679,,,2.329227,0.920283,3.676807,4.33559,5.966685,0.364643,1.311032,2.949165,,0.444686,4.4804,-2.120264,2.322388,2.296567,-0.210721,2.532903,1.202972,2.738256,2.083185,0.978326,2.345645,1.308333
1932-09,3.568687,3.243764,,1.451614,4.095178,0.536493,1.903599,1.885553,2.787477,1.954445,,2.566487,3.596216,3.409166,1.460938,0.982078,1.930071,1.766442,2.821379,,2.00148,3.768384,2.745346,2.193886,2.463002,,,2.706716,1.366092,3.964995,4.590868,6.121066,0.476234,1.593309,3.163786,,0.756122,4.603469,-1.771957,2.51689,2.774462,-0.072571,2.772589,1.427916,3.034472,2.565718,1.196948,2.778819,1.556037
1932-10,3.771611,3.480317,,1.790091,4.249209,0.662688,2.430978,2.171337,3.0214,2.193886,,2.794839,3.897518,3.714547,2.134166,1.460938,2.226783,2.242835,3.285787,,2.416806,4.173772,3.151025,2.738256,2.744704,,,2.963725,2.178155,4.112839,4.945421,6.36925,0.741937,1.747459,3.475996,,1.235471,4.829992,-0.371064,2.85647,3.275634,0.463734,3.05164,1.646734,3.296947,2.899221,1.587192,3.293241,1.773256
1932-11,3.545298,3.465423,,1.759581,4.241327,0.71784,2.305581,2.213754,3.023347,2.191654,,2.75111,3.749739,3.766535,1.859418,1.363537,2.261763,2.149434,3.179303,,2.367436,4.10759,3.205588,2.969388,2.75111,,,2.897568,2.11505,4.022311,4.893877,6.352211,0.542324,1.711995,3.399195,,1.175573,4.807213,-0.798508,2.823757,3.245323,0.604316,3.075929,1.642873,3.265378,2.823163,1.499623,3.209229,1.710188
1932-12,3.330059,3.366606,,1.623341,4.090002,0.530628,2.000128,1.958685,2.891482,2.099244,,2.596001,3.533395,3.586293,1.688249,1.223775,2.101692,1.877937,3.006672,,2.113843,3.868071,2.921547,2.730464,2.494032,,,2.821974,1.876407,3.991204,4.777694,6.267409,0.350657,1.597365,3.229222,,0.81093,4.755141,-0.798508,2.772589,3.026746,0.371564,2.940748,1.490654,3.233567,2.530517,1.391282,3.013572,1.646734
1933-01,3.457578,3.307619,,1.568616,3.992312,0.598837,1.867176,1.941615,2.83615,2.055405,,2.588516,3.572907,3.562182,1.479329,1.121678,2.04122,1.795087,2.751748,,2.039921,3.769537,2.87976,2.624669,2.446685,,,2.843164,1.660131,3.939249,4.733124,6.256095,0.357674,1.549688,3.156575,,0.837248,4.715548,-0.798508,2.739549,2.922624,0.262364,2.875822,1.420696,3.071303,2.621766,1.261298,2.976549,1.551809
1933-02,3.565581,3.382694,,1.633154,3.989354,0.350657,1.843719,2.012233,2.851862,2.021548,,2.466403,3.664331,3.680343,1.499623,1.047319,2.056685,1.690096,2.66375,,2.059239,3.809326,2.946017,2.810005,2.398804,,,2.81421,1.578979,3.940999,4.816241,6.271121,0.182322,1.52388,3.184698,,0.81978,4.816403,-1.272966,2.826722,2.972975,0.157004,2.92047,1.444563,3.086487,2.64191,1.071584,3.071303,1.490654
1933-03,3.738859,3.374853,,1.463255,4.096675,0.231112,1.556037,1.997418,2.761907,2.121063,,2.486572,3.646755,3.717953,1.572774,1.015231,2.03862,1.729884,2.689886,,2.123458,3.805328,2.952825,2.792391,2.575661,,,2.810607,1.669592,3.90701,4.769837,6.27414,0.14842,1.601406,3.206803,,0.783902,4.88265,-1.347074,2.91723,3.107274,0.076961,2.892037,1.528228,3.353057,2.72261,1.150572,3.044046,1.453953
1933-04,3.63125,3.270709,,1.34025,3.993419,0.139762,1.332366,1.774952,2.522524,2.073172,,2.281361,3.524889,3.537766,1.313724,0.943906,1.867176,1.420696,2.503074,,1.851599,3.55134,2.651127,2.477378,2.459589,,,2.723267,1.403643,3.758172,4.53903,6.193241,-0.150823,1.460938,3.036874,,0.582216,4.745454,-1.660731,2.776954,2.92047,0.0,2.70069,1.327075,3.109953,2.463002,0.824175,2.824351,1.430311
1933-05,3.859255,3.365916,,1.568616,4.05889,0.548121,1.111858,1.921325,2.631889,2.142416,,2.324347,3.474138,3.616309,1.442202,0.966984,1.993339,1.406097,2.639057,,2.063058,3.614964,2.7638,2.564949,2.597491,,,2.801541,1.490654,3.787593,4.394079,6.108403,-0.18633,1.497388,3.146305,,0.609766,4.769667,-1.049822,2.840247,2.98214,0.0,2.781301,1.324419,3.14974,2.279316,0.871293,2.739549,1.401183
1933-06,4.214347,3.645972,,1.822935,4.343805,0.662688,1.695616,2.351375,3.082827,2.489065,,2.524928,3.806218,3.99618,2.05027,1.391282,2.327278,1.722767,3.247658,,2.458734,4.082441,3.361763,2.93226,2.992728,,,3.033991,1.795087,4.119525,4.620847,6.232586,-0.139262,1.61542,3.499835,,1.015231,4.987981,-1.049822,3.193763,3.228034,0.371564,3.136798,1.415853,3.498929,2.839663,1.272566,3.065725,1.704748
1933-07,4.33925,3.748091,,2.451867,4.424966,1.223775,2.086914,2.520113,3.247269,2.71932,,2.637628,4.017643,4.245777,2.426571,1.724551,2.681022,2.196113,3.474138,,2.753024,4.255896,3.58018,3.144583,3.228034,,,3.315276,2.070653,4.270955,4.790404,6.392754,0.476234,1.800058,3.700067,,1.413423,5.170314,0.131028,3.323956,3.508855,0.824175,3.289893,1.637053,3.724488,3.104587,1.656321,3.287282,2.070653
1933-08,4.511299,3.851423,,2.84955,4.525261,1.652497,2.269028,2.631889,3.308351,2.699346,,2.699346,4.126328,4.345622,2.368373,1.893112,3.007661,2.305581,3.535728,,2.95178,4.295924,3.805106,3.24688,3.456632,,,3.428488,2.214846,4.397531,4.91852,6.475695,0.41211,1.740466,3.869324,,1.249902,5.224186,0.223144,3.371769,3.582685,1.226712,3.466048,1.740466,3.845456,3.022861,1.951608,3.454422,2.231089
1933-09,4.416307,3.765146,,2.687847,4.503691,1.34025,2.217027,2.346602,3.205182,2.655352,,2.566487,3.903588,4.247495,2.059239,1.722767,2.848971,2.089392,3.428488,,2.727199,4.175464,3.734331,3.10324,3.25347,,,3.335414,1.93586,4.273606,4.772293,6.431057,0.239017,1.66203,3.718924,,1.355835,5.142131,0.173953,3.30542,3.536602,1.07841,3.321432,1.562346,3.640214,2.970927,1.646734,3.323236,2.270062
1933-10,4.593907,3.840527,,2.973998,4.594514,1.435085,2.488234,2.600465,3.311637,2.711378,,2.544747,3.88773,4.438289,2.426571,1.824549,2.988708,2.152924,3.537766,,2.905808,4.301765,3.910822,3.311273,3.471345,,,3.492256,2.091864,4.447463,4.797112,6.47534,0.378436,1.640937,3.840312,,1.437463,5.236229,-0.01005,3.407842,3.681099,1.196948,3.384729,1.638997,3.846524,3.05164,1.795087,3.392829,2.428336
1933-11,4.453649,3.743841,,2.914522,4.549763,1.327075,2.403335,2.303585,3.181797,2.573375,,2.496506,3.874736,4.355554,2.368373,1.713798,2.839078,1.786747,3.442019,,2.732418,4.083621,3.745496,3.085116,3.344627,,,3.543275,1.860975,4.424847,4.57306,6.42102,0.198851,1.4884,3.676047,,1.335001,5.148657,-0.210721,3.364188,3.466673,0.951658,3.29287,1.506297,3.806662,2.887033,1.553925,3.171365,2.285439
1933-12,4.439824,3.649619,,2.847232,4.425924,0.955511,2.282382,2.248129,3.107274,2.535283,,2.410542,3.814631,4.303119,2.203869,1.609438,2.768832,1.701105,3.303585,,2.676903,3.968403,3.636796,2.942859,3.189241,,,3.494384,1.665818,4.377893,4.493344,6.346461,0.076961,1.386294,3.610648,,1.199965,5.074048,-0.653926,3.329343,3.33149,0.871293,3.212455,1.321756,3.683616,2.831447,1.458615,3.011606,2.226783
1934-01,4.547011,3.700808,,2.772589,4.462569,1.091923,2.323368,2.208274,3.179303,2.62684,,2.482404,3.89182,4.439942,2.23858,1.638997,2.870736,1.706565,3.411478,,2.800325,4.083452,3.853334,3.103689,3.286161,,,3.490124,1.742219,4.50899,4.457134,6.40127,0.067659,1.435085,3.780547,,1.313724,5.172868,-0.693147,3.430756,3.390136,0.943906,3.34498,1.381282,3.737431,2.837323,1.071584,3.086943,2.291524
1934-02,4.469236,3.664587,,2.757475,4.402319,0.970779,2.282382,2.231089,3.134624,2.600465,,2.215937,3.778949,4.504134,2.390596,1.699279,2.906354,1.673351,3.465736,,2.820188,4.147095,3.944684,3.117507,3.389799,,,3.472277,1.702928,4.496136,4.465678,6.343599,-0.105361,1.442202,3.787593,,1.547563,5.205818,-0.478036,3.460409,3.454106,0.770108,3.388787,1.376244,3.836868,2.816007,1.175573,3.105483,2.347558
1934-03,4.562054,3.758172,,2.900322,4.464988,1.22083,2.429218,2.461297,3.226447,2.749832,,2.480731,3.921181,4.548071,2.560323,1.903599,3.051167,1.983756,3.58657,,2.990217,4.306899,4.066802,3.528711,3.506158,,,3.492256,1.93297,4.575947,4.650813,6.401536,0.398776,1.562346,3.907814,,1.890095,5.3042,-0.314711,3.493777,3.642312,1.088562,3.542697,1.638997,4.101982,3.317453,1.541159,3.286908,2.458734
1934-04,4.553772,3.68261,,2.766948,4.423169,1.20896,2.524127,2.446685,3.230014,2.713369,,2.40243,3.874321,4.517977,2.566487,1.913977,2.981633,1.913977,3.566712,,2.946017,4.221564,4.036715,3.314913,3.475067,,,3.516013,1.93297,4.536784,4.623796,6.422532,0.392042,1.599388,3.860098,,1.857859,5.316747,-0.301105,3.515121,3.604138,1.141033,3.567841,1.693779,4.200804,3.294354,1.757858,3.243373,2.514465
1934-05,4.597944,3.692124,,2.794839,4.40952,1.181727,2.573375,2.551006,3.16674,2.68444,,2.386007,3.865351,4.506675,2.541602,1.918392,2.965273,1.868721,3.554205,,2.939691,4.279717,4.033001,3.329701,3.473518,,,3.559055,1.860975,4.521897,4.603369,6.417092,0.444686,1.560248,3.808882,,1.824549,5.274383,-0.030459,3.498929,3.602504,1.166271,3.5874,1.763017,4.237723,3.314186,1.733424,3.232384,2.500616
1934-06,4.676281,3.716251,,2.783776,4.449218,1.360977,2.523326,2.639771,3.157851,2.668616,,2.377693,3.951051,4.472324,2.560323,1.893112,2.953868,1.790091,3.507358,,2.898119,4.234686,3.964615,3.239071,3.475377,,,3.527536,1.843719,4.501031,4.563619,6.404468,0.431782,1.61542,3.800421,,1.819699,5.34396,0.058269,3.521052,3.5874,1.18479,3.571784,1.699279,4.262821,3.343921,1.646734,3.204777,2.480731
1934-07,4.647271,3.669187,,2.590017,4.456206,1.235471,2.502255,2.553344,3.094672,2.614472,,2.334084,3.936911,4.393461,2.426571,1.764731,2.841998,1.627278,3.382694,,2.753024,4.149937,3.817273,3.141995,3.322875,,,3.53427,1.747459,4.473694,4.472667,6.360473,0.350657,1.576915,3.716495,,1.699279,5.3718,-0.210721,3.441379,3.491647,1.085189,3.489513,1.549688,4.164337,3.284289,1.576915,3.11396,2.394252
1934-08,4.661834,3.671988,,2.840247,4.43367,1.068153,2.60269,2.508786,3.15487,2.626117,,2.323368,3.392493,4.437107,2.391511,1.745716,2.889816,1.638997,3.456001,,2.743417,4.158727,3.778034,3.104138,3.303952,,,3.566429,1.778336,4.458293,4.511189,6.354318,0.457425,2.017566,3.723039,,1.757858,5.390805,-0.494296,3.486151,3.476923,1.061257,3.494384,1.506297,4.068343,3.302481,1.477049,3.109953,2.480731
1934-09,4.581185,3.615233,,2.561096,4.424487,0.845868,2.312535,2.312535,3.053057,2.600465,,2.273156,3.37588,4.382776,2.299581,1.547563,2.709383,1.316408,3.277145,,2.540814,4.005331,3.622205,2.8937,3.114404,,,3.45189,1.515127,4.35863,4.320151,6.309864,0.173953,1.921325,3.58657,,1.611436,5.385641,-0.733969,3.444576,3.252697,0.875469,3.409496,1.321756,3.977436,3.182212,1.160021,2.90526,2.420368
1934-10,4.682687,3.647015,,2.694627,4.453533,0.871293,2.517696,2.346602,3.125444,2.617396,,2.242835,3.33149,4.435212,2.398804,1.599388,2.807594,1.432701,3.361417,,2.637628,4.074652,3.709907,2.972464,3.114848,,,3.541539,1.597365,4.412313,4.328758,6.335125,0.24686,1.553925,3.654805,,1.740466,5.413608,-0.494296,3.493169,3.279783,0.966984,3.44967,1.398717,4.068343,3.190888,1.241269,2.955431,2.469793
1934-11,4.693639,3.621136,,2.676903,4.472324,0.774727,2.615204,2.338917,3.091951,2.623218,,2.256541,3.335414,4.441474,2.40243,1.637053,2.78192,1.430311,3.315639,,2.66026,4.060788,3.715278,2.903617,3.111736,,,3.501646,1.633154,4.385271,4.341855,6.333049,0.173953,1.551809,3.647015,,1.769855,5.413608,-0.798508,3.507657,3.278653,0.970779,3.472898,1.366092,4.063026,3.213662,1.211941,2.904165,2.464704
1934-12,4.63366,3.613347,,2.708717,4.498698,0.693147,2.56418,2.317474,3.144583,2.649008,,2.312535,3.321071,4.443474,2.455306,1.589235,2.840831,1.266948,3.251924,,2.678278,4.012592,3.689129,2.861057,3.151881,,,3.505257,1.627278,4.335721,4.260847,6.318536,0.19062,1.934416,3.710152,,1.78507,5.469662,-0.798508,3.514526,3.257712,1.043804,3.487987,1.332366,4.137404,3.565581,1.10194,2.913437,2.493205
1935-01,4.658806,3.685373,,2.892037,4.579237,0.940007,2.687847,2.486572,3.253857,2.710713,,2.396075,3.342862,4.522115,2.596746,1.733424,2.979095,1.353255,3.39182,,2.867899,4.15685,3.845883,3.12016,3.311273,,,3.489513,1.678964,4.396669,4.245634,6.301043,0.198851,1.972691,3.827118,,1.930071,5.531649,-0.030459,3.590715,3.307619,1.153732,3.575711,1.427916,4.26268,3.687629,1.261298,2.959068,2.61007
1935-02,4.702841,3.670715,,2.912351,4.539885,0.788457,2.672768,2.494032,3.25925,2.734368,,2.372111,3.349202,4.516011,2.626117,1.682688,2.986692,1.241269,3.429785,,2.945491,4.203946,3.880532,3.165053,3.301745,,,3.504055,1.682688,4.402319,4.150725,6.27431,0.385262,1.61542,3.824502,,1.918392,5.529429,0.067659,3.632309,3.307253,1.187843,3.557346,1.458615,4.290048,3.646233,1.283708,2.963725,2.596746
1935-03,4.668239,3.667145,,2.817204,4.516448,0.792993,2.592265,2.43449,3.268428,2.72458,,2.38232,3.337903,4.500476,2.547881,1.660131,2.954389,1.153732,3.369363,,2.936513,4.226834,3.785552,3.107721,3.280911,,,3.444895,1.60342,4.35735,4.116432,6.269664,0.24686,1.549688,3.79414,,1.832581,5.533903,-0.18633,3.633102,3.239854,1.071584,3.501947,1.406097,4.297421,3.588783,1.223775,2.866762,2.540814
1935-04,4.7739,3.68261,,2.834389,4.516011,0.672944,2.546315,2.413232,3.324316,2.713369,,2.381396,3.371082,4.496471,2.503074,1.60543,2.914522,0.963174,3.298795,,2.939691,4.204095,3.789177,3.027715,3.186766,,,3.43108,1.504077,4.316554,3.97387,6.279984,0.14842,1.578979,3.814631,,1.880991,5.605692,-0.597837,3.690129,3.160399,1.047319,3.491343,1.376244,4.330865,3.594843,1.075002,2.8088,2.509599
1935-05,4.784738,3.623807,,2.822569,4.448048,0.65752,2.490723,2.352327,3.251924,2.675527,,2.347558,3.33577,4.462339,2.423917,1.492904,2.836737,1.000632,3.254243,,2.857619,4.135167,3.723039,2.95491,3.087399,,,3.463233,1.378766,4.278609,4.08564,6.251403,-0.01005,1.607436,3.785098,,1.972691,5.596346,-0.562119,3.665611,3.059646,0.963174,3.441379,1.321756,4.306629,3.513931,0.924259,2.797891,2.46215
1935-06,4.832465,3.663305,,2.776332,4.533996,0.683097,2.587764,2.432736,3.302849,2.719979,,2.296567,3.374853,4.544464,2.503074,1.551809,2.935982,1.166271,3.386422,,2.95178,4.222298,3.798854,3.092405,2.995732,,,3.547604,1.456287,4.422929,4.189503,6.338753,0.122218,1.665818,3.869533,,2.095561,5.738184,-0.527633,3.697344,3.144152,0.989541,3.509454,1.283708,4.33716,3.592919,0.57098,2.870736,2.540026
1935-07,4.822457,3.663818,,2.76001,4.55008,0.765468,2.707383,2.457021,3.292126,2.739549,,2.33602,3.312002,4.571096,2.441477,1.56653,2.964242,1.278152,3.381675,,2.97604,4.258587,3.81903,3.008648,3.076851,,,3.581294,1.381282,4.453649,4.309456,6.419229,0.076961,1.729884,3.87245,,2.071913,5.749011,0.067659,3.722798,3.17847,0.970779,3.531055,1.289233,4.36742,3.67275,0.770108,2.93226,2.581731
1935-08,4.835647,3.73624,,2.864484,4.584763,0.662688,2.793616,2.450143,3.309082,2.749832,,2.368373,3.349202,4.628691,2.459589,1.646734,3.043093,1.305626,3.365916,,3.113515,4.346917,3.86995,2.892592,3.157426,,,3.565298,1.420696,4.548282,4.395066,6.453924,0.086178,1.791759,3.923359,,2.215937,5.799668,0.0,3.826901,3.239462,0.978326,3.573469,1.329724,4.200505,3.747148,1.040277,2.990217,2.644045
1935-09,4.670021,3.769768,,2.876949,4.657573,0.609766,2.832625,2.477378,3.378952,2.791778,,2.242835,3.395515,4.676001,2.525729,1.829376,3.156575,1.759581,3.508256,,3.258097,4.477905,4.039888,3.021887,3.302849,,,3.563883,1.48614,4.560591,4.482098,6.509708,0.398776,2.355178,3.941776,,2.327278,5.806459,0.10436,3.87681,3.335414,0.966984,3.646233,1.355835,4.238301,3.827771,1.20896,3.088311,2.68239
1935-10,4.655958,3.730501,,2.969388,4.651672,0.837248,2.952825,2.439735,3.39081,2.780681,,2.294553,3.381335,4.720461,2.56341,1.83737,3.163786,1.860975,3.570659,,3.276767,4.523201,4.134366,3.105931,3.223266,,,3.613617,1.508512,4.537212,4.544677,6.549608,0.438255,1.88707,3.949704,,2.305581,5.808142,0.10436,3.846524,3.343921,1.091923,3.671225,1.406097,4.269837,3.822755,1.305626,3.175133,2.672078
1935-11,4.592591,3.761898,,3.044999,4.66051,0.920283,3.046901,2.429218,3.392829,2.773214,,2.255493,3.394508,4.78574,2.663053,1.976855,3.191299,1.735189,3.609295,,3.331847,4.599554,4.237579,3.154444,3.093313,,,3.51631,1.501853,4.50092,4.521136,6.57608,0.438255,1.915451,4.001132,,2.396075,5.86238,0.506818,3.870367,3.349904,1.12493,3.661765,1.425515,4.238301,3.841601,1.252763,3.184284,2.699346
1935-12,4.62124,3.819469,,3.187179,4.675908,0.940007,3.083285,2.515274,3.39182,2.804572,,2.308567,3.452207,4.823743,2.761275,2.043814,3.310178,2.141242,3.663818,,3.410487,4.677026,4.364626,3.151453,3.210037,,,3.504355,1.456287,4.628691,4.65129,6.606664,0.431782,2.36556,4.120012,,2.557227,5.922918,0.223144,3.906809,3.341093,1.172482,3.672242,1.481605,4.168833,3.881564,1.508512,3.346037,2.758743
1936-01,4.615121,3.840097,,3.161247,4.665607,1.327075,3.209229,2.618125,3.358986,2.822569,,2.320425,3.458208,4.840163,2.90526,2.055405,3.364533,2.083185,3.733614,,3.456947,4.757118,4.38689,3.293241,3.322875,,,3.581851,1.564441,4.648708,4.653389,6.699451,0.620576,2.468947,4.152928,,2.630449,5.889238,0.04879,3.91462,3.475067,1.283708,3.691127,1.631199,4.216415,3.896706,1.669592,3.523415,2.832036
1936-02,4.585987,3.879087,,3.145875,4.655293,1.264127,3.225255,2.628285,3.404193,2.836737,,2.310553,3.482163,4.848822,2.960623,2.086914,3.443618,2.319442,3.775286,,3.488903,4.796451,4.446878,3.494688,3.37588,,,3.647015,1.541159,4.805495,4.705106,6.683336,0.598837,1.521699,4.189048,,2.66375,5.861584,0.254642,3.869324,3.502851,1.289233,3.675034,1.633154,4.177306,3.902579,1.906575,3.608753,2.826129
1936-03,4.721263,3.899343,,3.070376,4.687856,1.264127,3.354106,2.646175,3.419692,2.876386,,2.35802,3.514526,4.900969,2.948116,2.171337,3.509753,2.482404,3.839667,,3.567841,4.867919,4.485936,3.525478,3.501646,,,3.742657,1.619388,4.937061,4.822296,6.724133,0.593327,1.644805,4.234976,,2.872434,5.871949,0.593327,3.798854,3.641526,1.360977,3.640477,1.80171,4.217594,3.926912,2.017566,3.677819,2.827314
1936-04,4.682687,3.927503,,3.157851,4.647559,1.413423,3.372112,2.624669,3.407511,2.918311,,2.43799,3.533102,4.926819,2.968875,2.177022,3.566712,2.420368,3.938081,,3.629395,4.858028,4.518086,3.563316,3.594019,,,3.765609,1.706565,4.970785,4.748664,6.787766,0.652325,2.513656,4.283862,,2.850707,5.889238,0.636577,3.79504,3.684118,1.305626,3.644666,1.857859,4.199605,3.911423,2.030776,3.67402,2.761275
1936-05,4.675629,3.908617,,3.149311,4.599353,1.401183,3.312366,2.871868,3.436565,2.895912,,2.423031,3.570377,4.952653,2.964757,2.189416,3.552487,2.517696,3.953932,,3.702536,4.848195,4.61522,3.651956,3.516904,,,3.720862,1.638997,4.98723,4.752641,6.740046,0.631272,2.512846,4.249209,,2.869602,5.936375,0.582216,3.802878,3.650139,1.297463,3.670715,1.891605,4.225373,3.86073,1.888584,3.634423,2.778198
1936-06,4.630545,3.858411,,3.035914,4.573163,1.252763,3.186766,2.74663,3.377929,2.834389,,2.266958,3.478467,4.884316,2.989211,2.068128,3.430433,2.398804,3.837084,,3.588783,4.748318,4.51086,3.489819,3.401864,,,3.662792,1.48614,4.87855,4.66325,6.682109,0.57098,2.454447,4.16651,,2.845491,5.865589,0.29267,3.777348,3.572065,1.166271,3.618189,1.771557,4.280962,3.746677,1.597365,3.508556,2.681706
1936-07,4.741011,3.911423,,3.016025,4.613634,1.214913,3.172203,2.736962,3.357245,2.84955,,2.305581,3.515121,4.940713,3.088767,2.095561,3.471966,2.503074,3.89914,,3.663818,4.813728,4.536034,3.598681,3.519573,,,3.692871,1.512927,4.865841,4.749184,6.744707,0.737164,2.491551,4.173002,,2.866193,5.895449,0.470004,3.807551,3.633631,1.217876,3.6966,1.824549,4.546587,3.825593,1.704748,3.567277,2.643334
1936-08,4.738827,3.899545,,2.843164,4.572957,1.187843,3.085116,2.719979,3.366606,2.843746,,2.262804,4.010419,4.940213,2.999724,2.259678,3.481855,2.502255,3.890391,,3.603049,4.76243,4.583027,3.556205,3.553346,,,3.549043,1.474763,4.861981,4.786741,6.755781,0.806476,2.439735,4.198254,,2.886475,5.942747,1.829376,3.647536,3.640477,1.321756,3.723522,1.83098,4.41679,3.860309,1.702928,3.601959,3.031099
1936-09,4.818587,3.91462,,2.903069,4.602767,1.311032,3.210037,2.790551,3.377929,2.85532,,2.131797,4.062682,5.025984,3.101443,2.335052,3.574871,2.565718,3.989539,,3.617115,4.896271,4.631325,3.721589,3.611998,,,3.602232,1.556037,4.906903,4.895598,6.779922,1.05779,2.209373,4.253483,,3.010128,6.004331,2.084429,3.623541,3.754433,1.398717,3.783053,1.921325,4.495355,3.83471,1.713798,3.675034,3.002211
1936-10,4.788408,3.925729,,2.985682,4.597541,1.393766,3.286908,2.835564,3.39652,2.835564,,2.142416,4.04112,5.006962,3.042616,2.336987,3.617652,2.531313,4.049347,,3.624874,4.936989,4.610953,3.69883,3.683867,,,3.620601,1.60543,4.894626,4.879235,6.79736,1.121678,2.264883,4.218183,,3.05164,5.987532,2.059239,3.594569,3.786006,1.403643,3.802878,1.940179,4.512836,3.829293,1.78507,3.668677,3.014554
1936-11,4.702297,3.911223,,2.995732,4.583436,1.648659,3.309813,2.863343,3.424263,2.830268,,2.142416,4.043753,5.022498,3.101443,2.388763,3.609024,2.507972,4.059581,,3.657131,4.908529,4.641984,3.759105,3.741709,,,3.591267,1.642873,4.903718,4.856396,6.787901,1.324419,2.254445,4.274998,,3.085116,5.942747,2.080691,3.613078,3.791662,1.437463,3.824066,2.014903,4.588533,3.795939,1.686399,3.661508,3.033028
1936-12,4.759692,3.949511,,3.017983,4.595322,1.695616,3.382694,2.903069,3.533978,2.85532,,2.180417,4.080415,5.076173,3.086943,2.4681,3.671733,2.586259,4.19419,,3.735047,4.971271,4.69199,3.723764,3.752089,,,3.793014,1.638997,5.025721,4.910373,6.837494,1.497388,2.262804,4.315887,,3.146305,5.955967,2.033398,3.642574,3.869116,1.501853,3.931041,2.063058,4.564557,3.859044,1.842136,3.756071,3.063391
1937-01,4.826312,3.980989,,3.090588,4.618481,1.809927,3.494991,2.922624,3.559909,2.88926,,2.233235,4.106273,5.116795,3.14329,2.568788,3.743604,2.791165,4.232221,,3.785098,5.015291,4.662495,3.788499,3.814851,,,3.815953,1.678964,5.02664,4.873822,6.875449,1.490654,2.304583,4.371976,,3.165053,6.004331,2.141242,3.671733,3.821661,1.648659,4.026601,2.141242,4.584049,3.950282,2.195,3.818371,3.119718
1937-02,4.805332,3.967458,,2.992226,4.581082,1.843719,3.529884,2.890927,3.591542,2.891482,,2.154085,4.069198,5.090616,3.170106,2.547881,3.746912,2.937043,4.272212,,3.823847,5.044521,4.583436,3.813528,3.906206,,,3.828207,1.675226,5.123785,4.853748,6.859332,1.435085,2.329227,4.406841,,3.146735,5.976148,2.36556,3.656614,3.795264,1.623341,3.922171,2.066863,4.508108,3.919197,2.336987,3.791662,3.162094
1937-03,4.805986,3.99028,,3.001217,4.606969,1.857859,3.5636,2.91723,3.73122,2.895359,,2.301585,4.098669,5.106612,3.115292,2.595255,3.823847,2.98214,4.331785,,3.865979,5.159802,4.653484,3.869533,3.947776,,,3.827118,1.697449,5.146797,4.878246,6.850825,1.504077,2.33602,4.416066,,3.208421,5.935344,2.390596,3.641001,3.806218,1.667707,3.918204,2.075684,4.497696,3.924347,2.452728,3.915417,3.22605
1937-04,4.79769,4.010782,,3.064325,4.582515,1.850028,3.57459,2.900322,3.709907,2.911263,,2.361797,4.050741,5.097119,3.079614,2.578701,3.791662,2.944439,4.433195,,3.860309,5.13521,4.647942,3.866398,3.950667,,,3.934371,1.699279,5.156178,4.829273,6.819711,1.587192,2.374906,4.439824,,3.193353,5.943482,2.51689,3.617652,3.861782,1.627278,3.943134,2.122262,4.441238,3.930256,2.403335,3.937496,3.281663
1937-05,4.851327,4.025352,,3.099191,4.50546,1.870263,3.57655,2.830268,3.704753,2.87976,,2.288486,3.99434,5.071417,3.015535,2.526528,3.793239,2.804572,4.48695,,3.852273,5.080161,4.615418,3.830162,3.898532,,,3.991573,1.757858,5.214338,4.761148,6.785599,1.617406,2.294553,4.372103,,3.246491,5.91123,2.421257,3.651697,3.910622,1.663926,3.912023,2.066863,4.409399,3.862833,2.255493,3.897315,3.261169
1937-06,4.798019,3.944684,,2.998728,4.462915,1.704748,3.529591,2.70538,3.676807,2.844909,,2.269028,3.95967,5.022959,2.947067,2.437116,3.688879,2.698,4.332048,,3.815953,5.000248,4.531631,3.676807,3.801091,,,3.821223,1.646734,5.159687,4.681112,6.731686,1.508512,2.189416,4.283449,,3.155297,5.848316,2.415021,3.624608,3.861151,1.553925,3.835142,1.934416,4.380025,3.794815,2.065596,3.805106,3.176803
1937-07,4.789323,3.939054,,2.993229,4.45667,1.745716,3.519573,2.567254,3.640477,2.839078,,2.247072,3.968025,5.040194,3.042616,2.397895,3.703275,2.551786,4.336506,,3.824066,4.989139,4.496248,3.634423,3.801091,,,3.799302,1.627278,5.148773,4.619467,6.74687,1.534714,2.161022,4.292786,,3.177637,5.963219,2.384165,3.632045,3.819469,1.545433,3.782825,1.950187,4.40879,3.790307,2.012233,3.730981,3.169265
1937-08,4.730392,3.853546,,2.943386,4.434263,1.583094,3.450622,2.439735,3.475686,2.75557,,2.037317,3.880326,5.001729,3.011606,2.316488,3.649619,2.457021,4.260283,,3.827118,4.868534,4.354398,3.503754,3.729301,,,3.741472,1.4884,5.118652,4.52168,6.748279,1.472472,2.191654,4.058545,,3.08191,5.961778,2.944439,3.553346,3.687128,1.776646,3.763987,1.868721,3.976499,4.157945,1.842136,3.683364,3.141563
1937-09,4.735057,3.88691,,3.014063,4.503359,1.644805,3.587954,2.431857,3.552487,2.816606,,2.090629,3.919793,5.049664,3.064792,2.412336,3.754901,2.71734,4.380025,,3.919793,4.959973,4.475745,3.607127,3.764682,,,3.83471,1.515127,5.197944,4.696929,6.780467,1.451614,2.270062,4.175617,,3.235536,6.004331,2.98366,3.643097,3.727138,1.848455,3.862202,1.922788,4.015482,4.225957,2.020222,3.90701,3.168003
1937-10,4.657288,3.863043,,2.986692,4.474834,1.587192,3.55134,2.403335,3.495295,2.77944,,2.025513,3.92888,5.017611,3.129389,2.360854,3.704507,2.560323,4.318155,,3.872866,4.891251,4.435686,3.520461,3.704753,,,3.792338,1.508512,5.124856,4.582209,6.754744,1.435085,2.250239,4.144879,,3.204371,6.037131,2.943913,3.61604,3.653252,1.803359,3.813307,1.877937,3.985088,4.230477,1.924249,3.628067,3.14974
1937-11,4.60076,3.73767,,2.85934,4.428552,1.252763,3.379633,2.169054,3.348851,2.665143,,1.902108,3.808439,4.914051,2.947067,2.123458,3.481855,2.248129,4.027314,,3.692622,4.712499,4.297421,3.260402,3.4151,,,3.592093,1.319086,5.009902,4.4533,6.719882,1.205971,2.131797,4.007151,,2.964242,5.976173,2.651127,3.504656,3.473208,1.576915,3.65842,1.708378,3.852273,4.045329,1.633154,3.442019,2.949688
1937-12,4.496025,3.658678,,2.747912,4.383401,1.169381,3.266141,1.991976,3.266522,2.546315,,1.867176,3.771611,4.785657,2.895912,1.974081,3.326115,2.156403,3.837084,,3.503453,4.639475,4.154812,3.185939,3.256942,,,3.621136,1.172482,4.937132,4.399375,6.664817,0.924259,2.070653,3.904797,,2.736314,5.935344,2.494032,3.435599,3.319264,1.504077,3.585184,1.646734,3.76746,4.0004,1.528228,3.342155,2.859913
1938-01,4.397162,3.594843,,2.703373,4.325853,0.978326,3.048799,1.853168,3.17847,2.406044,,1.790091,3.709662,4.674043,2.665143,1.800058,3.258865,2.246015,3.733614,,3.348851,4.598146,3.950089,3.100543,3.175133,,,3.592919,1.064711,4.796534,4.4186,6.628253,0.765468,2.025513,3.777577,,2.582487,5.841804,2.524127,3.302849,3.230014,1.386294,3.418054,1.556037,3.651437,3.921379,1.528228,3.254243,2.771338
1938-02,4.428314,3.559055,,2.604909,4.306495,0.850151,2.893146,1.756132,3.116178,2.354228,,1.543298,3.685875,4.677677,2.522524,1.680828,3.151881,2.398804,3.704507,,3.289893,4.560068,3.768384,3.301377,3.15487,,,3.565864,0.940007,4.780551,4.297829,6.597282,0.57098,1.967112,3.711375,,2.557227,5.889681,2.425687,3.15359,3.127199,1.190888,3.336125,1.442202,3.504355,3.88609,1.308333,3.180135,2.621766
1938-03,4.513274,3.590991,,2.583243,4.302848,0.850151,2.943913,1.851599,3.151453,2.425687,,1.589235,3.719409,4.660605,2.56341,1.764731,3.086487,2.24071,3.69511,,3.258865,4.523743,3.881151,3.249599,3.106826,,,3.642574,0.920283,4.784153,4.236423,6.572618,0.615186,1.9947,3.749033,,2.412336,5.880282,2.408745,3.230409,3.089678,1.241269,3.391484,1.446919,3.533978,3.90701,1.294727,3.135929,2.613007
1938-04,4.541591,3.629925,,2.666534,4.311068,0.883768,2.970414,1.842136,3.188417,2.446685,,1.581038,3.798854,4.733651,2.601949,1.819699,3.200712,2.296567,3.765377,,3.365225,4.564348,3.913222,3.296207,3.231595,,,3.607127,0.940007,4.870607,4.26268,6.549107,0.620576,2.022871,3.833629,,2.593761,5.866015,2.488234,3.317453,3.157851,1.302913,3.475686,1.52388,3.614156,4.011868,1.335001,3.179719,2.656055
1938-05,4.299731,3.447445,,2.375836,4.173926,0.494696,2.580217,1.517323,2.944965,2.239645,,1.327075,3.638375,4.473238,2.407846,1.510722,2.888704,1.853168,3.402197,,3.054944,4.187531,3.591818,3.036394,2.805782,,,3.326115,0.524729,4.575432,4.038479,6.337869,0.19062,1.925707,3.609836,,2.325325,5.615388,2.158715,3.115292,2.736314,1.029619,3.219276,1.244155,3.325036,3.657131,1.033184,2.871868,2.367436
1938-06,4.47221,3.566994,,2.480731,4.267597,0.788457,2.785011,1.704748,3.104138,2.339881,,1.481605,3.747856,4.539778,2.460443,1.625311,3.084201,2.141242,3.5522,,3.193763,4.346011,3.729301,3.329343,2.97604,,,3.531348,0.727549,4.725084,4.174233,6.464261,0.314811,1.983756,3.711619,,2.457021,5.805195,2.366498,3.219276,2.848392,1.141033,3.365916,1.393766,3.458837,3.84887,1.178655,3.03351,2.520917
1938-07,4.472553,3.559625,,2.448416,4.275832,0.667829,2.707383,1.589235,3.085573,2.280339,,1.492904,3.758406,4.500032,2.36462,1.547563,2.981633,2.066863,3.436565,,3.117065,4.309456,3.650918,3.274878,2.878637,,,3.489819,0.636577,4.654817,4.186164,6.472532,0.300105,2.261763,3.694613,,2.424803,5.782932,2.254445,3.202746,2.810607,1.229641,3.32071,1.358409,3.446489,3.833629,1.190888,2.936513,2.427454
1938-08,4.558288,3.677819,,2.629007,4.380651,0.951658,3.035434,1.862529,3.220475,2.35991,,1.635106,3.84567,4.698478,2.540026,1.853168,3.298795,1.806648,3.745496,,3.343568,4.575535,3.920388,3.339677,3.191299,,,3.737431,0.900161,4.803857,4.421728,6.361596,0.683097,1.163151,3.876396,,2.750471,5.944216,2.625393,3.325396,3.036874,1.437463,3.523415,1.508512,3.627004,3.708682,1.366092,3.000222,2.790551
1938-09,4.551875,3.724729,,2.731115,4.450152,1.000632,3.075005,1.972691,3.303952,2.479894,,1.710188,3.900962,4.757548,2.66026,2.006871,3.394508,1.893112,3.807995,,3.418382,4.621437,4.105779,3.43431,3.266522,,,3.827771,1.000632,4.873134,4.425445,6.374292,0.871293,1.272566,3.999851,,2.794228,5.987532,2.74663,3.352357,3.146735,1.517323,3.607941,1.629241,3.78237,3.726416,1.432701,3.027715,2.891482
1938-10,4.456786,3.675541,,2.670694,4.421608,0.920283,3.099191,1.916923,3.299165,2.431857,,1.671473,3.900153,4.758492,2.549445,1.978239,3.410487,1.793425,3.784644,,3.360723,4.61611,4.157945,3.384729,3.182627,,,3.805551,0.943906,4.769243,4.360292,6.376982,0.908259,1.153732,3.963286,,2.835564,5.954489,2.710713,3.30652,3.102791,1.460938,3.594569,1.595339,3.788725,3.678324,1.327075,2.939691,2.900322
1938-11,4.487175,3.666378,,2.66026,4.434026,0.963174,3.080992,1.879465,3.305054,2.445819,,1.621366,3.895894,4.782228,2.540026,1.962908,3.421653,1.800058,3.804215,,3.36557,4.634535,4.164182,3.375538,3.154444,,,3.780775,0.891998,4.776347,4.368435,6.370192,0.806476,1.144223,3.94294,,2.789323,5.97042,2.780681,3.302849,3.082369,1.460938,3.593194,1.572774,3.781003,3.696848,1.313724,2.921009,2.927453
1938-12,4.533782,3.715278,,2.804572,4.467057,1.258461,3.20234,1.943049,3.389125,2.476538,,1.756132,3.94739,4.848508,2.561868,2.054124,3.501947,2.315501,3.935349,,3.438172,4.749357,4.232221,3.633631,3.337547,,,3.827554,0.970779,4.767204,4.556715,6.405129,0.883768,1.238374,3.999301,,2.881443,6.009869,2.904713,3.376905,3.227637,1.532557,3.670715,1.638997,3.879293,3.746205,1.398717,3.004196,2.968875
1939-01,4.439942,3.685373,,2.824944,4.445705,1.258461,3.177637,1.871802,3.354455,2.421257,,1.754404,3.956614,4.840242,2.543176,1.99061,3.459781,2.118662,3.921577,,3.388112,4.686013,4.204543,3.694116,3.341801,,,3.802878,0.940007,4.759521,4.475631,6.411457,0.837248,1.175573,4.005513,,2.801541,6.004331,2.869602,3.321432,3.19171,1.576915,3.658162,1.65058,3.924742,3.744314,1.313724,2.964757,3.022374
1939-02,4.564557,3.699572,,2.777576,4.47221,1.264127,3.163363,1.853168,3.363496,2.411439,,1.720979,3.961004,4.892752,2.540026,2.009555,3.508855,2.301585,3.965374,,3.421327,4.710881,4.225665,3.814851,3.481548,,,3.80466,0.989541,4.80484,4.511519,6.422061,0.806476,1.150572,4.023207,,2.876386,6.030373,2.950735,3.366606,3.342508,1.439835,3.662535,1.629241,3.892432,3.742657,1.368639,2.944439,3.130263
1939-03,4.577388,3.677313,,2.676903,4.449919,1.105257,3.032546,1.842136,3.343568,2.445819,,1.684545,3.952013,4.824627,2.489065,1.948763,3.393165,2.157559,3.826901,,3.320349,4.628398,4.137564,3.704261,3.350255,,,3.75373,0.879627,4.738914,4.519721,6.439973,0.71295,1.015231,3.958907,,2.732418,5.97042,2.794228,3.283539,3.231989,1.335001,3.630456,1.558145,3.815953,3.709907,1.249902,2.877512,3.006178
1939-04,4.657098,3.707701,,2.753024,4.439588,1.23256,3.064325,1.813195,3.36557,2.476538,,1.693779,3.983972,4.83111,2.495682,1.971299,3.421653,2.203869,3.869324,,3.378952,4.665324,4.196751,3.735763,3.398861,,,3.729061,0.928219,4.721797,4.59734,6.474492,0.792993,1.071584,3.972742,,2.76569,5.957416,2.811809,3.292498,3.306887,1.337629,3.685122,1.611436,3.873074,3.734808,1.238374,2.906901,3.005187
1939-05,4.611749,3.644928,,2.596001,4.395066,1.05779,2.81241,1.593309,3.299165,2.393339,,1.629241,3.934567,4.743714,2.43449,1.806648,3.184284,1.754404,3.628333,,3.186353,4.463146,4.000034,3.509753,3.055886,,,3.623274,0.71295,4.633855,4.446995,6.4378,0.693147,0.828552,3.843744,,2.513656,5.917333,2.549445,3.170945,3.105483,1.223775,3.581851,1.446919,3.737431,3.629129,1.12493,2.754297,2.781301
1939-06,4.674603,3.65377,,2.568022,4.38365,1.105257,2.825537,1.646734,3.302481,2.386926,,1.646734,3.943715,4.726148,2.388763,1.790091,3.171784,1.780024,3.598408,,3.175968,4.457366,4.005695,3.564449,3.059646,,,3.621403,0.703098,4.621831,4.473466,6.464931,0.703098,0.86289,3.799974,,2.507157,5.801816,2.484073,3.167161,3.083285,1.217876,3.575991,1.458615,3.685624,3.623274,1.128171,2.787477,2.769459
1939-07,4.734267,3.711375,,2.623218,4.416186,1.324419,2.95178,1.711995,3.363842,2.413232,,1.715598,3.991389,4.782479,2.468947,1.867176,3.275634,1.93297,3.669697,,3.260402,4.525694,4.069369,3.639689,3.150597,,,3.636533,0.788457,4.640248,4.530554,6.518911,0.751416,0.951658,3.864092,,2.588516,5.940724,2.550226,3.214466,3.171784,1.280934,3.682107,1.490654,3.78419,3.734092,1.105257,2.844909,2.861629
1939-08,4.70148,3.674273,,2.574138,4.473922,1.264127,2.824944,1.646734,3.351657,2.409644,,1.652497,4.005513,4.725262,2.458734,1.803359,3.17847,1.754404,3.564732,,3.167161,4.427358,3.988058,3.501344,3.028199,,,3.49256,0.662688,4.566637,4.493456,6.287264,0.636577,2.301585,3.78646,,2.423917,5.975538,2.415021,3.188004,3.090133,1.297463,3.638375,1.427916,3.752089,3.714547,0.837248,2.649715,2.74084
1939-09,4.779208,3.738622,,2.607124,4.507337,1.985131,2.979095,1.717395,3.428488,2.484073,,1.690096,4.035302,4.824145,2.530517,1.95586,3.302849,1.965713,3.73624,,3.272985,4.577902,4.145988,3.613347,3.16294,,,3.624874,0.760806,4.606569,4.610158,6.35031,0.81978,2.333114,3.892228,,2.554122,6.049781,2.554122,3.262701,3.214064,1.358409,3.721105,1.439835,3.855241,3.786006,0.841567,2.768832,2.925846
1939-10,4.680834,3.658678,,2.502255,4.43272,2.029463,2.796061,1.560248,3.36833,2.408745,,1.558145,3.976124,4.795046,2.498974,1.835776,3.17346,1.781709,3.642574,,3.157,4.48785,4.059235,3.461351,3.066657,,,3.55306,0.698135,4.561427,4.541165,6.307297,0.553885,1.413423,3.76584,,2.38232,6.018642,2.426571,3.229618,3.093313,1.255616,3.638901,1.311032,3.755369,3.675034,0.765468,2.680336,2.832036
1939-11,4.842453,3.701796,,2.536866,4.400603,2.036012,2.623218,1.880991,3.413784,2.625393,,1.631199,4.039008,4.950744,2.643334,2.059239,3.30542,2.032088,4.005695,,3.454738,4.652626,4.276944,3.788499,3.557346,,,3.676807,1.348073,4.783233,4.57306,6.317147,0.609766,1.60543,3.778492,,2.561868,5.953295,2.627563,3.45537,3.465111,1.297463,3.651956,1.327075,3.785779,3.776432,0.875469,2.903069,2.820783
1939-12,4.836282,3.728581,,2.577182,4.452951,2.272126,2.761907,1.826161,3.439777,2.587764,,1.695616,4.038832,4.919397,2.609334,2.068128,3.330775,2.042518,3.95604,,3.400197,4.622126,4.257313,3.913422,3.469168,,,3.697591,1.238374,4.742669,4.590767,6.347232,0.615186,1.609438,3.837515,,2.509599,5.997322,2.674838,3.411808,3.41871,1.313724,3.707456,1.371181,3.805996,3.807329,0.756122,2.922086,2.861057
1940-01,4.792645,3.712108,,2.532903,4.461531,2.322388,2.657458,1.60342,3.435921,2.5749,,1.675226,4.046903,4.881286,2.530517,2.00148,3.274878,1.854734,3.845883,,3.309813,4.576462,4.206929,3.806218,3.316365,,,3.648578,1.000632,4.67152,4.568921,6.356646,0.470004,1.530395,3.800644,,2.400619,6.01259,2.61374,3.372112,3.349904,1.283708,3.673258,1.337629,3.816393,3.821223,0.751416,2.873,2.820188
1940-02,4.827353,3.735286,,2.527327,4.503248,2.213754,2.691243,1.663926,3.471656,2.532108,,1.648659,4.078385,4.921002,2.536866,2.020222,3.283539,1.888584,3.861571,,3.36107,4.618086,4.242046,3.88609,3.344274,,,3.628864,0.989541,4.667675,4.59249,6.371919,0.336472,1.541159,3.79414,,2.395164,6.023883,2.694627,3.423285,3.369363,1.196948,3.696103,1.316408,3.824066,3.874529,0.770108,2.691921,2.818995
1940-03,4.785156,3.75373,,2.53449,4.522549,2.278292,2.698673,1.66203,3.494991,2.543961,,1.660131,4.059063,4.893202,2.536866,2.018895,3.268808,1.790091,3.761898,,3.296577,4.567053,4.198104,3.858833,3.210844,,,3.608483,1.015231,4.644487,4.588227,6.370723,0.329304,1.568616,3.789177,,2.37862,5.984943,2.658159,3.414114,3.321071,1.166271,3.683867,1.327075,3.845028,3.872034,0.845868,2.651127,2.862772
1940-04,4.742494,3.758639,,2.555676,4.533996,2.36462,2.686486,1.656321,3.509454,2.553344,,1.654411,4.069369,4.914565,2.579459,2.008214,3.243373,1.759581,3.809547,,3.301377,4.564869,4.20812,3.885884,3.214466,,,3.601959,1.064711,4.647367,4.569025,6.380885,0.41211,1.60543,3.820127,,2.355178,5.925592,2.672768,3.444576,3.33149,1.196948,3.702042,1.353255,3.848231,3.877224,-0.356675,2.654649,2.874129
1940-05,4.747711,3.77872,,2.598979,4.538068,2.458734,2.68239,1.680828,3.511545,2.526528,,1.678964,4.082947,4.935409,2.558776,2.016235,3.251924,1.778336,3.81419,,3.330417,4.601062,4.241039,3.913622,3.217675,,,3.613617,1.07841,4.663911,4.582925,6.379699,0.385262,1.631199,3.791887,,2.385086,5.927219,2.661657,3.435921,3.360028,1.244155,3.72786,1.410987,3.849083,3.862833,-0.274437,2.715357,2.903069
1940-06,4.784654,3.791436,,2.581731,4.555665,2.424803,2.599722,1.690096,3.513037,2.554899,,1.673351,4.0794,4.942356,2.609334,1.9947,3.242592,1.715598,3.817712,,3.331847,4.578107,4.233091,3.911623,3.212053,,,3.599228,1.091923,4.664288,4.564765,6.382966,0.364643,1.640937,3.745732,,2.439735,5.962885,2.813611,3.491038,3.359333,1.217876,3.723039,1.420696,3.850573,3.867444,-0.527633,2.68239,2.888704
1940-07,4.569128,3.536893,,2.241773,4.417394,2.071913,2.208274,1.261298,3.255786,2.323368,,1.499623,3.831247,4.721085,2.336987,1.660131,2.895359,1.235471,3.554205,,3.05164,4.336899,3.930845,3.710641,2.927989,,,3.358638,0.760806,4.369701,4.333755,6.230324,0.029559,1.280934,3.519277,,2.144761,5.758681,2.35802,3.201119,3.078233,0.850151,3.438172,1.141033,3.499835,3.596764,-0.84397,2.424803,2.464704
1940-08,4.523201,3.571221,,2.288486,4.47904,2.091864,2.321407,1.34025,3.302113,2.392426,,1.460938,3.801762,4.725616,2.300583,1.722767,2.948641,1.549688,3.571503,,3.094219,4.385645,3.955082,3.526361,3.02432,,,3.321071,0.891998,4.410493,4.473123,6.300143,0.029559,1.435085,3.495598,,2.095561,5.675829,2.377693,3.24688,3.183456,1.169381,3.521939,1.181727,3.424263,3.688129,-0.446287,2.513656,2.572612
1940-09,4.53507,3.572346,,2.375836,4.458293,2.217027,2.319442,1.366092,3.340739,2.343727,,1.463255,3.795939,4.754193,2.430098,1.773256,3.038792,1.510722,3.612268,,3.148453,4.444532,4.011325,3.580459,3.05164,,,3.322515,0.908259,4.43947,4.470038,6.319635,-0.01005,1.508512,3.51898,,2.184927,5.686128,2.457021,3.266522,3.221672,1.166271,3.563883,1.199965,3.466361,3.758639,-0.385662,2.535283,2.634762
1940-10,4.545951,3.580459,,2.384165,4.463146,2.286456,2.344686,1.327075,3.299165,2.36556,,1.449269,3.766072,4.774913,2.470639,1.867176,3.085573,1.796747,3.626738,,3.157,4.466483,4.064057,3.637323,3.059176,,,3.321793,0.940007,4.445705,4.452369,6.315792,0.139762,1.515127,3.54674,,2.249184,5.753493,2.484907,3.281663,3.25347,1.153732,3.585461,1.193922,3.509753,3.74526,-0.462035,2.547881,2.674149
1940-11,4.591173,3.592919,,2.425687,4.48526,2.316488,2.35802,1.34025,3.346389,2.385086,,1.453953,3.805996,4.803201,2.490723,1.921325,3.11795,1.816452,3.678577,,3.219276,4.496917,4.091674,3.635742,3.14113,,,3.374853,0.993252,4.419924,4.425685,6.318698,0.24686,1.532557,3.614156,,2.304583,5.772469,2.496506,3.29287,3.302481,1.272566,3.613347,1.226712,3.478467,3.758872,0.0,2.53449,2.744704
1940-12,4.625659,3.576271,,2.404239,4.448048,2.358965,2.461297,1.388791,3.244933,2.383243,,1.470176,3.77391,4.797195,2.490723,1.958685,3.138533,1.93297,3.797958,,3.293241,4.515574,4.133726,3.686376,3.201119,,,3.414114,1.007958,4.479947,4.45864,6.334664,0.300105,1.558145,3.641526,,2.396986,5.805737,2.507157,3.276767,3.364879,1.266948,3.612538,1.241269,3.499835,3.837299,-0.040822,2.643334,2.736314
1941-01,4.645448,3.558201,,2.4681,4.410978,2.369309,2.549445,1.368639,3.245323,2.375836,,1.4884,3.747384,4.738126,2.503892,1.94591,3.105483,1.763017,3.802654,,3.286534,4.454696,4.11071,3.687128,3.194993,,,3.470101,0.985817,4.477337,4.310128,6.340077,0.378436,1.534714,3.61604,,2.298577,5.851915,2.468947,3.235143,3.318902,1.193922,3.579065,1.297463,3.540669,3.868698,-0.385662,2.55955,2.711378
1941-02,4.633855,3.561046,,2.466403,4.478359,2.272126,2.617396,1.329724,3.262318,2.358965,,1.463255,3.738384,4.751346,2.484073,1.911023,3.07084,1.763017,3.811097,,3.287282,4.44875,4.07652,3.668166,3.205182,,,3.459466,1.163151,4.494685,4.322409,6.347109,0.350657,1.52388,3.633895,,2.253395,5.816575,2.471484,3.225255,3.319626,1.105257,3.576271,1.258461,3.463859,3.817273,-0.223144,2.544747,2.842581
1941-03,4.552718,3.547604,,2.428336,4.485485,2.243896,2.598979,1.345472,3.230409,2.396986,,1.539015,3.712352,4.680741,2.497329,1.885553,3.010621,1.658228,3.705982,,3.222469,4.421368,3.975749,3.598134,3.132446,,,3.437208,1.071584,4.472895,4.294151,6.325881,0.322083,1.512927,3.628864,,2.273156,5.772469,2.421257,3.195812,3.303217,1.115142,3.536311,1.261298,3.456947,3.796388,-0.094311,2.509599,2.876386
1941-04,4.548282,3.513931,,2.383243,4.453998,2.237513,2.604909,1.337629,3.182212,2.36556,,1.506297,3.656098,4.650048,2.470639,1.860975,2.980619,1.619388,3.680091,,3.192121,4.41679,3.975561,3.58823,3.099191,,,3.415758,1.137833,4.459913,4.275971,6.303058,0.215111,1.499623,3.623541,,2.269028,5.764909,2.399712,3.184698,3.299534,1.061257,3.501947,1.23256,3.471656,3.77069,-0.223144,2.480731,2.840831
1941-05,4.556715,3.531055,,2.38968,4.422809,2.278292,2.60343,1.378766,3.227241,2.357073,,1.519513,3.666889,4.662778,2.522524,1.890095,2.955951,1.61542,3.669442,,3.19171,4.400848,3.958334,3.589059,3.13201,,,3.424263,1.141033,4.494797,4.23512,6.30695,0.24686,1.48614,3.645972,,2.248129,5.787388,2.362739,3.192121,3.321071,1.047319,3.509454,1.252763,3.428488,3.833413,0.0,2.463002,2.817204
1941-06,4.525586,3.484926,,2.285439,4.378646,2.170196,2.577942,1.34025,3.165897,2.337952,,1.504077,3.611458,4.623599,2.426571,1.803359,2.900872,1.465568,3.591542,,3.112626,4.302578,3.847804,3.540089,3.045474,,,3.35829,1.105257,4.508108,4.129229,6.241308,0.231112,1.427916,3.568969,,2.231089,5.696321,2.218116,3.114404,3.291383,1.026042,3.450305,1.241269,3.348148,3.774139,-0.328504,2.379546,2.728506
1941-07,4.478018,3.474758,,2.336987,4.33951,2.189416,2.524928,1.316408,3.14974,2.323368,,1.528228,3.586016,4.653008,2.480731,1.786747,2.892592,1.458615,3.637323,,3.148453,4.290596,3.830379,3.564732,3.118392,,,3.377246,1.098612,4.550292,4.076011,6.245099,0.19062,1.423108,3.602232,,2.203869,5.682014,2.227862,3.091042,3.272606,0.996949,3.467921,1.238374,3.272606,3.804215,-0.371064,2.392426,2.706716
1941-08,4.575329,3.490733,,2.413232,4.4345,2.24071,2.60417,1.371181,3.25347,2.339881,,1.532557,3.644666,4.689511,2.514465,1.83737,2.93492,1.497388,3.663562,,3.159126,4.339119,3.867862,3.638112,3.120601,,,3.428813,1.252763,4.582618,4.043577,6.127328,0.336472,1.477049,3.643882,,2.21047,5.807271,2.309561,3.151453,3.258481,1.075002,3.508256,1.278152,3.277899,3.856299,0.548121,2.394252,2.834976
1941-09,4.654627,3.547316,,2.520113,4.456206,2.177022,2.747271,1.408545,3.288029,2.419479,,1.675226,3.718924,4.746236,2.530517,1.927164,2.994732,1.781709,3.735524,,3.240637,4.340293,3.912623,3.726175,3.175551,,,3.499835,1.458615,4.683889,4.089834,6.123392,0.41211,1.52388,3.702289,,2.284421,5.848287,2.454447,3.230804,3.320349,1.241269,3.551053,1.327075,3.312002,3.966132,0.662688,2.478218,2.885917
1941-10,4.667769,3.556776,,2.621039,4.440767,2.189416,2.874129,1.378766,3.294725,2.415914,,1.66203,3.713328,4.73453,2.514465,1.913977,2.994732,1.726332,3.705982,,3.232384,4.351825,3.915417,3.739573,3.132446,,,3.491647,1.437463,4.642466,4.061305,6.133702,0.392042,1.506297,3.68261,,2.285439,5.850074,2.436241,3.203153,3.324316,1.258461,3.567559,1.342865,3.302849,3.986945,0.672944,2.477378,2.897568
1941-11,4.697841,3.579344,,2.608598,4.44371,2.091864,2.864484,1.327075,3.27903,2.408745,,1.637053,3.710152,4.70944,2.431857,1.899118,2.971952,1.601406,3.651437,,3.198673,4.323338,3.95182,3.706474,3.075467,,,3.451257,1.368639,4.634729,4.02553,6.12201,0.350657,1.492904,3.682358,,2.261763,5.869495,2.411439,3.211247,3.282789,1.223775,3.568687,1.308333,3.280159,4.003325,-0.478036,2.472328,2.908539
1941-12,4.654436,3.52783,,2.583998,4.298645,1.969906,2.847812,1.20896,3.232779,2.368373,,1.60543,3.666634,4.643044,2.424803,1.854734,2.850128,1.490654,3.590439,,3.115292,4.190412,3.869116,3.642574,2.991222,,,3.372112,1.302913,4.655768,3.917607,6.094427,0.300105,1.410987,3.649359,,2.197225,5.79794,2.327278,3.139833,3.254629,1.12493,3.513633,1.286474,3.218076,3.951244,-0.71335,2.399712,2.869602
1942-01,4.710071,3.507358,,2.584752,4.185099,2.000128,2.933857,1.153732,3.190065,2.346602,,1.599388,3.628333,4.642177,2.438863,1.814825,2.830268,1.401183,3.548755,,3.073619,4.153556,3.809326,3.638375,2.925846,,,3.360028,1.283708,4.667394,3.840742,6.052583,0.207014,1.371181,3.633895,,2.066863,5.791335,2.244956,3.044522,3.21326,1.111858,3.454422,1.264127,3.196221,3.915019,0.41211,2.372111,2.7985
1942-02,4.683149,3.441379,,2.510412,4.171768,1.717395,2.890927,0.97456,3.109507,2.319442,,1.4884,3.611998,4.643236,2.242835,1.726332,2.811809,1.252763,3.60441,,3.064792,4.142817,3.665867,3.617652,2.941804,,,3.31854,1.22083,4.545526,3.754199,5.945787,-0.127833,1.18479,3.555348,,2.051556,5.833904,2.236445,2.893146,3.14113,1.054312,3.339322,1.175573,2.982647,3.891616,0.444686,2.349469,2.670694
1942-03,4.579237,3.442979,,2.556452,4.23164,1.764731,2.943386,1.105257,3.063391,2.421257,,1.572774,3.571221,4.559545,2.334084,1.793425,2.837908,1.291984,3.606856,,3.105931,4.167285,3.727619,3.550766,2.989714,,,3.376221,1.252763,4.527749,3.786687,5.932033,0.076961,1.311032,3.538638,,2.1471,5.797,2.274186,2.951258,3.256172,1.05779,3.342508,1.202972,3.075929,3.837515,0.506818,2.437116,2.773838
1942-04,4.384149,3.377929,,2.532108,4.178379,1.697449,2.955951,1.150572,3.014554,2.397895,,1.560248,3.505557,4.503248,2.337952,1.776646,2.820783,1.244155,3.589335,,3.07223,4.135806,3.766997,3.557631,2.97144,,,3.344274,1.247032,4.460029,3.753496,5.926072,0.122218,1.272566,3.517795,,2.175887,5.776103,2.24071,2.937043,3.226844,1.081805,3.313822,1.196948,3.092405,3.822098,0.518794,2.424803,2.71866
1942-05,4.404155,3.286534,,2.483239,4.032469,1.61343,2.900872,1.156881,3.044999,2.357073,,1.556037,3.443299,4.412313,2.291524,1.731656,2.774462,1.163151,3.537766,,3.001217,4.058717,3.779634,3.53602,2.924236,,,3.218076,1.199965,4.371471,3.614156,5.835278,0.04879,1.22083,3.478158,,2.189416,5.664522,2.188296,2.885359,3.117507,1.061257,3.231595,1.169381,3.026746,3.719894,0.512824,2.352327,2.679651
1942-06,4.336506,3.260018,,2.399712,3.971235,1.532557,2.843746,1.068153,3.052113,2.254445,,1.521699,3.39182,4.392719,2.3302,1.669592,2.729159,1.115142,3.460723,,2.949165,4.017284,3.736717,3.413455,2.829678,,,3.170526,1.128171,4.334149,3.57094,5.759217,0.019803,1.22083,3.471966,,2.144761,5.616189,2.110213,2.846071,3.102791,0.97456,3.166319,1.131402,3.041184,3.65842,0.494696,2.334084,2.663053
1942-07,4.381527,3.331133,,2.487404,4.086312,1.617406,2.93226,1.085189,3.057298,2.275214,,1.541159,3.525772,4.433789,2.315501,1.719189,2.783776,1.178655,3.416414,,2.980619,4.095011,3.82341,3.355502,2.796061,,,3.208421,1.118415,4.387139,3.643882,5.833348,0.076961,1.264127,3.516607,,2.195,5.698301,2.11505,2.890372,3.105035,1.018847,3.273743,1.131402,3.145014,3.764219,0.512824,2.353278,2.689886
1942-08,4.369574,3.379633,,2.514465,4.10446,1.704748,2.876386,1.141033,3.092859,2.290513,,1.556037,3.51631,4.47061,2.322388,1.780024,2.7985,1.205971,3.443299,,2.971952,4.106108,3.803992,3.255786,2.768204,,,3.239854,1.121678,4.425206,3.654805,5.801695,0.00995,1.305626,3.588783,,2.184927,5.768383,2.152924,2.912351,3.091042,1.578979,3.29287,1.10194,3.056827,3.752089,0.336472,2.346602,2.714695
1942-09,4.418359,3.392493,,2.575661,4.119362,1.729884,2.964757,1.18479,3.129826,2.326302,,1.609438,3.526066,4.47938,2.424803,1.832581,2.830268,1.249902,3.491952,,3.001217,4.119037,3.826029,3.297317,2.830268,,,3.281663,1.187843,4.481306,3.643359,5.845513,0.00995,1.337629,3.623807,,2.259678,5.781854,2.203869,2.901422,3.157851,1.677097,3.337903,1.20896,3.109507,3.810876,0.34359,2.408745,2.72458
1942-10,4.413283,3.407179,,2.63548,4.087152,1.7492,2.963725,1.196948,3.138533,2.337952,,1.743969,3.539219,4.484922,2.424803,1.853168,2.826722,1.199965,3.489513,,2.993229,4.133245,3.840957,3.347797,2.854169,,,3.268428,1.190888,4.51031,3.644666,5.869833,0.0,1.383791,3.639427,,2.292535,5.736959,2.16791,2.912351,3.189653,1.704748,3.346037,1.23256,3.136798,3.808882,0.300105,2.420368,2.707383
1942-11,4.386641,3.410157,,2.683758,4.049173,1.713798,2.995232,1.241269,3.155297,2.341806,,1.731656,3.540089,4.526452,2.498974,1.882514,2.854169,1.319086,3.500741,,3.021887,4.175925,3.867235,3.392157,2.878074,,,3.272227,1.226712,4.531524,3.692124,5.871836,0.04879,1.363537,3.637323,,2.357073,5.805406,2.189416,2.91723,3.225255,1.701105,3.346389,1.238374,3.132882,3.832547,0.392042,2.431857,2.757475
1942-12,4.423049,3.44967,,2.669309,4.097672,1.786747,3.060583,1.483875,3.214466,2.362739,,1.816452,3.57431,4.58965,2.527327,1.93586,2.911807,1.495149,3.565864,,3.090588,4.244344,3.925729,3.454422,2.947592,,,3.364879,1.283708,4.622912,3.827118,5.9319,0.131028,1.403643,3.694116,,2.458734,5.830268,2.258633,2.960623,3.305054,1.740466,3.363496,1.283708,3.158701,3.885063,0.270027,2.629007,2.760643
1943-01,4.537427,3.484312,,2.665838,4.074992,1.729884,3.042139,1.483875,3.205182,2.343727,,1.826161,3.584629,4.591984,2.511224,1.954445,2.931194,1.406097,3.474758,,3.068053,4.251633,3.911023,3.286534,2.842581,,,3.327551,1.205971,4.618974,3.807107,5.957287,0.215111,1.408545,3.729541,,2.477378,5.876446,2.257588,2.962692,3.247269,1.754404,3.417071,1.297463,3.269569,3.8795,0.314811,2.543961,2.811208
1943-02,4.598548,3.510052,,2.70805,4.130837,1.73871,3.088767,1.539015,3.193763,2.40243,,1.859418,3.6674,4.64564,2.567254,2.00148,2.982647,1.460938,3.501646,,3.1394,4.30366,3.99434,3.295466,2.878637,,,3.366606,1.20896,4.714025,3.841601,5.943954,0.198851,1.378766,3.770229,,2.539237,5.913935,2.455306,2.984671,3.266522,1.843719,3.434954,1.258461,3.261552,3.928093,0.215111,2.626117,2.824351
1943-03,4.619369,3.590715,,2.771338,4.242765,1.857859,3.106826,1.722767,3.249987,2.466403,,1.99606,3.682358,4.689971,2.670002,2.086914,3.041184,1.669592,3.590991,,3.192532,4.416307,4.043753,3.393837,2.995732,,,3.448081,1.311032,4.774997,3.97387,5.981061,0.29267,1.490654,3.83579,,2.580974,5.956511,2.492379,3.094672,3.333632,1.880991,3.499533,1.401183,3.288775,3.920983,0.431782,2.768832,2.908539
1943-04,4.629082,3.629395,,2.820783,4.238733,1.95586,3.213662,1.922788,3.333275,2.537657,,1.974081,3.716251,4.70908,2.733718,2.154085,3.106826,1.874874,3.648838,,3.263467,4.459451,4.110218,3.472277,3.08603,,,3.487069,1.415853,4.846154,4.044804,6.065296,0.34359,1.627278,3.881358,,2.605648,5.923935,2.524928,3.1307,3.432373,1.986504,3.520461,1.442202,3.344274,3.966322,0.891998,2.892037,2.904165
1943-05,4.607468,3.670461,,2.911807,4.264228,2.060514,3.430433,2.026832,3.357942,2.5749,,2.09433,3.754199,4.731186,2.7638,2.242835,3.171365,1.953028,3.724488,,3.326474,4.525477,4.16589,3.604138,3.188004,,,3.566429,1.549688,4.911699,4.084294,6.056292,0.615186,1.745716,3.934762,,2.733068,5.988059,2.606387,3.173041,3.514228,2.089392,3.598134,1.519513,3.435921,4.018003,0.792993,2.991724,2.967847
1943-06,4.524502,3.678577,,2.994231,4.271654,2.016235,3.446808,2.208274,3.361763,2.552565,,2.182675,3.760502,4.722331,2.853593,2.252344,3.154444,2.006871,3.682861,,3.318178,4.538603,4.174541,3.611998,3.156575,,,3.551053,1.667707,4.94307,4.119525,6.097018,0.631272,1.754404,3.928487,,2.8088,5.99578,2.565718,3.16294,3.546451,2.161022,3.611188,1.599388,3.400864,4.061477,0.783902,3.041184,2.969388
1943-07,4.673763,3.73767,,3.021887,4.326646,2.076938,3.55934,2.431857,3.406517,2.594508,,2.262804,3.812865,4.78549,2.906354,2.266958,3.220874,2.056685,3.705491,,3.345685,4.596029,4.227272,3.611188,3.291383,,,3.559055,1.704748,4.990705,4.159196,6.141543,0.774727,1.83418,4.011868,,2.840247,6.040969,2.701361,3.214064,3.589059,2.195,3.680343,1.637053,3.543275,4.051785,1.075002,3.105035,3.034953
1943-08,4.73101,3.73457,,3.054473,4.349116,2.074429,3.636006,2.379546,3.403195,2.629728,,2.262804,3.812865,4.782982,,2.283402,3.258865,2.05027,3.695358,,3.390473,4.585885,4.260141,3.57683,3.274121,,,3.514526,1.629241,4.980657,4.195094,6.154178,0.841567,1.788421,4.032292,,2.847232,6.017132,2.714695,3.246102,3.592093,2.303585,3.730741,1.654411,3.525772,4.067829,1.064711,3.064792,3.044999
1943-09,4.637928,3.749739,,2.979095,4.305281,2.052841,3.566712,2.280339,3.363496,2.631889,,2.165619,3.778949,4.714473,,2.196113,3.171365,1.912501,3.640477,,3.307253,4.49435,4.159352,3.445533,3.135494,,,3.488292,1.521699,4.950885,4.186164,6.152371,0.943906,1.733424,3.980803,,2.726545,5.994236,2.651833,3.186766,3.528417,2.202765,3.698087,1.688249,3.501646,4.027314,0.936093,2.992226,2.962175
1943-10,4.67049,3.751385,,2.998728,4.309322,2.046402,3.582963,2.385086,3.372455,2.622492,,2.143589,3.778034,4.717516,,2.226783,3.172622,1.896119,3.630985,,3.31854,4.49981,4.187835,3.434632,3.137666,,,3.495598,1.545433,4.956461,4.201104,6.161292,1.088562,1.711995,3.999851,,2.741485,5.96607,2.656757,3.167583,3.539799,2.225704,3.729781,1.678964,3.506758,4.070564,0.924259,2.986187,3.008648
1943-11,4.703295,3.764451,,3.008155,4.330075,2.060514,3.605226,2.415021,3.423285,2.630449,,2.200552,3.81441,4.737075,,2.273156,3.221672,1.928619,3.643097,,3.335058,4.549763,4.203199,3.433987,3.147165,,,3.498627,1.581038,4.968841,4.231785,6.161587,1.040277,1.756132,4.028739,,2.7985,5.998862,2.641198,3.219276,3.559909,2.263844,3.746677,1.673351,3.518091,4.080753,0.883768,2.99373,3.036394
1943-12,4.69199,3.759571,,3.129389,4.304335,1.998774,3.576271,2.403335,3.405189,2.609334,,2.215937,3.815292,4.714473,,2.267994,3.197856,1.961502,3.653252,,3.322515,4.508439,4.189806,3.424914,3.184698,,,3.463546,1.583094,4.973003,4.235265,6.168836,1.011601,1.7492,4.002047,,2.797891,5.979468,2.626117,3.219276,3.551627,2.284421,3.719409,1.682688,3.496811,4.070052,0.951658,2.991724,3.032546
1944-01,4.653484,3.707947,,3.10324,4.231785,1.882514,3.465736,2.232163,3.376221,2.589267,,2.179287,3.769768,4.658332,,2.21047,3.133754,1.7613,3.55934,,3.236716,4.434382,4.121311,3.262701,3.077312,,,3.409496,1.453953,4.916691,4.144245,6.150688,0.963174,1.686399,3.94197,,2.702032,5.925565,2.546315,3.141995,3.439777,2.190536,3.664074,1.629241,3.463233,3.94449,0.854415,2.892592,2.970414
1944-02,4.724907,3.754199,,3.220874,4.288265,2.016235,3.555634,2.380472,3.420019,2.614472,,2.278292,3.801091,4.685644,,2.281361,3.193763,1.82777,3.593469,,3.340739,4.502694,4.200655,3.309813,3.196221,,,3.426865,1.543298,4.983059,4.210497,6.167684,1.036737,1.752672,4.004602,,2.834389,5.994236,2.606387,3.203559,3.530177,2.29556,3.723764,1.65058,3.508556,4.037598,1.029619,2.960623,3.01896
1944-03,4.772801,3.782597,,3.224062,4.349116,2.101692,3.571784,2.386007,3.435599,2.638343,,2.281361,3.800421,4.688868,,2.314514,3.217275,1.90806,3.624074,,3.360723,4.511079,4.208863,3.346389,3.249211,,,3.461351,1.671473,4.986616,4.203199,6.1762,1.169381,1.798404,4.015121,,2.827905,5.988059,2.615204,3.228034,3.617383,2.290513,3.730021,1.665818,3.536602,3.98713,1.061257,2.97553,3.038313
1944-04,4.763711,3.777119,,3.165053,4.330602,2.11505,3.56133,2.358965,3.408173,2.66026,,2.246015,3.769076,4.676933,,2.318458,3.195402,1.884035,3.613347,,3.352707,4.478359,4.234107,3.376563,3.247658,,,3.444576,1.715598,4.982373,4.214938,6.184767,1.247032,1.809927,3.992312,,2.830268,5.998093,2.60417,3.222071,3.668422,2.306577,3.733614,1.682688,3.524594,3.983599,0.943906,2.996232,3.034472
1944-05,4.747104,3.796163,,3.287282,4.350536,2.09433,3.617652,2.428336,3.419037,2.665838,,2.266958,3.79121,4.697567,,2.366498,3.229222,1.902108,3.62274,,3.363149,4.504576,4.283724,3.365916,3.254243,,,3.440098,1.773256,4.999102,4.226834,6.1784,1.202972,1.818077,4.044454,,2.909084,6.023133,2.633327,3.25925,3.687629,2.338917,3.75115,1.747459,3.558486,4.018003,1.050822,3.014554,3.039271
1944-06,4.738126,3.766997,,3.243373,4.340814,2.056685,3.57683,2.370244,3.391484,2.646884,,2.239645,3.763987,4.67935,,2.370244,3.220475,1.84055,3.599775,,3.333989,4.492001,4.271235,3.316728,3.219676,,,3.411478,1.726332,4.98477,4.2142,6.172723,1.169381,1.806648,4.032292,,2.870736,5.96607,2.690565,3.239854,3.6674,2.285439,3.740048,1.717395,3.509155,4.006606,1.022451,2.99072,3.009635
1944-07,4.811859,3.812645,,3.284664,4.386143,2.150599,3.637586,2.497329,3.45379,2.681706,,2.288486,3.814631,4.715817,,2.425687,3.280911,1.899118,3.634159,,3.399195,4.521354,4.339902,3.327551,3.299534,,,3.425239,1.808289,5.022959,4.267317,6.200185,1.226712,1.865629,4.05889,,2.960105,6.011071,2.781301,3.32071,3.704999,2.366498,3.784644,1.7492,3.549905,4.026066,1.071584,3.030134,3.101892
1944-08,4.84984,3.855876,,3.190476,4.469121,2.292535,3.718924,2.729812,3.504957,2.734368,,2.316488,3.825375,4.743017,3.008155,2.523326,3.358986,2.134166,3.720136,,3.39652,4.516558,4.42688,3.337192,3.397858,,,3.517201,1.84055,5.046453,4.211979,6.226438,1.302913,1.958685,4.046903,,3.005187,6.042443,2.858766,3.292498,3.676301,2.482404,3.838161,1.84055,3.708437,4.011687,1.18479,3.137666,3.182627
1944-09,4.828714,3.855241,,3.183456,4.460838,2.21047,3.675288,2.694627,3.489513,2.72458,,2.327278,3.808217,4.719391,2.960623,2.488234,3.330059,2.060514,3.69883,,3.37827,4.498698,4.377642,3.316365,3.398193,,,3.492865,1.903599,5.031548,4.210348,6.222715,1.376244,1.969906,4.033355,,2.968361,6.017132,2.806386,3.288029,3.691127,2.493205,3.83579,1.829376,3.71771,4.02267,1.108563,3.078233,3.14329
1944-10,4.863217,3.872242,,3.184698,4.481533,2.292535,3.663562,2.843746,3.507358,2.745346,,2.290513,3.813086,4.720016,2.996732,2.536866,3.36211,2.138889,3.706228,,3.406517,4.513822,4.405255,3.364879,3.438814,,,3.474138,1.871802,5.005891,4.240463,6.229162,1.368639,2.00283,4.068856,,2.994231,6.023133,2.850707,3.309813,3.691875,2.504709,3.861782,1.846879,3.736002,4.032292,1.252763,3.096482,3.188004
1944-11,4.891326,3.878052,,3.205993,4.432125,2.252344,3.668677,2.824351,3.51898,2.753024,,2.313525,3.814631,4.718767,2.975019,2.531313,3.346037,2.134166,3.713816,,3.399195,4.501031,4.408912,3.45537,3.449988,,,3.471034,1.832581,4.991045,4.222005,6.21862,1.329724,1.99061,4.060271,,2.991222,6.00955,2.819592,3.297317,3.686877,2.580974,3.873906,1.972691,3.730501,4.043227,1.202972,3.08191,3.17847
1944-12,4.873058,3.894063,,3.204371,4.425685,2.21047,3.659708,2.780061,3.506758,2.752386,,2.291524,3.823192,4.722864,3.008155,2.536075,3.330417,2.132982,3.710886,,3.382015,4.50965,4.383151,3.467921,3.431727,,,3.462606,1.832581,5.008767,4.229895,6.223806,1.376244,1.987874,4.044454,,3.0214,6.036534,2.75557,3.289893,3.714791,2.601207,3.87681,1.964311,3.705491,4.095843,1.223775,3.068053,3.149311
1945-01,4.844659,3.902982,,3.271089,4.416307,2.314514,3.726657,2.830268,3.50255,2.741485,,2.328253,3.819469,4.710971,3.016025,2.568022,3.336837,2.102914,3.706965,,3.392829,4.522549,4.395436,3.474138,3.456947,,,3.501646,1.843719,5.018471,4.221271,6.230304,1.410987,1.998774,4.05439,,3.049273,6.043915,2.770086,3.299534,3.745732,2.610805,3.896097,1.987874,3.69511,4.093511,1.175573,3.097837,3.14974
1945-02,4.892677,3.921379,,3.30064,4.418479,2.423917,3.788725,2.818995,3.536311,2.744704,,2.373044,3.833196,4.726237,3.079154,2.600465,3.369363,2.218116,3.768845,,3.432696,4.564036,4.434975,3.50255,3.512142,,,3.5243,1.964311,5.06525,4.247495,6.224222,1.406097,2.026832,4.07669,,3.064792,6.088432,2.810607,3.316365,3.847591,2.651127,3.910221,2.04122,3.800868,4.047602,1.449269,3.162517,3.218876
1945-03,4.917569,3.944684,,3.316728,4.44006,2.398804,3.755135,2.901422,3.548467,2.74663,,2.457878,3.830813,4.751001,3.13201,2.633327,3.416086,2.273156,3.794365,,3.466673,4.571924,4.466942,3.506458,3.51898,,,3.597586,1.96851,5.113011,4.299053,6.202778,1.490654,2.110213,4.092176,,3.106826,6.07143,2.840247,3.345332,3.832763,2.650421,3.908617,2.09679,3.854606,4.074142,1.558145,3.171784,3.224858
1945-04,4.934042,3.965943,,3.403195,4.497585,2.504709,3.813748,2.950735,3.591542,2.79545,,2.470639,3.869533,4.80123,3.13201,2.672768,3.486457,2.415914,3.872242,,3.516607,4.645448,4.533996,3.593469,3.595393,,,3.650918,1.993339,5.180322,4.355554,6.2306,1.48614,2.182675,4.138361,,3.135059,6.096815,2.895912,3.40253,3.912223,2.700018,3.947583,2.143589,3.882388,4.153399,1.572774,3.283539,3.251924
1945-05,4.927688,3.932414,,3.387098,4.458525,2.476538,3.770229,2.845491,3.543854,2.75557,,2.441477,3.849722,4.762259,3.118392,2.627563,3.433019,2.265921,3.812424,,3.459152,4.598448,4.468319,3.512739,3.546451,,,3.595667,1.928619,5.12444,4.318288,6.216307,1.449269,2.083185,4.090504,,3.059176,6.074288,2.825537,3.354106,3.877846,2.641198,3.933001,2.078191,3.873074,4.114311,1.492904,3.203965,3.190476
1945-06,5.001662,3.984716,,3.525478,4.529908,2.561868,3.806662,3.041661,3.57459,2.80699,,2.490723,3.908818,4.840875,3.198265,2.709383,3.507657,2.37862,3.902579,,3.560478,4.684997,4.57244,3.561614,3.61604,,,3.655323,1.989243,5.190342,4.410371,6.241075,1.406097,2.170196,4.148833,,3.168845,6.116135,2.891482,3.429137,3.979308,2.693951,4.001132,2.131797,3.926912,4.180828,1.510722,3.264996,3.296207
1945-07,5.018736,4.003325,,3.516607,4.549446,2.504709,3.877639,3.044999,3.641526,2.84955,,2.499795,3.946424,4.833102,3.175551,2.747912,3.526655,2.36556,3.88855,,3.565298,4.699844,4.569957,3.57431,3.600321,,,3.669442,2.057963,5.172471,4.424008,6.277771,1.368639,2.259678,4.200505,,3.146735,6.103766,2.921547,3.478158,4.001132,2.737609,4.058717,2.211566,3.921577,4.195998,1.536867,3.283914,3.291383
1945-08,5.009768,3.985645,,3.609836,4.550925,2.233235,3.807107,3.17722,3.613617,2.832036,,2.879198,3.937691,4.801723,3.111291,2.813611,3.521052,2.479056,3.90701,,3.548755,4.599454,4.550503,3.654805,3.612268,,,3.686126,1.99606,5.117634,4.464298,6.321829,1.660131,2.264883,4.180675,,3.138966,5.419207,2.938103,3.461665,4.027849,2.994732,4.005331,2.155245,3.94061,4.125843,1.663926,3.363842,3.266141
1945-09,5.042651,3.968592,,3.519869,4.546057,2.172476,3.763291,3.159975,3.585461,2.824351,,2.863914,3.918403,4.775756,3.118392,2.76506,3.492256,2.438863,3.882594,,3.512441,4.586803,4.536356,3.575431,3.579622,,,3.64205,1.978239,5.082708,4.458293,6.343406,1.66203,2.241773,4.163715,,3.113515,5.375278,2.866762,3.442659,3.958334,2.978586,4.004055,2.150599,3.899343,4.141069,1.667707,3.304686,3.21326
1945-10,5.084753,4.028027,,3.566147,4.643525,2.294553,3.842673,3.296947,3.652993,2.875258,,2.880882,4.009513,4.862522,3.125005,2.888147,3.602232,2.510412,3.937301,,3.591818,4.688868,4.622519,3.606313,3.675034,,,3.658678,1.934416,5.100354,4.463837,6.360473,1.701105,2.309561,4.224056,,3.185526,5.442937,2.954389,3.531055,3.954508,3.049747,4.079908,2.169054,4.063542,4.166665,1.678964,3.337547,3.348851
1945-11,5.085866,4.101486,,3.704261,4.654722,2.369309,3.925334,3.4151,3.667911,2.904165,,2.969902,4.068172,4.923987,3.188829,2.968361,3.670715,2.644045,4.013135,,3.63178,4.705558,4.647751,3.644928,3.706965,,,3.710152,2.029463,5.117575,4.525152,6.367415,1.822935,2.397895,4.254903,,3.27903,5.52274,3.058237,3.57459,4.019082,3.073156,4.13148,2.329227,4.027314,4.192227,1.931521,3.389462,3.421
1945-12,5.132499,4.180216,,4.028917,4.655483,2.473171,4.038479,3.553632,3.715765,2.967333,,3.010621,4.131801,4.920346,3.192121,2.981633,3.671479,2.689207,4.059753,,3.656614,4.685274,4.653389,3.698087,3.726416,,,3.776203,2.091864,5.177674,4.58139,6.390694,1.860975,2.438863,4.302578,,3.315639,5.624992,3.068053,3.60577,4.059581,3.108168,4.190412,2.355178,4.006788,4.243913,2.00283,3.550766,3.4151
1946-01,5.126283,4.208714,,4.067658,4.678978,2.53449,4.295106,3.520757,3.749975,3.005683,,3.1307,4.204095,4.94734,3.23593,3.09603,3.70721,2.903069,4.11382,,3.713572,4.707095,4.670396,3.745496,3.755369,,,3.886705,1.965713,5.247077,4.623697,6.42362,2.017566,2.554122,4.361186,,3.324676,5.627369,3.148453,3.643359,4.128907,3.189653,4.248781,2.466403,4.022311,4.248067,2.142416,3.631515,3.401197
1946-02,5.117814,4.206482,,4.245634,4.657193,2.488234,4.350278,3.519573,3.781914,3.006178,,3.178887,4.213904,4.966544,3.254243,3.129826,3.717224,2.841998,4.116595,,3.718196,4.727299,4.690522,3.78646,3.786006,,,3.845028,1.99606,5.242382,4.610556,6.41719,2.052841,2.535283,4.367547,,3.319626,5.66084,3.148453,3.648318,4.113493,3.21165,4.278193,2.583998,4.050219,4.250636,2.256541,3.684369,3.420019
1946-03,5.145691,4.258021,,4.24635,4.66051,2.582487,4.483454,3.624074,3.821442,3.141563,,3.271468,4.284414,5.019463,3.347093,3.21326,3.796163,2.98214,4.251491,,3.772301,4.788075,4.759007,3.869116,3.868907,,,3.916214,2.089392,5.239999,4.712229,6.436102,2.034706,2.564949,4.406719,,3.357594,5.759154,3.241811,3.667911,4.171306,3.349553,4.380901,2.591516,4.084967,4.336244,2.499795,3.769768,3.454738
1946-04,5.114274,4.215086,,4.177459,4.601865,2.477378,4.482664,3.563883,3.732178,3.051167,,3.212455,4.238012,4.969674,3.307619,3.137232,3.766535,2.850707,4.166045,,3.685122,4.705468,4.657858,3.797958,3.78237,,,3.867653,2.075684,5.187721,4.650144,6.407292,2.022871,2.489065,4.376888,,3.309082,5.645624,3.184698,3.602232,4.095011,3.27903,4.334673,2.580974,4.043402,4.255755,2.396075,3.662792,3.397524
1946-05,5.241059,4.255613,,4.262539,4.682502,2.528924,4.594413,3.5874,3.799526,3.112181,,3.252697,4.383401,5.037667,3.371425,3.210844,3.821442,2.883123,4.198104,,3.730981,4.694188,4.67656,3.795489,3.807107,,,3.859466,2.054124,5.2925,4.707456,6.407738,2.030776,2.574138,4.423768,,3.424914,5.738602,3.267285,3.683113,4.126166,3.336481,4.444767,2.621039,4.097506,4.289911,2.427454,3.718924,3.471345
1946-06,5.369335,4.270536,,4.258446,4.718142,2.681706,4.679628,3.726175,3.858622,3.156575,,3.3562,4.522223,5.092031,3.363496,3.293983,3.866398,2.961658,4.236423,,3.767228,4.683519,4.690155,3.724488,3.841601,,,3.901164,2.110213,5.376111,4.747017,6.423539,2.226783,2.710048,4.505129,,3.469479,5.794171,3.387436,3.74526,4.12196,3.378611,4.511628,2.749192,4.120662,4.248638,2.424803,3.734331,3.507058
1946-07,5.401325,4.283449,,4.332705,4.746322,2.646884,4.632299,3.68261,3.86577,3.237109,,3.443618,4.569336,5.130786,3.395515,3.37827,3.916812,2.933325,4.294833,,3.831463,4.739176,4.728007,3.76584,3.877639,,,3.926123,2.154085,5.404927,4.772632,6.451197,2.313525,2.778198,4.57368,,3.510052,5.791366,3.440098,3.782597,4.166045,3.441699,4.524936,2.733718,4.150882,4.239743,2.498974,3.791887,3.560762
1946-08,5.456474,4.206631,,4.414494,4.695559,2.551006,4.547435,3.538638,3.766072,3.132882,,3.37588,4.434619,5.06367,2.934389,3.359681,4.001681,2.854745,4.269558,,3.76213,4.626442,4.642755,3.693369,3.880326,,,3.867862,2.656055,5.358801,4.668427,6.477864,2.254445,2.729159,4.636863,,3.43108,5.699004,3.386422,3.883212,4.154655,3.42589,4.415945,2.667922,4.159352,4.213164,2.855895,3.730501,3.485232
1946-09,5.419915,4.199455,,4.440296,4.685367,2.48574,4.534318,3.477541,3.74526,3.112626,,3.322875,4.401707,5.037991,2.861629,3.316728,3.941582,2.837323,4.242765,,3.704999,4.587413,4.598347,3.668932,3.818811,,,3.809769,2.656757,5.356539,4.62918,6.47708,2.260721,2.677591,4.620453,,3.364188,5.669571,3.355851,3.861361,4.092343,3.390473,4.384898,2.651833,4.120986,4.213164,2.774462,3.657905,3.442979
1946-10,5.420535,4.143293,,4.372355,4.640151,2.419479,4.476655,3.336837,3.695358,3.025776,,3.268047,4.365643,4.966474,2.801541,3.230014,3.870367,2.710713,4.155753,,3.60577,4.50214,4.487625,3.624074,3.74526,,,3.732178,2.616666,5.293908,4.570165,6.404319,2.184927,2.566487,4.532169,,3.309082,5.665527,3.240246,3.813086,4.015301,3.312002,4.346658,2.604909,4.040064,4.208863,2.646884,3.581294,3.395515
1946-11,5.322864,4.047078,,4.184947,4.520157,2.287471,4.327834,3.186766,3.59649,2.8937,,3.132882,4.296196,4.87007,2.678278,3.082369,3.772991,2.598979,4.026779,,3.471656,4.381527,4.331391,3.508556,3.59786,,,3.64545,2.483239,5.208994,4.473808,6.343423,2.016235,2.439735,4.445471,,3.172203,5.583308,3.138533,3.691376,3.83233,3.230014,4.274302,2.442347,3.874529,4.128263,2.4681,3.416414,3.258097
1946-12,5.316403,4.047253,,4.134686,4.563202,2.275214,4.293469,3.188004,3.571221,2.926382,,3.105035,4.293332,4.832226,2.68239,3.027231,3.753496,2.63548,4.040592,,3.432696,4.341074,4.297013,3.416743,3.595941,,,3.657131,2.486572,5.200815,4.483567,6.290754,1.975469,2.406945,4.436041,,3.199489,5.566817,3.091042,3.68462,3.83233,3.199489,4.261693,2.43449,3.89447,4.039536,2.393339,3.404193,3.227241
1947-01,5.322229,4.035832,,4.039888,4.560277,2.242835,4.300817,3.095578,3.566712,2.897016,,3.145445,4.299053,4.861129,2.649715,3.008155,3.758872,2.572612,4.050393,,3.415429,4.31602,4.270536,3.345332,3.57431,,,3.661765,2.468947,5.197889,4.486612,6.308098,1.873339,2.448416,4.421007,,3.29101,5.625965,3.126761,3.735763,3.818371,3.171365,4.195697,2.488234,3.891412,4.073121,2.35802,3.39182,3.248823
1947-02,5.425655,4.062338,,4.054217,4.597541,2.275214,4.270816,3.148453,3.647797,2.867899,,3.22605,4.364117,4.92246,2.700018,3.047376,3.844386,2.555676,4.094844,,3.479392,4.353756,4.32625,3.380654,3.612808,,,3.649359,2.490723,5.236176,4.543401,6.332551,1.838961,2.447551,4.469809,,3.341093,5.646824,3.315276,3.788499,3.834061,3.183041,4.22873,2.456164,3.988984,4.148833,2.352327,3.438493,3.334345
1947-03,5.33773,4.070905,,3.955657,4.614526,2.339881,4.23729,3.137666,3.617652,2.919391,,3.185526,4.30582,4.917642,2.731767,3.078233,3.852485,2.598979,4.104625,,3.511247,4.424367,4.425445,3.405189,3.683364,,,3.681351,2.518503,5.228324,4.539244,6.342825,1.848455,2.474856,4.51086,,3.358638,5.650979,3.249987,3.786687,3.833845,3.175968,4.233091,2.460443,4.001681,4.175002,2.344686,3.460723,3.347445
1947-04,5.39158,4.07261,,3.931826,4.561532,2.320425,4.184947,3.102342,3.625141,2.913437,,3.17722,4.255045,4.906607,2.71932,3.108168,3.810876,2.590017,4.086312,,3.503453,4.392596,4.433195,3.391484,3.669951,,,3.692871,2.506342,5.195509,4.525802,6.321901,1.84055,2.467252,4.468434,,3.299534,5.690022,3.227637,3.802431,3.822098,3.158276,4.223031,2.460443,3.959288,4.180828,2.386926,3.422959,3.33149
1947-05,5.388067,4.053349,,3.867862,4.471639,2.308567,4.126812,3.086943,3.585739,2.907447,,3.248823,4.230477,4.902233,2.671386,3.031582,3.777119,2.555676,4.065431,,3.499533,4.344844,4.403666,3.357942,3.638901,,,3.660994,2.547099,5.216673,4.49502,6.287301,1.848455,2.423917,4.458177,,3.255015,5.705082,3.183041,3.761433,3.78009,3.129389,4.197352,2.406945,3.937886,4.137564,2.279316,3.396855,3.299534
1947-06,5.355595,3.994156,,3.730981,4.382527,2.202765,4.047777,2.93226,3.535728,2.839663,,3.12016,4.141864,4.861671,2.626117,2.937573,3.717224,2.406945,3.997099,,3.418382,4.293059,4.356709,3.249599,3.567841,,,3.613347,2.484907,5.211451,4.451669,6.285104,1.78507,2.333114,4.371976,,3.201119,5.677507,3.054944,3.71113,3.71406,3.068053,4.109726,2.307573,3.867862,4.061821,2.184927,3.336481,3.214466
1947-07,5.339219,3.983972,,3.689629,4.411828,2.224624,4.063542,2.878074,3.513931,2.789323,,3.067588,4.111529,4.852577,2.587764,2.899221,3.676554,2.337952,3.959288,,3.398193,4.29497,4.318288,3.152736,3.540669,,,3.588506,2.423031,5.225424,4.421247,6.273839,1.764731,2.252344,4.379899,,3.094672,5.649889,3.006672,3.694613,3.673004,3.024806,4.104295,2.249184,3.8795,4.025352,2.16791,3.312366,3.146305
1947-08,5.444753,4.004784,,3.667911,4.536677,2.601207,4.093177,3.003204,3.447126,2.874129,,3.133754,4.176539,4.906903,2.61374,2.953868,3.75115,2.392426,3.958907,,3.46979,4.27472,4.380025,3.180966,3.55306,,,3.595393,2.594508,5.282391,4.338728,6.253656,1.860975,2.308567,4.301359,,3.215269,5.642581,3.279783,3.794365,3.634951,3.056357,4.137404,2.432736,3.951628,4.148043,2.119863,3.319626,3.178887
1947-09,5.500196,4.050219,,3.675288,4.567468,2.639057,4.146304,3.024806,3.528711,2.901422,,3.156149,4.199755,4.921585,2.615935,3.034953,3.78009,2.465554,4.028205,,3.50255,4.340553,4.425445,3.20234,3.594294,,,3.647276,2.747271,5.316697,4.364117,6.261702,1.962908,2.357073,4.354784,,3.22446,5.70138,3.322875,3.824502,3.704753,3.092405,4.180216,2.494857,3.970103,4.103139,2.19277,3.376221,3.253857
1947-10,5.458223,4.036009,,3.633367,4.535927,2.738903,4.019441,3.045474,3.524594,2.903617,,3.049273,4.162003,4.910299,2.572612,3.020425,3.749975,2.431857,4.010057,,3.474758,4.300952,4.40391,3.233567,3.575991,,,3.61604,2.74663,5.287711,4.362461,6.265073,1.950187,2.326302,4.314015,,3.21044,5.624775,3.332562,3.815292,3.676047,3.074543,4.137244,2.416806,3.995445,4.051089,2.129421,3.339322,3.254629
1947-11,5.474285,4.021595,,3.744551,4.527425,2.701361,3.989539,3.018472,3.541539,2.874129,,2.960623,4.137723,4.896271,2.555676,3.035434,3.75115,2.410542,4.010782,,3.496204,4.30582,4.406963,3.280911,3.559055,,,3.593194,2.84955,5.256088,4.345233,6.260155,1.93297,2.300583,4.302307,,3.232779,5.641801,3.334345,3.835358,3.659193,3.071303,4.101982,2.422144,3.994156,4.099498,2.093098,3.328627,3.278653
1947-12,5.517493,4.041822,,3.684118,4.508219,2.653946,3.980803,3.053057,3.587954,2.901422,,3.044522,4.140592,4.907347,2.644045,3.064325,3.786233,2.451867,4.064916,,3.53602,4.321082,4.432244,3.281287,3.57431,,,3.596216,2.870736,5.306534,4.359525,6.262274,1.967112,2.325325,4.346529,,3.245323,5.629239,3.340385,3.862833,3.662279,3.079154,4.13164,2.419479,4.004237,4.10512,2.136531,3.388112,3.331133
1948-01,5.49897,4.006424,,3.659193,4.507116,2.599722,3.945264,2.974509,3.555348,2.88759,,3.014554,4.102478,4.894476,2.646175,3.042616,3.755837,2.291524,4.044804,,3.519277,4.298645,4.392967,3.264232,3.528417,,,3.603049,2.905808,5.286245,4.274859,6.235939,1.950187,2.284421,4.345881,,3.213662,5.658541,3.328985,3.808439,3.620868,3.050694,4.095843,2.396986,3.933197,4.177919,2.074429,3.379974,3.299534
1948-02,5.478553,4.001132,,3.648057,4.512287,2.533697,3.86577,2.946017,3.552487,2.90963,,2.944965,4.137723,4.905275,2.607861,3.082827,3.771611,2.380472,4.074482,,3.542118,4.320417,4.413525,3.243764,3.552773,,,3.542118,2.939691,5.371893,4.282344,6.226438,1.888584,2.279316,4.371724,,3.157,5.643962,3.375538,3.83103,3.694862,3.05022,4.091173,2.440606,3.918999,4.194492,2.172476,3.381335,3.296947
1948-03,5.414811,3.970669,,3.601413,4.492449,2.482404,3.80866,2.880321,3.508855,2.894253,,2.892592,4.044979,4.859425,2.565718,3.05164,3.708192,2.453588,4.032469,,3.505858,4.279024,4.360292,3.321071,3.516607,,,3.558771,2.923699,5.29235,4.27611,6.227485,1.877937,2.265921,4.295515,,3.124565,5.545529,3.295466,3.77092,3.689129,3.019937,4.054217,2.384165,3.908818,4.192378,2.090629,3.353407,3.230804
1948-04,5.384495,3.891412,,3.507358,4.457714,2.415021,3.744314,2.808197,3.464798,2.810607,,2.788093,4.008968,4.793888,2.539237,2.965273,3.644405,2.406044,3.968592,,3.438814,4.224788,4.290048,3.280535,3.442339,,,3.526949,2.858193,5.25661,4.23512,6.216566,1.806648,2.224624,4.294151,,2.996232,5.507078,3.197039,3.717467,3.646494,2.950212,4.008605,2.361797,3.889164,4.103139,1.993339,3.277899,3.259634
1948-05,5.478386,3.940805,,3.611728,4.437816,2.472328,3.961194,2.8937,3.493473,2.858766,,2.906901,4.061305,4.869993,2.580217,3.04357,3.716251,2.424803,4.084799,,3.52312,4.329548,4.357478,3.461351,3.549043,,,3.601686,2.948641,5.34882,4.294697,6.221325,1.774952,2.235376,4.357478,,3.140265,5.620002,3.303217,3.788725,3.722072,3.017004,4.069881,2.357073,3.89995,4.177459,2.085672,3.410157,3.333632
1948-06,5.494295,3.951244,,3.589059,4.347565,2.514465,3.926123,2.954389,3.525772,2.881443,,2.942859,4.078385,4.894701,2.651833,3.095125,3.710152,2.491551,4.10759,,3.557631,4.313078,4.366024,3.494991,3.55934,,,3.648057,2.994732,5.452239,4.30582,6.247501,1.773256,2.296567,4.388754,,3.088767,5.609179,3.339322,3.849935,3.756538,3.103689,4.114964,2.311545,3.949704,4.202302,2.073172,3.453474,3.330417
1948-07,5.497004,3.987687,,3.704014,4.367294,2.617396,3.98991,3.051167,3.57459,2.919391,,3.020913,4.137723,4.964731,2.68239,3.198673,3.800421,2.571084,4.175617,,3.628599,4.467975,4.488861,3.518388,3.592919,,,3.675794,3.097837,5.504925,4.35735,6.27182,1.83418,2.357073,4.464413,,3.147165,5.642829,3.490124,3.931041,3.808217,3.13201,4.196149,2.393339,4.033355,4.34614,2.235376,3.529591,3.392493
1948-08,5.459586,3.956231,,3.614695,4.483793,2.529721,3.86556,3.025291,3.471966,2.900872,,3.053529,4.10759,4.921658,2.667922,3.196221,3.753027,2.578701,4.172077,,3.57403,4.448165,4.479153,3.441379,3.522825,,,3.665611,3.034472,5.54783,4.33323,6.295469,1.862529,2.381396,4.354784,,2.995732,5.601787,3.510052,3.920785,3.787593,3.142427,4.164648,2.336987,3.953165,4.260283,2.119863,3.512142,3.34498
1948-09,5.452582,3.91721,,3.5636,4.523092,2.423031,3.788725,3.004196,3.446808,2.886475,,2.972464,4.065087,4.861903,2.576422,3.165475,3.685624,2.479056,4.131961,,3.497416,4.371345,4.431769,3.458208,3.467609,,,3.632309,3.0037,5.47143,4.27263,6.278803,1.806648,2.297573,4.295379,,2.918311,5.557407,3.45189,3.87349,3.738859,3.079154,4.080246,2.292535,3.900962,4.200804,2.033398,3.445852,3.31854
1948-10,5.471051,3.90701,,3.558771,4.535177,2.457878,3.84353,2.992226,3.440418,2.862772,,2.949688,4.040416,4.853514,2.57032,3.138533,3.69511,2.520113,4.135966,,3.474758,4.381527,4.429506,3.438172,3.471656,,,3.61792,2.994732,5.44337,4.269418,6.279159,1.800058,2.317474,4.350278,,2.999226,5.613967,3.45379,3.869533,3.755837,3.033028,4.10413,2.274186,3.872658,4.215086,2.036012,3.437529,3.338967
1948-11,5.40128,3.855453,,3.546451,4.501253,2.353278,3.748327,2.895359,3.401531,2.837908,,2.994732,3.997283,4.849292,2.503074,3.078233,3.646494,2.460443,4.109069,,3.422306,4.349116,4.39111,3.421,3.431727,,,3.58823,2.926918,5.396034,4.255613,6.262312,1.735189,2.267994,4.288403,,2.93226,5.57375,3.38439,3.824721,3.710396,2.999226,4.092009,2.242835,3.853334,4.27944,2.036012,3.386422,3.308717
1948-12,5.47042,3.885679,,3.584074,4.531739,2.420368,3.767691,2.891482,3.432696,2.853016,,3.113515,4.037598,4.917569,2.512035,3.090133,3.717953,2.594508,4.189352,,3.478467,4.423768,4.465448,3.453474,3.438814,,,3.630985,2.998229,5.480222,4.290459,6.273311,1.776646,2.285439,4.344325,,2.985682,5.615315,3.442019,3.873282,3.753496,3.033991,4.130998,2.263844,3.890595,4.334149,2.061787,3.467609,3.339677
1949-01,5.413074,3.811982,,3.494688,4.489759,2.253395,3.732418,2.720637,3.366951,2.777576,,3.006178,3.972365,4.818506,2.376764,2.969902,3.61792,2.350422,4.033887,,3.349202,4.294151,4.310531,3.279783,3.261169,,,3.545009,2.935451,5.339939,4.190109,6.252251,1.715598,2.204972,4.259294,,2.881443,5.608922,3.302481,3.748327,3.607127,2.965273,4.055777,2.191654,3.827554,4.290733,2.000128,3.31273,3.233961
1949-02,5.408158,3.816833,,3.50255,4.495244,2.239645,3.775974,2.68239,3.357245,2.764431,,3.06152,4.009694,4.883786,2.358965,2.943386,3.625673,2.37862,4.045329,,3.36107,4.347176,4.344195,3.303585,3.263467,,,3.529297,2.901422,5.381785,4.211683,6.248294,1.693779,2.171337,4.291144,,2.910719,5.665942,3.337903,3.789177,3.615771,2.969902,4.062854,2.200552,3.880532,4.356196,2.005526,3.339322,3.21326
1949-03,5.42539,3.849722,,3.512441,4.538175,2.277267,3.790759,2.681706,3.351307,2.804572,,3.057298,4.056816,4.88083,2.421257,2.963209,3.631515,2.373975,4.053175,,3.343215,4.316287,4.369828,3.323596,3.271468,,,3.545298,2.853016,5.341425,4.253909,6.235567,1.729884,2.233235,4.319353,,2.92047,5.661814,3.294354,3.794815,3.616578,2.995732,4.070905,2.183802,3.891616,4.30609,1.953028,3.318178,3.231595
1949-04,5.420137,3.818152,,3.488292,4.531093,2.217027,3.810876,2.565718,3.25925,2.751748,,3.056827,4.040416,4.849527,2.403335,2.93226,3.598134,2.332144,3.977811,,3.299903,4.254335,4.316287,3.323956,3.205182,,,3.541249,2.762538,5.292098,4.256605,6.232448,1.658228,2.182675,4.274581,,2.909084,5.669053,3.234749,3.785098,3.550766,2.951258,4.03936,2.190536,3.873282,4.320683,1.947338,3.303217,3.194583
1949-05,5.4173,3.858622,,3.543854,4.536784,2.257588,3.826901,2.679651,3.343921,2.780061,,3.093313,4.091674,4.874968,2.458734,2.903069,3.632838,2.429218,3.986017,,3.3485,4.300681,4.348082,3.383373,3.267666,,,3.579344,2.789323,5.348059,4.287166,6.230973,1.675226,2.231089,4.31602,,2.963725,5.731657,3.254243,3.813748,3.582129,2.975019,4.0794,2.208274,3.932218,4.336375,2.046402,3.38439,3.227241
1949-06,5.36209,3.840957,,3.509454,4.535499,2.250239,3.826683,2.68444,3.323236,2.753024,,3.123246,4.088494,4.850232,2.404239,2.85934,3.590439,2.446685,3.934958,,3.307253,4.25788,4.30636,3.318902,3.230804,,,3.590163,2.703373,5.355878,4.295515,6.214368,1.699279,2.23858,4.306629,,2.960105,5.668742,3.154017,3.777348,3.551627,2.951258,4.059408,2.21047,3.940027,4.328626,2.030776,3.370738,3.139833
1949-07,5.298417,3.829728,,3.492256,4.55682,2.198335,3.799974,2.639057,3.315639,2.736962,,3.04595,4.06971,4.833819,2.346602,2.834389,3.553632,2.356126,3.851211,,3.268428,4.194944,4.257172,3.253857,3.129389,,,3.562466,2.678278,5.291293,4.284965,6.19224,1.673351,2.221375,4.305955,,2.886475,5.566778,3.096934,3.735286,3.509155,2.890927,4.058199,2.199444,3.947197,4.305281,2.018895,3.313458,3.126761
1949-08,5.348963,3.820346,,3.524594,4.562889,2.223542,3.801762,2.66375,3.284664,2.751748,,3.013081,4.093177,4.822376,2.320425,2.883683,3.499835,2.404239,3.835574,,3.269189,4.157319,4.263102,3.211247,3.133754,,,3.536893,2.600465,5.247498,4.286479,6.120253,1.750937,2.215937,4.274859,,2.897016,5.538751,2.864484,3.73624,3.480932,2.912351,4.061994,2.195,3.946231,4.281101,1.989243,3.279406,3.11396
1949-09,5.382429,3.872034,,3.581016,4.590564,2.274186,3.808439,2.71668,3.363149,2.787477,,3.132446,4.142817,4.866842,2.371178,2.935451,3.567841,2.477378,3.911023,,3.317816,4.225373,4.350278,3.23593,3.179719,,,3.569533,2.662355,5.306781,4.325589,6.144078,1.846879,2.237513,4.363481,,2.969388,5.569565,2.964242,3.788046,3.517498,2.946542,4.110546,2.234306,4.009513,4.322011,2.009555,3.348851,3.207208
1949-10,5.412092,3.913422,,3.618457,4.618383,2.280339,3.797734,2.754297,3.400197,2.810005,,3.264996,4.124227,4.889522,2.405142,2.948116,3.587124,2.489065,3.893044,,3.333632,4.23193,4.350923,3.230014,3.175133,,,3.581851,2.677591,5.35219,4.357222,6.153541,1.868721,2.283402,4.353241,,2.974509,5.577728,2.964242,3.836653,3.518091,2.972464,4.118224,2.21047,4.029984,4.329944,2.063058,3.383712,3.198265
1949-11,5.38477,3.934958,,3.673512,4.642851,2.311545,3.802431,2.799109,3.428813,2.842581,,3.298057,4.136765,4.934905,2.405142,2.970414,3.607941,2.592265,3.924544,,3.358986,4.257738,4.371597,3.276012,3.182627,,,3.595667,2.70069,5.381555,4.391234,6.150304,1.930071,2.304583,4.390119,,3.028199,5.606684,2.995732,3.879706,3.539509,3.014554,4.135646,2.230014,4.057335,4.38863,2.09433,3.465111,3.246491
1949-12,5.42974,3.950282,,3.689629,4.626051,2.338917,3.839022,2.820188,3.507058,2.881443,,3.337903,4.166665,4.975146,2.463853,2.972975,3.639427,2.610805,3.97387,,3.385745,4.283449,4.440296,3.316003,3.201933,,,3.632309,2.693951,5.417743,4.400235,6.16892,1.96851,2.323368,4.466023,,3.092405,5.623078,3.07223,3.923161,3.544432,3.017983,4.140273,2.250239,4.099995,4.455742,2.158715,3.491038,3.255015
1950-01,5.455449,3.959097,,3.726657,4.636184,2.336987,3.831897,2.754934,3.543565,2.870169,,3.375538,4.204543,5.009635,2.460443,2.97144,3.66048,2.583998,3.981362,,3.366261,4.318021,4.439942,3.30064,3.173878,,,3.618993,2.719979,5.370685,4.427717,6.185262,1.96851,2.317474,4.464988,,3.125005,5.700945,3.076851,3.936716,3.544143,3.020913,4.151827,2.266958,4.13868,4.463491,2.199444,3.508855,3.264614
1950-02,5.499379,4.009875,,3.769076,4.657098,2.484073,3.919594,2.811208,3.591818,2.906354,,3.512441,4.277083,5.061582,2.445819,3.034472,3.721589,2.733068,4.034064,,3.412797,4.388754,4.519612,3.371769,3.216072,,,3.626206,2.687167,5.37699,4.454812,6.186126,2.004179,2.373044,4.590158,,3.144583,5.726196,3.152736,4.014399,3.616578,3.059176,4.191471,2.306577,4.156067,4.550292,2.218116,3.576271,3.290266
1950-03,5.534693,4.019082,,3.794365,4.645544,2.500616,3.911023,2.839078,3.610377,2.905808,,3.523415,4.285516,5.070538,2.540026,3.061052,3.716738,2.786861,4.070223,,3.425565,4.441474,4.535284,3.421,3.261935,,,3.667145,2.721953,5.368636,4.487175,6.204517,2.00148,2.398804,4.63113,,3.251537,5.728833,3.17722,4.047952,3.66048,3.06152,4.215824,2.320425,4.177919,4.533674,2.193886,3.595941,3.313458
1950-04,5.564559,4.029984,,3.777806,4.649474,2.543961,3.824066,2.847812,3.648578,2.850128,,3.545298,4.298645,5.074361,2.581731,3.009142,3.728821,2.797281,4.091006,,3.424588,4.481533,4.555244,3.499231,3.267666,,,3.650918,2.687847,5.353421,4.508108,6.210881,1.969906,2.360854,4.632883,,3.31854,5.756375,3.203153,4.033887,3.671479,3.073619,4.232075,2.33602,4.224642,4.546057,2.190536,3.618189,3.349553
1950-05,5.545529,4.026244,,3.774598,4.639765,2.472328,3.792564,2.785011,3.642574,2.837908,,3.545009,4.261693,5.104793,2.500616,2.955431,3.733375,2.782539,4.071247,,3.407179,4.513603,4.569128,3.458837,3.225653,,,3.62594,2.683074,5.39961,4.506896,6.241445,1.99606,2.335052,4.657383,,3.302481,5.705647,3.175551,4.055604,3.656873,3.067122,4.226542,2.312535,4.207673,4.551769,2.118662,3.618457,3.38439
1950-06,5.549815,4.018902,,3.790533,4.607767,2.477378,3.828859,2.817204,3.703029,2.850707,,3.495598,4.32691,5.194456,2.560323,3.022861,3.77391,2.823757,4.144245,,3.43205,4.576668,4.667394,3.607398,3.245323,,,3.666378,2.646175,5.430748,4.512726,6.264883,1.979621,2.351375,4.64391,,3.438814,5.738635,3.261552,4.12665,3.665099,3.055886,4.220537,2.372111,4.197503,4.454347,2.180417,3.656614,3.368674
1950-07,5.616371,4.031405,,3.782597,4.60597,2.516082,3.773221,2.802148,3.75021,2.909084,,3.629925,4.347694,5.258536,2.561868,3.049747,3.812203,2.809403,4.192378,,3.466048,4.612146,4.719481,3.557916,3.271468,,,3.680343,2.713369,5.50525,4.526127,6.284171,2.119863,2.36462,4.656813,,3.408835,5.717915,3.291754,4.190563,3.660994,3.100543,4.244774,2.360854,4.223324,4.566845,2.206074,3.678829,3.405521
1950-08,5.558371,3.960242,,3.765377,4.508108,2.408745,3.545298,2.661657,3.659965,2.857619,,3.531933,4.316688,5.198387,2.458734,3.001217,3.725934,2.665143,4.142658,,3.401864,4.536891,4.661456,3.518091,3.160823,,,3.561614,2.643334,5.443283,4.452718,6.337463,2.028148,2.290513,4.551558,,3.357594,5.636752,3.277899,4.073121,3.59786,3.023834,4.200804,2.291524,4.035302,4.50943,2.088153,3.561898,3.190476
1950-09,5.487366,3.939249,,3.815292,4.485373,2.366498,3.602232,2.601207,3.63019,2.912351,,3.525183,4.233091,5.15917,2.479894,3.152736,3.648838,2.622492,4.25703,,3.448081,4.520375,4.667675,3.665611,3.342862,,,3.594294,2.824351,5.525134,4.395683,6.324126,2.073172,2.251292,4.480514,,3.310908,5.609801,3.233173,4.080584,3.745732,3.049273,4.187076,2.284421,3.898938,4.415703,2.09433,3.578786,3.082369
1950-10,5.655642,3.967458,,3.836653,4.481533,2.404239,3.618993,2.712706,3.730261,2.942331,,3.537475,4.266756,5.221598,2.497329,3.173878,3.705491,2.691921,4.287579,,3.485539,4.555875,4.720372,3.628599,3.32791,,,3.661765,2.865054,5.556519,4.424008,6.349139,2.119863,2.300583,4.559126,,3.341093,5.667775,3.274121,4.176692,3.739573,3.155723,4.219066,2.325325,3.957188,4.468778,2.164472,3.595667,3.125005
1950-11,5.653436,4.001681,,3.933197,4.525694,2.473171,3.715278,2.894806,3.760968,2.99373,,3.634951,4.317621,5.260667,2.562639,3.21165,3.781459,2.75111,4.316821,,3.54674,4.592996,4.794964,3.600321,3.344274,,,3.749504,2.888704,5.590128,4.462454,6.329988,2.128232,2.38232,4.601162,,3.40053,5.73143,3.395179,4.231204,3.777577,3.205588,4.298917,2.386926,4.048126,4.567053,2.197225,3.638638,3.192532
1950-12,5.6501,3.993787,,3.910822,4.523743,2.463002,3.648057,2.896464,3.74526,2.989211,,3.608212,4.297693,5.251802,2.558002,3.197856,3.762594,2.685805,4.355939,,3.536311,4.57821,4.798432,3.598955,3.401864,,,3.729301,2.858766,5.592665,4.45097,6.332089,2.107786,2.369309,4.601463,,3.352007,5.697664,3.349202,4.233672,3.766535,3.159126,4.308649,2.366498,3.984716,4.60417,2.237513,3.648578,3.190888
1951-01,5.598681,3.986202,,3.932414,4.494015,2.414126,3.629129,2.847812,3.75115,3.016515,,3.716251,4.322807,5.30807,2.621766,3.208017,3.784871,2.650421,4.378144,,3.548755,4.566949,4.738739,3.668422,3.383712,,,3.789177,2.888147,5.625208,4.433432,6.329471,2.081938,2.358965,4.612046,,3.411148,5.814996,3.414443,4.286754,3.793465,3.187179,4.306629,2.36556,3.980989,4.625267,2.281361,3.689629,3.166319
1951-02,5.569565,3.999668,,3.990834,4.477905,2.426571,3.625141,2.871868,3.785552,3.067588,,3.802654,4.372355,5.362747,2.626117,3.321071,3.801985,2.715357,4.447229,,3.633895,4.603168,4.757548,3.776432,3.486151,,,3.856087,3.012589,5.705714,4.463607,6.332995,2.090629,2.369309,4.635505,,3.43205,5.809883,3.461665,4.343676,3.933393,3.221273,4.324795,2.401525,3.925137,4.676746,2.329227,3.79121,3.17847
1951-03,5.702014,4.026066,,4.064229,4.51086,2.530517,3.665611,2.933857,3.853122,3.085573,,3.840957,4.399252,5.403128,2.691921,3.354455,3.877432,2.81241,4.528505,,3.691626,4.701752,4.843478,3.795264,3.536602,,,3.915417,3.049747,5.76516,4.508769,6.351514,2.118662,2.453588,4.705197,,3.47785,5.787541,3.539219,4.391853,4.019082,3.266522,4.357093,2.460443,3.971423,4.592186,2.459589,3.834494,3.281663
1951-04,5.727694,4.038127,,4.028205,4.492113,2.523326,3.710886,2.91398,3.86577,3.108168,,3.784644,4.420646,5.424421,2.725235,3.373141,3.903789,2.905808,4.493903,,3.705491,4.71205,4.855851,3.820127,3.522825,,,3.90942,3.05022,5.766914,4.534318,6.391582,2.121063,2.454447,4.692631,,3.538638,5.788859,3.564449,4.400358,3.990649,3.250374,4.383775,2.479894,4.02553,4.620354,2.427454,3.826029,3.275256
1951-05,5.70887,4.018003,,3.976311,4.473123,2.493205,3.634687,2.877512,3.831897,3.05164,,3.753496,4.441003,5.404073,2.695303,3.271089,3.9052,2.824944,4.436633,,3.652734,4.699571,4.862986,3.724247,3.449352,,,3.863043,2.973998,5.74249,4.514698,6.366316,2.09433,2.412336,4.67152,,3.52371,5.754127,3.530177,4.379398,3.946424,3.250762,4.357734,2.439735,4.025352,4.638702,2.392426,3.796163,3.277899
1951-06,5.720017,4.017284,,4.014219,4.467172,2.527327,3.647276,2.895912,3.835574,3.060583,,3.810655,4.543827,5.483468,2.74084,3.289521,3.940805,2.852439,4.500143,,3.695607,4.725616,4.90483,3.77391,3.504355,,,3.921973,2.946542,5.846699,4.513055,6.374684,2.091864,2.436241,4.70048,,3.602777,5.788154,3.583519,4.464298,3.979682,3.245712,4.359398,2.421257,4.034948,4.643429,2.37862,3.873074,3.303217
1951-07,5.72159,3.997834,,4.010963,4.434619,2.498974,3.595118,2.816007,3.810212,3.033028,,3.806218,4.558498,5.473698,2.721953,3.275256,3.891208,2.824351,4.448984,,3.664587,4.687763,4.836441,3.731939,3.478158,,,3.881564,2.928524,5.805135,4.508219,6.370397,2.100469,2.38968,4.695559,,3.555348,5.750825,3.567841,4.426044,3.932022,3.312366,4.335852,2.357073,4.029095,4.631909,2.374906,3.836868,3.282789
1951-08,5.670122,3.960242,,3.9718,4.426044,2.481568,3.536602,2.733718,3.720136,2.99373,,3.825157,4.538175,5.490507,2.715357,3.236716,3.861992,2.747271,4.403788,,3.604682,4.646408,4.750741,3.643097,3.346741,,,3.830162,2.937573,5.813055,4.471525,6.449775,2.055405,2.386007,4.580775,,3.617383,5.767508,3.595667,4.417394,3.846097,3.230804,4.297421,2.297573,3.981176,4.645544,2.371178,3.744078,3.260402
1951-09,5.694136,3.989725,,4.012954,4.456322,2.520917,3.609836,2.75684,3.783962,3.001714,,3.905401,4.677584,5.568497,2.789937,3.257327,3.931826,2.783158,4.496248,,3.664843,4.695102,4.792728,3.742657,3.427839,,,3.895894,2.986187,5.921149,4.519939,6.477357,2.055405,2.396075,4.650813,,3.666889,5.830239,3.602504,4.48368,3.924742,3.326833,4.319353,2.3302,4.049696,4.66683,2.36556,3.807995,3.298426
1951-10,5.759059,4.013135,,4.073121,4.47904,2.551006,3.670715,2.796671,3.805773,3.027231,,3.948933,4.65234,5.585599,2.835564,3.289893,3.974998,2.792391,4.576771,,3.705491,4.762174,4.845289,3.782825,3.436243,,,3.980055,3.053529,5.965275,4.535284,6.50333,2.060514,2.424803,4.687948,,3.670461,5.85679,3.649099,4.51075,3.932022,3.355851,4.338336,2.372111,4.076011,4.684259,2.399712,3.863673,3.303217
1951-11,5.676171,4.00915,,4.106438,4.478926,2.606387,3.749033,2.76317,3.807995,2.996732,,3.918204,4.63298,5.570594,2.84955,3.262701,3.977811,2.882004,4.599052,,3.716738,4.789074,4.868227,3.825811,3.458522,,,4.036186,3.097386,5.955915,4.543827,6.488916,2.055405,2.419479,4.678049,,3.65377,5.949287,3.725211,4.490993,3.965564,3.511545,4.360803,2.367436,4.072099,4.715727,2.36368,3.86828,3.299903
1951-12,5.597866,3.977249,,4.060615,4.455045,2.580217,3.711619,2.749192,3.772531,2.9877,,3.813307,4.574711,5.490094,2.819592,3.222071,3.955848,2.871302,4.583333,,3.688129,4.720372,4.847018,3.807329,3.444576,,,3.983413,3.079614,5.966147,4.546481,6.478079,2.064328,2.421257,4.636669,,3.589611,5.85134,3.686376,4.453998,3.920586,3.402863,4.331785,2.370244,4.081935,4.654056,2.400619,3.836653,3.208421
1952-01,5.59393,3.96689,,4.041822,4.442298,2.580974,3.703275,2.75684,3.763059,2.97553,,3.755135,4.569957,5.48517,2.853016,3.222469,3.936911,2.826129,4.576771,,3.698335,4.735496,4.844974,3.73767,3.420346,,,3.987501,3.109507,5.943901,4.568817,6.481087,2.064328,2.441477,4.633466,,3.590163,5.936163,3.703768,4.460376,3.932022,3.406517,4.336114,2.37862,4.126328,4.60447,2.442347,3.8795,3.213662
1952-02,5.636039,3.980055,,4.065259,4.448399,2.571084,3.663562,2.731767,3.78237,2.982647,,3.767228,4.620551,5.561412,2.855895,3.230804,3.960623,2.859913,4.57821,,3.724729,4.773646,4.877332,3.74526,3.417727,,,3.96689,3.092405,5.989713,4.596029,6.476957,2.056685,2.415021,4.688868,,3.67402,5.952204,3.756538,4.48785,3.940222,3.398193,4.328494,2.383243,4.147411,4.680649,2.423031,3.947583,3.252311
1952-03,5.626073,3.988428,,4.019262,4.499143,2.616666,3.655581,2.739549,3.781687,2.989211,,3.779634,4.624482,5.525772,2.863914,3.175133,3.960813,2.88926,4.608066,,3.728821,4.76243,4.863526,3.787593,3.431727,,,4.013496,3.137232,6.0531,4.621536,6.478725,2.123458,2.397895,4.659848,,3.609566,5.939223,3.709417,4.497139,3.97481,3.396185,4.318954,2.403335,4.142976,4.707275,2.447551,3.999301,3.272985
1952-04,5.569298,3.976124,,3.978185,4.457018,2.604909,3.652475,2.747271,3.775057,2.946017,,3.666889,4.584559,5.485461,2.799717,3.131573,3.934176,2.917771,4.531954,,3.697591,4.71957,4.844738,3.73457,3.397858,,,3.951436,3.140698,6.008346,4.623992,6.472315,2.076938,2.35802,4.617099,,3.584352,5.931582,3.659708,4.465908,3.952589,3.359333,4.273188,2.396986,4.167285,4.660321,2.440606,3.986388,3.201526
1952-05,5.602082,3.980616,,3.971989,4.472781,2.591516,3.648318,2.76317,3.79504,2.968361,,3.690129,4.583538,5.516569,2.829087,3.167583,3.962716,2.949688,4.547223,,3.722798,4.786241,4.927906,3.738859,3.413784,,,3.969159,3.1381,6.09226,4.641406,6.470505,2.054124,2.385086,4.629472,,3.623007,5.915906,3.674527,4.488074,4.038656,3.3485,4.296469,2.443216,4.196901,4.688224,2.496506,4.011144,3.235143
1952-06,5.575267,3.959097,,3.947583,4.43367,2.540026,3.586293,2.76001,3.731939,2.933325,,3.599228,4.528613,5.439253,2.776954,3.111736,3.919991,2.938103,4.464067,,3.673258,4.745367,4.88794,3.667145,3.409166,,,3.90942,3.052585,6.011978,4.619073,6.463014,2.026832,2.339881,4.608963,,3.571784,5.886548,3.571221,4.428552,4.001864,3.278276,4.277777,2.422144,4.218183,4.681946,2.456164,3.959288,3.19171
1952-07,5.622102,3.973494,,3.956805,4.417394,2.578701,3.486457,2.793616,3.724729,2.946017,,3.661251,4.544995,5.498029,2.75557,3.15487,3.950859,2.944965,4.47711,,3.698582,4.772463,4.913537,3.731699,3.418382,,,3.921973,3.090588,6.036605,4.644391,6.473088,2.020222,2.353278,4.640441,,3.606313,5.894623,3.573749,4.449685,4.037245,3.310178,4.297149,2.429218,4.231204,4.719926,2.484907,3.980616,3.197448
1952-08,5.625929,3.998384,,4.007697,4.497139,2.626117,3.389125,2.76569,3.745023,2.988708,,3.676554,4.543401,5.517734,2.760643,3.330775,3.980989,3.037833,4.541698,,3.713572,4.79057,4.956109,3.729541,3.502851,,,4.010782,3.168845,6.062668,4.713845,6.610333,2.00283,2.367436,4.703838,,3.749504,5.528913,3.609295,4.548917,4.099498,3.339322,4.322807,2.450143,4.257738,4.764223,2.471484,4.005331,3.187179
1952-09,5.593819,4.006424,,4.057681,4.488973,2.625393,3.372455,2.7985,3.757939,3.017494,,3.638901,4.49569,5.528834,2.788708,3.308717,3.992127,3.044999,4.573989,,3.748091,4.802709,4.979145,3.732657,3.513037,,,4.026066,3.172622,6.051454,4.730216,6.61278,1.967112,2.377693,4.707817,,3.726175,5.566358,3.648838,4.581902,4.10413,3.323956,4.342766,2.442347,4.307303,4.764394,2.490723,4.016383,3.232384
1952-10,5.63157,4.010782,,4.049696,4.492337,2.680336,3.420346,2.766948,3.757005,2.995732,,3.666378,4.48108,5.507037,2.804572,3.299903,3.976124,3.063858,4.536784,,3.724247,4.800901,4.980588,3.739097,3.489819,,,4.018543,3.15359,6.013617,4.74441,6.621446,1.93586,2.376764,4.696746,,3.730261,5.558949,3.646494,4.5608,4.095843,3.301009,4.333624,2.473171,4.293332,4.760549,2.600465,3.990464,3.231595
1952-11,5.545568,3.994708,,3.910221,4.48368,2.649008,3.395179,2.758743,3.745732,2.978586,,3.648057,4.430579,5.488359,2.761275,3.239462,3.952973,2.996232,4.494685,,3.697839,4.815998,4.969605,3.717224,3.472587,,,3.991019,3.153163,5.968247,4.74232,6.603551,1.924249,2.358965,4.680278,,3.684871,5.547363,3.582685,4.555349,4.071758,3.256172,4.324795,2.481568,4.294151,4.776094,2.625393,3.977998,3.240637
1952-12,5.495528,3.979495,,3.880532,4.55314,2.639771,3.317816,2.75684,3.747856,2.944439,,3.593194,4.411343,5.467089,2.733718,3.162517,3.930648,2.999226,4.478813,,3.673258,4.808111,4.98203,3.728341,3.458837,,,3.939638,3.129826,5.971338,4.74171,6.612686,1.953028,2.362739,4.675256,,3.723764,5.490837,3.580459,4.534211,4.071758,3.258865,4.310531,2.470639,4.269418,4.745367,2.598979,3.93398,3.175968
1953-01,5.52262,4.020339,,3.967647,4.617988,2.678278,3.404193,2.807594,3.795939,3.010128,,3.635479,4.478245,5.554083,2.799109,3.21165,3.98991,3.001714,4.547965,,3.738146,4.904682,5.040776,3.769307,3.507358,,,3.987687,3.213662,5.979063,4.787242,6.650913,1.918392,2.373975,4.724641,,3.843316,5.548492,3.628067,4.609063,4.136126,3.297317,4.345103,2.465554,4.350536,4.819071,2.639771,3.981922,3.246491
1953-02,5.528158,4.030162,,3.958143,4.620256,2.723924,3.460095,2.828496,3.803992,3.006178,,3.643359,4.450853,5.568497,2.778198,3.249599,4.010419,3.017983,4.585478,,3.75115,4.922678,5.107157,3.791887,3.509155,,,4.005513,3.190065,6.023593,4.802052,6.64726,1.890095,2.38968,4.776347,,3.883418,5.551563,3.62274,4.638508,4.16713,3.316003,4.350665,2.503074,4.354912,4.814864,2.707383,4.058026,3.246102
1953-03,5.517573,4.058717,,3.955848,4.666547,2.742774,3.461351,2.854745,3.804883,3.009142,,3.580459,4.397038,5.570403,2.797891,3.218876,4.019082,3.013081,4.599554,,3.747856,4.888543,5.102607,3.866188,3.547604,,,4.00296,3.207208,5.991964,4.808029,6.657228,1.906575,2.418589,4.7739,,3.86556,5.552068,3.610377,4.62409,4.182508,3.307985,4.357222,2.532903,4.364244,4.834455,2.741485,4.030162,3.268808
1953-04,5.460564,4.065945,,3.953165,4.703657,2.750471,3.504656,2.923699,3.794815,3.040228,,3.609024,4.411464,5.536822,2.789323,3.22843,4.014941,3.013081,4.583231,,3.734808,4.88892,5.077546,3.873906,3.556776,,,4.026779,3.192532,5.985119,4.808845,6.78345,1.903599,2.426571,4.78139,,3.805773,5.572306,3.562466,4.63074,4.164958,3.288029,4.363863,2.556452,4.362589,4.801312,2.744061,4.020339,3.234749
1953-05,5.486165,4.059408,,3.932218,4.655388,2.817204,3.537475,2.903069,3.786913,3.035914,,3.617383,4.403054,5.535995,2.775086,3.175133,4.008423,2.994231,4.531308,,3.720862,4.88907,5.029522,3.80999,3.536893,,,3.984344,3.118392,5.979696,4.805659,6.765051,1.937302,2.420368,4.78206,,3.855029,5.567275,3.503152,4.621437,4.135327,3.269569,4.355426,2.566487,4.339641,4.790903,2.762538,4.052133,3.262318
1953-06,5.450094,4.054737,,3.888754,4.699389,2.790551,3.507957,2.907993,3.746441,3.0214,,3.565864,4.347047,5.50036,2.76317,3.142427,3.985273,2.965788,4.51053,,3.699819,4.895224,5.0085,3.763523,3.495598,,,3.962716,3.046425,5.926366,4.772293,6.754592,1.941615,2.377693,4.734355,,3.822536,5.57682,3.461351,4.59875,4.102974,3.22843,4.34627,2.552565,4.305146,4.75772,2.747912,3.987316,3.243764
1953-07,5.445875,4.052654,,3.891412,4.688408,2.815409,3.499533,2.890372,3.744551,3.020913,,3.567277,4.368561,5.494871,2.774462,3.132446,3.980429,2.949165,4.51064,,3.692124,4.90201,4.992064,3.78328,3.521939,,,4.044103,3.032546,5.933968,4.766268,6.758095,2.029463,2.388763,4.761832,,3.860519,5.555669,3.444257,4.606569,4.134526,3.230804,4.356452,2.545531,4.315753,4.692082,2.771338,4.0004,3.254629
1953-08,5.455748,4.035832,,3.880326,4.706101,2.888704,3.250762,2.841415,3.681099,3.024806,,3.550766,4.283035,5.433504,2.784394,3.141995,3.933589,2.930127,4.471639,,3.708927,4.836361,4.947127,3.607941,3.490429,,,3.883624,2.992728,5.939013,4.756173,6.776678,2.020222,2.362739,4.730745,,3.817932,5.543066,3.45537,4.570165,4.128424,3.207613,4.330602,2.477378,4.335328,4.682224,2.655352,3.960051,3.231989
1953-09,5.46962,4.058545,,3.911023,4.751778,2.919391,3.279783,2.823163,3.728341,3.024806,,3.613617,4.314149,5.459032,2.802148,3.151881,3.955082,2.945491,4.504023,,3.712596,4.860122,4.95237,3.600595,3.494991,,,3.89508,2.994732,5.977644,4.806068,6.786028,2.012233,2.366498,4.753245,,3.841601,5.560335,3.456317,4.601865,4.140114,3.200304,4.349633,2.490723,4.338858,4.689695,2.674838,3.983785,3.233567
1953-10,5.438731,4.038303,,3.879293,4.684074,2.843746,3.212455,2.728506,3.687629,3.007167,,3.631515,4.306899,5.425038,2.784394,3.091042,3.905602,2.899221,4.406109,,3.64205,4.794798,4.869302,3.571221,3.431727,,,3.816613,2.909084,5.899377,4.798267,6.777442,2.00148,2.338917,4.735584,,3.79459,5.553347,3.374511,4.541591,4.042349,3.20234,4.318821,2.392426,4.331523,4.66899,2.646884,3.915617,3.210844
1953-11,5.374954,4.038127,,3.842459,4.718052,2.830858,3.169686,2.75557,3.669697,2.990217,,3.61792,4.309456,5.441248,2.766948,3.063858,3.90942,2.915606,4.397531,,3.634951,4.836361,4.863758,3.606856,3.385068,,,3.807107,2.869602,5.879303,4.808845,6.780649,1.985131,2.326302,4.714383,,3.833845,5.567122,3.379974,4.577491,4.021057,3.250762,4.317621,2.383243,4.340293,4.701117,2.585506,3.89447,3.201119
1953-12,5.315322,4.055084,,3.866816,4.698387,2.876386,3.187592,2.860485,3.725934,3.007661,,3.660223,4.330996,5.485087,2.878074,3.063858,3.964426,2.95803,4.476882,,3.673512,4.917277,4.9523,3.661765,3.434632,,,3.839882,2.883123,5.933544,4.849292,6.79443,2.037317,2.336987,4.726325,,3.919793,5.647036,3.438814,4.642273,4.053696,3.255786,4.324398,2.38232,4.391977,4.696837,2.691921,3.946811,3.207208
1954-01,5.310098,4.077537,,3.906206,4.602968,2.90252,3.301745,2.883123,3.765377,3.009635,,3.729301,4.400726,5.521261,2.886475,3.04785,3.994524,2.956472,4.4804,,3.697344,4.974317,4.945207,3.701549,3.457893,,,3.826029,2.911263,5.939302,4.874052,6.816484,2.064328,2.342767,4.7404,,3.942164,5.652173,3.436243,4.734443,4.06251,3.266522,4.34847,2.396075,4.433314,4.762601,2.662355,3.959097,3.241029
1954-02,5.293305,4.086648,,3.886705,4.552824,2.880321,3.321071,2.870169,3.760037,2.986187,,3.689629,4.384274,5.527483,2.941804,3.009635,4.003873,2.91398,4.465563,,3.685373,4.957586,4.93584,3.723522,3.436565,,,3.785098,2.851284,5.943219,4.87596,6.807581,2.099244,2.377693,4.792811,,3.940999,5.651893,3.402863,4.744497,4.01476,3.260018,4.35427,2.383243,4.440531,4.756173,2.672768,3.943715,3.277145
1954-03,5.371057,4.122122,,3.944684,4.573267,2.914522,3.350606,2.949165,3.79504,3.011606,,3.72786,4.440885,5.53757,3.022861,3.080533,4.064401,2.97604,4.538389,,3.760502,5.026574,4.990705,3.799526,3.505557,,,3.863673,2.94022,6.0256,4.905349,6.826317,2.090629,2.388763,4.853592,,3.978185,5.719032,3.539799,4.780299,4.088997,3.326115,4.382651,2.439735,4.493121,4.741011,2.727199,3.984716,3.311273
1954-04,5.377729,4.114311,,3.937301,4.521354,2.891482,3.383033,3.005187,3.787593,3.025291,,3.726416,4.433432,5.531292,3.003204,3.090133,4.082441,2.967333,4.527641,,3.780547,5.077795,4.991996,3.86094,3.526066,,,3.897721,2.857619,6.044294,4.917496,6.851661,2.085672,2.403335,4.893577,,3.995813,5.758302,3.524594,4.788491,4.090838,3.350956,4.378144,2.444085,4.498698,4.779123,2.745988,3.991758,3.341093
1954-05,5.380404,4.138999,,3.90076,4.521354,2.918311,3.422959,3.006672,3.83579,3.036394,,3.707701,4.435567,5.574167,3.009142,3.059176,4.095677,2.996732,4.582925,,3.790533,5.13938,5.02723,4.00915,3.556205,,,3.928683,2.862772,6.085774,4.941428,6.855198,2.109,2.422144,5.052033,,4.092176,5.804532,3.541829,4.848116,4.083284,3.342155,4.379649,2.415021,4.536677,4.813241,2.733068,4.043402,3.358986
1954-06,5.418764,4.14583,,3.886705,4.560905,2.966303,3.419692,3.075005,3.862202,3.030134,,3.669951,4.452019,5.637251,3.125883,3.00072,4.129712,3.041661,4.659658,,3.840312,5.256036,5.062025,4.005513,3.567559,,,3.958716,2.841415,6.145815,4.950461,6.874633,2.110213,2.448416,5.067897,,4.136126,5.841368,3.568123,4.924206,4.098503,3.3485,4.393955,2.432736,4.572647,4.880147,2.726545,4.109397,3.362803
1954-07,5.346917,4.162159,,3.937691,4.54372,2.959587,3.458522,3.112626,3.919793,3.064325,,3.746441,4.455045,5.686365,3.110845,3.115735,4.156223,3.042616,4.715906,,3.882594,5.218841,5.107581,4.068856,3.616846,,,4.02428,2.909084,6.16567,4.972518,6.886787,2.159869,2.455306,5.123726,,4.175464,5.901102,3.627536,4.944424,4.143928,3.354106,4.416549,2.495682,4.568402,4.875732,2.710048,4.141387,3.360723
1954-08,5.488855,4.193285,,3.921973,4.450736,2.966818,3.447763,3.133754,3.968781,3.123246,,3.780319,4.454347,5.683886,3.040228,3.135494,4.212424,3.194583,4.730127,,3.89284,5.31222,5.146913,4.122122,3.646755,,,4.014219,3.095125,6.077,5.035003,6.82699,2.197225,2.469793,5.159343,,4.490545,5.900965,3.704753,5.007029,4.120337,3.414114,4.441356,2.567254,4.621536,4.91735,2.720637,4.135646,3.374511
1954-09,5.479138,4.250351,,4.005513,4.528289,3.053529,3.514824,3.182627,3.981922,3.188417,,3.754433,4.547011,5.705747,3.033991,3.207613,4.265071,3.251537,4.806722,,3.939444,5.298217,5.243703,4.267317,3.71113,,,4.067145,3.103689,6.117877,5.084753,6.869648,2.21266,2.510412,5.183019,,4.506454,5.893907,3.785552,5.060187,4.182355,3.464172,4.480287,2.66026,4.719213,4.993218,2.844328,4.172231,3.417727
1954-10,5.448847,4.213608,,4.003325,4.501586,2.987196,3.59649,3.175551,4.002777,3.142858,,3.733136,4.514917,5.664972,3.0037,3.158701,4.224642,3.172203,4.730392,,3.904595,5.24254,5.194622,4.288951,3.680343,,,4.016023,3.128951,6.11955,5.063164,6.853901,2.218116,2.503074,5.141254,,4.444649,5.862494,3.763987,5.00723,4.133565,3.445533,4.471982,2.7638,4.722775,4.953642,2.810607,4.166665,3.414114
1954-11,5.481347,4.243339,,4.015301,4.553772,3.025291,3.649879,3.219676,4.055084,3.162517,,3.78646,4.535713,5.733827,3.012589,3.205182,4.282897,3.160399,4.801805,,3.954124,5.307029,5.323254,4.313212,3.706719,,,4.09734,3.199897,6.214468,5.078855,6.86709,2.297573,2.503074,5.197779,,4.440649,5.897676,3.847804,5.057773,4.16682,3.462292,4.518195,2.851284,4.756947,4.954911,2.866193,4.192227,3.483699
1954-12,5.476338,4.216267,,3.999851,4.526776,2.964242,3.584629,3.180966,4.077368,3.158701,,3.792789,4.514151,5.688737,2.999226,3.186353,4.306899,3.432373,4.804431,,3.967647,5.278319,5.333057,4.315353,3.6966,,,4.085472,3.144583,6.193487,5.036693,6.858586,2.315501,2.503074,5.22768,,4.4186,5.842703,3.880739,5.050945,4.190563,3.425239,4.491217,2.835564,4.800161,4.877409,2.895359,4.160288,3.504656
1955-01,5.552921,4.269278,,4.062338,4.539885,3.003204,3.669442,3.236716,4.148201,3.192942,,3.900153,4.625561,5.814877,3.075005,3.27903,4.436988,3.456317,4.934834,,4.055777,5.368916,5.37101,4.392224,3.790533,,,4.179145,3.32071,6.280489,5.087288,6.892042,2.358965,2.53449,5.394718,,4.603168,6.034979,4.006788,5.157099,4.291965,3.500137,4.563619,2.871302,4.890124,4.969535,2.915064,4.269138,3.547892
1955-02,5.591845,4.286341,,4.137564,4.610257,3.062456,3.766535,3.261935,4.175002,3.232779,,3.914819,4.687487,5.850736,3.117065,3.346741,4.455742,3.559625,5.04883,,4.109233,5.403083,5.444018,4.548176,3.861992,,,4.212424,3.416086,6.342174,5.118114,6.895379,2.425687,2.591516,5.383944,,4.608863,6.074495,4.039712,5.209268,4.400358,3.550479,4.576874,3.001714,4.906237,5.0558,3.023347,4.351696,3.568969
1955-03,5.533271,4.294015,,4.094011,4.623501,3.091497,3.740285,3.248823,4.158414,3.247658,,3.86995,4.658521,5.822572,3.178887,3.360028,4.456554,3.55306,5.082274,,4.107096,5.446047,5.451596,4.633077,3.937301,,,4.244774,3.379974,6.346233,5.124975,6.903356,2.448416,2.601949,5.415834,,4.579442,6.082333,4.038479,5.166442,4.407085,3.530177,4.593806,3.037833,4.908307,5.043296,3.085573,4.35337,3.538347
1955-04,5.570061,4.3042,,4.105614,4.598347,3.194173,3.740285,3.301009,4.199155,3.300271,,3.83773,4.689419,5.860815,3.295466,3.371082,4.483454,3.594569,5.116436,,4.158883,5.4884,5.432761,4.655198,3.992312,,,4.237868,3.449352,6.362028,5.157445,6.942311,2.539237,2.630449,5.457584,,4.628007,6.11651,4.11333,5.205215,4.456554,3.53281,4.600961,3.051167,4.903495,5.037796,2.994732,4.405865,3.567559
1955-05,5.54966,4.298101,,4.080246,4.594311,3.176803,3.696848,3.249987,4.177459,3.305787,,3.846951,4.751433,5.848691,3.270709,3.314186,4.500365,3.562182,5.143416,,4.168679,5.449707,5.432805,4.574092,4.083957,,,4.318021,3.443938,6.358864,5.145574,6.92842,2.482404,2.593013,5.502767,,4.617,6.119638,4.175464,5.209923,4.453067,3.506758,4.584049,3.040706,4.894176,5.078792,3.001714,4.414615,3.545298
1955-06,5.59136,4.338336,,4.063198,4.678607,3.209633,3.757472,3.254243,4.190866,3.304319,,4.032292,4.745714,5.925218,3.243764,3.338967,4.547859,3.837299,5.169745,,4.183576,5.49129,5.485212,4.500032,3.991204,,,4.316821,3.421653,6.364389,5.16724,6.947927,2.444085,2.596746,5.561643,,4.681112,6.215388,4.159352,5.258901,4.511738,3.524005,4.60056,3.117507,4.888166,5.072921,2.97604,4.388754,3.650139
1955-07,5.625461,4.327966,,4.087488,4.645352,3.148024,3.776203,3.208825,4.189806,3.306887,,4.092176,4.769497,5.97274,3.231595,3.335414,4.566221,3.802431,5.182289,,4.169452,5.515121,5.469746,4.489984,3.972742,,,4.368815,3.496811,6.362511,5.161352,6.960329,2.390596,2.615935,5.542753,,4.773646,6.235528,4.206631,5.289277,4.523526,3.52312,4.626736,3.114848,4.942571,5.041746,2.943386,4.390367,3.598134
1955-08,5.631355,4.417756,,4.050741,4.63366,3.261935,3.807107,3.289148,4.287166,3.365916,,4.158102,4.760121,6.108514,3.303585,3.383373,4.607368,4.013677,5.295213,,4.234251,5.492114,5.59136,4.379899,4.152613,,,4.339641,3.586016,6.459012,5.184364,7.078965,2.38232,2.642622,5.584961,,4.76499,6.234646,4.43367,5.299017,4.55703,3.609024,4.677026,3.084201,4.855851,5.091601,2.93492,4.447463,3.666889
1955-09,5.597866,4.429387,,4.053175,4.70411,3.261935,3.803769,3.283914,4.300003,3.396855,,4.154969,4.760377,6.105663,3.364879,3.410157,4.606569,4.018003,5.299866,,4.228293,5.463832,5.751779,4.361569,4.122932,,,4.294833,3.558201,6.486496,5.217812,7.104736,2.407846,2.652537,5.582895,,4.667112,6.206677,4.329285,5.265226,4.541165,3.633102,4.695376,3.134189,4.85164,5.060377,2.931727,4.443004,3.63178
1955-10,5.597829,4.411949,,4.045329,4.70944,3.259634,3.784871,3.232384,4.312275,3.386422,,4.099664,4.763626,6.123633,3.508556,3.389125,4.612841,4.036186,5.352379,,4.225957,5.483011,5.7245,4.44758,4.12939,,,4.351052,3.607398,6.467435,5.214392,7.078434,2.423031,2.639771,5.539497,,4.699116,6.225172,4.329021,5.25175,4.541378,3.613078,4.708088,3.108614,4.86838,5.036433,2.895912,4.44676,3.621671
1955-11,5.540557,4.379273,,4.030162,4.738914,3.182627,3.729781,3.209633,4.284689,3.383373,,4.011868,4.734443,6.096297,3.514228,3.372455,4.616407,4.017823,5.357718,,4.232075,5.416989,5.812278,4.417032,4.097672,,,4.308515,3.608753,6.463388,5.183299,7.078519,2.430978,2.652537,5.510562,,4.667487,6.232861,4.312275,5.249127,4.521462,3.566994,4.743975,3.07084,4.821491,4.991996,2.890372,4.399252,3.606313
1955-12,5.521021,4.377642,,3.964805,4.735145,3.128951,3.69883,3.216473,4.256888,3.36833,,3.974998,4.745541,6.071615,3.482777,3.356897,4.584355,4.06251,5.301462,,4.208566,5.353042,5.780064,4.461646,4.082103,,,4.257738,3.616309,6.465756,5.170598,7.066987,2.415021,2.665143,5.465356,,4.640151,6.208067,4.302036,5.218895,4.489086,3.579065,4.715459,3.026261,4.823422,4.955334,2.813611,4.373112,3.603866
1956-01,5.542948,4.407451,,3.991389,4.761062,3.175968,3.715034,3.306887,4.285791,3.367641,,4.053349,4.796038,6.134612,3.543275,3.380995,4.630935,4.071758,5.373286,,4.289226,5.466582,5.853868,4.565077,4.174695,,,4.344065,3.71406,6.538111,5.19927,7.082532,2.423031,2.689207,5.530817,,4.706191,6.256978,4.337029,5.291192,4.581082,3.589335,4.77187,3.032546,4.821974,5.087288,2.880321,4.413525,3.593194
1956-02,5.532203,4.412192,,4.008968,4.776094,3.200712,3.681099,3.344274,4.323735,3.373484,,4.10989,4.853826,6.15628,3.561898,3.384051,4.671145,4.099498,5.391808,,4.324,5.5201,5.823135,4.639088,4.231785,,,4.316688,3.788725,6.573638,5.194345,7.079353,2.444952,2.65956,5.570518,,4.777357,6.233901,4.415461,5.330155,4.558393,3.609566,4.757118,3.190065,4.832226,5.093996,2.900872,4.433907,3.608483
1956-03,5.504193,4.389871,,4.009694,4.778115,3.146735,3.623007,3.336837,4.283587,3.354106,,3.97481,4.791152,6.107758,3.489208,3.376905,4.623403,4.100989,5.351621,,4.27944,5.461244,5.768102,4.566221,4.174233,,,4.289637,3.845028,6.576665,5.188,7.097838,2.489065,2.634045,5.533429,,4.695194,6.188818,4.406841,5.279338,4.532922,3.599228,4.707546,3.146735,4.788741,5.056055,2.88759,4.402074,3.608212
1956-04,5.540008,4.406597,,4.005149,4.727742,3.173878,3.70721,3.401197,4.345363,3.362457,,4.079231,4.86314,6.142553,3.498324,3.376905,4.670115,4.038656,5.390577,,4.329812,5.519098,5.810722,4.607268,4.188442,,,4.350278,3.957761,6.613881,5.202302,7.099309,2.498974,2.653242,5.584511,,4.794302,6.250535,4.452485,5.35053,4.548917,3.652475,4.742843,3.138966,4.811778,5.087843,2.948641,4.443122,3.643882
1956-05,5.53149,4.420766,,4.047952,4.741535,3.245712,3.686877,3.429137,4.385521,3.359333,,4.130033,4.932602,6.196627,3.555634,3.367296,4.781306,4.045154,5.483427,,4.368308,5.595529,5.855272,4.595625,4.217594,,,4.361951,4.041647,6.721932,5.23591,7.101676,2.576422,2.660959,5.743228,,4.935552,6.312569,4.565181,5.451639,4.614328,3.675288,4.742843,3.164208,4.832863,5.167183,3.163363,4.507778,3.737908
1956-06,5.502033,4.419443,,4.066802,4.809579,3.297317,3.707456,3.466361,4.37046,3.340385,,4.062166,4.966962,6.187648,3.53427,3.330775,4.780215,4.043051,5.519018,,4.395436,5.569489,5.803326,4.627323,4.210942,,,4.343416,3.976499,6.758327,5.210851,7.092823,2.506342,2.664447,5.792983,,4.894176,6.369678,4.529045,5.472691,4.628984,3.674273,4.721797,3.15359,4.821491,5.081094,3.079154,4.544252,3.685875
1956-07,5.476212,4.386765,,4.022311,4.824707,3.25925,3.665355,3.502851,4.305416,3.322515,,4.07635,4.947695,6.121615,3.501646,3.263849,4.738126,4.010238,5.411021,,4.362844,5.489433,5.744092,4.565389,4.169452,,,4.261834,3.953549,6.685486,5.198939,7.081692,2.446685,2.639771,5.793806,,4.857562,6.306202,4.473009,5.426491,4.564036,3.642312,4.667206,3.174297,4.789157,5.038575,3.007661,4.458409,3.651697
1956-08,5.468735,4.391606,,4.057681,4.829593,3.299903,3.667656,3.555062,4.295379,3.396855,,4.148201,4.998833,6.151775,3.560193,3.294725,4.78574,4.481533,5.456047,,4.417152,5.560412,5.906016,4.584049,4.159196,,,4.268718,4.318021,6.697565,5.243439,7.070631,2.510412,2.634045,5.949939,,4.97632,6.353953,4.479494,5.508214,4.597541,3.638638,4.668896,3.207208,4.840954,5.010635,3.022374,4.554193,3.781914
1956-09,5.47872,4.429149,,4.059235,4.847567,3.297687,3.680091,3.62274,4.318954,3.397858,,4.144087,5.030895,6.177778,3.565581,3.298057,4.839293,4.552402,5.558834,,4.508329,5.612288,5.950564,4.626149,4.241902,,,4.278331,4.339902,6.775241,5.291595,7.096754,2.494857,2.639771,5.995656,,5.042005,6.409945,4.585885,5.579918,4.617099,3.667911,4.713576,3.249211,4.864144,5.036498,3.086487,4.580057,3.763987
1956-10,5.48658,4.413162,,4.072951,4.814134,3.343921,3.677819,3.658678,4.336244,3.382694,,4.090671,4.996807,6.135175,3.534854,3.263084,4.805659,4.507557,5.532559,,4.467631,5.579541,5.946101,4.704382,4.222298,,,4.308246,4.274998,6.73097,5.26212,7.08112,2.596001,2.655352,5.942406,,4.974594,6.37936,4.506344,5.498929,4.556295,3.660737,4.678699,3.215269,4.856862,4.964382,3.031099,4.539991,3.711375
1956-11,5.427985,4.375128,,4.048301,4.769413,3.369707,3.626738,3.560762,4.291555,3.340031,,4.047253,4.957305,6.064552,3.595393,3.239071,4.748404,4.457945,5.483344,,4.432363,5.50187,5.921686,4.647751,4.176846,,,4.252914,4.252203,6.670449,5.219274,7.041464,2.523326,2.639771,5.870088,,4.906533,6.306348,4.364626,5.398344,4.511738,3.642836,4.629082,3.16674,4.795212,4.929136,3.015535,4.489647,3.722314
1956-12,5.418409,4.371345,,4.024994,4.796204,3.438493,3.614156,3.594294,4.263947,3.339322,,4.015662,4.964591,6.071361,3.614695,3.250374,4.731715,4.478473,5.489681,,4.462569,5.534575,5.919566,4.689419,4.192227,,,4.24377,4.329021,6.692543,5.226392,7.02735,2.53449,2.654649,5.901786,,4.934905,6.336401,4.306495,5.445487,4.527641,3.660737,4.640344,3.178887,4.778199,4.972795,3.031582,4.504355,3.656356
1957-01,5.405287,4.362461,,4.00296,4.772632,3.51065,3.586293,3.584074,4.245061,3.344627,,4.050044,4.938208,6.031142,3.582963,3.229222,4.687579,4.519612,5.501952,,4.4762,5.519018,5.87538,4.714204,4.266616,,,4.238156,4.379524,6.736445,5.2258,7.041622,2.530517,2.656757,5.937272,,5.009835,6.353587,4.256038,5.414944,4.51437,3.686126,4.608664,3.17722,4.788241,4.929787,3.036874,4.526668,3.630456
1957-02,5.402452,4.366405,,4.05491,4.794633,3.507058,3.621403,3.524005,4.296333,3.349202,,4.076011,4.994574,6.0811,3.650139,3.214064,4.737251,4.579134,5.539497,,4.536784,5.54857,5.896989,4.745975,4.303795,,,4.258587,4.365135,6.777214,5.239999,7.054631,2.541602,2.65886,6.017278,,5.013963,6.361613,4.306629,5.428819,4.526019,3.716981,4.596432,3.173041,4.790072,4.963753,3.074081,4.53303,3.668166
1957-03,5.445918,4.375883,,4.050741,4.839531,3.461351,3.656356,3.55306,4.248924,3.360028,,4.054564,4.970299,6.041468,2.850707,3.232384,4.689236,4.586701,5.451682,,4.513932,5.46768,5.829798,4.710161,4.317888,,,4.266195,4.314149,6.753263,5.262535,7.083195,2.569554,2.673459,5.981793,,4.921367,6.377186,4.237434,5.398932,4.501253,3.760037,4.577696,3.180966,4.79769,5.008232,3.132446,4.535284,3.61792
1957-04,5.425082,4.357606,,4.05889,4.809009,3.447763,3.623274,3.570096,4.221564,3.358638,,4.092677,4.958359,6.016767,2.866762,3.151025,4.668145,4.564036,5.400784,,4.488187,5.471262,5.798122,4.610953,4.304065,,,4.271933,4.237868,6.724782,5.254888,7.086278,2.565718,2.651833,5.961855,,4.965568,6.322368,4.219655,5.383577,4.450853,3.76746,4.559336,3.122365,4.805332,5.068716,3.100092,4.493568,3.602504
1957-05,5.467131,4.36488,,4.073802,4.818102,3.489208,3.63706,3.584352,4.269558,3.369707,,4.135487,5.037861,6.040612,2.911263,3.167583,4.683427,4.602266,5.420004,,4.503802,5.516207,5.80411,4.597642,4.308111,,,4.315353,4.249352,6.755711,5.267755,7.089043,2.589267,2.653946,5.999061,,5.052928,6.335905,4.191169,5.392172,4.457018,3.77092,4.577491,3.145014,4.842769,5.042909,3.085116,4.532384,3.646233
1957-06,5.480764,4.380025,,4.087991,4.82302,3.521052,3.657647,3.690129,4.296605,3.349202,,4.150882,5.092277,6.092237,2.881443,3.165897,4.690614,4.678328,5.46273,,4.5298,5.591621,5.880365,4.594615,4.366532,,,4.308246,4.231204,6.82272,5.296115,7.09343,2.590017,2.661657,6.082698,,5.129011,6.436887,4.146937,5.399836,4.479494,3.77368,4.576668,3.17346,4.876265,5.099073,3.125444,4.602667,3.647797
1957-07,5.475501,4.385521,,4.124389,4.801477,3.579901,3.687879,3.764914,4.284414,3.419365,,4.152613,5.137444,6.122142,2.897016,3.204777,4.739614,4.694279,5.487739,,4.551031,5.633539,5.887547,4.591984,4.35002,,,4.295924,4.27944,6.890843,5.313452,7.10319,2.582487,2.653242,6.158736,,5.17213,6.506576,4.202302,5.444105,4.478132,3.806662,4.594514,3.173878,4.900672,5.072921,3.175551,4.639765,3.713328
1957-08,5.487366,4.379649,,4.13148,4.785907,3.605498,3.642312,3.801315,4.304065,3.381335,,4.158727,5.221382,6.129529,2.942859,3.265378,4.683242,4.633563,5.526767,,4.586293,5.508497,5.878968,4.522549,4.379899,,,4.353113,4.321613,6.875779,5.300116,7.182755,2.883683,2.639057,6.202131,,4.92544,6.581831,4.196901,5.582895,4.495579,3.84203,4.578005,3.176803,4.77803,5.04523,3.1307,4.540098,3.471966
1957-09,5.445314,4.402074,,4.112021,4.781054,3.662535,3.638375,3.809769,4.344065,3.36557,,4.25263,5.240423,6.144121,2.937043,3.255401,4.698205,4.649091,5.521741,,4.565181,5.542478,5.91488,4.466253,4.376511,,,4.361951,4.310262,6.884528,5.296666,7.180336,2.885917,2.636196,6.211724,,4.974732,6.576999,4.208566,5.573826,4.51426,3.838161,4.607268,3.188417,4.779712,4.993625,3.128513,4.53903,3.463859
1957-10,5.472145,4.37286,,4.065774,4.797195,3.57431,3.597038,3.743368,4.320284,3.390473,,4.176999,5.208611,6.06949,2.869602,3.177637,4.620157,4.581185,5.441335,,4.51426,5.497906,5.870624,4.453882,4.346529,,,4.291144,4.233527,6.820136,5.265949,7.177332,2.917771,2.619583,6.138547,,4.846939,6.487349,4.040944,5.512582,4.435093,3.738384,4.577593,3.14329,4.772801,4.916984,3.093766,4.486499,3.413784
1957-11,5.399564,4.354784,,4.00442,4.847332,3.505557,3.539799,3.744314,4.300681,3.360375,,4.16138,5.174849,6.020829,2.820188,3.116622,4.564348,4.507778,5.347726,,4.4345,5.422657,5.793197,4.342506,4.242908,,,4.182508,4.131319,6.736706,5.24402,7.143507,2.937043,2.611539,6.08934,,4.754021,6.404385,4.041998,5.466033,4.35927,3.695358,4.581594,3.111736,4.756689,4.875121,3.035914,4.412919,3.380995
1957-12,5.349248,4.339119,,3.979869,4.857251,3.45379,3.4151,3.634423,4.264087,3.321432,,4.135966,5.167411,5.983609,2.77944,3.030617,4.522984,4.434263,5.268167,,4.363481,5.399384,5.757765,4.291555,4.212868,,,4.113003,4.082441,6.674625,5.233672,7.222997,2.921009,2.596001,6.062855,,4.680092,6.451781,3.940805,5.426491,4.280132,3.601141,4.557554,3.024806,4.743104,4.844738,2.918311,4.304335,3.335058
1958-01,5.363543,4.366786,,4.025709,4.88121,3.493473,3.450939,3.651178,4.299324,3.300271,,4.186316,5.244442,6.024609,2.79545,3.049747,4.559754,4.527533,5.245707,,4.340553,5.499869,5.705914,4.43616,4.255896,,,4.076181,4.066117,6.691091,5.271254,7.236901,2.964757,2.596746,6.099983,,4.785156,6.477234,4.025709,5.485461,4.251776,3.618189,4.566117,2.987196,4.798597,4.887488,2.923162,4.323868,3.306887
1958-02,5.269609,4.380526,,3.991019,4.910815,3.460095,3.39182,3.613347,4.324265,3.264996,,4.194039,5.232231,5.989888,2.733068,2.966818,4.5298,4.425565,5.164557,,4.258021,5.443932,5.637215,4.364753,4.201254,,,3.901973,3.97481,6.618232,5.29245,7.236685,2.94022,2.695303,6.089453,,4.687487,6.476634,3.625407,5.453182,4.17531,3.575151,4.544464,2.962175,4.79306,4.976044,2.85647,4.271095,3.309082
1958-03,5.362324,4.444297,,4.058545,4.96891,3.557631,3.483699,3.685373,4.341465,3.343568,,4.275832,5.220572,6.022963,2.816606,3.112181,4.602166,4.602266,5.24655,,4.356068,5.478303,5.672567,4.404277,4.268578,,,3.985645,4.061132,6.63162,5.333057,7.278374,2.979095,2.789937,6.143262,,4.689879,6.518365,3.713816,5.497045,4.29497,3.615502,4.616605,3.073619,4.868534,4.999372,2.897568,4.372607,3.349202
1958-04,5.459415,4.465563,,4.082103,4.955052,3.535145,3.476614,3.62274,4.362844,3.35829,,4.257738,5.269661,5.977467,2.809403,3.091497,4.590158,4.55682,5.240423,,4.31562,5.43821,5.638177,4.370207,4.255045,,,3.945651,4.025173,6.576511,5.341568,7.284622,3.012589,2.789937,6.161418,,4.662967,6.508143,3.657905,5.474118,4.250493,3.615502,4.637928,3.064792,4.903718,5.040712,2.88926,4.343026,3.374511
1958-05,5.490548,4.49803,,4.178839,5.014826,3.588783,3.478467,3.661765,4.402932,3.383712,,4.350278,5.344867,5.993961,2.818995,3.108168,4.63113,4.620354,5.258276,,4.350665,5.440771,5.661988,4.372481,4.24978,,,4.02428,4.032292,6.653095,5.358,7.283503,3.054001,2.786245,6.211022,,4.722864,6.534907,3.693618,5.503704,4.251206,3.651697,4.689052,3.13201,4.919397,5.047481,2.97553,4.38577,3.618725
1958-06,5.561796,4.525369,,4.212424,5.059235,3.569251,3.513335,3.712108,4.417635,3.409496,,4.367547,5.410216,6.000647,2.780061,3.155723,4.643236,4.602266,5.269712,,4.375128,5.425479,5.704316,4.424607,4.248924,,,4.034064,4.078892,6.702267,5.403083,7.310176,3.055415,2.810005,6.225073,,4.717427,6.557261,3.692622,5.519098,4.316955,3.654547,4.717695,3.148882,4.933826,5.074861,3.052585,4.410493,3.607941
1958-07,5.569603,4.567364,,4.241614,5.054142,3.571503,3.579901,3.731699,4.410614,3.437208,,4.338858,5.424113,6.011292,2.769459,3.199897,4.65928,4.598045,5.327925,,4.394819,5.445832,5.734732,4.482437,4.274441,,,4.07261,4.134046,6.697738,5.413698,7.3303,3.090588,2.843164,6.233057,,4.768394,6.539788,3.691376,5.563524,4.35002,3.677313,4.748664,3.223266,4.963404,5.042457,3.218476,4.426044,3.623541
1958-08,5.233299,4.585478,,4.312944,5.177223,3.856299,3.573188,3.738384,4.504797,3.42198,,4.322409,5.412405,6.011267,2.816606,3.192532,4.686013,4.312409,5.354556,,4.314818,5.428863,5.908708,4.782563,4.458177,,,4.070735,4.30366,6.771431,5.461541,7.379557,3.734808,2.839663,6.213808,,4.714563,6.189311,3.839237,5.557368,4.350536,3.666634,4.787825,3.262701,4.986411,5.083886,3.343921,4.464758,3.697344
1958-09,5.239787,4.599454,,4.344325,5.17694,3.885063,3.593469,3.691376,4.594817,3.445852,,4.392843,5.468271,6.085433,2.843164,3.261552,4.75832,4.327174,5.461414,,4.392719,5.475919,6.005737,4.837234,4.520919,,,4.108412,4.421007,6.774715,5.469746,7.388507,3.719651,2.924236,6.312823,,4.781222,6.242923,3.935935,5.608592,4.427836,3.703275,4.802462,3.293612,5.014694,5.101146,3.43108,4.473922,3.705737
1958-10,5.30574,4.614724,,4.38925,5.190064,3.95967,3.651956,3.801985,4.577388,3.470723,,4.402687,5.485046,6.105396,2.873,3.298795,4.779123,4.320683,5.486704,,4.424487,5.495117,5.994684,4.835329,4.528937,,,3.954124,4.441592,6.787642,5.455535,7.41152,3.73767,2.936513,6.329008,,4.801066,6.266384,3.959288,5.634397,4.443122,3.73457,4.854293,3.348851,5.069344,5.083204,3.46979,4.518413,3.80999
1958-11,5.271511,4.633272,,4.446174,5.264657,4.091507,3.702782,3.895284,4.620059,3.504957,,4.455974,5.59757,6.1319,2.904165,3.391484,4.812103,4.370839,5.564597,,4.4628,5.54467,6.084568,4.812753,4.542656,,,3.901164,4.433907,6.820071,5.485792,7.44987,3.778492,2.976549,6.406896,,4.775082,6.326579,4.23512,5.673255,4.522658,3.756538,4.891927,3.448081,5.032071,5.04806,3.468856,4.540845,3.771841
1958-12,5.324862,4.646312,,4.502251,5.281527,4.236856,3.739097,3.949319,4.703657,3.499835,,4.528397,5.603446,6.13844,2.943913,3.423285,4.821007,4.458061,5.611996,,4.491329,5.583947,6.111689,4.880527,4.578313,,,3.931433,4.459103,6.831209,5.525254,7.464378,3.831897,3.013572,6.469917,,4.789074,6.354248,4.141705,5.696422,4.555665,3.764451,4.901564,3.484619,5.074799,5.128892,3.489513,4.60497,3.922369
1959-01,5.334649,4.690155,,4.552191,5.290184,4.252914,3.798182,4.044629,4.748318,3.519573,,4.596432,5.675486,6.167433,2.963209,3.444895,4.854215,4.527425,5.610826,,4.527749,5.620365,6.132704,4.863604,4.601764,,,3.940999,4.444414,6.844347,5.55001,7.483565,3.900558,3.055415,6.490632,,4.920127,6.429784,4.223324,5.727857,4.60617,3.801538,4.953853,3.614695,5.070475,5.139322,3.527536,4.649187,3.95757
1959-02,5.318904,4.718142,,4.55619,5.323254,4.207227,3.820785,3.998751,4.765502,3.554205,,4.657193,5.715909,6.222636,3.082827,3.475067,4.904534,4.493121,5.67504,,4.553034,5.723127,6.167642,4.860587,4.642081,,,3.979308,4.47972,6.85582,5.604478,7.590837,3.981922,3.075005,6.674183,,5.001998,6.477588,4.278331,5.756565,4.624973,3.850998,5.007163,3.592919,5.104004,5.273922,3.469479,4.667675,4.046729
1959-03,5.31222,4.742494,,4.578929,5.407306,4.265493,3.855241,4.025173,4.780971,3.63019,,4.67367,5.70794,6.219695,3.096482,3.504055,4.919105,4.569439,5.688737,,4.56341,5.716073,6.162788,4.874357,4.615516,,,4.02553,4.498253,6.859541,5.614332,7.629174,4.034948,3.147165,6.619766,,4.975768,6.471929,4.264369,5.763748,4.659564,3.847804,5.04097,3.618457,5.046517,5.253006,3.462919,4.667957,4.024458
1959-04,5.375278,4.765076,,4.60467,5.401821,4.372103,3.880326,4.004784,4.814215,3.679082,,4.647175,5.746299,6.265985,3.146305,3.557346,4.948902,4.59512,5.695179,,4.589244,5.758902,6.148853,4.932746,4.645256,,,4.004602,4.48108,6.774829,5.623331,7.676423,4.026958,3.135059,6.670297,,5.017147,6.542933,4.388009,5.792312,4.666453,3.857989,5.089323,3.644666,5.070224,5.27556,3.492256,4.685551,4.059753
1959-05,5.376435,4.753763,,4.577182,5.423716,4.473123,3.892228,4.025352,4.894476,3.667656,,4.713576,5.785301,6.276512,3.155297,3.565298,4.961445,4.570165,5.656202,,4.584253,5.791824,6.136452,4.973833,4.655958,,,4.059581,4.48447,6.795762,5.636039,7.662209,4.164337,3.121042,6.686485,,5.033244,6.549078,4.372607,5.783548,4.670209,3.857356,5.067771,3.699325,5.026181,5.213685,3.552487,4.660699,4.065602
1959-06,5.502563,4.764223,,4.589955,5.462475,4.687395,3.921775,3.999118,4.877409,3.685875,,4.619369,5.908001,6.344741,3.157426,3.604682,5.004081,4.529153,5.68965,,4.621634,5.859874,6.223151,5.003745,4.629863,,,3.988243,4.480174,6.812312,5.622283,7.707314,4.191774,3.131573,6.757386,,5.140025,6.691227,4.424367,5.798426,4.717337,3.921775,5.077858,3.689379,5.060187,5.206092,3.504656,4.703748,4.095677
1959-07,5.461456,4.806477,,4.594716,5.392491,4.647367,3.91721,3.965943,4.901639,3.683867,,4.639765,5.892969,6.397546,3.216874,3.623807,5.039028,4.523526,5.732402,,4.662495,5.870539,6.260461,5.030634,4.620551,,,3.967836,4.463376,6.796019,5.607712,7.696617,4.109562,3.124125,6.905182,,5.095895,6.652489,4.445705,5.785086,4.722775,3.908818,5.102789,3.680595,5.08599,5.179703,3.485845,4.696655,4.148991
1959-08,5.556133,4.818587,,4.600459,5.447685,4.834455,3.862202,3.844386,4.872063,3.809769,,4.856318,5.94746,6.406946,3.163363,3.701549,5.041811,4.42688,5.783364,,4.722953,5.835717,6.331128,5.013498,4.641888,,,3.88177,4.489198,6.8315,5.588446,7.664872,4.187987,3.211247,6.794094,,4.887789,6.687645,4.438879,5.824967,4.747364,3.878466,5.224725,3.707947,5.043683,5.405242,3.352007,4.641213,4.161692
1959-09,5.572914,4.85515,,4.696016,5.455193,4.850388,3.923952,3.958525,4.890499,3.797734,,4.834137,5.996576,6.467404,3.199897,3.767922,5.061012,4.433432,5.816873,,4.742058,5.841281,6.400473,5.009635,4.657763,,,3.892636,4.593199,6.87777,5.623331,7.67082,4.182966,3.228034,6.759522,,4.937563,6.763273,4.445588,5.854097,4.738389,3.89995,5.243016,3.727379,5.027689,5.339123,3.44967,4.686474,4.147727
1959-10,5.477425,4.85031,,4.667581,5.477718,4.836599,3.889777,3.999301,4.921367,3.782825,,4.88696,5.953036,6.429268,3.203153,3.732178,5.032071,4.403788,5.831002,,4.717963,5.816039,6.400855,4.855851,4.623697,,,3.867444,4.588227,6.83862,5.633181,7.676274,4.157476,3.244544,6.741181,,4.85694,6.730517,4.381276,5.847392,4.715548,3.885884,5.248654,3.751854,5.012833,5.26155,3.441379,4.678142,4.144721
1959-11,5.425567,4.816565,,4.621044,5.444753,4.786658,3.83103,3.905602,4.854293,3.769537,,4.837155,5.900555,6.376012,3.129826,3.700808,4.986684,4.309456,5.776413,,4.640634,5.764156,6.355448,4.792562,4.566013,,,3.820346,4.523309,6.76633,5.584961,7.657051,4.111202,3.227637,6.712312,,4.768139,6.680554,4.305685,5.817409,4.678328,3.834926,5.226982,3.697839,4.977561,5.206476,3.392493,4.607368,4.105449
1959-12,5.549932,4.840875,,4.629082,5.503012,4.921804,3.846524,3.971423,4.893727,3.821442,,4.903792,5.920291,6.390811,3.127637,3.666634,5.021377,4.323603,5.762806,,4.654532,5.841542,6.354422,4.855773,4.53903,,,3.806662,4.574608,6.775583,5.591062,7.669929,4.12277,3.251149,6.723832,,4.828554,6.780649,4.316688,5.831325,4.667957,3.889777,5.230574,3.768153,4.957867,5.157617,3.430109,4.6466,4.148201
1960-01,5.639742,4.835567,,4.643044,5.513993,4.969535,3.868071,3.952013,4.923987,3.823192,,4.881892,5.974954,6.424772,3.099642,3.667911,5.027361,4.319486,5.752223,,4.650239,5.938248,6.344759,4.982784,4.586395,,,3.805996,4.576668,6.762533,5.590987,7.656876,4.194642,3.277899,6.784989,,4.872599,6.898129,4.337029,5.888933,4.641984,3.954124,5.245233,3.754433,4.978801,5.216999,3.429137,4.63725,4.234396
1960-02,5.594786,4.861284,,4.647271,5.485378,4.965917,3.9052,4.029095,4.931736,3.839882,,4.808193,5.957753,6.457288,3.109507,3.675034,5.033635,4.365516,5.775979,,4.68139,6.015645,6.391733,4.91052,4.586395,,,3.84887,4.596029,6.803738,5.608849,7.68981,4.165424,3.303217,6.788206,,4.914051,6.906274,4.394326,5.904026,4.654151,3.948162,5.271717,3.78009,4.942285,5.327196,3.459152,4.649091,4.139159
1960-03,5.552494,4.817536,,4.589549,5.46806,5.076985,3.810655,3.964426,4.848352,3.752089,,4.768139,5.890151,6.355083,3.07084,3.627536,4.965638,4.340162,5.68106,,4.637056,5.887686,6.272462,4.850545,4.562889,,,3.812203,4.517213,6.724565,5.585112,7.699185,4.106932,3.264996,6.7314,,4.872445,6.792928,4.311068,5.807452,4.60976,3.893248,5.209322,3.677819,4.932097,5.219599,3.390473,4.583538,4.099498
1960-04,5.607051,4.847881,,4.566325,5.482803,5.142949,3.817053,3.996915,4.93828,3.766072,,4.800737,5.888823,6.345514,3.074081,3.63019,4.995928,4.346788,5.656237,,4.614328,5.938354,6.244749,4.868073,4.588227,,,3.878052,4.48289,6.681331,5.609032,7.777788,4.234107,3.263849,6.75054,,4.967241,6.894508,4.232075,5.838634,4.596735,3.908015,5.248864,3.692124,4.930654,5.230467,3.384729,4.5608,4.178073
1960-05,5.634254,4.826392,,4.537105,5.482013,5.12652,3.826901,4.040064,4.934834,3.739573,,4.757204,5.905498,6.320211,3.075929,3.553632,4.988935,4.332048,5.60079,,4.57821,5.929217,6.185076,4.762174,4.542763,,,3.849083,4.427119,6.673462,5.622392,7.771729,4.253909,3.214868,6.787247,,4.966962,6.93466,4.210348,5.81595,4.546057,3.896097,5.248864,3.652993,4.93871,5.223109,3.371425,4.548811,4.146621
1960-06,5.6748,4.848587,,4.514589,5.49725,5.248339,3.86556,4.034948,4.918959,3.74076,,4.759607,5.922141,6.263989,3.080533,3.542986,4.978663,4.233237,5.545763,,4.536034,5.918437,6.167978,4.756259,4.512507,,,3.842887,4.398884,6.628504,5.63336,7.7612,4.347435,3.190888,6.809922,,5.018207,6.940184,4.126005,5.822632,4.524177,3.899343,5.242329,3.739097,4.957656,5.182064,3.298795,4.528721,4.152771
1960-07,5.832527,4.918154,,4.507337,5.514396,5.348963,3.885268,4.187531,4.994235,3.757472,,4.907347,6.047207,6.295635,3.065258,3.55934,5.025787,4.150567,5.563562,,4.543295,6.005713,6.16403,4.890349,4.57975,,,3.823192,4.419202,6.582621,5.64428,7.793269,4.350149,3.146735,6.926106,,5.124975,7.051024,4.085136,5.850851,4.527317,3.91462,5.270072,3.744314,4.949965,5.192012,3.36211,4.51754,4.16775
1960-08,5.925351,4.969813,,4.538817,5.562756,5.46962,4.076011,4.229604,5.066133,3.695607,,4.795295,6.058001,6.312007,3.148453,3.641264,5.03851,4.081259,5.562373,,4.57275,5.910797,6.157106,4.84741,4.590057,,,3.808217,4.42891,6.62824,5.708239,7.822405,4.25887,3.14329,6.963937,,4.990024,6.926871,4.044454,5.879443,4.562784,4.219066,5.225155,3.758406,4.910299,5.757513,3.2312,4.475745,4.265212
1960-09,5.8788,4.95878,,4.529692,5.608922,5.405242,4.053175,4.243483,5.056946,3.683867,,4.809987,6.014448,6.242807,3.118392,3.609024,4.984839,4.050219,5.539458,,4.544358,5.839886,6.142639,4.883559,4.562576,,,3.813969,4.450386,6.633924,5.69491,7.823362,4.292922,3.135929,6.953665,,4.940427,6.898503,4.025352,5.837176,4.530985,4.152299,5.194456,3.746912,4.919397,5.771908,3.184284,4.493568,4.187379
1960-10,5.835366,5.010502,,4.558079,5.653506,5.457114,4.142658,4.274024,5.106612,3.711619,,4.831987,6.036294,6.249995,3.129826,3.595393,4.987708,4.04987,5.539065,,4.548811,5.829269,6.166279,4.97404,4.543082,,,3.87349,4.478813,6.664855,5.733309,7.891379,4.356965,3.174715,6.977934,,4.961585,6.930045,4.059926,5.846525,4.543614,4.195245,5.233992,3.763755,4.96515,5.7861,3.223664,4.519067,4.228293
1960-11,5.686568,4.979695,,4.505681,5.631749,5.452754,4.093177,4.207822,5.011302,3.659708,,4.719481,5.944818,6.181362,3.05164,3.539509,4.935552,3.997834,5.453139,,4.489086,5.716435,6.101887,4.892827,4.438525,,,3.851636,4.424487,6.655518,5.694338,7.822112,4.317888,3.110845,6.925654,,4.790155,6.822568,3.967079,5.7706,4.472781,4.105614,5.144933,3.742657,4.912434,5.664175,3.175968,4.4613,4.201404
1960-12,5.581389,5.02841,,4.510969,5.671845,5.498643,4.033001,4.237145,5.07173,3.627004,,4.763626,5.903207,6.16737,3.030617,3.541249,4.923478,3.94739,5.431492,,4.472895,5.682252,6.087411,4.905349,4.445001,,,3.885268,4.410128,6.678279,5.688466,7.823518,4.381777,3.117065,6.912434,,4.791567,6.742291,3.954699,5.752668,4.474264,4.060788,5.14825,3.698335,4.921658,5.66362,3.134189,4.444062,4.217152
1961-01,6.026373,5.118054,,4.570682,5.717685,5.647706,4.127618,4.356581,5.159055,3.649359,,4.843084,5.935555,6.201989,3.058237,3.557631,4.98155,4.05387,5.434639,,4.549235,5.732046,6.076058,4.979626,4.497919,,,3.948548,4.469809,6.70169,5.720705,7.863909,4.451669,3.154444,7.000161,,4.785156,6.816024,4.00442,5.802753,4.517868,4.151355,5.207188,3.73767,5.003611,5.743932,3.218076,4.536463,4.255329
1961-02,6.060244,5.177618,,4.566533,5.752858,5.742009,4.169452,4.428075,5.176432,3.679839,,4.885299,5.995631,6.231091,3.105035,3.559909,5.024472,4.099829,5.482387,,4.594615,5.7396,6.071176,5.00656,4.5102,,,4.00606,4.482664,6.753928,5.779755,7.974085,4.529692,3.227241,7.06375,,4.851718,6.806287,4.056296,5.856618,4.538282,4.170688,5.228163,3.756538,5.037082,5.836593,3.251149,4.594413,4.286204
1961-03,6.125864,5.232765,,4.616209,5.838634,5.707409,4.244344,4.521245,5.217162,3.731699,,5.034482,6.096162,6.295192,3.165897,3.697839,5.075486,4.240895,5.563792,,4.664288,5.735249,6.152009,5.060821,4.600158,,,4.065774,4.587515,6.845135,5.825499,8.050002,4.56341,3.291383,7.128488,,4.912802,6.822818,4.134366,5.900828,4.617494,4.245921,5.249547,3.798182,5.119131,5.865221,3.302481,4.664759,4.375631
1961-04,6.136992,5.320861,,4.691348,5.885243,5.956459,4.365008,4.53507,5.27469,3.796163,,5.173038,6.137252,6.312207,3.260018,3.76213,5.118413,4.305955,5.61342,,4.748144,5.73237,6.18225,5.136445,4.60487,,,4.042525,4.671145,6.844336,5.857876,8.05695,4.580057,3.301745,7.190992,,4.941928,6.826426,4.224934,5.96453,4.654627,4.27847,5.29456,3.873698,5.204831,5.882459,3.591267,4.712229,4.412435
1961-05,6.179789,5.365462,,4.715817,5.940724,5.989437,4.497474,4.583027,5.337538,3.827336,,5.192957,6.174661,6.322458,3.367296,3.816833,5.140669,4.381401,5.632072,,4.762772,5.759532,6.209354,5.154562,4.599856,,,4.067145,4.66325,6.879428,5.875099,8.122451,4.561114,3.347797,7.222851,,4.926891,6.837268,4.197653,5.958916,4.663816,4.323338,5.351432,3.912623,5.257235,5.889875,3.687128,4.747537,4.464182
1961-06,6.160996,5.352711,,4.729598,5.940145,5.945342,4.512397,4.496025,5.361668,3.869533,,5.101633,6.177903,6.309082,3.372455,3.762594,5.10285,4.402074,5.617534,,4.739002,5.735507,6.18485,5.186324,4.583844,,,4.078554,4.669834,6.947966,5.891174,8.130374,4.543295,3.383373,7.251203,,4.892677,6.860643,4.195396,5.955863,4.648517,4.35337,5.353184,3.955466,5.285232,5.914691,3.764451,4.737251,4.406719
1961-07,6.159201,5.395898,,4.779039,5.968375,5.89192,4.491553,4.51983,5.362278,3.937106,,5.102971,6.199576,6.359141,3.42198,3.812203,5.11949,4.464298,5.669157,,4.782228,5.779632,6.211122,5.211288,4.591578,,,4.154498,4.740749,6.940058,5.911501,8.119437,4.529908,3.406517,7.27693,,4.961305,6.834281,4.204245,5.967812,4.690522,4.353499,5.393628,3.933589,5.320959,5.892307,3.81903,4.792894,4.427597
1961-08,6.059193,5.383072,,4.748578,6.017352,5.882904,4.432839,4.53871,5.341664,3.880119,,5.084753,6.146629,6.360594,3.384051,3.830596,5.070915,4.367801,5.583007,,4.734794,5.718474,6.186558,5.197391,4.593604,,,4.1038,4.754452,6.899743,5.88257,8.137162,4.57275,3.387436,7.267714,,4.857717,6.659525,4.173772,5.936744,4.656338,4.344584,5.38555,3.896706,5.289428,5.875436,3.777806,4.774322,4.44676
1961-09,6.05662,5.426359,,4.756947,6.076816,5.861897,4.437107,4.51623,5.360447,3.894063,,5.058218,6.184808,6.391213,3.371769,3.846097,5.069721,4.37349,5.636039,,4.751087,5.751334,6.243778,5.242487,4.611649,,,4.130998,4.787408,6.921727,5.918114,8.199508,4.4762,3.354106,7.287178,,4.840558,6.638254,4.200055,5.931741,4.652626,4.343676,5.409277,3.926123,5.318169,5.88017,3.75068,4.829273,4.529908
1961-10,5.963888,5.494747,,4.785991,6.147292,5.862267,4.454929,4.522875,5.460053,3.940416,,5.110541,6.219178,6.410372,3.40386,3.89833,5.074236,4.3979,5.631642,,4.764138,5.783271,6.250496,5.256766,4.60066,,,4.170379,4.799585,6.91484,5.951944,8.195292,4.580468,3.371425,7.349244,,4.868611,6.654629,4.268998,5.98149,4.691623,4.369954,5.437383,3.926715,5.411334,6.03119,3.690628,4.922678,4.535499
1961-11,5.808773,5.495076,,4.770176,6.146886,5.937299,4.370839,4.536998,5.430266,3.93163,,5.052353,6.208992,6.365886,3.380654,3.853546,5.052992,4.33428,5.549504,,4.717516,5.767102,6.310573,5.183019,4.557449,,,4.106108,4.810801,6.846433,5.963785,8.166742,4.513603,3.33577,7.380624,,4.823824,6.617176,4.218919,5.954619,4.679721,4.325456,5.443845,3.862833,5.473782,5.968042,3.621938,4.885525,4.590868
1961-12,5.727857,5.537531,,4.761575,6.216726,5.810302,4.431174,4.549023,5.421994,4.010419,,5.096629,6.243429,6.368067,3.397858,3.884857,5.058663,4.378019,5.532678,,4.735057,5.749138,6.313802,5.126817,4.517868,,,4.08564,4.857018,6.908415,6.013104,8.16875,4.531739,3.359333,7.457875,,4.741971,6.68029,4.18829,5.972868,4.701934,4.368561,5.53879,3.871826,5.498724,5.948609,3.772531,4.907051,4.589955
1962-01,5.753715,5.58796,,4.802955,6.289975,5.781268,4.508659,4.576359,5.465398,4.06096,,5.15848,6.268547,6.386425,3.435277,3.951051,5.115115,4.425445,5.541381,,4.759778,5.804894,6.382053,5.150223,4.55598,,,4.11333,4.914198,6.953589,6.043796,8.34868,4.60567,3.456001,7.463248,,4.793639,6.692195,4.20678,5.991765,4.698387,4.423888,5.584285,3.8795,5.559412,6.058141,3.828207,4.975008,4.593502
1962-02,5.843313,5.545607,,4.815998,6.228176,5.809883,4.519176,4.538924,5.427722,4.059581,,5.100049,6.250072,6.385565,3.42198,3.939444,5.117934,4.409885,5.573218,,4.760805,5.802873,6.40716,5.153349,4.553245,,,4.081597,4.914271,7.007727,5.998664,8.380441,4.593907,3.423611,7.457275,,4.765842,6.701395,4.194793,5.965018,4.705106,4.426522,5.579013,3.856087,5.491084,6.051053,3.818811,4.945634,4.587006
1962-03,5.80688,5.476756,,4.781809,6.186908,5.586799,4.485711,4.50214,5.351052,3.997283,,5.067583,6.19856,6.339071,3.363842,3.94294,5.060377,4.398146,5.533231,,4.754796,5.780188,6.402696,5.220896,4.609262,,,4.068001,4.961725,7.004764,5.969986,8.317798,4.54223,3.411478,7.388779,,4.722064,6.624623,4.23193,5.910498,4.729598,4.420165,5.478929,3.815512,5.430836,5.982197,3.809104,4.919397,4.561218
1962-04,5.766068,5.475375,,4.782814,6.189495,5.559103,4.469923,4.493568,5.341089,4.016743,,5.103579,6.233194,6.385161,3.407842,3.934567,5.06859,4.426044,5.517533,,4.769328,5.776413,6.383219,5.181446,4.580057,,,4.029273,4.963823,7.073897,5.992913,8.352019,4.532492,3.40386,7.379819,,4.746322,6.645663,4.302036,5.946232,4.728803,4.419684,5.493596,3.806662,5.474202,6.05357,3.783508,4.931953,4.598448
1962-05,5.628951,5.490507,,4.778367,6.121725,5.491208,4.431412,4.495355,5.38477,4.004967,,5.102424,6.236448,6.358656,3.360375,3.925926,5.064429,4.396546,5.525612,,4.750741,5.786775,6.388343,5.143358,4.549235,,,4.010419,4.916032,7.057158,6.010164,8.321205,4.488187,3.436886,7.369708,,4.725705,6.657022,4.33047,5.958295,4.712858,4.395436,5.504111,3.763987,5.449449,6.091219,3.829511,4.893577,4.593502
1962-06,5.607785,5.443932,,4.742494,5.985094,5.381463,4.310799,4.396176,5.31074,3.919197,,4.996198,6.114324,6.317399,3.283539,3.843316,5.003678,4.282759,5.415211,,4.668333,5.681332,6.32366,5.03357,4.456438,,,3.932414,4.811371,7.04295,5.979771,8.273227,4.477791,3.374853,7.211313,,4.597944,6.631277,4.290048,5.909549,4.649091,4.334935,5.458052,3.671733,5.387381,5.973657,3.679082,4.809742,4.595423
1962-07,5.488648,5.324034,,4.645832,5.826619,5.292601,4.149148,4.218625,5.205324,3.810212,,4.903866,5.995457,6.227564,3.143721,3.755837,4.910594,4.126812,5.3303,,4.581492,5.5908,6.267504,4.986206,4.353756,,,3.880532,4.780551,6.984457,5.865448,8.192161,4.356068,3.29287,7.07176,,4.480174,6.480137,4.124065,5.791335,4.591071,4.215234,5.372125,3.591267,5.253895,5.889266,3.567277,4.7369,4.472096
1962-08,5.377313,5.267652,,4.616506,5.740789,5.148018,4.03371,4.006788,4.992403,3.723281,,4.883256,5.858419,6.054298,3.066191,3.724247,4.747971,4.037951,5.221004,,4.463261,5.414187,6.203284,4.809742,4.267317,,,4.098669,4.589853,6.842993,5.833026,7.851692,4.1892,3.227637,6.785283,,4.336899,6.339159,4.072269,5.681775,4.533244,4.077707,5.244547,3.464798,4.970577,5.805255,3.417071,4.661267,4.297149
1962-09,5.453995,5.335806,,4.643525,5.75038,5.066259,4.077876,4.079738,5.085557,3.798182,,4.857484,5.939776,6.117767,3.141563,3.775286,4.798761,4.134526,5.252378,,4.502916,5.506753,6.267827,4.918154,4.309322,,,4.130676,4.68896,6.888195,5.901731,7.921514,4.298373,3.257327,6.914274,,4.371976,6.44117,4.104625,5.715349,4.577388,4.127296,5.283102,3.515419,5.050241,5.875941,3.48247,4.787242,4.386019
1962-10,5.452839,5.332767,,4.682594,5.758239,5.081591,4.17007,4.127296,5.09718,3.826029,,4.814702,5.85088,6.154008,3.167583,3.763987,4.818829,4.158414,5.237452,,4.519939,5.543575,6.289845,4.972449,4.295379,,,4.157319,4.699116,6.898654,5.92911,7.930249,4.279855,3.29101,6.934271,,4.387139,6.488962,4.129873,5.7396,4.603769,4.168214,5.322668,3.513931,5.092215,5.887048,3.474448,4.816808,4.448282
1962-11,5.391626,5.28229,,4.617691,5.677336,4.946061,4.084799,4.072099,5.002133,3.757239,,4.775588,5.807271,6.132725,3.121042,3.715765,4.754107,4.098005,5.147901,,4.453067,5.457242,6.25851,4.901415,4.257313,,,4.094844,4.655863,6.881001,5.897676,7.86637,4.170843,3.278276,6.817623,,4.295379,6.424285,4.095677,5.672705,4.546375,4.087991,5.253686,3.420346,5.028934,5.761359,3.491038,4.772463,4.396792
1962-12,5.241271,5.259577,,4.592794,5.608592,4.828634,4.018003,4.08564,5.010235,3.744551,,4.769837,5.83241,6.178877,3.088767,3.722072,4.736637,4.028739,5.15462,,4.448867,5.480972,6.281201,4.91111,4.282206,,,4.098669,4.634632,6.874726,5.883573,7.893714,4.180828,3.205182,6.795023,,4.254619,6.415457,4.082947,5.660144,4.574195,4.077707,5.237399,3.366951,5.017611,5.803839,3.386422,4.756259,4.360675
1963-01,5.37999,5.3698,,4.781641,5.706878,4.994845,4.133565,4.200655,5.141371,3.831897,,4.865918,5.994485,6.282005,3.226844,3.820346,4.859967,4.130355,5.297567,,4.569025,5.611996,6.331662,4.997347,4.434856,,,4.176232,4.73145,6.969621,5.953711,7.956067,4.318687,3.295466,6.938187,,4.377893,6.534283,4.238589,5.780342,4.722064,4.201703,5.336624,3.487069,5.133679,5.934815,3.645972,4.899927,4.503027
1963-02,5.384816,5.396079,,4.802545,5.683648,5.007497,4.158258,4.146621,5.177674,3.825375,,4.842769,6.003294,6.290532,3.199489,3.825375,4.833819,4.127457,5.250597,,4.57182,5.614295,6.361648,4.969397,4.427956,,,4.145988,4.732507,7.015829,5.985597,7.96548,4.321347,3.310908,6.915059,,4.366532,6.559445,4.20812,5.764846,4.731627,4.199755,5.33648,3.460095,5.146738,5.937906,3.502851,4.919178,4.538603
1963-03,5.486828,5.458223,,4.840717,5.700711,5.098707,4.233382,4.215382,5.227412,3.885474,,4.940999,6.054345,6.335107,3.284664,3.904998,4.876647,4.174695,5.326127,,4.64314,5.662578,6.431653,4.979557,4.443827,,,4.247352,4.810883,7.038722,6.034237,8.005961,4.329548,3.340031,6.986363,,4.424128,6.59129,4.312543,5.841833,4.787158,4.233817,5.373193,3.533687,5.175811,6.676668,3.594019,4.955616,4.618679
1963-04,5.424994,5.428249,,4.78432,5.656097,4.985728,4.194492,4.193435,5.192346,3.849296,,4.952088,6.022406,6.289957,3.277145,3.908417,4.866303,4.145196,5.295864,,4.624384,5.595343,6.396563,4.95625,4.452835,,,4.221564,4.801559,7.019386,6.016401,7.988407,4.342246,3.314186,6.923117,,4.459566,6.575912,4.348341,5.813444,4.775419,4.212424,5.364152,3.487069,5.180097,6.629958,3.537475,4.948547,4.62065
1963-05,5.405332,5.443845,,4.826232,5.729385,4.967032,4.229312,4.187379,5.230306,3.861151,,4.95237,6.033518,6.325255,3.308351,3.913023,4.899257,4.146304,5.316648,,4.650048,5.604956,6.458166,4.93828,4.499254,,,4.246779,4.860122,7.08637,6.031886,8.006301,4.38015,3.277522,6.969471,,4.464988,6.592716,4.407329,5.840351,4.807866,4.213016,5.396578,3.424588,5.196506,6.650538,3.536311,4.975146,4.67777
1963-06,5.522141,5.45048,,4.831349,5.79048,4.942999,4.234251,4.275137,5.285131,3.874944,,4.973971,6.109181,6.368136,3.365225,3.983227,4.934186,4.236423,5.368962,,4.680927,5.662231,6.515557,4.975284,4.521354,,,4.294561,4.901936,7.144991,6.05263,8.042896,4.417997,3.369363,7.055037,,4.527965,6.609592,4.501475,5.884909,4.903941,4.265914,5.448632,3.427515,5.222677,6.638241,3.499231,5.036823,4.733124
1963-07,5.689548,5.476338,,4.838898,5.750475,4.926456,4.316287,4.275276,5.292299,3.877017,,5.019331,6.100453,6.391884,3.378952,4.004602,4.942785,4.220243,5.425126,,4.736725,5.706944,6.598318,4.953218,4.526668,,,4.310396,4.935624,7.15765,6.059847,8.029329,4.460029,3.376905,7.089877,,4.63725,6.645585,4.496917,5.86876,4.973971,4.318554,5.471808,3.452524,5.218354,6.606826,3.540089,5.055991,4.726414
1963-08,3.461351,5.156811,4.979007,4.551242,5.56674,4.100492,3.621671,3.966701,5.608446,3.427839,,4.722864,5.958761,5.851426,2.501436,3.614156,4.274163,2.817204,5.117634,4.317221,4.366786,4.192378,6.105909,4.559126,4.471067,5.405332,3.41871,3.993603,4.644006,6.354405,5.962859,7.438836,3.196221,3.910422,6.587137,,4.527749,3.5636,5.14732,5.609545,4.710341,3.07639,4.905275,3.295096,4.721886,5.550942,3.309082,4.672455,3.927109
1963-09,3.481855,5.150803,5.004081,4.528181,5.541028,4.050219,3.646494,3.965564,5.60628,3.41871,,4.709981,5.965146,5.841019,2.495682,3.644666,4.263947,2.829087,5.100049,4.277777,4.350536,4.164648,6.105284,4.522115,4.443592,5.348202,3.427839,3.951436,4.648804,6.385076,5.968068,7.436364,3.136798,3.888959,6.584487,,4.518413,3.569533,5.129958,5.61185,4.694554,3.075929,4.892227,3.250762,4.705558,5.53331,3.256557,4.687579,4.073802
1963-10,3.478776,5.193901,5.055927,4.606369,5.601159,4.095843,3.722798,4.014038,5.664834,3.460723,,4.791816,6.053876,5.880589,2.56341,3.683113,4.318687,2.861057,5.184196,4.260283,4.394819,4.210348,6.170071,4.544783,4.471982,5.383899,3.507657,4.020698,4.722864,6.416667,6.005367,7.471989,3.128075,3.921775,6.626042,,4.585274,3.617383,5.217649,5.662162,4.768054,3.113071,4.953571,3.260785,4.744323,5.557407,3.303952,4.735848,4.166355
1963-11,3.459152,5.17615,5.041552,4.664288,5.55563,4.03936,3.697839,4.042525,5.64827,3.416086,,4.755829,6.010581,5.871019,2.528126,3.669697,4.307572,2.816007,5.195398,4.233091,4.36488,4.191017,6.173119,4.488299,4.442181,5.322327,3.478467,4.015662,4.66974,6.379665,5.997074,7.494124,3.103689,3.904394,6.643998,,4.548282,3.614425,5.259992,5.641765,4.72668,3.093313,4.963753,3.230804,4.707997,5.540989,3.263849,4.692998,4.194341
1963-12,3.726175,5.201586,5.052353,4.645352,5.611886,4.182355,3.716251,4.021953,5.689007,3.438814,,4.846939,6.037202,5.926099,2.533697,3.721589,4.30041,2.8088,5.210251,4.261975,4.400971,4.185403,6.280452,4.515902,4.447229,5.357199,3.487375,4.062338,4.757634,6.380868,5.987482,7.527794,3.126322,3.918999,6.762359,,4.641406,3.627802,5.26046,5.67322,4.742146,3.105931,4.966196,3.242202,4.694462,5.555824,3.339677,4.704291,4.222591
1964-01,3.695358,5.194234,5.09889,4.633855,5.542635,4.169143,3.670206,4.014941,5.684871,3.422633,,4.853981,6.013446,5.940434,2.477378,3.737908,4.284965,2.783776,5.183972,4.238878,4.390491,4.163249,6.202556,4.564973,4.481759,5.386969,3.442659,4.084294,4.76243,6.366006,5.973555,7.562853,3.090588,3.892432,6.748466,,4.657098,3.636533,5.24037,5.667015,4.772209,3.061052,4.950602,3.203965,4.658711,5.508781,3.284664,4.717337,4.229312
1964-02,3.727379,5.229074,5.154389,4.640923,5.599569,4.142023,3.651178,3.982854,5.737765,3.415758,,4.823984,6.031382,6.004504,2.478218,3.768614,4.299324,2.75557,5.197447,4.24219,4.414978,4.135806,6.204558,4.496582,4.48006,5.299517,3.473828,4.147727,4.813159,6.420809,6.001192,7.560591,3.150169,3.918005,6.789174,,4.671239,3.599228,5.245497,5.663689,4.806477,3.05022,4.960955,3.216072,4.681576,5.521221,3.29101,4.721619,4.28854
1964-03,3.724247,5.237027,5.176997,4.649761,5.582518,4.133084,3.63706,4.04024,5.777528,3.401864,,4.869149,6.066317,6.036247,2.477378,3.78714,4.317755,2.774462,5.249652,4.314417,4.455277,4.10512,6.228984,4.535177,4.517977,5.241535,3.475067,4.146621,4.856629,6.467155,6.01908,7.593273,3.128951,3.943134,6.820377,,4.702569,3.594569,5.244442,5.701847,4.841664,3.049747,4.985728,3.212455,4.645352,5.526687,3.245712,4.729245,4.30366
1964-04,3.714304,5.248917,5.184757,4.64391,5.597644,4.154655,3.662535,4.109069,5.786253,3.416086,,4.910299,6.076587,6.053429,2.470639,3.821004,4.361058,2.793616,5.271563,4.322807,4.493344,4.148833,6.253694,4.59026,4.523418,5.249495,3.488292,4.205886,4.856862,6.471388,6.024343,7.584575,3.205182,3.967647,6.853774,,4.677584,3.603049,5.236548,5.694473,4.902233,3.063858,4.998225,3.278276,4.683519,5.552339,3.227241,4.770769,4.322675
1964-05,3.680091,5.257652,5.242805,4.760549,5.695078,4.188897,3.666889,4.091006,5.805526,3.422959,,4.866149,6.058001,6.078353,2.526528,3.844172,4.40952,2.842581,5.337201,4.432839,4.552086,4.181592,6.260747,4.60627,4.536891,5.269712,3.525183,4.285653,4.834216,6.485292,6.014351,7.573968,3.16674,4.009694,6.879747,,4.733036,3.610377,5.26155,5.68965,4.932458,3.105035,5.019859,3.313822,4.68675,5.53989,3.227241,4.784236,4.243483
1964-06,3.682107,5.238674,5.263778,4.743366,5.713172,4.129551,3.646494,4.107261,5.788675,3.416086,,4.810557,6.046876,6.066247,2.542389,3.835358,4.409642,2.847812,5.300315,4.377516,4.55619,4.134686,6.288732,4.557764,4.522766,5.174849,3.526066,4.451669,4.787742,6.526085,6.022382,7.628411,3.125005,4.024101,6.843451,,4.686474,3.617383,5.252116,5.672189,4.929642,3.125883,5.048124,3.330775,4.665418,5.529627,3.186766,4.787158,4.262821
1964-07,3.696848,5.252692,5.277298,4.754193,5.70178,4.066117,3.646494,4.117898,5.819727,3.431727,,4.816079,6.04853,6.084545,2.613007,3.912623,4.407085,2.868467,5.316796,4.369321,4.581799,4.135327,6.301868,4.620453,4.541271,5.152771,3.517795,4.460029,4.792728,6.541088,6.027387,7.618551,2.99373,4.02249,6.88792,,4.676933,3.61792,5.235803,5.661988,4.982304,3.121924,5.094057,3.327192,4.655388,5.521101,3.168424,4.79455,4.251063
1964-08,3.774139,5.262897,5.301662,4.499143,5.697865,3.985645,3.63125,4.40391,5.774955,3.491952,,4.788741,6.063855,5.976579,2.744704,3.766303,4.382152,2.820783,5.315764,4.479834,4.578518,4.063714,6.302747,4.623207,4.563723,5.113072,3.500137,4.424367,4.767629,6.514209,6.02729,7.653651,3.008648,3.975186,6.762406,,4.644775,3.62966,5.405466,5.67949,5.013431,3.084201,5.072671,3.45379,4.616506,5.566473,3.114848,4.795295,2.973998
1964-09,3.773221,5.269815,5.333153,4.652054,5.701981,3.983972,3.643097,4.405377,5.781361,3.529004,,4.809172,6.146543,5.997844,2.787477,3.819688,4.394943,2.827314,5.321106,4.501697,4.595726,4.135806,6.358985,4.667769,4.654532,5.133502,3.548755,4.478359,4.866611,6.555727,6.07316,7.633341,2.994732,3.995261,6.734734,,4.64708,3.614425,5.412628,5.680616,5.014826,3.105035,5.087411,3.462919,4.622715,5.611777,3.176803,4.804349,3.012589
1964-10,3.811539,5.255566,5.308664,4.629765,5.757639,3.918999,3.657647,4.392843,5.764815,3.517498,,4.79769,6.096568,5.969883,2.66026,3.797061,4.372734,2.839078,5.313945,4.488074,4.584763,4.157632,6.372295,4.717248,4.630058,5.149063,3.566994,4.472438,4.857562,6.53028,6.069629,7.61164,3.02965,4.007515,6.697145,,4.625071,3.619797,5.387609,5.654557,4.947908,3.054001,5.08667,3.424263,4.59744,5.57337,3.139833,4.787658,3.005683
1964-11,3.779177,5.276276,5.30901,4.641599,5.735604,3.985273,3.680595,4.407938,5.818271,3.552487,,4.827033,6.122098,6.021145,2.693951,3.848018,4.381652,2.870736,5.366163,4.5486,4.621437,4.228875,6.417843,4.767459,4.66174,5.184701,3.724729,4.559126,4.907273,6.559644,6.085751,7.599767,3.126761,4.012411,6.695304,,4.666453,3.645189,5.456304,5.656726,4.988253,3.074081,5.125035,3.458208,4.613535,5.580447,3.148453,4.845839,3.042139
1964-12,3.856087,5.266311,5.278829,4.664099,5.714788,4.007515,3.645189,4.432601,5.805978,3.556205,,4.835726,6.151391,6.029723,2.706048,3.917806,4.401462,2.858766,5.338547,4.568921,4.640827,4.286891,6.416732,4.759521,4.702478,5.173434,3.704753,4.565389,4.907125,6.595808,6.093028,7.590786,3.210844,4.032292,6.668444,,4.691806,3.666889,5.502849,5.691372,5.017942,3.086943,5.145982,3.514228,4.591578,5.561374,3.154444,4.875732,3.039749
1965-01,3.890391,5.27223,5.298417,4.644679,5.68806,3.979121,3.637323,4.446643,5.824997,3.582129,,4.875884,6.166258,6.046686,2.692598,3.916214,4.388009,2.868467,5.281069,4.595827,4.659185,4.289363,6.376965,4.760805,4.69702,5.173604,3.74762,4.552508,4.912949,6.623946,6.103319,7.562052,3.249211,4.011687,6.649865,,4.71832,3.673004,5.462942,5.666011,4.990433,3.102791,5.174849,3.522825,4.57502,5.58056,3.124565,4.856862,3.091951
1965-02,3.867653,5.280204,5.316157,4.639765,5.639173,3.964046,3.617383,4.467057,5.829093,3.592644,,4.923551,6.206435,6.050111,2.689886,3.919991,4.375254,2.857619,5.269918,4.5486,4.636475,4.259859,6.412524,4.767714,4.651099,5.108004,3.823847,4.514589,4.92834,6.630723,6.105775,7.591221,3.19663,3.996364,6.64002,,4.740313,3.772531,5.454252,5.64134,4.963264,3.102342,5.175358,3.515121,4.559126,5.586049,3.121042,4.83095,3.069912
1965-03,3.966701,5.319785,5.401145,4.753245,5.691507,4.051959,3.689879,4.562993,5.891838,3.66048,,4.968423,6.282304,6.115649,2.786861,4.000217,4.44171,2.90526,5.317679,4.611053,4.674603,4.352598,6.440548,4.797195,4.67656,5.124321,3.765377,4.627519,4.964242,6.651533,6.142467,7.593737,3.291383,4.053696,6.731471,,4.76482,3.865979,5.48272,5.726978,5.008166,3.156149,5.204226,3.605226,4.603969,5.608959,3.180551,4.858261,3.179719
1965-04,3.998751,5.324277,5.436774,4.766949,5.681912,4.143769,3.705982,4.567987,5.918544,3.732657,,4.9922,6.302857,6.120341,2.788708,4.015842,4.468778,2.951258,5.339987,4.747451,4.732772,4.398884,6.423036,4.842453,4.664759,5.21325,3.781003,4.675815,4.955545,6.616654,6.143907,7.595483,3.268808,4.092843,6.754989,,4.77187,3.882388,5.50187,5.716337,5.035978,3.183456,5.228646,3.633367,4.624581,5.614405,3.210844,4.856707,3.183041
1965-05,4.059235,5.309752,5.402813,4.770261,5.670364,4.18449,3.731939,4.578826,5.907947,3.738384,,4.997685,6.290884,6.088682,2.793616,4.02016,4.469465,2.927989,5.349296,4.675629,4.706372,4.390119,6.440133,4.846782,4.689236,5.263519,3.797285,4.662117,4.952088,6.584653,6.136019,7.577127,3.302113,4.170534,6.786773,,4.787908,3.865141,5.509874,5.724402,5.059171,3.184284,5.218029,3.633102,4.619566,5.623837,3.188829,4.844974,3.218476
1965-06,4.064057,5.331704,5.453995,4.822859,5.724989,4.228875,3.758639,4.655578,5.963348,3.78328,,5.029195,6.319004,6.107646,2.788093,4.10512,4.494462,2.950212,5.410976,4.688684,4.755657,4.439116,6.507472,4.925223,4.733036,5.289378,3.778949,4.714652,4.930365,6.592908,6.140359,7.600167,3.364188,4.187076,6.841573,,4.828714,3.917408,5.548375,5.747161,5.068149,3.240246,5.284421,3.698335,4.654246,5.647036,3.200304,4.866534,3.244933
1965-07,4.039184,5.320128,5.442807,4.814864,5.699574,4.265774,3.745968,4.657383,5.957468,3.789177,,5.027689,6.301904,6.108336,2.764431,4.088662,4.483116,2.921009,5.396623,4.617691,4.745193,4.443592,6.45567,4.93469,4.642081,5.273051,3.723522,4.695833,4.900672,6.595289,6.127349,7.621239,3.274121,4.174541,6.83455,,4.853358,3.940805,5.527721,5.721328,5.060821,3.228034,5.285131,3.701796,4.638218,5.600087,3.215671,4.841743,3.38845
1965-08,3.764219,5.273512,5.423848,5.055545,5.593298,4.135487,3.594294,4.587617,5.847883,3.676301,,4.917057,6.232212,5.984087,2.642622,4.010238,4.405987,2.729159,5.324472,4.555455,4.62065,4.334673,6.364424,4.867688,4.656908,5.132204,3.718438,4.558079,4.824386,6.571373,6.080414,7.485127,3.151025,3.930845,6.706471,3.468856,4.77187,3.83233,5.356256,5.606684,4.961025,3.055886,5.165072,3.552487,4.753763,5.324667,3.119718,4.759349,3.247658
1965-09,3.829076,5.284776,5.429214,5.051073,5.610607,4.207376,3.612808,4.628691,5.890677,3.698087,,5.00045,6.299427,5.984465,2.670002,4.037598,4.409642,2.749192,5.354981,4.566845,4.637153,4.379398,6.37997,4.96508,4.694462,5.228109,3.796612,4.631617,4.842532,6.590535,6.088727,7.481404,3.170526,3.988984,6.742774,3.456317,4.797277,3.888754,5.358518,5.596865,5.003006,3.107274,5.144642,3.565015,4.774153,5.324277,3.135494,4.763028,3.2745
1965-10,3.906608,5.296766,5.452497,5.084691,5.69262,4.291828,3.629925,4.701571,5.958476,3.758639,,5.07686,6.355343,5.994934,2.727199,4.091507,4.429268,2.862201,5.375093,4.632493,4.672548,4.455974,6.399859,4.983333,4.721441,5.27597,3.812203,4.662306,4.87076,6.608486,6.09445,7.488344,3.238286,4.017823,6.789377,3.384051,4.869686,3.979869,5.372172,5.627621,5.062722,3.15359,5.169518,3.613617,4.832545,5.33151,3.160823,4.80484,3.319264
1965-11,3.910221,5.296866,5.449449,5.077109,5.66362,4.419563,3.688629,4.724729,6.024537,3.786006,,5.160491,6.369644,6.03263,2.754934,4.139159,4.450152,2.90526,5.403713,4.659469,4.74528,4.504908,6.447021,5.099195,4.749184,5.31763,3.756304,4.680185,4.871297,6.65152,6.105708,7.497773,3.294354,4.046554,6.82868,3.603049,4.945919,4.089165,5.385733,5.68375,5.091293,3.211247,5.178012,3.653252,4.816889,5.392673,3.219276,4.816403,3.334345
1965-12,3.957761,5.318071,5.453482,5.099744,5.706844,4.548706,3.743841,4.787908,6.089702,3.827554,,5.159687,6.404187,6.060641,2.788093,4.188745,4.488636,3.027715,5.454252,4.724907,4.795956,4.558707,6.508054,5.181671,4.789573,5.324813,3.773221,4.728272,5.015092,6.665926,6.113903,7.474778,3.367985,4.080753,6.873971,3.58657,5.012167,4.122122,5.394899,5.726945,5.15173,3.263084,5.183019,3.704261,4.800408,5.391534,3.275256,4.848744,3.417727
1966-01,3.986574,5.310987,5.474621,5.105764,5.649009,4.67395,3.804438,4.860045,6.096252,3.847378,,5.202192,6.435557,6.035314,2.810005,4.258021,4.485823,3.195812,5.400784,4.749011,4.852421,4.634729,6.442333,5.337826,4.819394,5.432542,3.753027,4.753332,5.003208,6.665085,6.100095,7.423401,3.439135,4.103469,6.871796,3.449988,5.075611,4.19132,5.377683,5.774055,5.215859,3.316728,5.1914,3.722798,4.788574,5.403083,3.346741,4.770176,3.510948
1966-02,4.139477,5.321985,5.513429,5.12747,5.6375,4.71151,3.902377,4.93584,6.137403,3.865141,,5.232338,6.473428,6.070553,2.880882,4.273048,4.503027,3.258481,5.477885,4.771024,4.87657,4.630253,6.453247,5.296866,4.888317,5.370126,3.753496,4.851874,5.007898,6.666626,6.094269,7.413259,3.539219,4.164337,6.843142,3.711863,5.072044,4.271933,5.402272,5.784287,5.230574,3.338613,5.202027,3.758872,4.77043,5.502319,3.38439,4.77988,3.55649
1966-03,4.216857,5.324424,5.504274,5.22203,5.66615,4.843163,3.913222,4.954418,6.157127,3.9052,,5.288014,6.528645,6.07576,3.002211,4.35234,4.538389,3.328268,5.518777,4.725439,4.903866,4.668802,6.456236,5.395081,4.92144,5.398751,3.877017,4.964452,5.018207,6.678418,6.061573,7.400211,3.548467,4.192076,6.834851,3.511545,5.125035,4.31455,5.468271,5.804924,5.308961,3.342508,5.146622,3.824721,4.779544,5.496676,3.43108,4.798102,3.591267
1966-04,4.288677,5.330494,5.465018,5.189506,5.632716,4.947624,3.94449,4.971201,6.161503,3.945845,,5.317826,6.504153,6.064924,3.117065,4.353499,4.526884,3.297317,5.495856,4.66325,4.900076,4.678421,6.447242,5.390441,4.891176,5.361902,3.887935,5.063923,5.017743,6.634988,6.015132,7.397684,3.53427,4.195848,6.889764,3.564166,5.164786,4.369574,5.458862,5.796605,5.349533,3.361417,5.121938,3.80866,4.737426,5.469536,3.480932,4.806395,3.616578
1966-05,4.246779,5.289579,5.493555,5.142657,5.595789,4.994845,3.915816,4.978869,6.196363,3.908818,,5.289277,6.488338,6.017084,3.094672,4.305416,4.493456,3.273364,5.470715,4.60627,4.881513,4.684997,6.391699,5.388524,4.830791,5.318512,3.866816,5.015623,5.013697,6.611221,6.010458,7.34603,3.561898,4.197503,6.890965,3.456317,5.131672,4.368941,5.406589,5.771348,5.335661,3.330059,5.103701,3.837084,4.687303,5.424686,3.466985,4.76149,3.596764
1966-06,4.267457,5.289983,5.437383,5.172981,5.584999,5.052864,3.963666,5.032984,6.249067,3.954699,,5.338643,6.481026,6.020076,3.1394,4.310665,4.508549,3.292126,5.487615,4.670396,4.898437,4.723398,6.376472,5.45018,4.834057,5.443586,3.879087,5.049343,5.022169,6.651714,6.019663,7.358633,3.645972,4.197653,6.961675,3.558486,5.212542,4.43165,5.417522,5.846265,5.378652,3.444257,5.132558,3.903789,4.667487,5.462305,3.490124,4.787075,3.618993
1966-07,4.159508,5.250702,5.418941,5.104186,5.533785,4.925658,3.83579,5.020982,6.186908,3.86995,,5.259109,6.426424,5.967735,2.840831,4.216415,4.447346,3.140265,5.408561,4.56778,4.835091,4.628398,6.292495,5.359412,4.788158,5.360588,4.013677,4.918081,4.992403,6.61553,5.987883,7.319779,3.474758,4.089834,6.921352,3.39081,5.118114,4.309322,5.336961,5.831325,5.274178,3.347797,5.103579,3.891004,4.671426,5.397438,3.379633,4.74232,3.442019
1966-08,4.227272,5.184925,5.367424,4.994303,5.503786,4.837551,3.835574,5.008566,6.200245,3.848018,,5.313551,6.443447,5.923025,2.832036,4.193737,4.399375,3.128513,5.341329,4.600359,4.796286,4.609361,6.290958,5.385733,4.787742,5.272076,3.997283,4.915592,4.892077,6.587426,5.951918,7.302004,3.408835,4.052133,6.904841,3.349553,5.077109,4.424847,5.360212,5.746139,5.315371,3.341093,5.014826,3.882594,4.645544,5.393082,3.38845,4.705377,3.348148
1966-09,4.265352,5.180884,5.40146,4.953359,5.499297,4.793639,3.835358,5.010635,6.198194,3.828641,,5.267446,6.429461,5.911095,2.789323,4.138521,4.381777,3.093313,5.307228,4.637637,4.757118,4.554824,6.294288,5.302409,4.758492,5.205544,4.077537,4.894101,4.923842,6.590095,5.951944,7.290347,3.397524,4.017103,6.87777,3.30652,5.073297,4.443827,5.336432,5.793623,5.291997,3.304686,5.00072,3.822536,4.619172,5.404478,3.329701,4.67656,3.3485
1966-10,4.127134,5.112289,5.346536,4.877104,5.431843,4.792562,3.699325,4.916691,6.109759,3.712108,,5.187833,6.33953,5.809793,2.658159,4.029984,4.268298,2.931727,5.220031,4.520592,4.687303,4.453998,6.203507,5.220734,4.640827,5.122713,3.89182,4.757376,4.951522,6.51326,5.857362,7.234624,3.277522,3.927306,6.814115,3.138533,5.023354,4.359781,5.278472,5.725348,5.140845,3.187179,4.934977,3.713084,4.538175,5.348678,3.219676,4.568299,3.178887
1966-11,4.08732,5.095773,5.342765,4.836361,5.432673,4.621142,3.708927,4.926384,6.079796,3.683113,,5.164329,6.328776,5.732791,2.639771,3.956231,4.241902,2.905808,5.194789,4.506233,4.626442,4.452019,6.212446,5.188781,4.575123,5.06903,3.878052,4.723575,4.449919,6.55188,5.896852,7.227038,3.249211,3.923359,6.800259,3.008648,4.995928,4.189503,5.235218,5.738828,5.116196,3.158276,4.916837,3.613886,4.530339,5.40137,3.215671,4.539778,3.104138
1966-12,4.093511,5.173094,5.42737,4.878246,5.498806,4.484922,3.740523,4.911772,6.116775,3.654029,,5.208393,6.375961,5.751079,2.630449,3.890595,4.253198,2.869602,5.260044,4.476427,4.66051,4.4804,6.209837,5.180097,4.663156,5.057137,3.760735,4.726768,4.505571,6.633411,5.989087,7.314819,3.299903,3.902377,6.81295,2.656055,4.992336,4.13884,5.276021,5.725837,5.106975,3.168424,4.899555,3.572626,4.660416,5.523738,3.214466,4.628105,3.091951
1967-01,4.219655,5.181165,5.475291,4.939211,5.445832,4.503802,3.812203,5.000989,6.197014,3.691376,,5.264399,6.438072,5.737862,2.702032,3.857989,4.290596,3.005683,5.244653,4.481419,4.669459,4.551664,6.135825,5.349248,4.589142,5.113372,3.820346,4.854839,4.564765,6.611396,5.970649,7.27778,3.344627,3.974622,6.936372,2.64191,5.047032,4.271235,5.27643,5.735798,5.204666,3.235536,4.901862,3.593469,4.694919,5.532915,3.262701,4.651958,3.062456
1967-02,4.135646,5.179196,5.496635,4.966683,5.428731,4.429864,3.854818,5.032332,6.195119,3.680343,,5.291293,6.432072,5.769071,2.721953,3.89914,4.309725,3.094672,5.275816,4.589447,4.673483,4.541165,6.129725,5.365275,4.60557,5.242064,3.856087,4.870837,4.630155,6.603646,5.988209,7.305081,3.377246,3.996732,6.939361,3.147165,5.047417,4.288951,5.280255,5.725577,5.215805,3.244933,4.857873,3.646233,4.757634,5.535167,3.237894,4.690338,3.102791
1967-03,4.210942,5.238514,5.560182,5.074486,5.580786,4.614823,3.991019,5.139497,6.254136,3.785552,,5.406903,6.485536,5.880505,2.869035,4.016923,4.452951,3.27903,5.419074,4.642273,4.799009,4.686474,6.269645,5.465187,4.727476,5.267704,3.93574,4.99917,4.69629,6.635618,6.013617,7.365566,3.527536,4.160444,7.015892,3.363496,5.169574,4.445823,5.372868,5.802843,5.342478,3.398193,4.963683,3.787593,4.896197,5.545529,3.362803,4.779039,3.277522
1967-04,4.143611,5.25494,5.605324,5.107217,5.535285,4.61927,4.020339,5.189005,6.297036,3.817053,,5.461371,6.488871,5.881203,2.956472,4.051437,4.479153,3.315639,5.375926,4.686842,4.778115,4.73145,6.249241,5.48997,4.704925,5.307128,3.928487,4.975906,4.726857,6.628068,5.992264,7.379064,3.582963,4.162159,7.092341,3.27639,5.194844,4.497474,5.369195,5.820854,5.334794,3.501646,4.985454,3.843958,4.870223,5.518015,3.403195,4.807703,3.30542
1967-05,4.094345,5.288116,5.637714,5.183187,5.581841,4.566221,4.122122,5.269815,6.333706,3.853758,,5.543066,6.562755,5.917118,2.990217,4.069881,4.563931,3.453157,5.42473,4.851092,4.880754,4.773224,6.300933,5.55706,4.776262,5.31709,3.931433,5.023749,4.815593,6.671995,6.004282,7.406577,3.573188,4.204394,7.145748,3.384051,5.246024,4.585885,5.420137,5.889764,5.374491,3.542986,5.010369,3.984716,4.876799,5.477634,3.45379,4.836917,3.368674
1967-06,4.093511,5.317826,5.708803,5.241747,5.616044,4.684351,4.182966,5.372172,6.378562,3.8795,,5.6065,6.602411,5.971466,3.063858,4.131159,4.600961,3.524889,5.456175,5.007831,4.92246,4.821571,6.390593,5.61466,4.780887,5.308614,3.932806,5.089077,4.87145,6.687906,6.020392,7.408737,3.694364,4.286754,7.229455,3.575431,5.318855,4.634341,5.475878,5.87361,5.38068,3.566147,5.101998,4.069369,4.879767,5.469536,3.487375,4.837868,3.422633
1967-07,4.106273,5.294159,5.69353,5.183075,5.525931,4.56975,4.131801,5.333926,6.332729,3.882182,,5.565248,6.541751,5.919861,3.073619,4.10413,4.537961,3.512739,5.428249,4.88477,4.897243,4.803283,6.315647,5.614113,4.772209,5.299517,4.051611,5.079726,4.866303,6.654281,5.973759,7.37503,3.144583,4.26479,7.188911,3.511545,5.246656,4.613238,5.426799,5.859732,5.353989,3.560193,5.042134,4.063026,4.814134,5.444623,3.603866,4.81389,3.435921
1967-08,4.205737,5.314535,5.769945,5.234685,5.6009,4.58057,4.242765,5.28857,6.307278,3.948933,,5.576896,6.60877,5.875801,3.186766,4.135966,4.576153,3.611728,5.360963,4.787658,4.887789,4.886281,6.330451,5.721131,4.826472,5.350293,4.106273,5.170711,4.927181,6.658358,5.951319,7.387709,3.287282,4.344974,7.169365,3.597586,5.252273,4.708268,5.439035,5.78524,5.352142,3.684871,5.044521,4.25887,4.827513,5.493925,3.649619,4.885828,3.321071
1967-09,4.330602,5.38898,5.79548,5.260148,5.680889,4.655198,4.244487,5.334119,6.369164,3.995629,,5.597718,6.64809,5.916364,3.25347,4.2142,4.65396,3.64545,5.435162,4.811615,4.953077,4.984839,6.416405,5.793044,4.842296,5.42737,4.149779,5.314338,4.957727,6.735578,5.959922,7.319653,3.422633,4.396915,7.20129,3.529591,5.308218,4.771701,5.464086,5.838226,5.429696,3.617652,5.109575,4.275137,4.927471,5.467765,3.746441,4.956461,3.629395
1967-10,4.242046,5.383256,5.737733,5.261809,5.621198,4.679999,4.260988,5.318757,6.363114,4.045679,,5.629023,6.646352,5.907485,3.256942,4.251206,4.677584,3.685624,5.434639,4.828394,4.958429,5.0085,6.401884,5.745212,4.819959,5.316059,4.079231,5.278829,4.962495,6.722365,5.94874,7.298878,3.36211,4.418117,7.19539,3.505557,5.293857,4.725439,5.478971,5.810931,5.4011,3.615771,5.110963,4.271095,4.944994,5.472733,3.743131,5.006226,3.633367
1967-11,4.292375,5.405421,5.760005,5.243069,5.60042,4.754452,4.325721,5.336961,6.407061,4.118061,,5.683648,6.669663,5.967991,3.338967,4.347694,4.713755,3.743604,5.453054,4.821974,5.005757,5.064618,6.468056,5.748182,4.847175,5.357482,4.121473,5.344055,5.008032,6.763596,5.956666,7.309119,3.463546,4.483567,7.326768,3.805328,5.339171,4.786908,5.517935,5.854585,5.360635,3.551627,5.127588,4.356709,4.986206,5.485834,3.383033,5.04716,3.667656
1967-12,4.262821,5.360823,5.750412,5.209377,5.633789,4.731362,4.368308,5.258693,6.409977,4.142658,,5.6748,6.609444,5.899569,3.327192,4.316688,4.657288,3.689129,5.346536,4.718052,4.957235,5.034417,6.410306,5.70608,4.813971,5.262794,4.10132,5.268322,5.004684,6.746459,5.897895,7.349893,3.480625,4.515136,7.435928,4.006788,5.344962,4.77761,5.445918,5.818331,5.260823,3.546163,5.135975,4.445001,4.931664,5.41996,3.410487,4.917203,3.650658
1968-01,4.22508,5.341904,5.817766,5.197447,5.568802,4.676281,4.347176,5.296416,6.445736,4.177459,,5.695112,6.616708,5.865504,3.303585,4.306495,4.637734,3.729301,5.336191,4.759778,4.952724,5.041811,6.416389,5.730976,4.776515,5.246392,4.194793,5.267652,4.973764,6.746001,5.924363,7.383753,3.533395,4.513274,7.465352,4.133405,5.315912,4.768734,5.419561,5.827032,5.25447,3.54818,5.143416,4.520048,4.905571,5.383072,3.409166,4.924787,3.592644
1968-02,4.270257,5.381371,5.799274,5.190732,5.63479,4.683334,4.421488,5.281069,6.474261,4.21346,,5.831501,6.624065,5.931874,3.412467,4.322011,4.690889,3.833629,5.399881,4.785323,4.990773,5.091539,6.456817,5.77113,4.851092,5.246761,4.305011,5.310394,5.034482,6.783223,5.953737,7.382914,3.679839,4.642081,7.527611,4.222591,5.312812,4.750309,5.500156,5.867629,5.273717,3.658678,5.169461,4.590665,4.93828,5.426403,3.565581,5.000113,3.675288
1968-03,4.215677,5.392354,5.775731,5.180659,5.67088,4.638025,4.406719,5.24897,6.364406,4.219949,,5.773215,6.575355,5.888878,3.439777,4.342506,4.699298,3.832763,5.350435,4.746062,4.962425,4.997347,6.424885,5.642155,4.837472,5.223378,4.358246,5.260667,5.056564,6.770308,5.960876,7.453006,3.666122,4.627714,7.472171,3.882594,5.229342,4.624286,5.512016,5.813683,5.199712,3.676554,5.179027,4.594109,5.015954,5.448675,3.625141,5.003946,3.648838
1968-04,4.078385,5.360682,5.765254,5.161753,5.670846,4.634729,4.281101,5.195675,6.332569,4.161536,,5.718441,6.530265,5.844269,3.331847,4.31922,4.662778,3.745732,5.307426,4.672455,4.893652,4.946346,6.384874,5.602082,4.786825,5.155428,4.534533,5.210906,4.983812,6.737975,5.941486,7.419189,3.575431,4.554929,7.440029,3.635479,5.154736,4.549763,5.448503,5.776413,5.140142,3.555634,5.182233,4.48255,5.022564,5.379206,3.475686,4.955686,3.571503
1968-05,4.063026,5.346774,5.863546,5.180603,5.651576,4.679907,4.333755,5.21499,6.366419,4.186164,,5.720476,6.529842,5.837089,3.299903,4.304741,4.665512,3.716738,5.299167,4.666924,4.88907,4.935624,6.381308,5.607418,4.803037,5.160721,4.418841,5.223809,5.023091,6.744636,5.898142,7.405745,3.497113,4.562784,7.494219,3.608483,5.162154,4.616011,5.466878,5.791183,5.127588,3.520165,5.212269,4.503912,5.035978,5.37625,3.513335,4.955897,3.553632
1968-06,4.126812,5.44678,5.96219,5.233672,5.705315,4.817051,4.53507,5.357199,6.471217,4.267317,,5.796878,6.648596,5.911799,3.475996,4.440531,4.805332,3.838376,5.367564,4.758235,5.006895,5.070852,6.487182,5.707741,4.904608,5.275151,4.484696,5.286902,4.72606,6.797527,5.902579,7.427638,3.735286,4.710071,7.607203,3.849083,5.286548,4.73145,5.587885,5.922677,5.262327,3.670715,5.329089,4.671987,5.126876,5.444061,3.692622,5.076985,3.736955
1968-07,4.129873,5.503826,5.988159,5.267755,5.699105,4.898735,4.597843,5.442288,6.49133,4.331917,,5.870793,6.669447,5.900253,3.526655,4.504908,4.850154,3.986945,5.415522,4.792313,5.044457,5.107943,6.485246,5.70887,4.955686,5.329331,4.577799,5.30206,4.830072,6.802006,5.902606,7.410885,3.861361,4.732948,7.656668,3.787366,5.273768,4.789905,5.645235,5.991089,5.321008,3.751619,5.352379,4.800326,5.182289,5.571127,3.760037,5.125273,3.821879
1968-08,4.216267,5.516609,6.010998,5.391899,5.901294,4.802462,4.628105,5.370312,6.398512,4.354141,,5.716271,6.674321,5.886243,3.737431,4.486387,4.801477,4.417032,5.40119,4.725794,5.046067,4.992471,6.418316,5.701213,4.895,5.291091,4.562054,5.31601,4.843793,6.845816,5.964196,7.340894,4.131319,4.648708,7.584666,3.640739,5.23607,4.738214,5.744732,5.939776,5.355595,4.018543,5.311727,4.883181,5.280713,5.761108,3.915417,5.198552,3.830813
1968-09,4.214052,5.479513,6.067592,5.397936,5.887381,4.753763,4.596331,5.341233,6.363993,4.289226,,5.671053,6.632384,5.865816,3.679334,4.443827,4.816808,4.349374,5.332042,4.623305,5.00072,4.954277,6.392788,5.629526,4.846547,5.231322,4.473009,5.252169,4.82141,6.896037,5.970343,7.338843,4.084294,4.610158,7.534196,3.608483,5.149701,4.716533,5.754254,5.892831,5.306137,3.947776,5.271563,4.81462,5.361386,5.703982,3.928683,5.232284,3.800644
1968-10,4.203348,5.487945,6.111623,5.469536,5.843255,4.774322,4.675908,5.339795,6.383355,4.333886,,5.657843,6.638306,5.886104,3.675794,4.526019,4.894775,4.380025,5.338883,4.601463,5.045037,4.966056,6.401702,5.63071,4.8602,5.346631,4.49981,5.211724,4.806232,6.902451,5.957209,7.34162,4.149779,4.598045,7.52564,3.505557,5.18139,4.744671,5.831354,5.935264,5.315715,3.946811,5.291444,4.872905,5.324277,5.762366,4.013857,5.270741,3.794365
1968-11,4.295651,5.54044,6.09758,5.513913,5.897621,4.879235,4.817051,5.387701,6.400805,4.379774,,5.653015,6.648959,5.952022,3.735047,4.596432,4.937921,4.454812,5.412405,4.611848,5.094915,5.008767,6.467,5.647388,4.92805,5.451167,4.507447,5.178802,4.874052,6.936625,5.956381,7.369834,4.260283,4.688776,7.539043,3.608483,5.24328,4.819475,5.897758,5.95423,5.433984,4.028383,5.363918,4.948334,5.394264,5.631104,4.139955,5.326516,3.94197
1968-12,4.347306,5.549193,6.106087,5.461414,5.913125,4.874892,4.807049,5.412628,6.419848,4.396299,,5.640701,6.650046,5.972638,3.724247,4.614724,4.916691,4.433076,5.456773,4.601463,5.121998,4.996536,6.504049,5.627837,4.931809,5.422524,4.488524,5.170938,4.821007,6.960433,5.957804,7.401005,4.278886,4.694462,7.466428,3.529591,5.231109,4.827513,5.959819,5.988811,5.432848,4.064744,5.377452,5.011968,5.418808,5.616116,4.160288,5.36845,3.586016
1969-01,4.407329,5.60127,6.151008,5.509429,5.93267,4.927399,4.886054,5.417965,6.494313,4.443592,,5.746171,6.718856,6.026397,3.784644,4.663062,4.97825,4.481533,5.50187,4.642948,5.166328,5.043683,6.472454,5.695112,5.036498,5.560451,4.579339,5.258797,4.910152,7.010068,6.037871,7.445441,4.250065,4.769243,7.555889,3.499533,5.293506,4.95864,6.011096,6.053288,5.505413,4.16806,5.43031,5.101633,5.446004,5.620365,4.284965,5.461414,3.649619
1969-02,4.391853,5.585149,6.122449,5.500605,5.994934,4.883181,4.829033,5.366723,6.420174,4.441827,,5.781114,6.697738,5.998341,3.834061,4.637831,4.960885,4.403054,5.523259,4.634535,5.148134,4.997483,6.430912,5.660388,5.052353,5.518095,4.633272,5.278166,4.911772,6.993887,6.005096,7.374485,4.225519,4.72055,7.49164,3.443618,5.251173,4.921585,6.04211,6.008518,5.463111,4.154812,5.378514,5.114455,5.351763,5.606427,4.295924,5.391534,3.764914
1969-03,4.441945,5.574167,6.120913,5.495158,6.029699,4.854059,4.821571,5.309851,6.420369,4.432957,,5.769508,6.69659,5.980606,3.784417,4.592389,4.944424,4.400726,5.559258,4.607068,5.148657,4.975146,6.4175,5.631068,5.016087,5.483177,4.643429,5.233459,4.919762,6.980736,6.026325,7.386062,4.169297,4.749963,7.439941,3.417727,5.201531,4.909709,6.033805,5.981439,5.497168,4.170843,5.381739,5.102181,5.384862,5.566817,4.311202,5.409948,3.881976
1969-04,4.342766,5.524137,6.068958,5.440598,5.920076,4.805332,4.74232,5.241747,6.369832,4.328758,,5.739182,6.635067,5.926553,3.679334,4.50535,4.892602,4.26479,5.470883,4.531201,5.075861,4.948689,6.387182,5.552107,4.921075,5.38793,4.589142,5.148889,4.843399,6.924003,5.968119,7.34252,4.098669,4.637831,7.421172,3.27639,5.125035,4.827754,5.993737,5.927246,5.408158,4.02267,5.349676,4.977079,5.309109,5.463874,4.08732,5.312516,3.698087
1969-05,4.402074,5.520781,6.103095,5.453824,5.901266,4.858804,4.696746,5.280001,6.390928,4.333755,,5.815562,6.657228,5.925432,3.675794,4.469923,4.933826,4.351696,5.494295,4.527965,5.110782,4.982579,6.434707,5.531332,4.950461,5.414722,4.61611,5.124559,4.780635,6.988533,5.951684,7.336878,4.02945,4.69254,7.491729,3.291383,5.146913,4.859425,6.090518,5.991515,5.39558,4.051611,5.408874,5.002536,5.349438,5.386557,4.173926,5.355737,3.715521
1969-06,4.348728,5.571698,6.121066,5.464255,5.880058,4.924133,4.739264,5.278319,6.43927,4.317355,,5.861299,6.705284,5.921203,3.667145,4.479947,4.956742,4.36399,5.499174,4.466942,5.103458,4.973695,6.431669,5.496922,4.879767,5.41996,4.647271,5.127885,4.668333,6.983975,5.961443,7.445196,3.962146,4.71698,7.538921,3.155723,5.179421,4.854683,6.144379,6.008862,5.379529,4.098503,5.4454,5.074674,5.384816,5.404073,4.299731,5.357576,3.679082
1969-07,4.322807,5.582895,6.143005,5.490713,5.887131,4.895748,4.685644,5.295614,6.439063,4.298237,,5.876418,6.71859,5.910553,3.686376,4.486724,4.946985,4.368435,5.456005,4.431174,5.102242,4.960184,6.423117,5.406364,4.890048,5.385091,4.682687,5.133325,4.6718,7.017685,5.957132,7.447512,3.88177,4.702297,7.535911,3.214064,5.178069,4.88265,6.107023,6.032199,5.313304,4.036539,5.452068,5.107096,5.340994,5.397891,4.314015,5.356964,3.705737
1969-08,4.07278,5.561681,6.083861,5.299417,5.827827,4.700117,4.564661,5.234579,6.324377,4.178992,4.446995,5.893852,6.602303,5.819222,3.648057,4.372355,4.868688,4.539991,5.317826,4.319486,5.0089,4.951381,6.327901,5.208447,4.78574,5.253529,4.623599,5.124202,4.578005,6.907425,5.883796,7.348137,3.842244,4.623894,7.400773,3.066657,5.049215,4.802216,5.970062,5.825705,5.233405,3.986017,5.345058,5.075424,5.515362,6.024948,4.222445,5.471094,3.532226
1969-09,3.979495,5.487656,6.047798,5.277247,5.7779,4.617988,4.417394,5.117215,6.28875,4.050044,4.427717,5.893879,6.56708,5.775576,3.52312,4.30555,4.797112,4.439234,5.266414,4.211535,4.949044,4.861903,6.245176,5.059489,4.695102,5.154389,4.389375,5.058917,4.62957,6.803294,5.84993,7.302132,3.726898,4.548494,7.350221,2.76317,4.991249,4.74693,5.952152,5.792678,5.098707,3.875566,5.258016,4.97023,5.445141,5.915069,4.092677,5.373935,3.369363
1969-10,4.019801,5.528873,6.100005,5.338547,5.806309,4.678607,4.526776,5.207572,6.333368,4.071758,4.567053,6.020416,6.642513,5.810272,3.572346,4.343676,4.875045,4.521027,5.260875,4.243339,4.974594,4.903273,6.271196,5.113914,4.776262,5.150339,4.484583,5.088275,4.676281,6.860475,5.832029,7.308496,3.747856,4.648613,7.422033,2.915606,5.047096,4.797195,5.998961,5.848316,5.146855,3.933589,5.333829,5.055991,5.564022,5.985145,4.232075,5.455877,3.449988
1969-11,4.035479,5.52034,6.146907,5.317973,5.845108,4.697658,4.536677,5.200208,6.326632,4.049522,4.617,6.040159,6.662187,5.752668,3.577389,4.309456,4.836599,4.496359,5.252064,4.201553,4.942499,4.884316,6.265244,5.055099,4.775841,5.113252,4.533137,5.131909,4.670302,6.75763,5.785547,7.266555,3.781687,4.603469,7.41986,2.788093,5.061012,4.819878,5.980909,5.860359,5.120685,3.933784,5.330349,5.040906,5.528476,6.095419,4.192983,5.428556,3.377588
1969-12,4.186772,5.59512,6.212927,5.426886,5.961031,4.758578,4.657952,5.273256,6.388091,4.112512,4.817374,6.120671,6.747692,5.794689,3.647797,4.372103,4.917716,4.588227,5.326516,4.244631,4.993828,4.98251,6.311826,5.111928,4.832943,5.204831,4.425206,5.177956,4.769922,6.741701,5.861213,7.300952,3.881564,4.710521,7.461364,3.147165,5.149933,4.918885,6.059987,5.892942,5.167867,4.037421,5.3893,5.127054,5.628736,6.148212,4.237145,5.524775,3.412797
1970-01,4.16682,5.585262,6.158524,5.395807,5.958631,4.669459,4.624482,5.229878,6.370859,4.081766,4.783233,6.135067,6.74486,5.741656,3.584074,4.326778,4.883181,4.483906,5.283813,4.197803,4.964312,4.942285,6.257016,5.013631,4.769667,5.110119,4.391358,5.179759,5.089878,6.68899,5.802058,7.303069,3.83579,4.677956,7.450719,2.998728,5.106309,4.870913,6.04446,5.870144,5.07792,3.948162,5.344246,5.107702,5.556905,6.094878,4.171923,5.460224,3.390136
1970-02,4.165579,5.562526,6.194732,5.386099,6.003788,4.631423,4.590057,5.193679,6.378511,4.013135,4.84741,6.209395,6.776895,5.702682,3.521939,4.265633,4.852265,4.399744,5.26894,4.304065,4.937563,4.912655,6.223865,4.944638,4.730392,5.06752,4.282483,5.152656,5.139673,6.656842,5.791458,7.243849,3.849935,4.67656,7.45344,2.83615,5.065123,4.888091,6.007412,5.842442,4.993557,3.884652,5.323741,5.061772,5.542988,6.064436,4.126812,5.425875,3.240246
1970-03,4.170534,5.53335,6.166384,5.371568,5.930041,4.547859,4.531739,5.072671,6.30633,3.961575,4.79942,6.092553,6.713223,5.632286,3.404525,4.216857,4.757204,4.269977,5.209923,4.261834,4.868841,4.844581,6.130465,4.797855,4.69629,4.966892,4.295515,5.127292,5.135445,6.530032,5.744508,7.217832,3.563033,4.593199,7.360467,2.488234,4.95632,4.810638,5.906152,5.752954,4.91133,3.807329,5.26693,4.934618,5.463366,5.968094,4.00606,5.311332,3.182212
1970-04,4.264369,5.587548,6.27282,5.435293,5.922168,4.60477,4.610456,5.075361,6.30706,3.986759,4.533782,6.149408,6.7658,5.661536,3.466361,4.26127,4.84521,4.267597,5.292651,4.298917,4.926746,4.920127,6.192996,4.836203,4.792562,5.022366,4.286066,5.193401,5.29094,6.573051,5.81946,7.284595,3.536893,4.622421,7.37607,2.64191,5.01549,4.827513,6.00087,5.814877,5.004684,3.870784,5.322571,4.986821,5.606794,6.063925,4.01998,5.39499,3.128075
1970-05,4.120662,5.579352,6.25761,5.425963,5.934497,4.573576,4.621536,5.045681,6.295616,3.978185,4.519939,6.083155,6.715929,5.667533,3.457893,4.268718,4.830791,4.272072,5.298917,4.301901,4.950248,4.942571,6.236957,4.804185,4.789407,4.969952,4.273048,5.176771,5.255044,6.568022,5.843805,7.304812,3.419365,4.575844,7.359945,2.552565,4.969952,4.744323,6.041183,5.791183,4.96515,3.811539,5.311924,4.906311,5.588446,6.060127,4.00915,5.387015,3.127199
1970-06,3.919594,5.466709,6.166866,5.326322,5.904735,4.351954,4.379147,4.882575,6.212346,3.82341,3.991019,5.961546,6.61494,5.623295,3.291754,4.184642,4.721263,4.034064,5.199049,4.024816,4.841427,4.874128,6.139065,4.628398,4.717695,4.852187,4.125682,5.023091,5.095711,6.47148,5.756059,7.212774,3.140265,4.335983,7.218221,2.107786,4.789905,4.600459,5.968835,5.675623,4.837392,3.579344,5.20505,4.702751,5.471262,5.891534,3.802208,5.251593,2.782539
1970-07,3.815512,5.371661,6.128811,5.260356,5.928764,4.291007,4.236856,4.685367,6.134612,3.712596,3.647797,5.875184,6.531708,5.586912,3.146735,4.075671,4.631325,3.91442,5.099622,3.915816,4.736023,4.779208,6.075783,4.537641,4.603969,4.760634,4.009331,5.001325,5.152713,6.485795,5.694843,7.163397,2.964757,4.227855,7.132937,1.726332,4.646696,4.34627,5.929882,5.561527,4.757891,3.447763,5.108488,4.573576,5.400332,5.79551,3.63627,5.149295,2.72589
1970-08,3.890799,5.320519,6.109958,5.186939,5.992014,4.254619,4.337552,4.530123,6.02864,3.693618,3.722798,5.784656,6.552608,5.57769,3.026261,3.948162,4.535499,3.703522,5.017478,3.644144,4.62791,4.815269,6.008027,4.389499,4.528829,4.641599,4.182813,4.910594,5.147146,6.413229,5.651155,7.029309,3.39182,4.065259,7.04514,4.345752,4.508329,4.457366,5.864199,5.445918,4.61779,3.471034,5.007831,4.462339,5.334842,5.689548,3.653252,5.034612,2.56418
1970-09,3.876396,5.385916,6.166594,5.251383,6.025262,4.372607,4.342116,4.654532,6.082858,3.770459,3.656873,5.803085,6.574727,5.659169,3.084658,4.044279,4.63696,3.768845,5.051009,3.763059,4.657858,4.872752,6.092056,4.431174,4.568195,4.777862,4.278747,4.915225,5.205654,6.530717,5.730749,7.126963,3.509454,4.13148,7.049246,4.217594,4.573163,4.500476,5.945709,5.522101,4.696929,3.512739,5.122296,4.472096,5.408919,5.786253,3.745023,5.130904,2.55955
1970-10,3.873282,5.386694,6.148062,5.220734,6.02197,4.477791,4.37349,4.713397,6.121747,3.838161,3.742657,5.822898,6.587385,5.702849,3.125444,4.083621,4.671613,3.838161,5.039806,3.849509,4.706011,4.892452,6.182415,4.543933,4.569854,4.844502,4.378144,4.937706,5.175867,6.587454,5.770225,7.139867,3.536311,4.166355,7.118032,4.134686,4.673109,4.623992,6.007633,5.592218,4.770769,3.573188,5.167696,4.556085,5.469241,5.798365,3.826901,5.182345,2.694627
1970-11,4.00806,5.432411,6.182973,5.259525,6.025576,4.535713,4.549023,4.78206,6.181837,3.948162,4.053175,5.90154,6.660588,5.688466,3.19663,4.138999,4.735233,3.98991,5.078481,3.969159,4.778535,4.922387,6.195201,4.626149,4.65377,4.891176,4.43165,5.020982,5.391762,6.615918,5.76073,7.162421,3.724247,4.273606,7.217832,5.345439,4.760121,4.715638,6.022285,5.593484,4.854371,3.723281,5.232605,4.703113,5.459245,5.880477,3.964615,5.280306,2.750471
1970-12,3.964995,5.429916,6.225093,5.248339,6.123041,4.491217,4.508108,4.752555,6.179437,3.908015,3.838376,5.913503,6.659691,5.655362,3.12016,4.115454,4.698114,3.865351,5.021839,3.87245,4.742756,4.924351,6.164998,4.506233,4.60487,4.797607,4.451786,4.95237,5.450781,6.649878,5.74831,7.124229,3.656873,4.232801,7.198528,4.937993,4.660983,4.668708,5.96648,5.589755,4.802709,3.643882,5.221868,4.662495,5.403353,5.771566,3.86577,5.201145,2.536075
1971-01,3.947004,5.47801,6.285719,5.236761,6.2107,4.551875,4.614823,4.785406,6.223548,3.930452,3.840527,5.924256,6.706373,5.694001,3.116178,4.140433,4.714204,3.877432,5.032723,3.954699,4.768734,4.995115,6.237465,4.530662,4.703204,4.927833,4.408669,4.935121,5.535877,6.691327,5.832234,7.172356,3.652993,4.25618,7.232263,5.032788,4.719748,4.687119,5.957313,5.599236,4.830551,3.630985,5.298217,4.703023,5.448073,5.826708,3.935935,5.265433,2.444085
1971-02,3.955848,5.550165,6.307151,5.275049,6.235528,4.600057,4.64073,4.899257,6.286538,4.05889,3.935544,5.938644,6.765904,5.785762,3.222071,4.262821,4.801559,3.97293,5.119968,4.02267,4.890875,5.029784,6.29569,4.579955,4.760634,4.97231,4.372734,5.011835,5.59024,6.712871,5.89784,7.236159,3.701796,4.305955,7.264758,4.949611,4.809579,4.716712,6.036247,5.695683,4.93087,3.734808,5.350151,4.79769,5.538829,5.944949,4.029095,5.347679,2.549445
1971-03,4.00442,5.569718,6.346986,5.318316,6.291384,4.743191,4.762259,4.948547,6.33587,4.176539,3.982295,6.042395,6.812763,5.853122,3.286908,4.31922,4.855228,4.086312,5.171563,4.12196,4.96508,5.102546,6.314598,4.780215,4.792645,5.169745,4.411343,5.071793,5.621306,6.712665,5.9234,7.329396,3.798406,4.384399,7.301708,5.12907,4.896122,4.816322,6.09357,5.728995,5.08308,3.864512,5.433809,4.872905,5.542322,6.027821,4.108576,5.419162,2.713369
1971-04,4.09301,5.589568,6.364131,5.332042,6.332764,4.820604,4.820604,5.006962,6.350833,4.233382,4.228001,6.075783,6.815015,5.864313,3.321432,4.355683,4.856162,4.104625,5.161065,4.237868,4.967658,5.166214,6.307643,4.825991,4.825269,5.175189,4.485147,5.087967,5.657878,6.762406,5.892335,7.264919,3.873074,4.440649,7.332775,5.048637,4.898809,4.834534,6.090631,5.76268,5.10643,3.889573,5.466286,4.931664,5.552145,6.060267,4.175771,5.426403,2.830858
1971-05,4.10512,5.626181,6.433374,5.354934,6.423198,4.908381,4.980657,5.049343,6.410685,4.271514,4.352598,6.15352,6.837762,5.894596,3.374853,4.349245,4.857795,4.169916,5.198663,4.240175,5.004148,5.18582,6.331253,4.847881,4.887035,5.141371,4.541378,5.151614,5.743003,6.7878,5.911636,7.269436,3.859677,4.519176,7.40081,5.203512,5.023288,4.874052,6.085615,5.823933,5.145923,3.977998,5.530738,5.025327,5.643679,6.100588,4.236567,5.499583,2.895912
1971-06,4.148675,5.6501,6.461546,5.368962,6.440292,4.989616,5.015291,5.11247,6.45655,4.296877,4.339119,6.200996,6.87778,5.956718,3.399529,4.347565,4.913243,4.221711,5.225908,4.383775,5.049535,5.270843,6.412836,4.910152,4.948263,5.25447,4.589549,5.190398,5.768852,6.828853,5.872061,7.27749,3.79369,4.544252,7.414025,5.285283,5.082708,4.888317,6.112996,5.834021,5.255514,4.004237,5.583722,5.052673,5.620654,6.169004,4.273884,5.532203,2.810607
1971-07,4.070735,5.617607,6.479416,5.351858,6.352089,4.975561,5.0223,5.049535,6.473165,4.255613,4.270816,6.20591,6.846401,5.942274,3.332562,4.307168,4.861516,4.201703,5.179478,4.35131,5.002267,5.259784,6.356455,4.866919,4.923042,5.175585,4.546905,5.196506,5.687551,6.773115,5.828563,7.2493,3.795489,4.489198,7.338433,5.387335,5.028999,4.850467,6.072883,5.803869,5.214718,3.971235,5.560759,5.075299,5.545256,6.133593,4.215972,5.47776,2.667228
1971-08,4.044454,5.577085,6.523518,5.36817,6.382848,5.003745,4.754882,5.060504,6.500283,4.371218,4.399621,6.164808,6.957868,5.951606,3.312002,4.21272,4.879159,4.295788,5.165643,4.401584,4.973556,5.307525,6.29144,4.838977,4.946914,5.223702,4.513822,5.208666,5.51669,6.768804,5.875015,7.179704,3.78714,4.428314,7.321499,5.428907,5.101268,4.776515,6.00692,5.832469,5.089323,4.060271,5.525811,5.026902,5.495856,6.133615,4.181592,5.416989,2.664447
1971-09,3.966701,5.572572,6.503989,5.336287,6.387586,4.913537,4.668708,5.02985,6.43943,4.302307,4.268298,6.13368,6.93937,5.918195,3.241029,4.163404,4.849762,4.194492,5.085124,4.316421,4.924932,5.236495,6.255443,4.735233,4.936055,5.143592,4.526776,5.149411,5.39762,6.747152,5.849843,7.142922,3.652215,4.349762,7.221829,5.156062,5.024209,4.724996,5.971797,5.78892,5.026705,3.997834,5.495322,4.943712,5.473614,6.135781,4.074482,5.394264,2.480731
1971-10,3.953932,5.578673,6.572758,5.346727,6.405162,5.002065,4.737951,5.066133,6.503315,4.363735,4.315753,6.127917,6.976572,5.988184,3.282789,4.23512,4.910447,4.300817,5.166328,4.374876,5.010035,5.32003,6.342192,4.768734,5.019793,5.165357,4.459913,5.114755,5.438731,6.726233,5.820024,7.12714,3.727379,4.376009,7.282053,5.199215,5.049792,4.790404,5.974318,5.812936,5.183804,4.038127,5.553696,4.992064,5.527085,6.19795,4.149779,5.464001,2.499795
1971-11,3.912423,5.574888,6.588142,5.333974,6.374803,4.963893,4.708719,5.083514,6.517524,4.358374,4.325589,6.137921,6.98148,5.987958,3.292498,4.229312,4.928919,4.291007,5.088398,4.386268,4.995319,5.349913,6.34367,4.764479,5.011102,5.226338,4.432125,5.086546,5.353941,6.709829,5.800879,7.128039,3.792789,4.360037,7.265772,5.074361,5.030046,4.814053,5.935423,5.810063,5.178407,4.033532,5.558256,4.99728,5.53694,6.170928,4.210497,5.446737,2.459589
1971-12,3.834494,5.530817,6.573987,5.343816,6.28208,4.893652,4.650908,5.049151,6.473829,4.313078,4.235844,6.118472,6.955297,5.916849,3.289521,4.138361,4.86838,4.212276,4.976872,4.252914,4.907642,5.278523,6.281818,4.701571,4.935481,5.140669,4.223324,4.956038,5.250492,6.661497,5.816724,7.110468,3.749033,4.307438,7.241345,4.881361,4.941357,4.716354,5.880393,5.766882,5.158768,3.996364,5.520981,4.971409,5.549737,6.123983,4.146304,5.402497,2.454447
1972-01,3.803101,5.537295,6.569972,5.347774,6.29131,4.893427,4.676374,5.001931,6.488171,4.291965,4.165424,6.130204,6.957859,5.897456,3.244544,4.080246,4.826151,4.150252,4.94478,4.187987,4.885979,5.254731,6.270383,4.719837,4.854293,5.117694,4.23931,4.895,5.212487,6.656778,5.805828,7.102615,3.757472,4.291418,7.259194,4.750568,4.97023,4.636669,5.845918,5.756312,5.150513,3.966701,5.521421,4.978525,5.57086,6.121966,4.120175,5.415611,2.35991
1972-02,3.894673,5.605912,6.687308,5.46962,6.37209,5.003073,4.844266,5.125748,6.568078,4.390986,4.324662,6.200083,7.032748,5.962602,3.357594,4.21671,4.90483,4.24377,5.085124,4.328758,5.003409,5.382796,6.330042,4.841033,4.970646,5.250544,4.27736,5.022564,5.368356,6.739822,5.879751,7.171096,3.892228,4.416186,7.361267,4.931664,5.077109,4.761148,5.93052,5.847969,5.253163,4.09734,5.613821,5.087473,5.626145,6.139453,4.157006,5.481638,2.497329
1972-03,4.022132,5.614878,6.671957,5.49766,6.42631,5.073234,4.989207,5.129662,6.598904,4.451203,4.389871,6.22624,7.056442,6.018642,3.458522,4.281101,4.921585,4.30959,5.118173,4.349374,5.032266,5.406185,6.356941,5.042134,4.934977,5.34563,4.421368,5.080161,5.454209,6.738839,5.872934,7.180405,3.949704,4.467746,7.450591,5.025327,5.144758,4.803119,5.89399,5.867714,5.314043,4.164492,5.603446,5.191066,5.627837,6.126913,4.183576,5.503867,2.657458
1972-04,4.062854,5.646083,6.71434,5.558371,6.501935,5.142657,5.054461,5.192401,6.661215,4.473466,4.489647,6.289957,7.123012,6.040279,3.520461,4.297693,4.949681,4.338075,5.179196,4.372734,5.065628,5.433067,6.351322,5.066764,4.912581,5.338355,4.450736,5.147843,5.417255,6.757293,5.841804,7.17138,3.97481,4.49435,7.460502,4.919324,5.164043,4.868841,5.928205,5.917845,5.354414,4.21109,5.655887,5.257756,5.619458,6.121725,4.239022,5.504193,2.71668
1972-05,4.129068,5.633324,6.731817,5.531728,6.530557,5.141722,5.022366,5.168835,6.700448,4.446878,4.466023,6.335746,7.11723,6.063273,3.518388,4.293878,4.957797,4.338336,5.180772,4.369828,5.081777,5.465145,6.408611,5.058028,4.885299,5.352663,4.450152,5.149991,5.281273,6.701371,5.836009,7.165385,3.848444,4.479834,7.480885,4.919324,5.130786,4.921367,5.955138,5.942196,5.352095,4.218036,5.67672,5.297567,5.670605,6.176387,4.282483,5.541224,2.76569
1972-06,4.16138,5.641659,6.772313,5.555476,6.591056,5.135445,5.049535,5.201531,6.723015,4.444062,4.433907,6.362235,7.124567,6.08434,3.548467,4.276666,4.976941,4.351052,5.182345,4.377893,5.119669,5.524456,6.381156,5.047096,4.840321,5.408337,4.421728,5.143767,5.322376,6.700337,5.803869,7.154818,3.792338,4.481985,7.490954,5.074361,5.140669,4.929498,6.025745,5.923346,5.38422,4.251348,5.662926,5.317384,5.692688,6.227011,4.265212,5.553618,2.625393
1972-07,4.116269,5.63454,6.789467,5.601602,6.612874,5.181559,5.116795,5.207188,6.761168,4.383775,4.443122,6.387788,7.158639,6.09235,3.547316,4.242908,4.950673,4.335721,5.159687,4.309725,5.142599,5.539615,6.343406,5.088398,4.822618,5.376666,4.480174,5.162956,5.233832,6.738224,5.795328,7.155428,3.710641,4.492897,7.528036,5.002738,5.154678,5.017809,5.986653,5.960335,5.396714,4.261975,5.675006,5.366723,5.667568,6.197645,4.278609,5.525453,2.589267
1972-08,4.021057,5.599532,6.720365,5.733794,6.644167,5.084195,5.243756,5.235058,6.716316,4.332311,4.362716,6.162641,7.220908,6.045929,3.541539,4.198104,4.899257,4.377391,5.106188,4.183271,5.116795,5.628304,6.304814,5.086917,4.80909,4.877866,4.465793,5.260823,5.075174,6.689027,5.792587,7.160411,3.713328,4.437816,7.522622,4.891702,5.141196,5.004885,5.863887,5.956588,5.32807,4.298917,5.558603,5.335854,5.647812,6.058866,4.091507,5.482221,3.986574
1972-09,3.967268,5.588858,6.771557,5.713898,6.589806,5.032919,5.222192,5.189005,6.725382,4.301901,4.361696,6.156301,7.261955,6.041207,3.488598,4.16775,4.884618,4.31455,5.06386,4.172385,5.107702,5.586837,6.292458,5.103214,4.772886,4.939282,4.497919,5.203292,4.955545,6.687321,5.789042,7.167925,3.684118,4.398761,7.543972,4.75126,5.117874,4.999237,5.849901,6.004825,5.284117,4.260141,5.540479,5.255723,5.679968,6.01925,3.962336,5.462475,3.872242
1972-10,3.95757,5.615425,6.764797,5.818212,6.556224,5.014561,5.203897,5.186268,6.726449,4.299188,4.419082,6.168438,7.268021,6.122449,3.511247,4.034241,4.890424,4.326778,5.138735,4.212572,5.151266,5.588297,6.327544,5.114034,4.852265,4.998967,4.481872,5.241535,5.061772,6.797192,5.840816,7.206941,3.650658,4.410857,7.568529,4.597138,5.160032,4.984428,5.90039,5.995855,5.306781,4.278747,5.537137,5.262431,5.753303,6.08263,3.936716,5.508659,3.930845
1972-11,3.953741,5.597533,6.752259,5.810602,6.476264,4.986411,5.169063,5.164329,6.742786,4.263947,4.33218,6.163104,7.265423,6.074288,3.496508,3.994156,4.853279,4.346011,5.097363,4.125035,5.138266,5.566511,6.31572,5.091724,4.819878,4.944567,4.413646,5.221328,4.895673,6.795695,5.838517,7.246418,3.618993,4.383151,7.559174,4.64237,5.143241,4.956038,5.849584,5.984616,5.240635,4.240895,5.53879,5.267446,5.759942,6.055941,3.879913,5.50793,3.85651
1972-12,3.995629,5.619495,6.763931,5.77035,6.464806,4.966265,5.19706,5.163242,6.762787,4.249923,4.294833,6.169213,7.283517,6.07392,3.45189,3.999484,4.845682,4.329812,5.075799,4.11741,5.127826,5.588521,6.287022,5.06607,4.846939,4.924133,4.377265,5.225585,4.841901,6.824613,5.89976,7.269192,3.53602,4.36399,7.511492,4.369321,5.149411,4.91339,5.896247,6.003986,5.268683,4.247066,5.544787,5.301961,5.765066,6.105418,3.80644,5.523579,3.859255
1973-01,4.004602,5.700143,6.77181,5.849584,6.5553,5.02782,5.216511,5.206257,6.762961,4.343546,4.153556,6.144057,7.282885,6.127175,3.474138,4.083957,4.92805,4.40806,5.193734,4.139955,5.185485,5.613347,6.372569,5.150629,4.862058,4.926819,4.402074,5.265639,4.987503,6.878079,5.956174,7.327123,3.654029,4.402074,7.52005,4.357606,5.208229,4.973072,5.970062,6.038062,5.319883,4.284552,5.600642,5.3627,5.756912,6.18012,3.872242,5.605287,3.921181
1973-02,3.989725,5.714228,6.802561,5.838488,6.519722,5.044263,5.327973,5.228807,6.805867,4.310799,4.163404,6.178048,7.320295,6.135522,3.450305,4.071076,4.902382,4.430579,5.134562,4.163404,5.185205,5.616444,6.37958,5.11036,4.839531,4.88613,4.438525,5.291947,4.949965,6.88843,5.936612,7.339681,3.619261,4.395066,7.545517,4.245777,5.200263,5.030503,5.996154,6.037823,5.279848,4.279717,5.618805,5.390486,5.764376,6.135089,3.818811,5.598348,3.916413
1973-03,3.986202,5.703182,6.78032,5.784563,6.520665,4.905127,5.21412,5.135033,6.762868,4.238445,3.911623,6.134179,7.319997,6.122602,3.453474,3.984344,4.815107,4.383401,5.123607,4.073972,5.1312,5.557098,6.317363,5.020982,4.821652,4.846861,4.515245,5.312861,5.079664,6.93428,5.893466,7.318215,3.489819,4.342766,7.602282,4.089332,5.124797,5.02085,5.936401,6.006378,5.1702,4.221564,5.577728,5.342478,5.707409,6.03811,3.721831,5.504884,3.854394
1973-04,3.961765,5.671879,6.742244,5.80242,6.501635,4.759949,5.114154,5.079788,6.756979,4.146621,3.777806,6.07888,7.323263,6.113726,3.393165,3.903789,4.747104,4.252203,5.10449,4.021236,5.088707,5.490053,6.242554,4.957938,4.811696,4.770685,4.560068,5.357671,5.078481,6.852158,5.866865,7.260537,3.369707,4.254903,7.582688,4.271654,5.059171,4.938781,5.879806,5.962756,5.101207,4.154498,5.515926,5.236548,5.645553,5.981338,3.604138,5.436731,3.76213
1973-05,3.92632,5.661432,6.742869,5.806941,6.510511,4.714294,5.070664,5.061075,6.742916,4.096176,3.60441,6.07677,7.334982,6.119704,3.363149,3.90701,4.735584,4.259718,5.139732,4.050044,5.054206,5.489475,6.219556,4.94007,4.793805,4.799173,4.553561,5.340514,5.084877,6.891656,5.841397,7.262909,3.326474,4.225519,7.584865,4.284414,4.994235,4.902976,5.904517,5.987005,5.146447,4.090169,5.449105,5.24655,5.639386,5.977011,3.595118,5.427985,3.721347
1973-06,3.852061,5.606427,6.72334,5.754697,6.414982,4.606369,4.999911,4.919032,6.686161,4.011687,3.457578,6.019226,7.278767,6.080917,3.284289,3.83233,4.703838,4.151984,5.125273,3.992865,4.990433,5.383348,6.186394,4.842926,4.797855,4.732507,4.618876,5.308961,4.981618,6.880857,5.831413,7.271669,3.185112,4.165114,7.524788,3.957952,4.889296,4.836837,5.897868,5.920022,5.056373,4.008968,5.370824,5.05478,5.574888,5.902169,3.474138,5.313255,3.721831
1973-07,3.785325,5.590726,6.721883,5.747736,6.388259,4.561949,4.986138,4.926529,6.680654,3.89914,3.331847,5.984087,7.298344,6.06569,3.244933,3.77115,4.669552,4.067316,5.087658,3.924544,4.955827,5.41392,6.112974,4.773984,4.819798,4.681112,4.658616,5.262949,4.960464,6.847304,5.828063,7.251714,2.97604,4.090002,7.493507,3.628599,4.880223,4.793639,5.941328,5.949861,4.939998,3.930648,5.362371,4.997685,5.550826,5.864824,3.369363,5.274127,3.466673
1973-08,3.385745,5.07336,6.098703,5.341521,6.357045,3.923556,4.258728,4.32055,6.217285,3.433019,2.539237,5.363449,6.740992,5.715184,3.054001,3.492256,4.228147,3.498929,4.86453,4.130998,4.506785,5.042457,5.800244,4.558183,4.523526,4.021236,4.682872,5.035523,4.437107,6.427249,5.628951,6.794687,3.054001,3.39652,6.485353,2.217027,4.372986,3.950474,5.405376,5.541342,4.449568,3.317816,4.88083,4.200205,5.13621,4.58965,3.110845,4.623305,3.926517
1973-09,3.470723,5.149469,6.130074,5.3939,6.495764,4.107261,4.386641,4.441356,6.261835,3.559625,2.831447,5.443283,6.802295,5.783271,3.169686,3.597586,4.347953,3.65377,4.931448,4.218183,4.62791,5.141137,5.854298,4.699025,4.627323,4.193285,4.697932,5.148076,4.393832,6.434835,5.605912,6.834668,3.264996,3.540089,6.495975,2.413232,4.514698,4.114147,5.499011,5.572268,4.525586,3.46979,4.977147,4.360292,5.232284,4.701752,3.213662,4.704653,4.000949
1973-10,3.498324,5.14732,6.099399,5.375001,6.411851,4.097838,4.348858,4.438171,6.219417,3.473208,2.723267,5.437079,6.712665,5.760383,3.092405,3.54472,4.324,3.667145,4.933034,4.284552,4.646408,5.102302,5.820706,4.668802,4.599052,4.203647,4.603569,5.196229,4.276666,6.396346,5.576971,6.782407,3.188829,3.53281,6.455151,2.262804,4.479267,4.056816,5.604183,5.574053,4.486837,3.461979,4.931664,4.368308,5.220464,4.694462,3.128951,4.676933,3.963666
1973-11,3.619261,5.228378,6.147357,5.362278,6.42563,4.206482,4.325853,4.539885,6.211864,3.562466,2.934389,5.459968,6.73264,5.857676,3.191299,3.60441,4.4111,3.80866,5.025918,4.338989,4.735409,5.193845,5.891423,4.731803,4.726768,4.23729,4.629375,5.31074,4.531954,6.482817,5.649397,6.85408,3.263849,3.63178,6.366866,2.342767,4.610456,4.175925,5.6527,5.644068,4.601865,3.55934,5.000989,4.452252,5.289579,4.775419,3.200304,4.749876,4.012592
1973-12,3.577948,5.206312,6.119682,5.379298,6.419571,4.135327,4.244344,4.495132,6.214408,3.487987,2.843746,5.474327,6.752434,5.881733,3.119276,3.615502,4.412798,3.847591,5.096385,4.429149,4.756775,5.161925,5.816456,4.719391,4.745019,4.235265,4.70908,5.374537,4.638798,6.529302,5.609325,6.793231,3.184698,3.604138,6.443909,2.392426,4.583844,4.232075,5.685007,5.620836,4.601664,3.58018,4.963334,4.389995,5.318904,4.722864,3.099191,4.731538,4.003325
1974-01,3.399863,5.074111,5.984541,5.227412,6.328365,3.898532,3.918204,4.30609,6.107223,3.193763,2.638343,5.391671,6.669993,5.686636,2.917771,3.399195,4.235555,3.704753,4.932313,4.38015,4.625169,5.072044,5.575798,4.478586,4.713666,4.055257,4.772124,5.278931,4.50954,6.473459,5.478052,6.741287,2.931194,3.415758,6.391951,2.039921,4.392843,4.012049,5.581012,5.497332,4.444767,3.379633,4.777357,4.030695,5.176602,4.647271,2.890372,4.601865,3.865979
1974-02,3.436243,5.066322,5.993887,5.279033,6.348999,3.829728,3.950474,4.258728,6.082265,3.105931,2.710713,5.36476,6.636235,5.740821,2.884242,3.381335,4.235844,3.766766,5.030699,4.454812,4.66683,4.968145,5.547557,4.389747,4.881286,4.01458,4.953783,5.328119,4.607567,6.564645,5.50655,6.749861,2.933325,3.438493,6.341065,1.832581,4.388381,4.019801,5.67672,5.497824,4.50954,3.357245,4.770854,4.120662,5.198552,4.664194,2.839078,4.634146,3.871826
1974-03,3.456317,5.12907,5.937985,5.270638,6.379224,3.913622,4.03371,4.241039,6.055096,3.203153,2.691243,5.349676,6.62968,5.762177,2.97553,3.490429,4.298645,3.783962,5.087843,4.386392,4.63502,4.958008,5.654452,4.487287,4.877866,4.1662,5.0586,5.356209,4.660226,6.482817,5.545958,6.77056,3.025776,3.466361,6.350135,2.1471,4.436041,4.050393,5.672876,5.503663,4.519067,3.377588,4.845132,4.126812,5.204062,4.652626,2.977568,4.640441,3.881358
1974-04,3.588506,5.139439,5.913233,5.251016,6.390073,3.883418,4.030162,4.173926,6.022818,3.2312,2.655352,5.304747,6.621832,5.775855,2.942331,3.490733,4.338728,3.830162,5.112048,4.352727,4.63696,4.950956,5.63839,4.569128,4.85367,4.248209,5.056118,5.376343,4.713576,6.46003,5.541303,6.80518,3.029167,3.459466,6.345724,2.163323,4.447931,4.046379,5.678499,5.514154,4.590463,3.397858,4.857096,4.086648,5.219977,4.627127,2.937043,4.65043,3.869533
1974-05,3.560762,5.119789,5.867629,5.224025,6.327044,3.931041,4.087656,4.228584,6.019809,3.217275,2.629007,5.354887,6.624171,5.788828,2.95491,3.515419,4.338467,3.788272,5.084257,4.271793,4.58558,4.928123,5.637429,4.51765,4.767544,4.199305,5.100537,5.273871,4.758406,6.431846,5.499338,6.774818,3.056827,3.436565,6.346215,2.173615,4.373112,4.063198,5.698703,5.499624,4.538068,3.404525,4.812428,4.134206,5.173887,4.580365,2.958549,4.61294,3.840742
1974-06,3.45537,5.098097,5.825233,5.186212,6.29803,3.857567,4.003143,4.164958,5.976097,3.175551,2.494857,5.35635,6.610925,5.796878,2.816007,3.514526,4.295243,3.738384,5.09467,4.198554,4.534426,4.883029,5.611594,4.515464,4.658901,4.213756,4.968771,5.207407,4.780635,6.376676,5.362793,6.720124,2.958549,3.341447,6.32749,2.039921,4.339119,4.011687,5.699071,5.472985,4.504908,3.383712,4.797029,4.101651,5.11943,4.486274,2.851284,4.541058,3.784644
1974-07,3.396855,5.042973,5.813055,5.137562,6.342509,3.897315,3.993234,4.145354,5.990364,3.123686,2.40243,5.382245,6.637795,5.800788,2.81481,3.452207,4.204693,3.658162,5.001124,4.059235,4.501253,4.81794,5.62297,4.479834,4.50987,4.173618,4.878931,5.119549,4.694188,6.290198,5.307921,6.690693,2.879198,3.255786,6.269342,2.099244,4.319087,3.995813,5.592516,5.470799,4.450853,3.347797,4.821652,4.090504,5.015888,4.390615,2.750471,4.435923,3.710152
1974-08,3.583797,5.0223,5.798335,5.179478,6.335852,3.840312,3.977249,4.164803,6.009354,3.129389,2.370244,5.303554,6.594482,5.813772,2.782539,3.453474,4.161536,3.739573,5.034742,4.081428,4.498142,4.722242,5.64382,4.492561,4.566429,4.15638,4.846782,5.110782,4.501364,6.227643,5.241959,6.703237,2.80336,3.258097,6.275496,1.880991,4.282759,3.938665,5.521541,5.485626,4.438643,3.321793,4.827754,4.061994,4.976596,4.331785,2.651127,4.362844,3.689629
1974-09,3.57431,4.925005,5.574547,5.059933,6.265719,3.699819,3.837084,4.10132,5.869608,3.085116,2.340844,5.180997,6.437143,5.76804,2.71932,3.421327,4.103635,3.607127,5.071668,3.992496,4.421007,4.658711,5.525294,4.42891,4.488524,4.237723,5.037861,5.147146,4.404155,6.226556,5.24655,6.623813,2.759377,3.18387,6.199616,1.713798,4.161224,3.810433,5.508943,5.388158,4.36488,3.282789,4.686658,3.915019,4.921658,4.227126,2.576422,4.30163,3.609295
1974-10,3.517795,4.808519,5.419871,4.863681,6.22784,3.71284,3.79975,3.978185,5.73857,3.030617,2.21266,5.054142,6.358275,5.6458,2.600465,3.346741,3.981736,3.576271,4.986889,3.883212,4.31922,4.573783,5.474956,4.337421,4.330075,4.242333,4.955686,5.016949,4.386641,6.138073,5.144117,6.606231,2.68239,3.06152,6.178504,1.60342,4.113657,3.775974,5.399519,5.306732,4.255045,3.180551,4.531308,3.826247,4.802709,4.088829,2.444952,4.180063,3.513037
1974-11,3.422633,4.753676,5.105339,4.674043,6.097872,3.531641,3.536602,3.898735,5.551447,2.93226,2.135349,4.894925,6.185612,5.536034,2.451005,3.266522,3.862833,3.462919,4.899778,3.770459,4.189352,4.399621,5.394127,4.272351,4.180675,4.141387,4.649761,4.94007,4.321347,6.053876,5.122892,6.588238,2.587012,2.985177,5.985245,1.640937,3.956231,3.575711,5.225478,5.144117,4.158571,3.062924,4.416307,3.600321,4.699207,4.041295,2.383243,4.102147,3.38676
1974-12,3.60441,4.934042,5.318316,4.765842,6.299096,3.61792,3.629395,3.907412,5.711321,2.972975,2.263844,5.086052,6.461249,5.696724,2.507972,3.316728,3.987501,3.652475,4.990297,3.92888,4.397285,4.558917,5.395626,4.337029,4.352469,4.192832,4.884089,5.100049,4.698387,6.234881,5.237718,6.691252,2.818995,3.142427,6.168522,1.607436,4.033355,3.698087,5.352285,5.3303,4.338597,3.218476,4.497696,3.753262,4.919397,4.278747,2.396075,4.248924,3.578786
1975-01,3.581016,4.921658,5.192457,4.717516,6.29917,3.588783,3.601686,3.864092,5.652384,2.851862,2.271094,5.040776,6.451134,5.586799,2.536075,3.164631,3.945458,3.58657,4.934546,3.95182,4.361951,4.494685,5.326662,4.327438,4.334673,4.143293,4.809172,5.077359,4.736637,6.187997,5.236336,6.644597,2.823757,3.084201,6.138224,1.521699,3.990649,3.614425,5.313354,5.213304,4.259011,3.166319,4.429149,3.685122,4.88696,4.287991,2.33602,4.224495,3.56133
1975-02,3.51631,4.931664,5.185764,4.632883,6.316117,3.402197,3.594569,3.811539,5.593856,2.809403,2.19277,4.992403,6.419865,5.547441,2.439735,3.134624,3.881564,3.484312,4.893277,3.909219,4.330339,4.448048,5.322083,4.269138,4.241471,4.030517,4.642755,5.024144,4.826232,6.219635,5.22041,6.655916,2.847232,3.054473,6.078193,1.401183,3.948741,3.565864,5.279746,5.139204,4.1966,3.1394,4.399989,3.572626,4.858649,4.275415,2.209373,4.204095,3.498627
1975-03,3.536893,5.099927,5.418187,4.862599,6.369456,3.661508,3.9052,4.035832,5.752192,3.088311,2.507972,5.082087,6.415031,5.64573,2.554122,3.318902,4.125682,3.600868,5.056309,4.015121,4.439234,4.62124,5.521981,4.440413,4.376386,4.214495,4.704382,5.160204,4.987776,6.287543,5.387427,6.761063,3.012098,3.299534,6.197136,1.735189,4.159352,3.746677,5.415389,5.198276,4.372734,3.307253,4.641116,3.836437,5.080037,4.367674,2.582487,4.356581,3.642836
1975-04,3.55934,5.137092,5.477007,4.961025,6.326936,3.715521,4.095511,4.136286,5.857133,3.094219,2.739549,5.234845,6.56154,5.724336,2.621039,3.346741,4.152928,3.684118,5.05701,4.108412,4.50921,4.729686,5.516328,4.512397,4.436633,4.243483,4.81794,5.203732,4.960324,6.301904,5.387061,6.798253,3.084201,3.347445,6.32808,1.752672,4.218183,3.93886,5.462984,5.298217,4.420766,3.365225,4.674136,3.988614,5.05879,4.401952,2.577942,4.361441,3.679839
1975-05,3.55649,5.160147,5.60352,5.002334,6.381105,3.838807,4.246923,4.22873,5.897429,3.30064,2.780061,5.237027,6.575243,5.78028,2.76317,3.423285,4.229895,3.82341,5.165357,4.135167,4.562993,4.770176,5.581238,4.633466,4.421728,4.223324,4.8703,5.322132,5.209759,6.273877,5.36691,6.785791,3.114848,3.387774,6.323193,2.04122,4.286754,4.038303,5.512501,5.271511,4.457945,3.436243,4.777357,4.13868,5.076797,4.429745,2.71932,4.378144,3.703768
1975-06,3.619529,5.161925,5.640381,4.962145,6.42888,3.940222,4.30555,4.30366,5.967838,3.36107,2.904713,5.261965,6.575243,5.936375,2.841998,3.507957,4.270676,3.892636,5.264812,4.135966,4.620945,4.850858,5.620799,4.746409,4.462223,4.279994,4.818102,5.441205,5.406409,6.337321,5.349818,6.776176,3.132446,3.412797,6.361112,1.934416,4.37538,4.136606,5.622572,5.374769,4.499365,3.486457,4.783986,4.266335,5.106854,4.404766,2.61374,4.412556,3.747148
1975-07,3.640739,5.216076,5.726717,5.010502,6.440659,3.94197,4.371218,4.337291,5.988736,3.379633,3.038792,5.298617,6.639,5.941565,2.91723,3.540959,4.319619,3.942552,5.204666,4.173772,4.665512,4.971132,5.648305,4.853981,4.525152,4.297557,4.908972,5.492197,5.615388,6.441807,5.422745,6.79736,3.197448,3.478467,6.395095,1.972691,4.477337,4.203797,5.650839,5.442677,4.488749,3.516607,4.824466,4.286341,5.160663,4.506785,2.656757,4.456206,3.799526
1975-08,3.753262,5.337153,5.7706,5.310246,6.551966,4.050393,4.462685,4.47472,6.027169,3.458208,3.133318,5.273666,6.67121,5.94746,2.97553,3.588783,4.355939,4.181439,5.236123,4.368308,4.761233,5.010502,5.784594,4.971617,4.535606,4.403054,4.93584,5.558063,5.328264,6.446355,5.63157,6.85369,3.277145,3.600868,6.452396,2.033398,4.560487,4.302578,5.648164,5.416678,4.53582,3.522825,4.940785,4.367167,5.262431,4.566429,2.802754,4.504687,3.852698
1975-09,3.713328,5.293606,5.669777,5.263829,6.574574,3.969726,4.388878,4.415824,5.942852,3.419365,3.037354,5.178463,6.533818,5.900856,2.927453,3.54933,4.307034,4.072951,5.166784,4.382527,4.715727,4.943569,5.794659,4.888543,4.528181,4.361696,4.858183,5.521181,5.293606,6.398528,5.57682,6.810705,3.25347,3.524889,6.349873,2.184927,4.470152,4.200205,5.614915,5.308466,4.505681,3.507358,4.857406,4.277777,5.190231,4.485936,2.71668,4.432482,3.801985
1975-10,3.612808,5.289176,5.625316,5.259005,6.51928,3.920388,4.385894,4.380025,5.901485,3.356897,2.956472,5.139204,6.496564,5.931768,2.934389,3.518684,4.294833,4.044454,5.19329,4.327306,4.697111,4.879995,5.758744,4.893652,4.421848,4.279024,4.70944,5.434857,5.252797,6.384385,5.555244,6.760565,3.203559,3.472587,6.325881,1.971299,4.426283,4.107096,5.653962,5.303255,4.468663,3.471034,4.858494,4.238012,5.122117,4.431293,2.636912,4.382027,3.749975
1975-11,3.562466,5.269352,5.558872,5.195842,6.532625,3.861571,4.388754,4.317888,5.857504,3.366951,2.87976,5.085062,6.428558,5.840409,2.898671,3.510351,4.217741,3.993972,5.136622,4.258446,4.655103,4.80197,5.74582,4.856474,4.397531,4.201254,4.628105,5.405017,5.265122,6.371202,5.539026,6.743776,3.224062,3.406848,6.322547,1.896119,4.402197,4.109397,5.566128,5.244706,4.429387,3.430756,4.8231,4.204394,5.000316,4.375757,2.527327,4.317221,3.683867
1975-12,3.672242,5.387381,5.703349,5.203952,6.593099,3.851423,4.406841,4.401339,5.946493,3.470723,2.956472,5.193235,6.528163,5.902797,2.943386,3.587677,4.27277,3.963666,5.103154,4.241183,4.683981,4.802216,5.834518,4.880527,4.365262,4.260706,4.590057,5.377313,5.091847,6.356056,5.599532,6.809635,3.283164,3.439135,6.423393,1.978239,4.436278,4.153399,5.635504,5.344007,4.487625,3.461037,4.922023,4.316554,5.036563,4.436041,2.489065,4.372481,3.724729
1976-01,3.647536,5.4149,5.765003,5.225532,6.642748,3.927306,4.417152,4.428194,5.980227,3.549905,3.023347,5.242858,6.573261,5.919485,2.988204,3.628333,4.315085,3.92632,5.113132,4.15685,4.685644,4.862754,5.867318,4.856551,4.436515,4.312141,4.496582,5.362278,5.119549,6.337056,5.622645,6.83862,3.295096,3.475996,6.474569,1.924249,4.470838,4.16138,5.648058,5.403803,4.529908,3.480009,4.971964,4.421127,5.090678,4.517431,2.489065,4.401216,3.749504
1976-02,3.624874,5.413965,5.720902,5.225155,6.637337,3.908818,4.382901,4.438761,5.943482,3.53427,2.983153,5.190231,6.541535,5.916983,2.960105,3.614425,4.313078,3.960813,5.132794,4.120337,4.686381,4.81462,5.877063,4.819878,4.394696,4.282621,4.543295,5.367517,5.147785,6.336666,5.629633,6.857377,3.274121,3.467609,6.462842,1.832581,4.466138,4.123418,5.653506,5.339699,4.558183,3.485232,4.932458,4.397162,5.089323,4.471753,2.540026,4.400971,3.732178
1976-03,3.719409,5.472775,5.834752,5.373889,6.709109,4.118061,4.575123,4.583129,6.058796,3.745732,3.146305,5.280917,6.609875,6.109514,3.137666,3.79459,4.488524,4.080077,5.325154,4.342116,4.860432,4.974594,6.005589,4.990841,4.519939,4.441003,4.60427,5.498356,5.41965,6.425242,5.704649,6.948004,3.381335,3.609295,6.637376,2.174752,4.655103,4.30366,5.839391,5.479638,4.689971,3.64205,5.010769,4.520919,5.218841,4.529476,2.726545,4.537641,3.83773
1976-04,3.710152,5.436426,5.771939,5.388112,6.690109,4.171923,4.577285,4.608365,6.03517,3.792564,3.226844,5.225155,6.530586,6.13077,3.248435,3.83471,4.538603,4.127618,5.36761,4.391234,4.904385,4.992879,6.040755,5.030699,4.576462,4.513822,4.686566,5.515885,5.430222,6.388074,5.661084,6.970354,3.428813,3.654029,6.634318,2.372111,4.689236,4.307572,5.878296,5.448546,4.754366,3.710641,5.053822,4.567261,5.203127,4.569336,2.843164,4.568714,3.871409
1976-05,3.694116,5.431536,5.800365,5.386191,6.695317,4.164803,4.586497,4.601062,6.063529,3.857989,3.16674,5.252064,6.604296,6.092712,3.232779,3.838161,4.5712,4.145196,5.365789,4.362207,4.908012,5.00656,6.086093,5.089077,4.62124,4.514041,4.653675,5.580899,5.387015,6.459638,5.668363,6.972625,3.393837,3.628864,6.661151,2.33602,4.714742,4.375505,5.903698,5.509793,4.743366,3.719166,5.098341,4.564973,5.246076,4.594008,2.892592,4.586395,3.87245
1976-06,3.708682,5.447168,5.758334,5.342334,6.681231,4.219949,4.539137,4.581799,6.01796,3.834926,3.171784,5.231804,6.553406,6.092599,3.249599,3.792564,4.573267,4.082272,5.389802,4.362207,4.905201,5.042328,6.098389,5.132558,4.569336,4.535284,4.708809,5.591509,5.494953,6.478464,5.669398,6.98963,3.375196,3.608753,6.645988,2.308567,4.67479,4.31147,5.88591,5.490465,4.746062,3.706228,5.047417,4.519394,5.213086,4.548176,2.875822,4.570268,3.878052
1976-07,3.657131,5.444105,5.782932,5.284573,6.649179,4.224642,4.528289,4.546269,5.985748,3.742894,3.146305,5.207681,6.517967,6.07143,3.232384,3.735286,4.538175,4.055084,5.397167,4.406353,4.926384,5.017015,6.058165,5.154389,4.527101,4.60427,4.680649,5.589456,5.590278,6.538082,5.646259,6.946659,3.372455,3.591542,6.647169,2.136531,4.678235,4.309859,5.891036,5.424333,4.757462,3.71406,4.981344,4.441121,5.198552,4.504134,2.785628,4.552297,3.857778
1976-08,3.651697,5.464933,5.780311,5.335372,6.61982,4.219361,4.520483,4.582822,6.021533,3.72497,3.117065,5.172868,6.546599,6.058492,3.157426,3.739573,4.550186,4.114964,5.47993,4.406475,4.971756,5.062215,6.06634,5.306434,4.611749,4.534318,4.626344,5.790572,5.585899,6.483734,5.722604,7.003211,3.40053,3.651956,6.692667,2.322388,4.693181,4.375631,5.85249,5.420048,4.782898,3.679334,4.968563,4.473922,5.376019,4.579442,2.833213,4.563202,3.682861
1976-09,3.670206,5.477175,5.818063,5.331075,6.646274,4.260706,4.416307,4.599454,5.997248,3.70721,3.112181,5.192401,6.536329,6.035386,3.161247,3.718681,4.526019,4.082441,5.454894,4.353499,4.947766,5.04992,6.060944,5.25661,4.600861,4.565389,4.566117,5.779786,5.512985,6.477711,5.745308,7.015587,3.398527,3.634687,6.695799,2.235376,4.683612,4.336637,5.814131,5.45737,4.781725,3.656098,4.921367,4.416428,5.369568,4.643429,2.768832,4.565805,3.693369
1976-10,3.625407,5.476547,5.81425,5.315912,6.676315,4.202152,4.431531,4.584967,5.988961,3.670715,3.07639,5.204885,6.554588,5.996925,3.145875,3.708682,4.505571,4.077198,5.408964,4.319752,4.930581,5.026049,6.058305,5.255775,4.608564,4.613138,4.451319,5.758555,5.421862,6.462031,5.765661,7.049376,3.37827,3.609566,6.691786,2.036012,4.674043,4.215086,5.786161,5.474747,4.738214,3.635742,4.970022,4.380901,5.348107,4.676001,2.74663,4.561218,3.670715
1976-11,3.645972,5.477342,5.813235,5.291142,6.738437,4.197803,4.42688,4.635117,5.982272,3.688129,3.153163,5.228109,6.592263,5.998837,3.148882,3.699572,4.53871,4.116432,5.435031,4.343156,4.931303,5.068778,6.114412,5.296466,4.623108,4.582515,4.511409,5.764376,5.490754,6.518823,5.800455,7.062346,3.454738,3.635215,6.717998,1.9947,4.712139,4.254193,5.810093,5.512864,4.733387,3.646494,4.972656,4.389623,5.325787,4.691623,2.811809,4.575741,3.683616
1976-12,3.643359,5.457413,5.771753,5.261809,6.739384,4.15982,4.451669,4.63113,5.960051,3.686126,3.114848,5.177956,6.555385,5.971925,3.133318,3.683867,4.553561,4.099995,5.369847,4.260283,4.900969,5.015755,6.094833,5.233352,4.547753,4.570475,4.553245,5.743644,5.443413,6.503884,5.787204,7.075065,3.422306,3.603594,6.681858,2.018895,4.645832,4.173618,5.815145,5.492032,4.691898,3.601959,4.968563,4.360037,5.331559,4.697567,2.788093,4.578929,3.665099
1977-01,3.670206,5.485875,5.743516,5.172924,6.755885,4.157319,4.430102,4.671239,5.943298,3.762827,3.13201,5.114875,6.453341,5.914988,3.15955,3.730501,4.588939,4.100161,5.362184,4.251491,4.915738,5.004617,6.076127,5.267858,4.629277,4.611947,4.595827,5.720672,5.447211,6.509097,5.810482,7.093704,3.472898,3.621136,6.681193,1.911023,4.6718,4.253625,5.832,5.467723,4.732507,3.624874,5.021839,4.38689,5.331365,4.71689,2.816606,4.599655,3.682358
1977-02,3.760502,5.53157,5.748182,5.257495,6.792704,4.247924,4.571096,4.752987,5.977847,3.825375,3.280535,5.158193,6.521239,6.009403,3.218876,3.737431,4.660132,4.183423,5.430354,4.321878,4.988662,5.034742,6.180306,5.316943,4.718677,4.664853,4.610655,5.545607,5.508011,6.57555,5.867968,7.124792,3.557631,3.723764,6.71202,2.076938,4.731362,4.270117,5.874509,5.517694,4.784822,3.690129,5.036823,4.424727,5.429214,4.785406,2.939691,4.679257,3.758639
1977-03,3.723281,5.496266,5.69198,5.199657,6.739668,4.189048,4.532492,4.728272,5.895944,3.826247,3.334345,5.042457,6.447496,5.959948,3.241811,3.72062,4.603869,4.13868,5.365181,4.333886,4.938136,4.997415,6.156831,5.2867,4.749703,4.689419,4.612146,5.510076,5.48807,6.588775,5.872061,7.125854,3.563883,3.724005,6.678367,2.119863,4.688592,4.183423,5.761517,5.448589,4.75471,3.681603,4.95864,4.303524,5.383118,4.725084,2.93492,4.644968,3.727138
1977-04,3.777348,5.472397,5.707476,5.205709,6.730266,4.147253,4.479153,4.698752,5.870426,3.785779,3.236323,5.032266,6.46451,5.948035,3.220874,3.669187,4.589955,4.155126,5.353847,4.278609,4.929425,4.987708,6.126389,5.278727,4.724374,4.653675,4.757634,5.452539,5.515483,6.542558,5.829093,7.122326,3.494384,3.699572,6.671628,2.13771,4.671987,4.15638,5.76854,5.471766,4.718767,3.652734,4.94057,4.279163,5.357529,4.724197,2.912351,4.627616,3.711863
1977-05,3.730981,5.468735,5.696422,5.166042,6.699722,4.1606,4.467057,4.640923,5.834781,3.770459,3.229222,5.055035,6.438583,5.94075,3.204777,3.665867,4.596836,4.145354,5.369335,4.327438,4.974524,5.026181,6.072975,5.268064,4.744845,4.654151,4.755485,5.477885,5.52613,6.531825,5.82541,7.109397,3.480625,3.707456,6.664868,2.061787,4.679535,4.179298,5.754476,5.470294,4.71689,3.668677,4.918447,4.221124,5.344867,4.717963,2.927989,4.623207,3.716981
1977-06,3.729781,5.476422,5.663689,5.146331,6.720124,4.109562,4.47472,4.647655,5.827798,3.792338,3.244933,5.018405,6.382493,5.945656,3.182212,3.684369,4.618777,4.221271,5.378191,4.395066,5.014362,5.068464,6.103587,5.289579,4.848587,4.733212,4.708358,5.485792,5.48297,6.557233,5.839478,7.115907,3.475686,3.713572,6.603442,2.09433,4.704653,4.170688,5.764533,5.458095,4.766013,3.642836,4.875579,4.227418,5.341233,4.780551,2.970927,4.646024,3.73146
1977-07,3.77872,5.466794,5.677199,5.118114,6.724854,4.042174,4.492897,4.638412,5.792831,3.73981,3.229222,5.010035,6.391448,5.912178,3.170526,3.642574,4.583333,4.213312,5.317875,4.408912,5.009168,5.041229,6.082219,5.331849,4.811615,4.768903,4.65928,5.394945,5.369009,6.562543,5.848171,7.116548,3.489513,3.706719,6.576915,2.10657,4.713666,4.213756,5.702515,5.462984,4.772886,3.642574,4.832385,4.244917,5.310246,4.781138,2.98366,4.648804,3.726175
1977-08,3.778492,5.504396,5.72789,5.085681,6.776598,4.092343,4.558393,4.795377,5.8733,3.817273,3.348148,5.035913,6.388696,5.908246,3.783962,3.702782,4.586191,3.955274,5.32603,4.377768,5.047674,5.048188,6.132421,5.446737,4.768649,4.703748,4.681019,5.250282,5.400739,6.518985,5.978278,7.09711,3.579344,3.720136,6.480045,1.905088,4.741361,4.277915,5.723062,5.469873,4.862831,3.670461,4.841348,4.364117,5.323644,4.823904,3.002211,4.67451,3.669697
1977-09,3.76746,5.521701,5.77306,5.045101,6.795135,4.138521,4.524177,4.806886,5.854556,3.803101,3.403195,4.99701,6.387603,5.891976,3.752324,3.686126,4.5486,3.946618,5.248602,4.371976,4.975284,5.042844,6.111578,5.423363,4.735672,4.720283,4.705468,5.182738,5.301961,6.512429,5.982474,7.109299,3.481548,3.725693,6.506083,1.924249,4.703657,4.257597,5.672189,5.451296,4.838422,3.650139,4.847332,4.378395,5.353941,4.830711,3.001714,4.668896,3.681603
1977-10,3.744787,5.525333,5.798699,5.058409,6.810142,4.124227,4.562993,4.787825,5.875745,3.808882,3.392157,5.051137,6.418968,5.859389,3.715765,3.672242,4.523309,3.929863,5.184084,4.426044,4.948689,5.049086,6.111157,5.384449,4.713397,4.644295,4.671239,5.165985,5.2496,6.457288,5.941328,7.072863,3.473208,3.721105,6.513645,1.848455,4.673856,4.270816,5.633753,5.452197,4.79455,3.664074,4.89485,4.442534,5.366069,4.826472,3.004692,4.645448,3.679586
1977-11,3.702042,5.526727,5.801302,5.065123,6.796589,4.10132,4.540205,4.779039,5.871301,3.830596,3.502249,5.063228,6.398928,5.851685,3.738622,3.688379,4.512397,3.945071,5.122892,4.410493,4.97404,5.023617,6.150198,5.345201,4.693822,4.644968,4.809824,5.125808,5.246024,6.465989,5.955682,7.104226,3.498022,3.720862,6.487029,1.880991,4.673576,4.281377,5.617571,5.445487,4.783651,3.652475,4.884013,4.464758,5.356209,4.845367,2.983153,4.644391,3.688129
1977-12,3.659965,5.472313,5.766882,5.020123,6.772989,3.99305,4.508659,4.794136,5.800818,3.809769,3.427515,5.08339,6.369404,5.817022,3.703029,3.662279,4.501142,3.809769,5.117934,4.380776,4.915665,5.03194,6.125733,5.313304,4.753073,4.544677,4.757204,5.043554,5.216836,6.428024,5.919028,7.052228,3.469168,3.692871,6.462717,1.86408,4.619763,4.234541,5.539379,5.398117,4.749011,3.61792,4.855462,4.431174,5.290235,4.792148,2.937043,4.585376,3.646755
1978-01,3.724247,5.499379,5.790541,5.070287,6.791491,4.051959,4.617988,4.859037,5.816367,3.899748,3.540089,5.116076,6.426618,5.838576,3.764219,3.723039,4.565285,3.855664,5.125213,4.425685,4.979145,5.074799,6.116576,5.386923,4.77466,4.602467,4.785072,5.08041,5.258328,6.457162,5.951788,7.05997,3.54818,3.771611,6.49911,1.931521,4.68139,4.301765,5.595009,5.434726,4.813484,3.675794,4.905053,4.497474,5.340994,4.869993,3.02965,4.631617,3.701549
1978-02,3.80644,5.492032,5.793715,5.037991,6.769826,4.05647,4.647175,4.897616,5.809763,3.903789,3.652993,5.166099,6.425388,5.897209,3.772301,3.707701,4.566221,3.864722,5.166841,4.419684,4.994506,5.058028,6.104079,5.400874,4.745628,4.736637,4.777862,5.098829,5.228431,6.47611,5.942773,7.078139,3.570377,3.789403,6.545781,1.941615,4.69043,4.305685,5.582067,5.439253,4.824707,3.701796,4.892527,4.51612,5.313255,4.85164,3.046425,4.644679,3.718438
1978-03,3.741946,5.441638,5.746427,5.033375,6.70581,4.024637,4.61858,4.819152,5.731268,3.841601,3.598955,5.096813,6.450502,5.840031,3.763059,3.691875,4.480514,3.78009,5.116676,4.474948,4.918374,5.044457,6.069397,5.330446,4.681576,4.835647,4.815836,5.044135,5.169176,6.401436,5.89134,7.035489,3.521052,3.718924,6.53296,1.890095,4.632299,4.242046,5.518095,5.3924,4.80525,3.658162,4.824788,4.434145,5.259473,4.776852,3.022374,4.583027,3.683113
1978-04,3.743368,5.456986,5.735766,5.029457,6.703029,4.008968,4.643044,4.818587,5.694843,3.868698,3.630456,5.059806,6.410652,5.783671,3.772991,3.685122,4.475289,3.800197,5.068086,4.484809,4.912728,5.014694,6.068264,5.365602,4.638992,4.820362,4.757462,5.021905,5.190119,6.379665,5.878604,7.061266,3.528711,3.742657,6.480903,1.953028,4.610357,4.22508,5.468988,5.364105,4.79546,3.67097,4.807213,4.47904,5.252954,4.807703,3.036874,4.58016,3.677313
1978-05,3.829511,5.464679,5.789195,5.053886,6.738378,4.085472,4.732772,4.926311,5.714294,3.940416,3.724488,5.083514,6.452017,5.819697,3.847591,3.715278,4.529045,3.855876,5.138031,4.520701,4.953077,5.044263,6.125405,5.456346,4.698843,4.950319,4.787325,5.073297,5.124143,6.400955,5.897044,7.083757,3.598134,3.822973,6.442174,2.065596,4.670396,4.246923,5.513146,5.394627,4.839372,3.723039,4.825189,4.545102,5.298517,4.847018,3.150597,4.623599,3.728821
1978-06,3.842244,5.519579,5.889016,5.095528,6.82066,4.170688,4.866765,5.03344,5.840816,4.015121,3.790759,5.208064,6.534748,5.931343,3.943715,3.77872,4.622126,3.976874,5.222516,4.080077,5.065628,5.160491,6.200631,5.579503,4.821249,5.000046,4.735233,5.120924,5.242805,6.47728,5.893245,7.135273,3.654547,3.901973,6.570533,2.199444,4.788574,4.391729,5.620799,5.52258,4.937419,3.79414,4.935552,4.644679,5.391944,4.94535,3.245712,4.715011,3.807773
1978-07,3.975561,5.559874,6.006624,5.140727,6.837408,4.236856,4.937061,5.074424,5.885659,4.056816,3.867653,5.236867,6.585164,5.945421,4.01458,3.80644,4.644679,3.998017,5.245286,4.129068,5.120685,5.238302,6.173703,5.710394,4.860277,5.019661,4.847803,5.143592,5.289831,6.484299,5.891423,7.11684,3.720136,3.960432,6.578139,2.265921,4.817698,4.432244,5.639208,5.554973,4.957094,3.839022,4.926021,4.7333,5.400739,4.966892,3.27903,4.724729,3.850786
1978-08,4.066288,5.572458,6.037775,5.118473,6.838394,4.100824,4.871986,5.092031,5.85976,4.006969,3.875359,5.254836,6.615114,5.893879,4.080753,3.815953,4.60056,3.858833,5.136034,4.154028,5.099805,5.147611,6.121396,5.723291,5.637251,5.649749,4.697476,5.014096,5.437818,6.40132,5.945133,7.13951,4.00915,3.913023,6.50689,2.723924,4.842296,4.403054,5.566587,5.643147,4.966823,3.816833,4.907199,4.738214,5.291947,4.952441,3.310908,4.669927,3.786233
1978-09,4.084631,5.591285,6.104056,5.175245,6.88253,4.170534,4.943783,5.160778,5.929243,4.021774,4.063542,5.3099,6.702403,5.944452,4.121473,3.853122,4.683519,3.884857,5.210742,4.192983,5.15986,5.229396,6.162978,5.903425,5.731073,5.899212,4.796204,5.090001,5.456346,6.438008,5.968912,7.153513,4.065602,3.997466,6.601176,2.900322,4.902827,4.475972,5.691946,5.716863,5.078107,3.869533,4.95864,4.794302,5.350673,4.991045,3.352707,4.725971,3.844172
1978-10,4.172848,5.608519,6.142618,5.213413,6.887818,4.200954,5.075799,5.22494,5.952178,4.074992,4.13164,5.339651,6.696553,5.983105,4.146304,3.961384,4.760549,3.986202,5.209541,4.245634,5.196783,5.254522,6.201543,5.976833,5.764846,5.925805,4.778703,5.162841,5.447427,6.494646,5.97116,7.173797,4.1662,4.046204,6.665276,3.080992,4.95632,4.513822,5.743836,5.75726,5.113192,3.947776,5.008834,4.924569,5.395036,5.052417,3.452524,4.783567,3.911623
1978-11,4.181286,5.605729,6.104726,5.221004,6.905162,4.17007,4.998967,5.21096,5.916983,4.064229,4.034771,5.310888,6.66772,5.976173,4.103139,3.984902,4.735848,4.003508,5.22014,4.222884,5.187777,5.204391,6.208972,5.892169,5.868308,5.886493,4.798267,5.195066,5.450266,6.541405,5.962525,7.206147,4.098171,4.019262,6.610265,2.998229,4.927616,4.517431,5.742875,5.709135,5.090863,3.93261,4.983881,4.90816,5.387609,5.035458,3.470412,4.776515,3.898127
1978-12,3.936716,5.518456,6.004109,5.062595,6.819186,4.001132,4.788824,5.088892,5.82417,3.89447,3.75373,5.146797,6.541924,5.872399,3.938665,3.77391,4.563306,3.775974,5.089816,4.044103,5.041488,5.053822,6.094765,5.724696,5.666738,5.770444,4.703385,5.110541,5.24634,6.43088,5.882012,7.159953,3.901569,3.827554,6.531956,2.672768,4.750395,4.3042,5.633682,5.641446,4.898511,3.754667,4.852655,4.650813,5.273717,4.892977,3.156575,4.664759,3.71113
1979-01,4.028561,5.51669,6.024609,5.101694,6.835314,4.002047,4.920127,5.105642,5.846699,3.923161,3.857567,5.198939,6.582011,5.884158,3.965943,3.809769,4.57821,3.768384,5.092092,4.070393,5.075174,5.075361,6.074288,5.815055,5.706712,5.834869,4.551769,5.128241,5.306037,6.483398,5.903043,7.19557,3.924544,3.87349,6.575564,2.792391,4.810638,4.38776,5.627729,5.664348,4.889597,3.809547,4.869456,4.70953,5.281476,4.937419,3.195812,4.677398,3.745496
1979-02,4.043227,5.518497,6.104548,5.128478,6.856546,3.987501,4.954488,5.133089,5.8609,3.929273,3.998934,5.195675,6.62086,5.881231,3.980055,3.790307,4.59026,3.791887,5.09828,4.049522,5.102546,5.071103,6.068426,5.836213,5.739085,5.886354,4.614328,5.164557,5.283711,6.516844,5.882988,7.193107,3.952781,3.873282,6.688828,2.818995,4.815512,4.455974,5.610241,5.712808,4.876418,3.843958,4.851718,4.677305,5.28589,4.960184,3.237894,4.686842,3.775516
1979-03,4.091674,5.563907,6.103185,5.191344,6.861973,4.047952,5.00072,5.195066,5.901923,4.032469,3.973118,5.23793,6.628478,5.941775,4.044103,3.799302,4.67656,3.857144,5.223324,4.129229,5.157963,5.111807,6.12223,5.917253,5.765254,5.924951,4.707907,5.270484,5.361902,6.547431,5.939065,7.228896,3.992681,3.925137,6.72163,2.926918,4.878703,4.475858,5.754761,5.718474,4.914858,3.903184,4.917862,4.742669,5.316256,5.016949,3.303217,4.753245,3.848018
1979-04,4.043753,5.50293,6.058773,5.146156,6.822143,3.96689,4.936127,5.170314,5.844529,4.008968,3.920586,5.158768,6.586144,5.911826,3.995077,3.793465,4.638895,3.827118,5.177674,4.067658,5.131436,5.047481,6.071523,5.773588,5.697731,5.861925,4.775082,5.260615,5.345344,6.555897,5.913449,7.207008,3.88691,3.875566,6.684774,2.816606,4.82302,4.43947,5.738345,5.650839,4.85203,3.881564,4.870837,4.695559,5.279033,5.012434,3.277522,4.713666,3.795939
1979-05,4.111038,5.529627,6.102894,5.218462,6.869181,4.041295,5.026574,5.19706,5.896522,4.093844,4.05439,5.199215,6.631686,6.001068,4.057335,3.866398,4.71169,3.960432,5.269506,4.10874,5.202907,5.095222,6.13511,5.83776,5.763089,5.913692,4.804267,5.350957,5.494706,6.64306,5.929616,7.205108,3.994156,3.957188,6.752142,3.023347,4.902382,4.564765,5.832117,5.697899,4.941714,3.947969,4.92515,4.782982,5.329525,5.102546,3.416743,4.773984,3.878466
1979-06,4.163249,5.527602,6.074104,5.240158,6.86709,4.110054,5.02118,5.230788,5.91407,4.096509,4.040768,5.208611,6.652114,5.978835,4.132282,3.874529,4.737251,3.988799,5.258589,4.117736,5.198994,5.091601,6.155919,5.828122,5.74422,5.922195,4.841111,5.327148,5.412449,6.69155,5.896714,7.183233,4.029984,3.993972,6.752352,3.04595,4.915885,4.597743,5.819697,5.679763,4.941642,3.947004,4.930437,4.843872,5.348345,5.115836,3.435599,4.790903,3.898532
1979-07,4.162782,5.506956,6.108914,5.188056,6.829123,4.112184,4.983059,5.197779,5.877848,4.097506,3.994156,5.230092,6.610292,5.942484,4.114637,3.853758,4.728449,3.979869,5.224563,4.11071,5.17196,5.076361,6.127328,5.761863,5.724043,5.920801,4.910668,5.356114,5.476087,6.660357,5.900199,7.166644,4.00369,3.986759,6.735138,3.006178,4.895823,4.561741,5.805376,5.662822,4.945207,3.930452,4.895449,4.811045,5.355973,5.116736,3.415429,4.784905,3.880326
1979-08,4.128102,5.55032,6.129137,5.275458,6.897503,4.188745,4.896944,5.24291,5.884046,4.078215,4.007333,5.251226,6.621805,5.972384,4.110382,3.861571,4.722153,4.059408,5.250859,4.099498,5.178238,5.125748,6.146393,5.799456,5.822454,5.835483,4.87007,5.568115,5.745084,6.619927,6.000375,7.127092,4.010782,3.898127,6.550437,3.187592,4.924351,4.610655,5.830239,5.687755,5.016882,3.945264,4.912655,4.774744,5.410753,5.196838,3.446489,4.810964,3.887935
1979-09,4.133565,5.572344,6.143198,5.281476,6.94429,4.216267,4.97321,5.279135,5.901129,4.092843,4.091006,5.259109,6.615248,6.020878,4.102147,3.864931,4.756431,4.096343,5.2924,4.16138,5.195565,5.145516,6.169966,5.836213,5.855416,5.857076,4.844659,5.607895,5.70578,6.638633,6.015572,7.125798,4.003325,3.950282,6.516297,3.174297,4.942142,4.609361,5.82201,5.711883,5.107641,3.961194,4.921367,4.808356,5.435772,5.226123,3.539219,4.852967,3.898532
1979-10,4.190261,5.651401,6.183014,5.388798,7.019699,4.318288,5.011168,5.352663,5.960516,4.194341,4.198254,5.332332,6.710828,6.092531,4.16651,3.90076,4.842611,4.143452,5.361292,4.203199,5.254574,5.195232,6.20706,5.948896,6.009697,5.989838,4.973418,5.663342,5.734635,6.712847,6.027362,7.145693,4.102313,4.018363,6.549221,3.276767,5.009234,4.727476,5.896989,5.766225,5.182008,4.038303,5.006828,4.867304,5.484921,5.27382,3.669442,4.894027,3.953165
1979-11,4.174233,5.63718,6.134937,5.376158,6.965043,4.350794,5.061962,5.357058,5.92479,4.177306,4.187531,5.305392,6.755489,6.115274,4.167285,3.873906,4.835726,4.169143,5.38399,4.151827,5.246182,5.101816,6.225825,5.945002,6.040231,5.963117,5.103518,5.694607,5.764156,6.770445,5.99978,7.119328,4.097672,4.009331,6.52456,3.251537,4.993896,4.746496,5.91666,5.72815,5.149817,4.075332,4.985181,4.824868,5.452068,5.271922,3.647536,4.891176,3.950282
1979-12,4.072951,5.552029,6.085751,5.274895,6.926577,4.249637,4.969397,5.282747,5.849382,4.077876,4.12196,5.225048,6.719001,6.029483,4.056643,3.770459,4.724641,4.116106,5.257495,4.118875,5.151672,5.031091,6.095059,5.850189,5.99441,5.870765,5.0223,5.575343,5.580296,6.751522,5.932033,7.067124,3.985088,3.911423,6.442046,3.128513,4.9202,4.666171,5.809313,5.650311,5.026771,3.987316,4.892527,4.701752,5.333009,5.1779,3.507358,4.783484,3.850786
1980-01,4.197803,5.606427,6.108514,5.349581,6.981108,4.291692,5.068401,5.305243,5.858904,4.150567,4.294288,5.301512,6.79194,6.084659,4.056296,3.803101,4.764564,4.204991,5.253163,4.185251,5.224402,5.070161,6.041444,6.012223,6.144443,5.973861,5.130727,5.659273,5.745276,6.833484,5.997273,7.108547,4.064572,4.005878,6.522108,3.285038,4.990228,4.764564,5.802934,5.651612,5.086361,4.062682,4.923478,4.708809,5.368543,5.253738,3.491952,4.851561,3.925137
1980-02,4.278747,5.636538,6.11109,5.385183,7.007718,4.356324,5.168664,5.351289,5.898389,4.19419,4.409277,5.34353,6.80086,6.133246,4.096176,3.874944,4.789573,4.271374,5.329961,4.254051,5.254261,5.113914,6.051124,6.10267,6.178421,6.063878,5.389254,5.782932,5.800122,6.864733,5.98005,7.089277,4.073121,4.059581,6.53063,3.417727,5.028148,4.827593,5.845861,5.665804,5.121401,4.151512,4.938996,4.760977,5.386282,5.274332,3.575151,4.860665,3.979682
1980-03,4.276388,5.677199,6.18384,5.487656,7.001382,4.458293,5.22709,5.390532,5.921793,4.205588,4.481306,5.349818,6.775126,6.204214,4.200505,3.943328,4.83525,4.385645,5.490135,4.356837,5.332477,5.190231,6.141693,6.32849,6.356958,6.154561,5.549815,5.934577,5.873525,6.995107,5.989638,7.068146,4.128907,4.133726,6.602126,3.484926,5.10637,4.92246,5.913368,5.687789,5.207462,4.209606,4.935337,4.810231,5.368636,5.320372,3.656098,4.905793,4.052654
1980-04,4.294151,5.617171,6.090812,5.458947,6.942437,4.446643,5.162727,5.310987,5.873919,4.194642,4.449919,5.285536,6.726401,6.197543,4.137883,3.940416,4.809824,4.342506,5.484423,4.295243,5.29456,5.137973,6.075231,6.226695,6.258931,6.19856,5.633861,5.966916,5.863887,7.112694,5.944216,7.034925,4.051785,4.106273,6.563065,3.514824,5.080534,4.875426,5.931184,5.677438,5.15635,4.187531,4.874052,4.751001,5.25614,5.225478,3.626206,4.887262,4.03105
1980-05,4.100492,5.507646,6.07263,5.301662,6.93026,4.318954,5.084938,5.188558,5.825174,4.130355,4.398392,5.260875,6.696318,6.063692,3.986945,3.77872,4.647751,4.175464,5.268683,4.079569,5.165015,5.043425,5.96881,6.090201,6.138914,6.027724,5.316992,5.751906,5.623006,6.920049,5.868138,7.02648,3.924347,3.929077,6.414295,3.31854,4.955052,4.772124,5.775421,5.604772,5.003544,4.026066,4.795708,4.60427,5.214283,5.147087,3.376563,4.761148,3.858833
1980-06,4.153713,5.588185,6.107446,5.132381,7.021584,4.277777,5.170029,5.215479,5.864852,4.162937,4.513165,5.368822,6.741134,6.110713,3.965753,3.836437,4.696929,4.221271,5.287661,4.102147,5.161352,5.065691,5.93946,6.05917,6.154455,6.044934,5.32603,5.747161,5.630315,6.989031,5.975996,7.120711,4.0004,4.011325,6.411046,3.442979,4.99016,4.741361,5.790724,5.655677,5.012833,4.069027,4.849997,4.668051,5.294711,5.213794,3.478776,4.821249,3.945651
1980-07,4.218183,5.665873,6.158694,5.217107,7.098913,4.331785,5.207298,5.301712,5.918974,4.186924,4.546587,5.45656,6.806254,6.177571,4.053696,3.864302,4.784153,4.250636,5.340514,4.139477,5.212977,5.133207,5.95969,6.05903,6.147784,6.073021,5.427018,5.803748,5.901813,7.020754,6.014815,7.175643,4.038303,4.101817,6.432924,3.533395,5.051585,4.77988,5.855874,5.70711,5.117275,4.181592,4.937993,4.785907,5.36789,5.279593,3.575431,4.905645,3.995445
1980-08,4.309993,5.694405,6.121505,5.458351,7.164991,4.313078,5.049279,5.307327,5.906642,4.21272,4.701843,5.231429,6.68301,6.152456,4.083452,3.859887,4.805168,4.469007,5.34844,3.63627,5.262016,5.11247,5.980277,5.956873,6.176865,6.006747,5.59538,5.713436,5.989988,6.83878,6.138051,7.140493,4.069539,4.146304,6.359072,3.666889,5.000652,4.679535,5.867233,5.673976,5.093075,4.167595,4.960184,4.753073,5.317973,5.359742,3.590439,4.927616,3.902982
1980-09,4.399007,5.742554,6.228807,5.543692,7.235417,4.430817,5.108367,5.410797,6.003344,4.350407,4.897392,5.315666,6.754184,6.232743,4.129873,3.964615,4.912802,4.670958,5.466582,3.728821,5.371847,5.247498,6.099534,6.06942,6.26153,6.155537,5.65718,5.798031,6.04801,6.855124,6.131292,7.15027,4.223617,4.253483,6.494132,3.931826,5.134386,4.874892,5.967812,5.748278,5.242435,4.279163,5.057392,4.842532,5.34825,5.378514,3.678071,4.973764,3.986017
1980-10,4.49368,5.740564,6.210078,5.549387,7.282727,4.50092,5.123547,5.454509,6.006181,4.362461,4.928485,5.341808,6.741878,6.258108,4.170843,4.007697,4.914345,4.710611,5.478428,3.768845,5.375973,5.231697,6.136647,6.079773,6.293807,6.153923,5.747608,5.83773,6.046166,6.889856,6.114655,7.194662,4.256463,4.312141,6.525616,4.102478,5.19279,4.894476,5.960103,5.764752,5.251226,4.344065,5.056437,4.846939,5.339315,5.398298,3.758406,5.012434,4.041471
1980-11,4.519285,5.725707,6.200976,5.558256,7.262979,4.566221,5.133502,5.53493,6.007166,4.385147,4.995725,5.381739,6.772703,6.275477,3.771611,3.97856,4.930437,4.769413,5.521101,3.85397,5.433897,5.248286,6.181486,6.118406,6.335178,6.184685,5.93896,5.921578,6.113903,6.956079,6.108314,7.174678,4.286754,4.372734,6.544933,4.198404,5.244864,4.944994,5.945996,5.77511,5.275305,4.409885,5.050241,4.878703,5.325203,5.433547,3.802431,5.051841,4.085976
1980-12,4.574917,5.712048,6.165418,5.560643,7.297992,4.602868,5.113733,5.525134,6.009501,4.40391,5.007898,5.415033,6.741181,6.263208,3.793239,3.992312,4.940642,4.898362,5.505941,3.919594,5.465018,5.268167,6.13643,6.08632,6.316135,6.183695,5.899925,5.932351,6.11726,7.031679,6.120583,7.141878,4.301223,4.408182,6.563263,4.30582,5.263105,4.962915,5.960567,5.759249,5.342621,4.412313,5.040129,4.86314,5.333588,5.383439,3.820565,5.066637,4.141705
1981-01,4.691256,5.693362,6.158292,5.558641,7.317339,4.737776,5.290134,5.547402,6.064436,4.429149,5.144408,5.502808,6.816177,6.356871,3.836006,3.971046,4.985454,5.002872,5.555089,4.04112,5.585749,5.377082,6.117965,6.241328,6.48349,6.32965,5.897319,6.025745,6.251384,7.249521,6.183283,7.119336,4.338989,4.501364,6.643633,4.430579,5.373378,5.14061,6.015376,5.80411,5.437775,4.497028,5.040259,4.851952,5.356916,5.363871,3.777806,5.145749,4.242333
1981-02,4.629082,5.708969,6.233214,5.513993,7.321341,4.643236,5.284117,5.56072,6.057884,4.405865,5.173038,5.521421,6.86891,6.333333,3.777806,3.952781,4.950815,4.912287,5.525134,3.970858,5.542596,5.328701,6.115804,6.296207,6.50339,6.379597,5.705714,5.984163,6.147742,7.136698,6.161735,7.091759,4.285516,4.484583,6.66037,4.425086,5.325933,5.114875,5.984717,5.776165,5.398253,4.449335,5.04761,4.859114,5.446349,5.415389,3.785098,5.143241,4.258587
1981-03,4.650526,5.73156,6.277527,5.557793,7.307491,4.553666,5.295614,5.552145,6.045408,4.479267,5.192012,5.487242,6.854207,6.339989,3.789855,4.05439,4.953642,4.788574,5.531966,3.927896,5.482595,5.303255,6.11726,6.225251,6.374053,6.284078,5.585562,5.910634,6.059333,7.027625,6.131553,7.145551,4.287579,4.467057,6.574574,4.202451,5.252954,5.012833,6.000276,5.778302,5.418941,4.422929,5.060568,4.880375,5.43394,5.395081,3.779177,5.107036,4.187683
1981-04,4.587108,5.737346,6.343775,5.582631,7.334473,4.576874,5.346202,5.572496,6.134655,4.49892,5.161179,5.5203,6.886491,6.38229,3.769076,4.077707,4.99315,4.786658,5.547479,3.909018,5.513429,5.31424,6.174078,6.180244,6.358916,6.273631,5.521901,5.87597,6.05183,7.028529,6.108892,7.14656,4.346917,4.430936,6.56899,4.133405,5.256662,5.016153,6.061061,5.869297,5.455791,4.405865,5.093382,4.949327,5.463069,5.406813,3.775516,5.123845,4.202302
1981-05,4.629375,5.812158,6.372586,5.656446,7.382964,4.69199,5.475668,5.641198,6.163273,4.576256,5.310147,5.557523,6.936343,6.404038,3.866398,4.146304,5.087535,4.836441,5.739278,4.00606,5.558564,5.402722,6.261492,6.206132,6.370569,6.321344,5.651647,6.119286,6.090472,7.006133,6.129595,7.206125,4.402687,4.535713,6.595985,4.251633,5.345058,5.081653,6.132595,5.918141,5.564942,4.518304,5.219436,5.03838,5.4884,5.515523,3.896503,5.184925,4.254193
1981-06,4.729598,5.812727,6.352838,5.635611,7.392937,4.784153,5.481763,5.699004,6.162262,4.553034,5.37699,5.578559,6.987093,6.382357,3.907814,4.244057,5.076361,4.755657,5.721983,4.00915,5.56122,5.430792,6.277414,6.216247,6.369661,6.307515,5.655502,5.908137,6.019177,6.927656,6.096748,7.266129,4.463376,4.577696,6.585454,4.313078,5.365649,5.118892,6.083588,5.88849,5.594972,4.50921,5.252169,5.080907,5.488359,5.538121,3.883829,5.184757,4.280132
1981-07,4.775166,5.816546,6.411638,5.691507,7.404358,4.838343,5.537452,5.748373,6.156449,4.568714,5.4903,5.640843,6.999313,6.363183,3.93847,4.246636,5.084381,4.714473,5.698502,3.947004,5.546739,5.456901,6.29757,6.204255,6.348177,6.308972,5.671845,5.893466,6.021727,6.882848,6.104548,7.317292,4.455626,4.602266,6.610588,4.429506,5.405826,5.187498,6.097108,5.867629,5.642581,4.526127,5.27223,5.110662,5.538239,5.54892,3.87245,5.201862,4.325456
1981-08,4.639861,5.774986,6.384857,5.745404,7.430731,4.665324,5.35866,5.661744,6.118119,4.547435,5.391899,5.299816,6.80894,6.387939,3.930845,4.254477,5.014229,4.817617,5.540479,4.466598,5.504193,5.208338,6.291143,6.112243,6.06339,6.278465,5.015689,5.990839,5.89029,6.533498,6.187936,7.104152,4.486274,4.552824,6.319094,4.247209,5.261031,4.871909,5.972027,5.87989,5.54931,4.522766,5.273051,4.961935,5.478345,5.552494,3.730981,5.211015,3.940027
1981-09,4.635311,5.730522,6.35973,5.733503,7.452687,4.597138,5.285131,5.666081,6.086434,4.550714,5.371196,5.264399,6.783552,6.345935,3.915816,4.219949,4.954418,4.776936,5.541107,4.511628,5.514356,5.151093,6.254905,6.043203,5.970981,6.236526,5.073422,6.033638,5.973173,6.60881,6.209997,7.12546,4.441003,4.512836,6.272877,4.230622,5.235271,4.849135,5.934841,5.8356,5.51137,4.484019,5.254052,4.907568,5.442115,5.498888,3.718924,5.192846,3.930452
1981-10,4.570682,5.654837,6.433213,5.666911,7.386235,4.562367,5.200429,5.620256,6.016547,4.498475,5.197834,5.145283,6.718457,6.273217,3.835142,4.079062,4.886356,4.71169,5.465652,4.449101,5.444277,5.098951,6.151413,5.919807,5.807482,6.145494,5.147087,5.910282,5.83776,6.538603,6.19679,7.107458,4.373994,4.443239,6.211563,4.18829,5.129425,4.742407,5.841107,5.771036,5.424994,4.448633,5.192068,4.797112,5.383394,5.446694,3.648318,5.136857,3.848018
1981-11,4.542976,5.616371,6.433728,5.659169,7.38425,4.536463,5.181896,5.564635,5.988335,4.473352,5.215914,5.161179,6.696194,6.175493,3.765377,4.050567,4.801805,4.590665,5.363684,4.327438,5.339747,5.052033,6.110047,5.868251,5.75003,6.077183,4.992879,5.49446,5.743708,6.405972,6.130444,7.134859,4.370586,4.368688,6.176615,4.101486,5.097486,4.691256,5.755267,5.717784,5.372357,4.362079,5.17417,4.764138,5.37259,5.441162,3.557346,5.099501,3.753027
1981-12,4.60537,5.689717,6.542558,5.738924,7.438413,4.665701,5.290386,5.644634,6.000325,4.484132,5.354225,5.265329,6.757653,6.23235,3.83103,4.09734,4.808356,4.550292,5.371428,4.496582,5.374167,5.087164,6.032199,5.954152,5.855759,6.147806,4.937491,5.512339,5.869382,6.461499,6.171346,7.193122,4.423648,4.460838,6.194283,4.255329,5.18638,4.755657,5.773464,5.743516,5.454723,4.457714,5.228378,4.865764,5.43088,5.519058,3.62727,5.175867,3.846951
1982-01,4.639572,5.704849,6.600972,5.765473,7.469962,4.623599,5.322278,5.694708,6.051148,4.481646,5.305541,5.328992,6.79341,6.26275,3.849935,4.111038,4.848822,4.661456,5.40874,4.50888,5.440555,5.130727,6.048908,5.928711,5.794659,6.068518,4.923769,5.574053,5.918544,6.522372,6.218779,7.239208,4.473808,4.49803,6.213708,4.194944,5.200319,4.717516,5.867997,5.804171,5.50951,4.475972,5.233939,4.893052,5.478553,5.579503,3.680595,5.230253,3.869742
1982-02,4.657763,5.715513,6.566926,5.741014,7.404529,4.616209,5.298067,5.658681,6.03371,4.462685,5.244917,5.328798,6.792591,6.233999,3.82341,4.117247,4.827353,4.639668,5.37916,4.515136,5.414277,5.139673,6.079498,5.922918,5.819875,6.067036,4.830152,5.51238,5.855502,6.455026,6.186682,7.222836,4.476882,4.477337,6.233528,4.163093,5.181559,4.697476,5.849728,5.802813,5.467976,4.450386,5.209322,4.890499,5.414989,5.533271,3.664587,5.204446,3.831897
1982-03,4.575741,5.719295,6.544458,5.758397,7.408227,4.626834,5.365275,5.611411,6.077183,4.444532,5.211015,5.347346,6.809922,6.183035,3.775516,4.134847,4.761832,4.553456,5.286042,4.445119,5.361762,5.118173,6.06949,5.877456,5.840351,6.03541,4.70592,5.335998,5.772251,6.368873,6.174348,7.229353,4.443357,4.442063,6.299445,4.169761,5.153118,4.738039,5.795298,5.789042,5.442548,4.427239,5.225585,4.883029,5.406634,5.54467,3.566429,5.154447,3.791662
1982-04,4.534533,5.732014,6.471805,5.736346,7.365421,4.531416,5.34176,5.593633,6.04671,4.413646,5.155774,5.329041,6.789107,6.099467,3.779862,3.971046,4.702025,4.446292,5.226015,4.389623,5.278982,5.068275,6.02398,5.810662,5.745628,6.035338,4.618777,5.243967,5.632859,6.240666,6.160046,7.152128,4.413646,4.382651,6.256575,4.071076,5.09074,4.645256,5.761517,5.750889,5.387701,4.38863,5.213032,4.881741,5.393809,5.54095,3.519573,5.104733,3.740285
1982-05,4.478586,5.748437,6.5363,5.779014,7.395507,4.586191,5.385045,5.591584,6.050818,4.410857,5.127232,5.255044,6.764924,6.080734,3.759338,3.986574,4.67451,4.370839,5.170029,4.276249,5.244547,5.091109,6.066549,5.810901,5.745564,5.934841,4.540205,5.089878,5.557793,6.165187,6.166929,7.170635,4.425924,4.355426,6.203304,4.005695,5.080348,4.619172,5.732823,5.7447,5.405197,4.368815,5.270843,4.947269,5.381095,5.549387,3.521348,5.067142,3.736717
1982-06,4.570682,5.806399,6.593072,5.873525,7.464412,4.683519,5.428995,5.639706,6.075185,4.477223,5.225908,5.333588,6.848706,6.127306,3.785325,4.078723,4.710521,4.381026,5.184757,4.314015,5.24518,5.154332,6.130835,5.860387,5.872709,6.005146,4.513493,5.148308,5.584811,6.211624,6.208047,7.156715,4.498364,4.401584,6.266042,4.126166,5.15802,4.725971,5.773557,5.764815,5.451596,4.405987,5.330639,5.006761,5.43442,5.489475,3.560762,5.074924,3.805328
1982-07,4.50954,5.773091,6.572059,5.842152,7.407712,4.612245,5.368123,5.57485,6.065365,4.483454,5.153927,5.309949,6.811542,6.084636,3.748327,4.049696,4.6466,4.30609,5.101329,4.28524,5.150571,5.11042,6.118802,5.809133,5.772655,5.968401,4.402074,5.080534,5.476798,6.224598,6.190807,7.094741,4.434026,4.355683,6.203163,4.075501,5.087905,4.685551,5.698401,5.712015,5.402542,4.393955,5.303205,4.958991,5.369195,5.419428,3.54818,5.023222,3.76213
1982-08,4.373868,5.795115,6.652101,5.863432,7.544729,4.553982,5.234898,5.559912,6.069814,4.507888,4.981138,5.226982,6.69528,6.071638,3.644666,4.02267,4.624777,4.273327,5.035718,4.0794,5.024933,5.043748,6.191155,5.788277,5.806941,5.899623,4.180828,4.938423,5.421022,5.988284,6.205749,6.941267,4.398269,4.255613,6.098029,3.985831,5.017743,4.575741,5.677165,5.713304,5.15756,4.327702,5.347346,4.904015,5.098768,5.332381,3.451257,5.139439,3.491952
1982-09,4.315887,5.79408,6.697701,5.94453,7.488126,4.598951,5.19179,5.537452,6.091129,4.501253,5.060631,5.229664,6.748724,6.032079,3.607941,4.04112,4.608764,4.187835,4.988322,4.041822,4.964452,5.026377,6.153009,5.826384,5.812637,5.910878,4.218919,4.81899,5.299816,5.909576,6.172786,6.970993,4.402564,4.259435,6.135716,3.884241,5.017611,4.500476,5.63871,5.705914,5.095038,4.32757,5.350483,4.900895,5.055864,5.29245,3.406517,5.116076,3.499533
1982-10,4.321214,5.858761,6.814477,5.977568,7.606338,4.683242,5.189172,5.64753,6.213608,4.60457,5.22961,5.367004,6.845561,6.163441,3.65584,4.125035,4.723131,4.358758,5.103336,4.051959,5.062532,5.159974,6.288342,6.004282,5.943822,6.168836,4.588126,4.937132,5.396396,5.994859,6.274329,7.054812,4.521897,4.352212,6.252655,4.045504,5.115055,4.68592,5.776692,5.831208,5.201531,4.474948,5.463366,5.011102,5.165243,5.365555,3.499533,5.233886,3.553632
1982-11,4.394819,5.888379,6.861083,6.018691,7.644805,4.677305,5.207298,5.747225,6.221027,4.704653,5.268786,5.360165,6.866454,6.163862,3.689629,4.146779,4.732331,4.37714,5.046839,3.993234,5.020256,5.133796,6.272273,6.030541,5.921096,6.142553,4.696107,4.905793,5.36621,6.022987,6.276944,7.082574,4.588939,4.407938,6.27576,4.145513,5.113252,4.678607,5.75928,5.902606,5.172924,4.51009,5.51982,5.032332,5.221868,5.441768,3.554776,5.288116,3.586847
1982-12,4.496917,5.965839,6.878707,5.958502,7.757025,4.874586,5.420668,5.902551,6.331271,4.822939,5.425611,5.427238,6.952767,6.276437,3.79975,4.300274,4.910594,4.593705,5.130727,4.085472,5.140669,5.31291,6.458589,6.180762,5.938617,6.281837,4.900076,5.030503,5.450824,6.079842,6.316641,7.178942,4.701934,4.558079,6.429978,4.455509,5.285283,4.841348,5.920801,6.024875,5.356209,4.67935,5.676685,5.158423,5.421022,5.54146,3.732657,5.424245,3.731699
1983-01,4.538603,6.014742,6.938556,6.020149,7.731584,4.981,5.475668,6.002726,6.40688,4.926239,5.539144,5.510966,6.977561,6.311317,3.878673,4.333755,5.010969,4.738214,5.174114,4.112348,5.183411,5.375973,6.531461,6.216666,5.896357,6.33493,5.013897,5.013764,5.441162,6.021897,6.307862,7.219993,4.769413,4.662495,6.521828,4.529368,5.377637,4.976251,5.97144,6.057908,5.472481,4.7834,5.794659,5.218949,5.492567,5.634682,3.90962,5.465948,3.830813
1983-02,4.569025,6.02917,6.927627,5.979417,7.7232,4.889296,5.276736,6.047538,6.401785,4.929931,5.575229,5.551796,6.971922,6.28771,3.903789,4.375002,5.058346,4.718052,5.247761,4.156223,5.237133,5.390441,6.588583,6.234999,5.938828,6.289159,5.221166,5.072796,5.451425,6.05924,6.341399,7.225452,4.780719,4.68675,6.577249,4.448399,5.366957,4.987503,5.967479,6.084431,5.463111,4.787575,5.763089,5.202247,5.435859,5.626181,3.946231,5.436469,3.845883
1983-03,4.584967,6.051242,6.975152,5.993612,7.706338,4.98723,5.308565,6.006378,6.436727,4.910668,5.543027,5.569756,6.994685,6.382848,3.969348,4.412435,5.0924,4.781977,5.323059,4.206482,5.296966,5.448546,6.611423,6.344074,6.059217,6.306093,5.427018,5.186547,5.51673,6.102491,6.37168,7.361668,4.80197,4.749444,6.650848,4.649378,5.44889,5.09516,6.025504,6.089476,5.526448,4.835885,5.776816,5.200649,5.470841,5.572344,3.981362,5.43973,3.92019
1983-04,4.656148,6.057486,6.975676,6.028327,7.721251,5.120685,5.373286,6.078468,6.482878,5.000854,5.617389,5.596272,7.009246,6.416585,4.072951,4.466712,5.141605,4.778115,5.369381,4.199305,5.282798,5.494953,6.609713,6.321326,6.129333,6.323767,5.132676,5.146098,5.432455,6.098636,6.376982,7.34263,4.871297,4.828794,6.671615,4.643429,5.488814,5.156466,6.077183,6.136041,5.580484,4.923406,5.849065,5.300814,5.531411,5.648199,4.046903,5.48118,3.961194
1983-05,4.693639,6.104235,7.032536,6.186826,7.771847,5.021377,5.377914,6.172932,6.483948,5.121819,5.771597,5.639031,7.038398,6.424204,4.151984,4.541911,5.200484,4.781725,5.396714,4.222445,5.27146,5.474998,6.599979,6.388141,6.138763,6.380648,5.220086,5.171847,5.423098,6.154879,6.371988,7.343672,4.883029,4.849997,6.682221,4.685551,5.509226,5.117095,6.119396,6.161228,5.596346,4.956038,5.952672,5.353232,5.606647,5.70877,4.15685,5.539065,3.968592
1983-06,4.659848,6.161165,7.072787,6.236957,7.816288,5.053695,5.461668,6.257917,6.539947,5.203842,5.839187,5.696859,7.089985,6.507218,4.210497,4.60427,5.245022,4.893802,5.426095,4.288128,5.32637,5.483177,6.747328,6.437704,6.266916,6.507696,5.327245,5.252378,5.448331,6.255193,6.412951,7.413385,4.999102,4.910668,6.796678,4.740662,5.54467,5.102971,6.195385,6.2385,5.627081,5.024998,6.04382,5.420314,5.726848,5.762114,4.237868,5.631678,4.047952
1983-07,4.688592,6.159307,7.025938,6.196037,7.758346,5.141254,5.50521,6.254828,6.483872,5.202577,5.8425,5.669502,7.046604,6.543207,4.268858,4.620354,5.255097,4.949398,5.513469,4.343416,5.370033,5.545256,6.726881,6.437175,6.305983,6.558226,5.449707,5.363215,5.553967,6.263513,6.418871,7.399221,4.98155,4.947908,6.793163,4.8335,5.611996,5.206586,6.204618,6.256748,5.695616,5.051393,6.045029,5.464594,5.71548,5.753176,4.2895,5.653401,4.106932
1983-08,4.574402,6.185694,7.012674,6.105619,7.663051,5.293305,5.343291,6.247559,6.425614,5.236548,5.83156,5.63807,6.885234,6.552565,4.285653,4.655388,5.236761,4.884013,5.550748,4.361058,5.406095,5.542792,6.858292,6.503629,6.2029,6.54489,5.133855,5.313698,5.508862,6.28447,6.461531,7.261703,4.761404,5.023091,6.700608,4.933826,5.51504,5.293154,6.151029,6.211864,5.74111,5.035198,6.090472,5.372961,5.536665,6.248314,4.143611,5.501177,4.156693
1983-09,4.632104,6.161608,6.956012,6.091785,7.674585,5.272743,5.235803,6.205042,6.362907,5.176997,5.7439,5.534377,6.848048,6.551609,4.289774,4.647367,5.201586,4.82543,5.552107,4.4613,5.373378,5.467047,6.83613,6.44176,6.185097,6.54025,5.118592,5.341185,5.591024,6.263703,6.465958,7.208312,4.738914,4.939784,6.661727,4.811696,5.477007,5.224402,6.141994,6.176366,5.686806,4.964522,6.071269,5.315224,5.519058,6.183138,4.086816,5.496225,4.131961
1983-10,4.601463,6.176054,7.011719,6.130683,7.721947,5.273768,5.195398,6.181734,6.344267,5.106854,5.712511,5.506347,6.849501,6.611409,4.238878,4.609859,5.162498,4.768224,5.630817,4.368941,5.357859,5.438644,6.79919,6.383236,6.094292,6.508486,5.150571,5.369568,5.5982,6.335852,6.475679,7.229027,4.715548,4.918081,6.657729,4.778703,5.451425,5.235111,6.136279,6.187812,5.678123,4.945634,6.016108,5.277911,5.519499,6.198194,4.070564,5.498847,4.069539
1983-11,4.609063,6.235547,7.021191,6.186188,7.798921,5.318169,5.2183,6.218202,6.37062,5.115115,5.688635,5.524297,6.86812,6.630354,4.260141,4.626149,5.199049,4.779376,5.592292,4.37538,5.396532,5.471094,6.844325,6.455953,6.229418,6.561907,4.946203,5.323741,5.635718,6.299629,6.513453,7.236505,4.732595,4.938208,6.704231,4.812835,5.468313,5.215099,6.168522,6.234136,5.690326,4.973556,6.035003,5.337442,5.550048,6.230166,4.010601,5.51496,4.090002
1983-12,4.563515,6.273311,7.048065,6.161207,7.822677,5.262276,5.172754,6.165229,6.362079,5.065691,5.569069,5.474244,6.873547,6.599503,4.209754,4.582209,5.164615,4.668239,5.542478,4.326514,5.345392,5.443586,6.86145,6.417288,6.227584,6.546097,4.832067,5.210797,5.563984,6.283201,6.545077,7.198056,4.683704,4.845367,6.65837,4.65129,5.39694,5.087535,6.161545,6.251788,5.705614,4.923187,6.024319,5.305094,5.47847,6.214648,3.961765,5.49265,4.000217
1984-01,4.60497,6.290958,7.108899,6.114301,7.825693,5.33122,5.172074,6.186702,6.434482,5.078045,5.535245,5.443456,6.836012,6.616574,4.213756,4.661361,5.242064,4.722864,5.643395,4.342116,5.402497,5.542713,6.856178,6.514283,6.285532,6.574127,4.995522,5.264347,5.591808,6.269929,6.518941,7.228265,4.755227,4.894626,6.636301,4.737251,5.475291,5.180997,6.274931,6.284321,5.771566,4.977905,6.061224,5.35866,5.545685,6.24812,4.008605,5.516649,4.051611
1984-02,4.615813,6.290253,7.095454,6.08279,7.854428,5.318904,5.238302,6.163988,6.44332,5.047803,5.56429,5.405736,6.788386,6.583243,4.202451,4.656053,5.229235,4.702841,5.653085,4.338728,5.412315,5.538082,6.862099,6.496217,6.28391,6.539456,4.975492,5.243703,5.525174,6.31496,6.467947,7.196956,4.751865,4.867842,6.666677,4.690614,5.449621,5.213576,6.252193,6.265244,5.710526,4.969327,6.005984,5.325835,5.539497,6.246533,3.96689,5.48143,4.024994
1984-03,4.640634,6.315412,7.059093,6.068194,7.90221,5.234099,5.273871,6.108136,6.383439,4.98347,5.570365,5.359648,6.789298,6.538371,4.230622,4.611053,5.190676,4.692357,5.631749,4.350149,5.407217,5.500768,6.850211,6.482052,6.209294,6.490101,4.965429,5.261083,5.533548,6.425663,6.475956,7.236764,4.703476,4.812103,6.607785,4.547965,5.385962,5.161122,6.192138,6.229103,5.66615,4.925077,5.950096,5.281324,5.584361,6.198336,3.955082,5.485461,3.961765
1984-04,4.525802,6.271348,7.217495,5.980656,7.815034,5.171222,5.178802,6.025069,6.323749,4.964591,5.547713,5.288267,6.79471,6.457225,4.162782,4.544252,5.110541,4.658047,5.548765,4.276249,5.321692,5.433198,6.781307,6.406071,6.130204,6.367913,5.094486,5.254156,5.48018,6.417892,6.431895,7.198206,4.636281,4.746496,6.557176,4.463837,5.30569,5.068716,6.131944,6.212265,5.586387,4.899257,5.90558,5.230413,5.523419,6.177384,3.89284,5.429302,3.902377
1984-05,4.561636,6.270743,7.264233,5.967377,7.791258,5.191344,5.279593,6.08732,6.350956,4.974524,5.563025,5.258693,6.78736,6.512547,4.191169,4.462454,5.153234,4.690522,5.601344,4.322144,5.365883,5.428029,6.756293,6.365061,6.103006,6.403773,5.094057,5.321252,5.501707,6.432811,6.420646,7.140215,4.637056,4.772716,6.577597,4.417635,5.318806,5.106006,6.210861,6.236604,5.600457,4.927109,5.91188,5.26827,5.492897,6.233685,3.910221,5.4479,3.906407
1984-06,4.521789,6.281575,7.280201,5.974115,7.774536,5.2602,5.237027,6.109559,6.354422,4.968632,5.618152,5.290386,6.799725,6.522519,4.206631,4.476086,5.136563,4.637734,5.564674,4.338205,5.348725,5.456474,6.766053,6.374019,6.172202,6.4303,4.989888,5.282848,5.52278,6.476403,6.410487,7.182307,4.603869,4.760121,6.582565,4.314818,5.311382,5.086485,6.192669,6.262903,5.570632,4.918666,5.919673,5.25968,5.494706,6.203689,3.897112,5.449191,3.891208
1984-07,4.472781,6.26336,7.281062,5.964119,7.761639,5.180603,5.214066,6.072745,6.337374,4.897243,5.617026,5.138383,6.75324,6.444306,4.133405,4.409399,5.04465,4.541804,5.462008,4.349116,5.262742,5.362184,6.691699,6.352804,6.091966,6.338841,4.949185,5.216402,5.48193,6.419718,6.390979,7.144762,4.593098,4.713845,6.523562,4.2142,5.25994,5.017876,6.084545,6.22784,5.519098,4.849292,5.867148,5.234525,5.387015,6.104682,3.87888,5.393309,3.817712
1984-08,4.266054,6.198905,7.306988,5.811261,7.794803,5.076485,5.0558,6.075277,6.270497,4.887789,5.168778,4.884618,6.50862,6.343388,4.157319,4.388009,5.019,4.422929,5.467005,4.312409,5.23724,5.182233,6.648466,6.393959,6.082881,6.084135,4.725439,5.050048,5.404253,6.230855,6.406814,6.575146,4.573886,4.568091,6.309427,4.071247,5.109394,4.914051,6.0531,6.254117,5.377406,4.777694,5.803809,5.069973,5.230841,5.958606,3.80999,5.512864,3.818591
1984-09,4.258163,6.169945,7.431063,5.790082,7.798777,5.096446,5.020388,6.076311,6.274008,4.813078,5.177448,4.867534,6.463326,6.318518,4.111693,4.298237,4.995115,4.385396,5.358848,4.239599,5.183243,5.153869,6.686759,6.432795,6.083497,6.127088,4.528289,4.916398,5.304498,6.16106,6.401088,6.602452,4.601162,4.519067,6.316117,3.910822,5.059298,4.873669,6.09375,6.235821,5.357388,4.733651,5.816039,5.054525,5.236655,5.9341,3.753496,5.512864,3.781003
1984-10,4.35927,6.251615,7.454957,5.837322,8.017327,5.256505,5.097974,6.189126,6.353361,4.901639,5.326176,5.004751,6.532291,6.438935,4.214495,4.37475,5.116196,4.486837,5.486372,4.340162,5.299317,5.291091,6.770113,6.556125,6.256594,6.234999,4.684259,5.100171,5.418187,6.288026,6.469808,6.666219,4.720105,4.61155,6.433888,4.077198,5.204776,4.992743,6.199271,6.333315,5.465398,4.865764,5.898773,5.126758,5.33672,6.060897,3.850573,5.588671,3.890799
1984-11,4.35427,6.279703,7.478961,5.841397,8.051245,5.159572,5.10885,6.157847,6.340677,4.898586,5.263415,4.9535,6.49914,6.405344,4.17991,4.343286,5.112771,4.519394,5.475752,4.323735,5.287812,5.229664,6.792737,6.563856,6.211102,6.186353,4.722331,5.076797,5.414455,6.337693,6.513393,6.683824,4.732772,4.581902,6.415686,4.036892,5.137855,4.924206,6.148511,6.294214,5.486082,4.880678,5.902688,5.121938,5.382842,6.093479,3.866607,5.612982,3.909219
1984-12,4.334411,6.290012,7.51014,5.887603,8.080306,5.12658,5.103822,6.150326,6.352734,4.878855,5.259213,4.96501,6.527622,6.389334,4.177919,4.370713,5.127826,4.527641,5.465779,4.318821,5.253581,5.254052,6.826046,6.621006,6.263208,6.26153,4.692265,4.996536,5.321692,6.269039,6.539022,6.685361,4.733124,4.567157,6.428251,3.989725,5.080472,4.897691,6.175139,6.323678,5.515885,4.895748,5.894375,5.123607,5.390623,6.117304,3.889573,5.622862,3.908617
1985-01,4.376763,6.30602,7.47167,5.88502,8.091735,5.075424,5.120386,6.158778,6.33702,4.842374,5.198828,4.994438,6.527753,6.376063,4.182203,4.370207,5.126995,4.53077,5.473195,4.270117,5.234045,5.204831,6.786931,6.541492,6.282641,6.344829,4.651386,5.012766,5.353232,6.280826,6.559941,6.693943,4.644872,4.534855,6.392369,3.963856,5.028803,4.8404,6.115296,6.196139,5.495035,4.874968,5.861982,5.087967,5.393173,6.12144,3.852698,5.622066,3.862623
1985-02,4.495467,6.34374,7.475685,5.902333,8.103939,5.104793,5.115956,6.191912,6.362442,4.821571,5.202852,5.009301,6.57301,6.378681,4.182813,4.408547,5.15254,4.497362,5.493596,4.242908,5.24291,5.256557,6.82988,6.61329,6.333368,6.415997,4.536142,4.97134,5.303504,6.290476,6.578139,6.733128,4.694828,4.574505,6.417663,4.00915,5.043038,4.868918,6.145322,6.207604,5.532203,4.910594,5.853437,5.109636,5.447728,6.170719,3.875152,5.652805,3.886705
1985-03,4.520048,6.327705,7.453179,6.000424,8.124065,5.208119,5.285029,6.306604,6.439925,4.935121,5.391534,5.108669,6.626744,6.445879,4.296877,4.485147,5.268528,4.672548,5.590688,4.342506,5.353421,5.381647,6.913598,6.708938,6.559658,6.454947,4.662684,5.095773,5.385091,6.363166,6.595944,6.787777,4.82551,4.687119,6.53114,4.218331,5.168607,4.989956,6.201057,6.310191,5.633503,5.073673,5.971772,5.1861,5.544396,6.280021,4.005513,5.737378,4.028027
1985-04,4.57275,6.379326,7.521567,6.007116,8.213425,5.195066,5.357623,6.320714,6.448082,4.950107,5.428205,5.14254,6.653431,6.459983,4.30582,4.512945,5.270843,4.680741,5.594823,4.33716,5.35219,5.375834,6.881534,6.769424,6.580181,6.400673,4.634632,5.080037,5.373749,6.400191,6.601312,6.825384,4.819878,4.710071,6.512354,4.261975,5.149875,4.980794,6.203547,6.302381,5.666046,5.085062,5.999135,5.232925,5.551835,6.324538,4.008242,5.750507,4.060615
1985-05,4.581594,6.432136,7.624028,6.050488,8.239351,5.169574,5.384495,6.364871,6.435253,4.966056,5.461626,5.1637,6.693584,6.424512,4.275137,4.488299,5.225693,4.663345,5.558834,4.329021,5.306633,5.320128,6.837451,6.729011,6.525704,6.335054,4.826392,5.096385,5.332574,6.422874,6.662724,6.883319,4.800819,4.701298,6.441536,4.19645,5.124262,4.900151,6.168271,6.297293,5.631928,5.074549,5.993837,5.244706,5.55447,6.320804,3.965753,5.747448,4.064744
1985-06,4.633952,6.406434,7.60584,6.066827,8.154546,5.11949,5.403263,6.366917,6.422532,5.003745,5.428731,5.144525,6.681419,6.431138,4.250921,4.45458,5.204391,4.657952,5.506063,4.303389,5.275918,5.291897,6.791581,6.74327,6.428024,6.301263,4.759864,5.089754,5.308119,6.461781,6.673968,6.888236,4.819152,4.694737,6.428735,4.142023,5.083948,4.84984,6.179188,6.27299,5.605508,5.080969,6.008764,5.255149,5.591882,6.356542,3.95967,5.772531,4.058372
1985-07,4.649761,6.56004,7.63639,6.191135,8.148512,5.21922,5.447987,6.446529,6.456832,5.093382,5.52038,5.200925,6.772027,6.498779,4.313212,4.506565,5.270278,4.686289,5.507037,4.280547,5.308812,5.377267,6.854608,6.827868,6.484131,6.398595,4.806722,5.068967,5.354698,6.470707,6.707192,6.963672,4.908676,4.74528,6.45862,4.155596,5.10364,4.878703,6.232134,6.315503,5.717948,5.135975,6.125165,5.333829,5.647776,6.441122,3.986759,5.833611,4.122608
1985-08,4.585885,6.486298,7.530416,6.216187,8.000098,5.15514,5.319638,6.429139,6.38278,5.086423,5.437166,5.096385,6.668203,6.492694,4.254761,4.484132,5.285181,4.621929,5.604183,4.013857,5.280001,5.335035,6.907725,6.776541,6.40054,6.431798,4.758406,5.101511,5.30807,6.167307,6.77292,6.843622,4.817131,4.743366,6.378766,4.143135,5.085619,4.862522,6.274517,6.349349,5.683001,4.927543,6.05648,5.247918,5.53244,6.384098,3.993603,5.85226,4.201553
1985-09,4.653865,6.436279,7.535702,6.226912,8.07999,5.157042,5.304299,6.393055,6.405939,5.101816,5.413519,5.135269,6.662379,6.552294,4.294561,4.516339,5.323108,4.650239,5.67802,4.046204,5.316943,5.375232,6.933735,6.81196,6.4225,6.473042,4.872216,5.183075,5.343912,6.160659,6.711339,6.791772,4.831509,4.753849,6.439095,4.184338,5.116016,4.922241,6.351967,6.376166,5.721033,4.944495,6.004331,5.250649,5.49942,6.36901,4.036362,5.8416,4.241327
1985-10,4.664665,6.469901,7.541773,6.240627,8.049998,5.158193,5.356256,6.371013,6.379783,5.13521,5.344437,5.144233,6.668927,6.555087,4.283449,4.523418,5.30216,4.625953,5.656062,3.988799,5.289378,5.383164,6.901999,6.813357,6.439861,6.435734,4.883029,5.180997,5.354839,6.179105,6.721269,6.806431,4.835964,4.757634,6.426165,4.09251,5.107581,4.870377,6.329578,6.388578,5.684939,4.939712,6.004405,5.23809,5.502319,6.353169,4.037421,5.840409,4.279855
1985-11,4.574814,6.44375,7.530995,6.231682,8.118413,5.123845,5.335276,6.31237,6.343757,4.946132,5.219653,5.112289,6.648829,6.517494,4.260141,4.512068,5.262276,4.56341,5.621306,3.979682,5.239151,5.348915,6.837504,6.732354,6.33695,6.375553,4.779712,5.075236,5.356492,6.17674,6.659102,6.763793,4.771447,4.701934,6.398944,4.016203,5.040582,4.788824,6.301134,6.356542,5.615643,4.897093,5.963605,5.194955,5.438688,6.304833,4.021774,5.797334,4.1892
1985-12,4.607966,6.480903,7.569159,6.285197,8.104398,5.055927,5.448288,6.342561,6.38666,5.012833,5.166955,5.153349,6.669397,6.565518,4.266616,4.597944,5.295463,4.54934,5.57504,3.987501,5.259525,5.403308,6.868588,6.740035,6.270629,6.382188,4.758063,5.045938,5.37699,6.253329,6.719653,6.798855,4.815107,4.76465,6.445212,4.039184,5.062342,4.767034,6.337162,6.42019,5.635361,4.942785,6.051124,5.219977,5.533706,6.384452,4.067145,5.859389,4.240319
1986-01,4.65043,6.451134,7.68987,6.305125,8.192615,5.154043,5.509186,6.408446,6.499682,5.10643,5.212542,5.057073,6.760658,6.615851,4.33559,4.60427,5.390167,4.643333,5.644245,4.008242,5.341137,5.479472,6.937625,6.792445,6.344109,6.453987,4.790321,5.107459,5.394082,6.264978,6.751055,6.89126,4.895823,4.839847,6.532945,4.169297,5.135622,4.87855,6.412344,6.50216,5.69706,5.046839,6.11922,5.322864,5.600346,6.471589,4.109233,5.926793,4.323338
1986-02,4.737163,6.482786,7.718321,6.421427,8.281243,5.233459,5.547129,6.476234,6.546613,5.125332,5.279848,5.122236,6.796187,6.677398,4.387387,4.675722,5.44311,4.673856,5.669984,4.023564,5.375278,5.50955,6.987195,6.853067,6.351252,6.50288,4.740313,5.082708,5.361855,6.235606,6.789703,6.95993,4.943284,4.896122,6.634804,4.26268,5.203457,4.920346,6.460577,6.545536,5.710857,5.128063,6.166195,5.365602,5.668121,6.507561,4.133084,5.975919,4.392719
1986-03,4.850701,6.5033,7.70583,6.410767,8.333011,5.255097,5.581313,6.466067,6.538429,5.157157,5.236708,5.171449,6.832956,6.694438,4.449218,4.701934,5.459798,4.694279,5.703682,4.074142,5.394536,5.511047,7.030176,6.846901,6.378749,6.491679,4.834534,5.075049,5.336432,6.180099,6.827391,6.888134,4.963893,4.906163,6.62865,4.246779,5.217595,4.969535,6.506919,6.562232,5.774117,5.15917,6.181258,5.373842,5.694876,6.570477,4.145196,6.00928,4.446174
1986-04,4.981687,6.577597,7.816328,6.47688,8.444263,5.382337,5.652103,6.618125,6.642669,5.263208,5.28665,5.154562,6.917141,6.802484,4.531739,4.796947,5.563102,4.823341,5.751938,4.151197,5.481597,5.590651,7.123504,6.946351,6.455827,6.542155,4.723398,5.053695,5.307426,6.170259,6.883083,6.958334,5.039093,4.980314,6.650602,4.306225,5.299217,5.059425,6.609686,6.656547,5.854671,5.243808,6.251287,5.480972,5.798183,6.641391,4.226396,6.087979,4.574711
1986-05,5.009234,6.665862,7.915166,6.631303,8.548744,5.433809,5.671156,6.667504,6.69476,5.319443,5.351763,5.286346,7.058431,6.868921,4.589853,4.874204,5.655292,4.955404,5.78941,4.207971,5.536744,5.628412,7.22323,7.020521,6.523606,6.567741,4.655483,5.111084,5.41801,6.190787,6.920069,7.002156,5.089508,5.045809,6.660306,4.314417,5.306534,5.046002,6.649205,6.712105,5.885409,5.310493,6.345952,5.561297,5.872963,6.699045,4.32968,6.140832,4.642755
1986-06,5.098524,6.684249,7.959842,6.664026,8.584545,5.456389,5.749616,6.652592,6.683061,5.290789,5.336143,5.362371,7.052712,6.893443,4.608963,4.868073,5.612581,4.94734,5.731916,4.199755,5.53414,5.628879,7.14574,6.97461,6.460217,6.597446,4.582515,5.082398,5.36705,6.225944,6.870666,7.032412,5.117814,5.062975,6.698182,4.428791,5.351384,5.072107,6.621153,6.702574,5.858562,5.340083,6.340976,5.609325,5.871329,6.649023,4.340944,6.086024,4.600861
1986-07,5.107702,6.776108,8.035444,6.727012,8.676597,5.48629,5.824967,6.755944,6.726497,5.375602,5.376435,5.402542,7.154389,6.957041,4.710881,4.906607,5.657704,5.00072,5.745372,4.213016,5.541616,5.660388,7.169673,7.030778,6.483,6.647753,4.591173,5.124619,5.377775,6.303571,6.903787,7.091126,5.104915,5.123726,6.703483,4.474948,5.34243,5.102485,6.676983,6.748513,5.872568,5.395807,6.445386,5.673323,5.91604,6.72809,4.336506,6.137576,4.685551
1986-08,5.009568,6.674637,7.9622,6.732735,8.493206,5.321741,5.646789,6.661625,6.733402,5.411959,5.223594,5.320421,6.928753,6.780433,4.565181,5.110903,5.580183,4.899927,5.80667,4.468204,5.300764,5.189674,7.068683,7.064938,6.461156,6.422224,4.798926,5.311727,4.985044,6.198092,6.933969,7.036316,5.13303,5.123369,6.445291,4.177766,5.284421,5.125867,6.633871,6.468258,5.845629,5.001864,6.294565,5.581012,5.636966,6.649269,4.944495,6.233822,5.616444
1986-09,4.871833,6.647727,7.887952,6.699057,8.465841,5.268322,5.47847,6.596409,6.649969,5.318169,5.14219,5.257964,6.889184,6.716219,4.48931,5.043683,5.514154,4.782563,5.648235,4.376009,5.214501,5.124797,6.980411,6.974086,6.3642,6.29814,4.864298,5.210524,4.948902,6.162198,6.986271,7.021396,5.0411,5.018008,6.370021,4.057162,5.200594,5.063164,6.570603,6.442795,5.751111,4.904978,6.189188,5.473111,5.577198,6.605311,4.885828,6.180969,5.581916
1986-10,4.887186,6.704855,7.896958,6.677738,8.506801,5.34863,5.459117,6.636957,6.69403,5.346822,5.179478,5.324618,6.920583,6.773527,4.5091,5.052609,5.609948,4.624188,5.750761,4.384773,5.289831,5.199215,7.038283,7.020209,6.405344,6.394761,5.033831,5.357953,5.030307,6.337781,7.05596,7.086796,5.11931,5.075236,6.442254,4.109726,5.245075,5.175245,6.66078,6.493708,5.799274,4.926094,6.205971,5.484174,5.652173,6.683236,4.900448,6.255404,5.675314
1986-11,4.799009,6.590136,7.748663,6.589944,8.381832,5.262276,5.361715,6.526729,6.59795,5.245655,5.113553,5.212324,6.778409,6.719448,4.38365,4.982784,5.556326,4.58098,5.796422,4.39309,5.215751,5.131318,6.965534,7.016717,6.35127,6.341364,5.111626,5.378883,5.061772,6.338788,6.960234,6.980876,5.090863,4.962705,6.361872,4.031405,5.166328,5.052481,6.598741,6.40195,5.81726,4.839056,6.127284,5.413475,5.55102,6.559955,4.800161,6.148746,5.556905
1986-12,4.77466,6.707657,7.925096,6.665938,8.481829,5.310592,5.468735,6.586089,6.687894,5.322571,5.166099,5.292903,6.869742,6.79603,4.473466,5.035003,5.63157,4.588634,5.861669,4.36742,5.172641,5.184589,7.040834,7.032289,6.366436,6.316045,5.132617,5.372961,5.051393,6.361941,7.002502,7.033886,5.174736,5.021509,6.339795,4.171151,5.223702,5.093689,6.646858,6.480106,5.877035,4.920929,6.193507,5.477425,5.573598,6.570603,4.861362,6.197035,5.686331
1987-01,4.773646,6.724721,7.925165,6.664677,8.48094,5.334842,5.484506,6.603402,6.761005,5.351289,5.126283,5.282239,6.894184,6.829469,4.478926,5.115716,5.636039,4.579955,5.779941,4.421007,5.196451,5.216456,7.052237,7.054847,6.384722,6.358362,5.2223,5.375556,5.156639,6.408463,7.001746,7.083228,5.190732,5.049151,6.377203,4.215234,5.252326,5.164729,6.654037,6.50999,5.867063,4.935696,6.195242,5.484299,5.562756,6.555414,4.828474,6.19416,5.711784
1987-02,4.737251,6.692084,7.923747,6.687208,8.445697,5.253058,5.472943,6.568443,6.781534,5.274127,5.025852,5.252535,6.895824,6.803228,4.507778,5.118592,5.617062,4.497139,5.75846,4.088662,5.202577,5.183524,7.016825,7.021307,6.460562,6.204336,5.243861,5.372079,5.106915,6.438487,6.967184,7.049854,5.179027,5.046774,6.345584,4.194793,5.238036,5.154678,6.661305,6.531388,5.800879,4.916618,6.103408,5.452625,5.555708,6.536865,4.832306,6.165544,5.678977
1987-03,4.815755,6.813587,8.064155,6.886103,8.637306,5.460776,5.644174,6.722365,6.913091,5.393628,5.115836,5.388204,7.024222,6.955545,4.646984,5.054333,5.779323,4.60407,5.880617,4.184947,5.34396,5.344151,7.189379,7.056227,6.550066,6.313892,5.343004,5.533824,5.170484,6.573862,7.052271,7.121131,5.415345,5.184645,6.496232,4.445823,5.386557,5.244283,6.898361,6.687059,5.875268,5.0127,6.210821,5.570632,5.653156,6.643829,4.928268,6.280995,5.863177
1987-04,4.888166,6.852919,8.111079,6.915277,8.607904,5.547207,5.734053,6.821969,6.956488,5.519058,5.21216,5.512057,7.117676,6.983262,4.695559,5.114214,5.817944,4.679071,5.947095,4.279024,5.417522,5.388249,7.218228,7.11949,6.606339,6.363545,5.551059,5.634004,5.16667,6.564476,7.024498,7.12076,5.434508,5.239469,6.587743,4.551875,5.471682,5.327925,6.903436,6.705284,5.934683,5.06859,6.318806,5.664764,5.703482,6.716788,4.98436,6.294934,5.902196
1987-05,4.960044,6.874302,8.130427,6.9229,8.608807,5.595492,5.764313,6.81295,6.980736,5.528715,5.285536,5.526488,7.118956,7.034124,4.708629,5.132971,5.866695,4.736988,6.040088,4.348211,5.434595,5.388524,7.279712,7.099936,6.531067,6.406797,5.785762,5.749457,5.157042,6.687582,7.001428,7.128111,5.373564,5.252116,6.63133,4.609162,5.468229,5.345249,6.962073,6.624543,5.91453,5.087411,6.344179,5.704149,5.690022,6.662928,5.005623,6.295026,5.961005
1987-06,4.937921,6.830269,8.059384,6.965005,8.579056,5.677883,5.76957,6.793589,6.967146,5.479221,5.217704,5.498561,7.099425,7.05733,4.694096,5.190844,5.834167,4.658332,6.069837,4.293742,5.396487,5.381739,7.38228,6.987296,6.427734,6.427006,5.827179,5.788491,5.145691,6.694909,6.952796,7.099895,5.326467,5.21792,6.693894,4.659185,5.478345,5.350578,6.927989,6.61763,5.876446,5.043232,6.32699,5.661953,5.65003,6.59251,4.960114,6.248507,5.917199
1987-07,4.840479,6.876337,8.091618,6.914234,8.58906,5.64336,5.813474,6.837816,6.986382,5.465018,5.250754,5.492238,7.10925,7.059918,4.722242,5.271922,5.803718,4.643525,6.109314,4.281792,5.423407,5.375649,7.355002,6.987573,6.426812,6.422614,5.753429,5.773371,5.189116,6.728497,6.926862,7.131587,5.282798,5.234951,6.693088,4.721708,5.461456,5.438427,6.86811,6.604702,5.944006,5.033766,6.329792,5.660318,5.632501,6.584916,4.937706,6.252135,6.017473
1987-08,4.631617,6.812719,8.086041,6.913588,8.634838,5.673804,5.69117,7.029716,6.937877,5.532717,5.09516,5.4208,6.924081,6.922467,4.824868,5.279084,5.803748,4.699753,6.17568,4.299867,5.420181,5.27382,7.303311,6.908135,6.249067,6.56195,5.659343,6.328936,5.157042,6.75047,6.958619,7.128664,5.21792,5.171676,6.549479,4.77043,5.444969,5.364152,6.887073,6.644857,5.902606,4.984565,6.263855,5.639564,5.410797,6.483734,4.922605,6.000102,5.893907
1987-09,4.597642,6.830529,8.146932,6.993346,8.721716,5.716435,5.780342,7.110761,6.997962,5.579768,5.141897,5.447125,6.994346,6.951246,4.886054,5.345439,5.882459,4.75359,6.352978,4.343286,5.530381,5.322473,7.377159,7.017237,6.29687,6.606731,5.851283,6.472872,5.209978,6.781319,6.937236,7.181174,5.247287,5.194123,6.552793,4.737513,5.502604,5.396034,6.928332,6.685873,5.950747,5.037667,6.333475,5.685279,5.413074,6.498403,4.964033,6.032463,5.98698
1987-10,4.621339,6.85908,8.193779,7.009906,8.892106,5.820617,5.817736,7.100827,7.049359,5.589306,5.088953,5.502563,7.014707,6.9908,4.956742,5.337923,5.911393,4.762259,6.305436,4.39913,5.54142,5.366443,7.42863,7.022146,6.305655,6.629152,5.667948,6.352246,5.258953,6.803539,6.966439,7.257715,5.305243,5.23052,6.623175,4.832465,5.562181,5.461329,6.98963,6.774075,5.956252,5.063354,6.37722,5.709698,5.462348,6.580833,4.993286,6.078765,6.006649
1987-11,4.617,6.819765,8.17375,7.01773,8.890387,5.798395,5.795358,7.069627,7.036386,5.515443,5.065439,5.454936,6.996764,7.009535,4.916105,5.058536,5.909414,4.736988,6.34439,4.387387,5.583684,5.403533,7.359296,6.996617,6.297938,6.598809,5.721295,6.397496,5.198552,6.782271,6.9371,7.294078,5.26046,5.243861,6.56154,4.867611,5.579843,5.507524,6.986927,6.787473,5.942274,5.016816,6.300988,5.674731,5.410932,6.556835,4.998698,6.060571,5.977137
1987-12,4.289637,6.634121,7.999766,6.817546,8.642428,5.356775,5.421862,6.813346,6.804049,5.156005,4.68509,5.180716,6.784276,6.680943,4.55314,4.668708,5.591323,4.355939,5.978075,4.077198,5.211288,5.015888,7.034705,6.670614,5.905416,6.277245,5.351526,5.993088,4.838264,6.575285,6.860664,7.16831,4.942,4.932602,6.29652,4.560905,5.244547,5.148599,6.679876,6.479446,5.614441,4.681483,5.968708,5.403848,5.160548,6.369867,4.7739,5.804653,5.676754
1988-01,4.27277,6.546613,7.909067,6.76273,8.555691,5.238514,5.366863,6.724986,6.69191,5.028148,4.62301,5.12313,6.694463,6.617216,4.520701,4.612344,5.55032,4.251491,5.997919,4.096176,5.15871,4.942356,6.967024,6.563982,5.833875,6.260403,5.583045,5.978607,4.806068,6.467295,6.827824,7.074455,4.83652,4.849449,6.19795,4.440649,5.131909,5.051521,6.642435,6.486877,5.495363,4.638025,5.886298,5.343769,5.081342,6.278484,4.684166,5.742298,5.579164
1988-02,4.368054,6.618178,7.955621,6.951131,8.590187,5.392491,5.49232,6.806331,6.770101,5.099134,4.668708,5.199822,6.744012,6.751183,4.658237,4.738126,5.648974,4.31602,6.097692,4.163715,5.266104,5.087967,7.069474,6.615503,5.957494,6.293826,5.573788,6.06986,4.904756,6.53895,6.825829,7.114168,5.012034,4.977079,6.283966,4.655673,5.252326,5.238939,6.740437,6.593538,5.58056,4.744584,5.963014,5.43394,5.108669,6.303187,4.7098,5.776413,5.709665
1988-03,4.443474,6.654552,7.97424,6.947678,8.617297,5.329477,5.52238,6.840899,6.785,5.203787,4.694462,5.259784,6.822579,6.737086,4.678607,4.750828,5.641198,4.372986,6.062878,4.166045,5.292551,5.093075,7.132442,6.751289,6.026277,6.457899,5.352474,6.032535,4.906311,6.627644,6.914383,7.214585,5.055099,4.983607,6.259505,4.590463,5.241112,5.225585,6.71582,6.55138,5.629023,4.77702,6.032487,5.475124,5.2079,6.380292,4.739002,5.861327,5.695918
1988-04,4.45667,6.716486,7.990912,6.997514,8.676127,5.448245,5.633932,6.898704,6.826209,5.313846,4.728361,5.330591,6.855451,6.811112,4.781306,4.951946,5.750284,4.50932,6.150112,4.207524,5.401009,5.179759,7.200992,6.79378,6.062831,6.482893,5.433766,6.103945,4.989207,6.660857,6.895349,7.234653,5.139732,5.063986,6.328811,4.683334,5.319247,5.321936,6.821696,6.609956,5.717357,4.86399,6.151157,5.539183,5.24328,6.389871,4.789656,5.881845,5.734926
1988-05,4.511848,6.704819,7.986427,7.004918,8.633622,5.445012,5.591845,6.860706,6.758559,5.305938,4.840717,5.316599,6.803361,6.798309,4.815188,5.035133,5.763968,4.505792,6.112819,4.269977,5.443543,5.139732,7.223369,6.787868,6.118384,6.459294,5.488194,6.219755,5.035523,6.689786,6.85973,7.199215,5.118892,5.071166,6.247172,4.665795,5.30569,5.324813,6.772977,6.600007,5.76732,4.893802,6.143499,5.524895,5.198994,6.3551,4.81251,5.855502,5.731625
1988-06,4.464873,6.734068,7.984708,6.981127,8.630822,5.485626,5.622355,6.869918,6.775389,5.338499,4.84403,5.283102,6.782226,6.820289,4.833182,5.035523,5.757292,4.506896,6.190746,4.317488,5.476422,5.158595,7.267693,6.802295,6.164514,6.491785,5.476798,6.244943,5.09516,6.737572,6.851989,7.228526,5.080286,5.066259,6.285477,4.684166,5.329913,5.338643,6.780785,6.611866,5.766663,4.901341,6.179043,5.535285,5.207517,6.336295,4.86399,5.852116,5.709698
1988-07,4.452602,6.735471,8.095047,6.952633,8.590884,5.492485,5.633217,6.900156,6.815793,5.316648,4.865224,5.284117,6.771168,6.793645,4.819555,5.0924,5.752287,4.496694,6.180244,4.273327,5.485958,5.158883,7.281867,6.818749,6.159074,6.472485,5.535522,6.224083,5.092154,6.731925,6.879191,7.271572,5.046002,5.011035,6.276643,4.692082,5.319247,5.292651,6.778057,6.623348,5.763497,4.901415,6.182436,5.556944,5.243016,6.354231,4.882726,5.869805,5.699507
1988-08,5.312171,6.652708,6.876048,8.008272,8.421636,5.226284,5.558333,6.67926,6.109425,5.07035,5.052289,4.674976,6.811454,7.141886,4.951805,4.758835,5.658541,4.895898,6.002454,4.570889,5.578937,6.765581,6.982046,7.298195,4.673296,6.693175,5.809433,5.657669,5.405197,6.747763,6.865057,7.329448,5.243333,4.832385,6.635027,4.781138,5.357294,4.670583,6.792367,5.938354,6.183035,4.909119,6.166216,5.513106,5.620546,6.189782,4.097174,4.907421,5.698837
1988-09,5.280153,6.693113,6.837751,7.978277,8.483055,5.221166,5.554122,6.679097,6.124902,5.000585,5.013365,4.638702,6.82186,7.102071,4.935984,4.779292,5.565018,4.885979,6.01835,4.579237,5.518617,6.72567,6.973028,7.299541,4.621536,6.664639,5.806038,5.623909,5.365883,6.805113,6.858208,7.326518,5.211124,4.830711,6.592633,4.722242,5.316845,4.614328,6.759209,5.939197,6.167705,4.883786,6.174494,5.489351,5.627189,6.196057,4.084294,4.909341,5.670674
1988-10,5.276889,6.699426,6.779365,7.989411,8.480774,5.157387,5.523419,6.645091,6.093683,4.99728,4.973764,4.671332,6.814631,7.05356,4.865918,4.744671,5.529627,4.868073,5.984289,4.61145,5.460181,6.659345,6.898836,7.258694,4.555665,6.58446,5.746139,5.603852,5.312615,6.794844,6.857682,7.311599,5.175811,4.79736,6.494616,4.652531,5.247498,4.592085,6.715602,5.919136,6.162051,4.866765,6.107468,5.487242,5.619821,6.222437,3.98304,4.901118,5.691946
1988-11,5.298067,6.751733,6.794318,8.08146,8.551616,5.206586,5.557523,6.72803,6.136971,5.009501,5.000113,4.674323,6.857777,7.072201,4.928412,4.811127,5.524456,4.879083,5.990264,4.450503,5.484838,6.725142,6.944078,7.316734,4.512616,6.62579,5.686535,5.626397,5.347536,6.779388,6.878017,7.373996,5.214827,4.851014,6.542256,4.719034,5.264243,4.594817,6.760322,5.941092,6.246339,4.9202,6.198438,5.587735,5.661014,6.27884,4.005331,4.921148,5.798001
1988-12,5.307475,6.927646,6.82584,8.085521,8.553379,5.227144,5.577463,6.743152,6.170405,5.050561,5.017545,4.654056,6.87219,7.101676,4.913978,4.83358,5.524137,4.86561,6.015328,4.484245,5.477133,6.728437,6.9916,7.332389,4.5091,6.650615,5.673529,5.637785,5.363449,6.806309,6.898805,7.398884,5.233886,4.877485,6.555883,4.667957,5.256036,4.578313,6.707388,6.002306,6.263684,4.910225,6.195262,5.583346,5.655642,6.277696,4.034241,4.91947,5.752922
1989-01,5.299467,6.927146,6.829448,8.08046,8.569681,5.209213,5.533587,6.734259,6.116025,4.973902,4.985454,4.60976,6.857388,7.081885,4.880147,4.768564,5.508457,4.873287,5.992864,4.450269,5.471472,6.741252,6.984633,7.294167,4.033355,6.688018,5.709864,5.375047,5.392172,6.802806,6.889856,7.397696,5.188558,4.84521,6.527665,4.665418,5.22176,4.550608,6.699377,6.018423,6.264046,4.850623,6.178338,5.574129,5.632823,6.25173,4.018363,4.902307,5.725903
1989-02,5.404208,6.844666,6.924485,8.084427,8.642607,5.259577,5.588746,6.745883,6.166866,5.029457,5.021575,4.649665,6.871361,7.127798,4.935984,4.838502,5.551524,4.916984,6.033398,4.484696,5.502849,6.763608,6.992234,7.290627,4.067145,6.672438,5.685992,5.420491,5.409635,6.843291,6.893869,7.434807,5.253529,4.871297,6.589325,4.750482,5.258953,4.607468,6.731782,6.047183,6.310554,4.896047,6.186661,5.622825,5.624126,6.220212,4.050741,4.86838,5.766194
1989-03,5.485709,6.846018,6.984837,8.135291,8.6925,5.373471,5.687924,6.815026,6.24162,5.07929,5.122594,4.700208,6.935682,7.217421,4.97411,4.924569,5.612033,4.977285,6.139992,4.526992,5.546115,6.837644,7.067593,7.347963,4.125197,6.729262,5.680173,5.466202,5.559527,6.914582,6.911458,7.536044,5.300615,4.937419,6.671539,4.836837,5.3234,4.633563,6.796522,6.075737,6.400141,4.9585,6.256652,5.67267,5.678054,6.283332,4.091173,4.9415,5.831032
1989-04,5.479346,6.831511,6.947303,8.134397,8.682838,5.414277,5.701847,6.780422,6.233862,5.096935,5.156927,4.678885,6.923136,7.189394,4.985591,5.004483,5.628592,4.949894,6.101798,4.620059,5.530381,6.800526,7.028972,7.332435,4.161536,6.767182,5.775979,5.447556,5.549387,6.898321,6.885867,7.546473,5.274332,4.914198,6.629284,4.823181,5.298867,4.625463,6.775343,6.030397,6.400639,4.940427,6.240334,5.652138,5.674388,6.286054,4.125843,4.939784,5.810093
1989-05,5.507037,6.873381,6.981628,8.204975,8.77316,5.484465,5.787756,6.812587,6.237308,5.179703,4.969883,4.712409,6.968982,7.211549,5.022564,5.066133,5.642651,4.970091,6.081054,4.641406,5.545919,6.783767,7.001318,7.370136,4.296741,6.87219,5.728573,5.457541,5.582067,6.943682,6.88507,7.59414,5.267961,4.919981,6.552251,4.816241,5.299117,4.630545,6.777248,6.054439,6.38762,4.960955,6.280564,5.685347,5.735152,6.336472,4.152928,4.959693,5.84337
1989-06,5.555901,6.925625,6.989556,8.271968,8.821691,5.503419,5.888518,6.881534,6.303058,5.21325,5.040841,4.793971,7.021923,7.258377,5.099927,5.114935,5.712412,5.010635,6.114324,4.71133,5.58781,6.858943,7.005916,7.413168,4.369321,6.873557,5.694876,5.495404,5.653401,6.972372,6.919348,7.69538,5.283356,4.986684,6.602913,4.904978,5.359318,4.700662,6.833021,6.057954,6.449585,5.005154,6.334309,5.787419,5.775204,6.381731,4.151827,4.986343,5.914988
1989-07,5.582857,6.72364,7.035797,8.442092,8.891737,5.576933,5.909034,6.895774,6.32348,5.279338,5.058091,4.851092,7.062029,7.26086,5.081715,5.151151,5.755964,5.060631,6.121374,4.753676,5.638675,6.980708,7.012584,7.4306,4.393832,6.896148,5.613785,5.503175,5.646083,6.994153,6.968418,7.754134,5.333105,5.04349,6.618579,4.966683,5.410842,4.733827,6.853542,6.125602,6.47788,5.048188,6.399077,5.898911,5.83703,6.411769,4.182813,5.010769,5.993088
1989-08,5.391261,6.703065,6.470722,8.304574,9.024597,5.76982,5.910254,6.878821,6.338082,5.23607,5.077546,4.82004,6.950642,7.194369,5.01383,5.127766,5.670674,5.069596,5.987582,4.825911,5.66414,6.928166,6.985336,7.089068,4.406109,7.097689,5.590054,5.615279,5.197779,6.953856,7.004528,7.729836,5.283711,5.002334,6.55305,4.918228,5.061455,4.740575,6.775366,6.204699,6.28583,4.956812,6.314055,5.824081,5.862523,6.446624,4.364753,4.980932,5.937457
1989-09,5.593521,6.816287,6.505978,8.458621,9.157232,5.887575,5.989337,6.955211,6.412048,5.323254,5.18582,4.904311,7.045838,7.267316,5.10885,5.19706,5.706512,5.157387,6.050323,4.867919,5.73654,7.037906,7.02252,7.160038,4.392348,7.147394,5.590054,5.628376,5.218841,6.999167,7.057399,7.81292,5.337009,5.059997,6.580265,4.941857,5.106248,4.804349,6.845348,6.306567,6.313077,5.015357,6.41382,5.904735,5.936216,6.538588,4.369448,5.051521,6.056409
1989-10,5.599051,6.778819,6.441791,8.414425,9.182273,5.870596,6.038968,6.940348,6.451023,5.37361,5.208064,4.942642,7.041674,7.355724,5.13938,5.225155,5.73224,5.167468,6.134049,4.878855,5.767446,7.050643,7.092831,7.18541,4.386517,7.253647,5.64915,5.711585,5.321203,7.02616,7.041779,7.854727,5.34396,5.062722,6.60271,4.974801,5.122415,4.7739,6.908275,6.360387,6.448763,5.033896,6.461921,5.919754,5.962679,6.561511,4.390367,5.081218,6.065203
1989-11,5.593596,6.767435,6.47264,8.425823,9.184007,5.918141,6.093773,6.910492,6.414786,5.42248,5.202137,4.957586,7.067567,7.318533,5.135504,5.214447,5.724924,5.152077,6.097535,4.851405,5.742618,7.030557,7.047726,7.176835,4.381527,7.236994,5.708737,5.749202,5.327925,7.057898,7.04135,7.900351,5.314732,5.080721,6.549307,5.00146,5.138325,4.738827,6.877296,6.302344,6.424853,5.023222,6.442795,5.931661,5.98836,6.603754,4.405743,5.083886,6.147292
1989-12,5.604404,6.749275,6.382239,8.442284,9.203477,5.906778,6.072307,6.826795,6.404551,5.38022,5.194567,4.931881,7.024097,7.257052,5.071605,5.152193,5.650698,5.072357,5.998812,4.807621,5.692823,7.000781,6.973702,7.128464,4.234396,7.216592,5.760163,5.672705,5.269506,7.063091,7.047256,7.876707,5.216348,5.045938,6.496247,4.988799,5.106188,4.658142,6.874126,6.273443,6.312859,4.97997,6.404203,5.903835,5.90154,6.617296,4.322277,5.044843,6.127611
1990-01,5.709632,6.783438,6.374104,8.475913,9.19883,5.924924,6.040683,6.832018,6.410701,5.372915,5.217324,4.985728,7.066569,7.27648,5.083948,5.166727,5.677473,5.129484,6.016962,4.759778,5.734021,7.090752,6.946716,7.119684,4.148833,7.087156,5.917953,5.700711,5.329816,7.100068,7.072422,7.896437,5.234365,5.022432,6.472964,5.027558,5.06506,4.656718,6.90063,6.342209,6.333297,4.994032,6.423945,5.920264,5.876446,6.644467,4.303389,5.036758,6.121571
1990-02,5.719754,6.817283,6.388175,8.490348,9.187488,5.925351,5.958528,6.829913,6.433728,5.3511,5.272743,5.003409,7.078105,7.31402,5.119848,5.168493,5.668949,5.160434,6.034979,4.786324,5.760068,7.123753,6.935166,7.118689,4.098005,7.17105,5.928312,5.782717,5.363075,7.157572,7.114151,7.949741,5.226445,5.050112,6.447369,5.04671,5.072169,4.688132,6.952958,6.465367,6.357565,5.0223,6.45017,5.881091,5.852404,6.620473,4.302036,5.012301,6.170949
1990-03,5.598052,6.737275,6.275854,8.395789,9.096992,4.53871,5.863546,6.731269,6.366006,5.265794,5.117754,4.914198,7.012647,7.231967,5.0127,5.060758,5.588446,5.154274,5.950017,4.777441,5.702915,7.08462,6.89464,7.077532,3.944684,7.134883,6.00406,5.736153,5.327973,7.117165,7.055132,7.814335,5.112349,4.977905,6.457366,4.992403,5.035458,4.606469,6.869866,6.414737,6.28307,4.945777,6.395195,5.75887,5.758144,6.50677,4.22508,4.880678,6.081328
1990-04,5.685381,6.725706,6.265852,8.399353,9.068855,4.566949,5.882291,6.725802,6.3705,5.300415,5.101572,4.943284,6.98302,7.263778,5.056182,5.078419,5.61079,5.220896,5.978506,4.804513,5.752223,7.095868,6.946216,7.115233,3.853334,7.19322,5.98149,5.781176,5.396895,7.13993,7.055201,7.810466,5.161524,4.999574,6.50771,5.062342,5.0579,4.60966,6.880672,6.457429,6.336932,4.977147,6.420939,5.713436,5.802481,6.523048,4.226396,4.893427,6.117128
1990-05,5.710228,6.785452,6.359435,8.455645,9.127819,4.634729,5.8925,6.71772,6.418185,5.384908,5.152482,4.972449,7.031732,7.278139,5.119191,5.100232,5.656306,5.230841,6.037608,4.844345,5.792312,7.135329,6.980262,7.222566,3.980616,7.226369,5.861584,5.824583,5.451124,7.137779,7.042129,7.848415,5.225316,5.040453,6.559488,5.144875,5.108427,4.669271,6.925811,6.49395,6.372705,5.01675,6.479032,5.709201,5.778643,6.52607,4.232075,4.870913,6.162241
1990-06,5.689853,6.793758,6.310809,8.478554,9.174372,4.566949,5.90408,6.64487,6.409813,5.373981,5.078855,4.963823,7.038547,7.235345,5.071229,5.073923,5.634504,5.184645,5.963348,4.834932,5.773588,7.128055,6.92841,7.164713,4.000034,7.226289,5.736056,5.801484,5.351669,7.10091,6.981805,7.819885,5.239416,5.018471,6.56892,5.108609,5.07242,4.648517,6.892743,6.507725,6.33063,5.015357,6.464822,5.67826,5.737475,6.491679,4.213904,4.834534,6.211222
1990-07,5.703416,6.87985,6.390492,8.625111,9.183555,4.687027,6.03904,6.740366,6.507875,5.447857,5.217216,5.104065,7.152222,7.300696,5.147959,5.112951,5.71218,5.330639,6.030757,4.959763,5.83241,7.24619,7.013223,7.259981,4.002229,7.309145,5.828033,5.832352,5.474705,7.160543,7.026764,7.916209,5.339843,5.091232,6.68266,5.283305,5.193845,4.747277,6.946129,6.554446,6.383642,5.110058,6.578445,5.793593,5.843747,6.589312,4.217152,4.884618,6.347722
1990-08,5.521101,7.178652,6.11366,8.607968,7.820094,4.602667,5.892528,6.697207,6.526846,5.263001,5.189506,5.121998,7.166876,7.189273,5.178351,5.101572,5.538986,5.301811,5.974166,4.993218,5.832967,7.036843,6.934641,7.27985,4.080077,7.043806,5.77511,5.724434,5.563063,7.065673,7.029592,7.803259,5.323108,5.121401,6.603429,5.300615,5.316157,4.809987,6.894234,6.363752,6.269626,5.102059,6.542126,5.702148,5.830444,6.540092,3.992681,4.825109,6.236957
1990-09,5.647459,7.181409,6.126673,8.60807,7.874686,4.532169,5.820913,6.638987,6.514016,5.224778,5.188726,5.118951,7.203748,7.208445,5.166613,5.088398,5.573256,5.359554,6.027362,4.959623,5.812487,7.052081,6.901616,7.252189,4.034948,6.971453,5.888739,5.789348,5.549971,7.152465,7.039038,7.75346,5.297367,5.084195,6.547416,5.142307,5.263312,4.731891,6.908405,6.354892,6.251191,5.059298,6.518424,5.647741,5.763717,6.525836,3.907814,4.770091,6.221365
1990-10,5.55032,7.106631,6.016523,8.556387,7.833977,4.371597,5.672223,6.536894,6.414147,5.053439,5.10643,5.042715,7.139224,7.064314,5.018934,4.935265,5.37259,5.244811,5.929536,4.8231,5.673186,6.906414,6.76148,7.102145,3.934762,6.865839,5.826914,5.696926,5.432455,7.14737,6.963124,7.654211,5.202962,4.984907,6.41732,5.028475,5.111928,4.60587,6.782963,6.260976,6.109781,4.950319,6.391364,5.468819,5.649432,6.419946,3.807329,4.660321,6.10573
1990-11,5.401506,7.10133,5.906397,8.484025,7.843201,4.307034,5.654942,6.471681,6.345057,4.911772,5.041488,5.014694,7.099879,6.992455,4.953289,4.768649,5.265691,5.173491,5.865306,4.636378,5.572116,6.792625,6.643047,6.99419,3.882594,6.873102,5.818628,5.657215,5.466286,7.1392,6.963048,7.677748,5.072107,4.899108,6.360905,4.932458,5.056246,4.491217,6.703949,6.204477,6.028833,4.902902,6.296557,5.335613,5.501707,6.309955,3.704999,4.543188,5.987758
1990-12,5.373518,7.13233,5.954645,8.556389,7.905246,4.343156,5.65003,6.447021,6.387283,4.848508,5.045359,5.035718,7.114745,6.996736,4.884089,4.650526,5.221652,5.056501,5.741977,4.64314,5.470294,6.761943,6.618125,7.024266,3.663562,6.868547,5.627585,5.478971,5.361621,7.102047,7.027625,7.702461,5.044199,4.865378,6.32418,4.940213,5.002805,4.513603,6.707327,6.221047,6.010409,4.874052,6.27463,5.298067,5.405736,6.250979,3.627802,4.472895,5.956329
1991-01,5.452497,7.191437,6.04775,8.604365,7.972356,4.43367,5.777157,6.545249,6.456267,4.990977,5.132735,5.158825,7.215063,7.086403,4.996739,4.73048,5.284776,5.156984,5.764689,4.754882,5.553425,6.822644,6.636629,7.038222,3.726175,7.034811,5.572648,5.531728,5.315371,7.110492,7.05234,7.740399,5.105945,4.912214,6.443734,5.09283,5.065565,4.60557,6.784174,6.256268,6.07113,4.940284,6.394594,5.375093,5.561374,6.392369,3.710396,4.548917,5.925084
1991-02,5.426579,7.234848,6.073114,8.626286,8.024502,4.453766,5.812607,6.598632,6.487486,5.063354,5.157905,5.193346,7.239653,7.116808,5.065818,4.807621,5.34396,5.145516,5.852949,4.757634,5.610241,6.881966,6.622058,7.075065,3.764682,7.085056,5.711685,5.533706,5.336047,7.098053,7.059025,7.750778,5.162956,4.95343,6.489007,5.151903,5.112831,4.634243,6.875366,6.312823,6.120363,4.98155,6.422142,5.422127,5.641091,6.440324,3.730981,4.569336,6.002108
1991-03,5.492938,7.273481,6.127371,8.67175,8.050665,4.592895,5.713964,6.687233,6.500854,5.230895,5.260564,5.28857,7.281833,7.171042,5.131849,4.911993,5.451081,5.240105,5.929297,4.857406,5.675246,6.99126,6.685586,7.139597,3.77872,7.153458,5.529548,5.61196,5.291041,7.079993,7.04093,7.747005,5.213358,5.049664,6.638123,5.338835,5.237505,4.724374,6.919723,6.42754,6.27463,5.023683,6.535357,5.444148,5.723618,6.503659,3.783735,4.647367,6.119836
1991-04,5.591099,7.38577,6.198072,8.77392,8.116501,4.75471,5.810752,6.715129,6.557006,5.390258,5.338163,5.381141,7.390762,7.223996,5.189172,5.023288,5.515845,5.454038,5.990714,4.917057,5.753968,7.066535,6.780092,7.147717,3.87245,7.130851,5.586012,5.713106,5.414811,7.163296,7.081456,7.784781,5.307723,5.097669,6.688068,5.414499,5.291293,4.87344,6.965741,6.480428,6.327258,5.105036,6.61439,5.61196,5.842587,6.58971,3.853334,4.761319,6.185776
1991-05,5.612909,7.47171,6.256172,8.826034,8.130041,4.82543,5.797182,6.718602,6.597446,5.433198,5.45121,5.471977,7.448445,7.219042,5.284421,5.055162,5.562104,5.402182,5.994261,4.961235,5.747002,7.101544,6.773401,7.149556,3.871201,7.27693,5.563562,5.711949,5.376481,7.180572,7.093795,7.787228,5.34396,5.158078,6.656611,5.478052,5.340179,4.901639,6.972456,6.558751,6.316659,5.137973,6.703311,5.702949,5.889044,6.643712,3.975749,4.849135,6.156555
1991-06,5.607529,7.462002,6.238168,8.784981,8.094336,4.854683,5.769601,6.747903,6.58872,5.461753,5.430967,5.455278,7.442522,7.250465,5.310641,5.081715,5.585787,5.358989,5.991165,4.999507,5.736605,7.111178,6.757153,7.142875,3.933784,7.26347,5.549504,5.741528,5.59512,7.211586,7.0884,7.793612,5.396215,5.179703,6.598781,5.477467,5.369987,4.897392,6.992446,6.558439,6.362338,5.154909,6.748584,5.684498,5.956485,6.627406,3.950282,4.853904,6.156767
1991-07,5.707177,7.486742,6.266973,8.821693,8.124915,4.895748,5.818331,6.80621,6.633568,5.511855,5.495445,5.513953,7.481702,7.3409,5.402317,5.149121,5.656551,5.416234,6.029507,5.060694,5.81428,7.211586,6.917121,7.196904,3.865141,7.29433,5.585449,5.731819,5.517814,7.194685,7.083296,7.777612,5.503175,5.201145,6.618445,5.54193,5.432236,4.950673,7.092025,6.685399,6.447227,5.230574,6.825688,5.743804,6.034476,6.651055,3.970103,4.900597,6.198519
1991-08,5.583271,7.45984,6.570014,8.680131,8.379681,4.744758,5.655187,6.696219,6.52974,5.375695,5.404118,5.429477,7.326374,7.261113,5.363309,5.180716,5.480889,5.373193,5.958916,4.769413,5.655922,7.002793,6.87134,7.113207,5.293456,7.10563,5.711089,5.477258,5.494706,7.065622,7.073143,7.717213,5.319541,5.128359,6.515068,5.412806,5.38642,5.384312,7.050868,6.674625,6.270383,5.164729,6.758803,5.583459,5.978227,6.517435,3.924149,4.894476,6.094811
1991-09,5.637215,7.533132,6.503255,8.767205,8.451203,4.752728,5.732791,6.713029,6.574657,5.424289,5.499215,5.506997,7.412058,7.31956,5.419384,5.279695,5.557175,5.410753,6.001266,4.835964,5.66857,7.006442,6.884343,7.168996,5.352806,7.119328,5.671328,5.490507,5.477425,7.137628,7.112303,7.750361,5.357529,5.158423,6.58007,5.496225,5.416367,5.396804,7.042522,6.729944,6.332302,5.22354,6.824287,5.605986,6.076885,6.525323,3.937886,4.97563,6.112753
1991-10,5.692553,7.594557,6.492573,8.902762,8.513805,4.774913,5.748979,6.728042,6.610965,5.519058,5.502767,5.547947,7.445826,7.333559,5.482762,5.282798,5.612434,5.413341,6.005762,4.895075,5.673014,7.026462,6.843633,7.193979,5.270535,7.069253,5.597644,5.466582,5.512824,7.145811,7.140112,7.768055,5.382153,5.177843,6.576414,5.59136,5.452325,5.434639,7.041158,6.785056,6.344232,5.204556,6.882304,5.609215,6.155622,6.524868,3.95757,5.026377,6.144014
1991-11,5.640949,7.557327,6.38767,8.852359,8.492872,4.856085,5.732694,6.683386,6.619406,5.557716,5.481347,5.546544,7.447984,7.29929,5.500237,5.323205,5.570746,5.363262,5.971058,4.916471,5.637607,6.958924,6.819241,7.196275,5.167924,7.051293,5.637037,5.496717,5.508902,7.138454,7.171472,7.785954,5.398298,5.181727,6.540684,5.607895,5.387015,5.404792,7.022324,6.785655,6.349261,5.181671,6.839551,5.648763,6.146244,6.530674,3.906407,5.04,6.096027
1991-12,5.616189,7.544687,6.369781,8.873007,8.433655,4.965568,5.743996,6.682347,6.627671,5.51238,5.47504,5.632537,7.525392,7.327997,5.513751,5.309059,5.538515,5.376805,5.960361,4.904978,5.627945,6.977664,6.791525,7.228178,5.179534,7.084076,5.689988,5.490631,5.552068,7.157206,7.18023,7.809407,5.414143,5.210633,6.526905,5.712808,5.420712,5.45468,7.059171,6.84263,6.439861,5.221112,6.814949,5.669364,6.154879,6.575954,3.900153,5.037796,6.097737
1992-01,5.572534,7.553061,6.36494,8.900079,8.394298,5.010635,5.6657,6.641704,6.613116,5.489144,5.407486,5.612544,7.500165,7.261941,5.473698,5.259732,5.533034,5.285384,5.875913,4.837789,5.533034,6.917339,6.693745,7.161971,5.121341,7.049437,5.72159,5.490878,5.434682,7.068632,7.192506,7.768495,5.381371,5.186659,6.468537,5.703582,5.377821,5.391762,6.978978,6.794553,6.348317,5.185149,6.816626,5.623331,6.079659,6.556238,3.833413,5.00146,6.079292
1992-02,5.657075,7.693368,6.718615,9.042303,8.533009,5.124559,5.756375,6.758605,6.744083,5.628196,5.584323,5.768383,7.654154,7.357263,5.596791,5.384036,5.723847,5.403578,5.954723,4.961025,5.618515,7.076198,6.750353,7.254234,5.400152,7.117457,5.70168,5.515523,5.443543,7.089302,7.236426,7.86022,5.478136,5.307574,6.5273,5.873891,5.488896,5.506347,7.076367,6.835496,6.481041,5.296866,6.945128,5.763842,6.233901,6.67107,3.977623,5.116436,6.221524
1992-03,5.665873,7.634158,6.701616,9.011222,8.478802,5.133266,5.896137,6.796701,6.825949,5.66525,5.57485,5.745116,7.593863,7.367286,5.617244,5.479388,5.756723,5.479513,5.984968,5.036693,5.679148,7.078476,6.864106,7.292827,5.45899,7.085081,5.785547,5.679251,5.340083,7.054121,7.186046,7.827273,5.491414,5.324521,6.599843,5.927965,5.594637,5.544591,7.108931,6.725202,6.478494,5.287711,6.944348,5.861754,6.223607,6.656444,4.038832,5.154793,6.288137
1992-04,5.63268,7.624995,6.728078,9.025123,8.479473,5.195509,6.01281,6.851016,6.809922,5.699808,5.525811,5.706246,7.576113,7.390286,5.645093,5.55787,5.773744,5.486165,6.049238,5.050881,5.72932,7.11183,6.994181,7.254489,5.445184,7.094807,5.754381,5.712081,5.403983,7.052972,7.167848,7.830231,5.540204,5.348773,6.667911,5.953659,5.63361,5.541028,7.135902,6.791278,6.525836,5.321497,6.997075,5.859988,6.275496,6.663631,4.057162,5.185652,6.289883
1992-05,5.601122,7.591852,6.663388,9.035705,8.440269,5.166784,6.001266,6.838641,6.788994,5.657389,5.462305,5.657459,7.515922,7.406808,5.640488,5.594563,5.760667,5.408516,6.034332,5.00146,5.711453,7.074515,7.007691,7.24507,5.442721,7.038283,5.6476,5.708737,5.352806,7.034088,7.156473,7.827428,5.510481,5.331994,6.618592,5.890317,5.579466,5.529945,7.148668,6.774624,6.509737,5.324765,7.000006,5.845079,6.266156,6.660306,4.038656,5.197557,6.176885
1992-06,5.559604,7.578176,6.668127,9.054632,8.515948,5.177223,5.97503,6.883094,6.815706,5.617207,5.402767,5.622464,7.504348,7.467668,5.645553,5.606317,5.7661,5.403353,6.077436,4.917935,5.74111,7.07421,7.126385,7.298134,5.600826,7.073075,5.607895,5.720049,5.291444,7.128865,7.185235,7.895402,5.535758,5.32807,6.631844,5.85272,5.575835,5.524775,7.1793,6.848684,6.556878,5.322571,6.951839,5.897071,6.277639,6.656714,3.992496,5.199822,6.173599
1992-07,5.588933,7.58457,6.646235,9.176292,8.513828,5.268425,6.032007,6.875728,6.816024,5.602672,5.383715,5.658785,7.525338,7.477712,5.61342,5.585712,5.769414,5.406634,6.084249,4.88083,5.741913,7.07137,7.122294,7.307296,5.517895,7.029822,5.767195,5.756059,5.286548,7.166289,7.204469,7.867439,5.535877,5.335998,6.632845,5.898636,5.576744,5.516046,7.164782,6.849416,6.550909,5.336191,6.961211,5.917468,6.305892,6.670297,3.997099,5.227412,6.14236
1992-08,5.67026,7.487728,6.48196,9.110338,8.520998,5.298767,6.01684,6.785192,6.71502,5.498561,5.326176,5.52238,7.270181,7.31065,5.53331,5.567848,6.170071,5.387884,6.081442,4.889898,5.724859,6.939118,7.142685,7.240815,5.488152,7.065007,5.950799,5.761863,5.184813,7.119547,7.235554,7.779233,5.548804,5.394082,6.5648,5.763183,5.534496,5.428863,6.838191,6.96406,6.468133,5.322376,6.79813,5.813623,6.361441,6.638031,4.08564,5.162669,6.049073
1992-09,5.71604,7.561158,6.481792,9.154809,8.562637,5.322668,6.057533,6.811156,6.795381,5.552494,5.4011,5.580861,7.333252,7.351332,5.611375,5.636253,6.222239,5.471808,6.092757,4.983949,5.745948,6.933413,7.130739,7.294445,5.426623,7.1221,5.966301,5.783702,5.24143,7.18475,7.29701,7.836133,5.567504,5.432936,6.582357,5.794841,5.599976,5.465948,6.852264,6.946101,6.484299,5.37101,6.846039,5.82874,6.380156,6.714413,4.07244,5.193068,6.119066
1992-10,5.768665,7.580577,6.40417,9.261682,8.558832,5.308218,6.049332,6.796656,6.79003,5.553115,5.365696,5.561604,7.29348,7.296834,5.569984,5.620763,6.23121,5.48902,6.006698,4.969049,5.7094,6.928998,7.009011,7.242941,5.379298,7.133272,5.904162,5.750602,5.227788,7.2161,7.292324,7.840832,5.543496,5.424377,6.497891,5.779415,5.588484,5.454637,6.811531,6.932965,6.420516,5.357388,6.848897,5.819014,6.336861,6.700411,4.051263,5.15894,6.086275
1992-11,5.731008,7.614559,6.446592,9.237705,8.572382,5.367237,6.102133,6.787822,6.832665,5.604514,5.252849,5.544826,7.243363,7.305887,5.631678,5.643077,6.261186,5.526448,6.014057,4.921002,5.728378,6.987915,6.990174,7.220198,5.359648,7.144407,5.890456,5.835863,5.351479,7.221383,7.295342,7.856374,5.534851,5.438862,6.497197,5.841688,5.658436,5.511249,6.817174,6.956288,6.459889,5.393264,6.898058,5.875689,6.361354,6.762533,4.118061,5.176771,6.155919
1992-12,5.706246,7.605348,6.421248,9.257957,8.529232,5.381831,6.159518,6.80447,6.863845,5.613274,5.332139,5.590352,7.277766,7.313287,5.612654,5.657913,6.292143,5.523339,6.029122,5.050497,5.714261,6.999304,7.00471,7.253357,5.429302,7.140778,5.82538,5.850765,5.346727,7.184493,7.287602,7.8465,5.602193,5.477551,6.472578,5.924977,5.714755,5.498847,6.845837,6.953369,6.518055,5.408203,6.948331,5.922731,6.396563,6.799045,4.169607,5.205544,6.196281
1993-01,5.731462,7.639137,6.493557,9.367555,8.543288,5.434202,6.250786,6.872853,6.903275,5.724663,5.432061,5.632358,7.317432,7.329533,5.674319,5.732985,6.302875,5.557561,6.106912,5.091724,5.73783,7.078628,7.080069,7.257679,5.521701,7.194512,5.697496,5.877344,5.234259,7.147992,7.279884,7.883001,5.667464,5.529905,6.535981,5.990414,5.778983,5.562334,6.880055,7.006731,6.567867,5.47872,7.01765,6.015132,6.469886,6.855756,4.164648,5.279746,6.269816
1993-02,5.849325,7.622556,6.505859,9.395061,8.514526,5.389848,6.300419,6.863553,6.892388,5.713337,5.428161,5.653226,7.295172,7.336787,5.681094,5.782316,6.306385,5.531966,6.146244,5.062848,5.75928,7.096928,7.110337,7.340933,5.589082,7.288347,5.733762,5.909956,5.232712,7.177515,7.301242,7.95779,5.725511,5.55536,6.487425,5.980581,5.841397,5.595195,6.873692,7.011448,6.578946,5.509024,7.019431,6.011194,6.531592,6.896027,4.268018,5.327633,6.28488
1993-03,5.867883,7.588577,6.490587,9.403599,8.450981,5.441248,6.362097,6.909184,6.912703,5.699406,5.411155,5.621415,7.213754,7.31336,5.700778,5.849382,6.307133,5.567734,6.209415,5.038186,5.808953,7.106245,7.201119,7.303109,5.580258,7.282617,5.672498,5.924657,5.195509,7.204759,7.322359,7.9677,5.745692,5.54463,6.549651,6.047798,5.922061,5.604183,6.893981,7.000544,6.60661,5.535285,7.015973,6.022115,6.584004,6.923579,4.362461,5.362184,6.290791
1993-04,5.851513,7.572945,6.557531,9.378759,8.418769,5.338547,6.326382,6.918824,6.943904,5.640417,5.249862,5.496594,7.135377,7.318241,5.722408,5.88017,6.388309,5.603778,6.198174,5.009968,5.844356,7.083941,7.197967,7.318453,5.571165,7.308436,5.727792,5.944189,5.17615,7.259243,7.377871,8.020777,5.757765,5.545685,6.527329,5.998465,5.960851,5.61964,6.906655,6.946899,6.609039,5.526369,6.997267,6.019663,6.607042,6.914721,4.381276,5.387198,6.240217
1993-05,5.864,7.54242,6.637612,9.399888,8.407378,5.365135,6.378443,6.943885,6.954057,5.685245,5.307525,5.484216,7.142883,7.336813,5.76334,5.925084,6.412278,5.606721,6.189188,5.057837,5.871188,7.137414,7.256904,7.33609,5.539262,7.359047,5.8904,5.95436,5.155889,7.304025,7.390249,8.067397,5.746267,5.572192,6.527271,6.052959,6.004973,5.635504,6.882489,7.037713,6.657061,5.546856,7.032633,6.058048,6.65002,6.967212,4.478245,5.426271,6.216985
1993-06,5.822306,7.418223,6.513779,9.303582,8.234706,5.377313,6.340871,6.923963,6.898523,5.624342,5.307525,5.397665,7.175291,7.369273,5.714195,5.898828,6.387754,5.596717,6.166741,5.05987,5.902141,7.135194,7.292984,7.389916,5.467258,7.395108,5.978531,5.8456,5.107883,7.320136,7.385609,8.034437,5.706013,5.529984,6.498041,5.991014,5.984138,5.622319,6.882407,7.118664,6.670031,5.509024,6.938129,5.992114,6.603754,6.942157,4.461646,5.397846,6.16321
1993-07,5.843081,7.441719,6.559119,9.333844,8.273541,5.469199,6.449443,6.938469,6.909124,5.651857,5.407934,5.47483,7.199992,7.39144,5.739568,5.897813,6.405757,5.618079,6.204942,5.043748,5.952932,7.176828,7.294642,7.431418,5.538397,7.366932,6.069235,5.822128,5.185429,7.329277,7.380193,8.073814,5.759406,5.561796,6.594509,6.07677,6.076242,5.684226,6.887257,7.094658,6.702353,5.55416,6.993887,6.061247,6.596614,6.954954,4.4628,5.4153,6.228866
1993-08,5.792282,7.403043,6.392068,9.064057,8.270817,5.497619,6.342949,6.853278,6.915128,5.503948,5.388524,5.436818,7.042863,7.329966,5.714755,5.865504,6.449048,5.558101,6.188777,5.063986,5.926259,7.16311,7.338544,7.299703,5.964967,7.42621,6.259237,5.787572,4.788075,7.253761,7.418427,8.096129,5.841019,5.511209,6.459122,5.999929,6.128287,5.607639,6.751055,6.945196,6.633055,5.404702,6.826024,5.970854,6.569818,6.956164,4.576874,5.470546,6.100095
1993-09,5.805286,7.358914,6.46773,9.064429,8.223168,5.509105,6.322547,6.871786,6.89064,5.455022,5.426799,5.38962,6.965175,7.340018,5.726457,5.873947,6.449933,5.586124,6.167307,5.037147,5.930493,7.20846,7.361407,7.33431,5.979468,7.446001,6.344249,5.801907,5.072608,7.262818,7.439377,8.122416,5.884074,5.53564,6.37419,5.916956,6.146094,5.605545,6.726413,6.907335,6.675243,5.418631,6.829556,6.002306,6.586199,6.996334,4.624384,5.502971,6.044128
1993-10,5.852001,7.409118,6.61188,9.084575,8.201907,5.586387,6.392118,6.917597,6.923786,5.47872,5.381279,5.39771,7.011367,7.36702,5.808052,5.960387,6.490526,5.651612,6.19269,5.161524,6.015572,7.225612,7.350741,7.3937,6.029844,7.483115,6.261816,5.793776,5.128063,7.296223,7.470475,8.1805,5.911799,5.576896,6.415751,5.958502,6.25279,5.668293,6.75178,6.900096,6.723965,5.472775,6.86327,6.048128,6.594673,7.044042,4.64564,5.563063,6.112243
1993-11,5.854241,7.381913,6.520091,9.066136,8.162545,5.638319,6.462608,6.908425,6.915307,5.440338,5.361433,5.384082,7.014113,7.3409,5.818271,5.928072,6.484605,5.614696,6.147207,5.174906,6.000077,7.219796,7.359258,7.379607,6.00751,7.493451,6.148596,5.752731,5.191511,7.309012,7.460024,8.181236,5.933888,5.599125,6.389687,6.014302,6.279909,5.640985,6.712689,6.92745,6.711886,5.467934,6.860968,6.06176,6.627367,7.05092,4.704563,5.604183,6.076288
1993-12,5.840206,7.469825,6.512236,9.170873,8.256369,5.654907,6.494041,6.986668,6.985494,5.502767,5.454295,5.445184,7.066945,7.370615,5.855731,5.947696,6.521019,5.619386,6.184953,5.302857,6.030517,7.233181,7.447874,7.385125,6.03935,7.514238,6.272046,5.784625,5.184196,7.288955,7.437147,8.201888,5.963939,5.636752,6.456079,6.043559,6.25807,5.638283,6.732652,6.827467,6.743093,5.495815,6.905413,6.125799,6.583285,7.019896,4.688224,5.554818,5.971899
1994-01,5.821328,7.476993,6.48738,9.16306,8.306354,5.652244,6.459513,6.98785,6.996471,5.526369,5.456005,5.43031,7.079563,7.377259,5.837001,5.94887,6.567881,5.601344,6.177425,5.271922,6.006723,7.235187,7.47505,7.438384,6.122602,7.478452,6.243021,5.757576,5.465018,7.22307,7.374353,8.138813,5.90656,5.604735,6.521931,6.03954,6.208731,5.612398,6.798465,6.879068,6.756735,5.483094,6.905032,6.118978,6.552422,6.968709,4.686934,5.523539,5.989513
1994-02,5.930838,7.465071,6.594112,9.203697,8.296893,5.503908,6.488141,7.018017,7.013736,5.530777,5.568039,5.454466,7.092898,7.415229,5.877259,5.908708,6.577361,5.634682,6.242573,5.270843,6.052607,7.292677,7.51739,7.503686,6.144979,7.521399,6.36056,6.051854,5.511491,7.228476,7.38608,8.13798,5.951814,5.638426,6.570056,6.043772,6.245002,5.685585,6.835604,6.934524,6.776336,5.510602,6.86787,6.174931,6.601162,6.984272,4.715548,5.534851,6.013544
1994-03,5.981641,7.479136,6.636563,9.152941,8.389651,5.52792,6.537517,7.010375,7.035445,5.538357,5.654907,5.521061,7.088459,7.497451,5.906397,5.856933,6.604865,5.685754,6.339989,5.314584,6.111733,7.314253,7.600097,7.527024,6.148169,7.547111,6.341716,6.124552,5.4773,7.275588,7.374341,8.156536,5.952854,5.680548,6.619113,6.091988,6.297072,5.709499,6.905382,6.954954,6.83041,5.541499,6.874829,6.239242,6.656469,7.006731,4.710881,5.577841,6.095261
1994-04,6.006156,7.451085,6.67031,9.168095,8.312638,5.581916,6.528674,6.972203,7.029796,5.566243,5.524337,5.458819,7.018751,7.483655,5.881371,5.860359,6.588885,5.642864,6.32057,5.296165,6.126498,7.311519,7.547101,7.54198,6.158419,7.572241,6.337162,6.109381,5.456773,7.237383,7.317173,8.116366,5.95827,5.657634,6.63934,6.127284,6.319184,5.736895,6.883729,6.924386,6.791806,5.535443,6.903777,6.252462,6.62022,6.963105,4.704835,5.541224,6.036796
1994-05,5.921418,7.407269,6.554588,9.131664,8.195563,5.513913,6.425744,6.931276,6.987361,5.559335,5.48351,5.388067,6.944897,7.44944,5.83808,5.852863,6.524546,5.606464,6.261854,5.231376,6.092734,7.261646,7.488887,7.501032,6.07083,7.535788,6.387384,6.070668,5.350103,7.205464,7.27146,8.076627,5.905335,5.605618,6.597268,6.083177,6.301776,5.678943,6.803938,6.937945,6.746447,5.478512,6.858681,6.174244,6.586503,6.926076,4.682039,5.502482,5.972205
1994-06,5.904353,7.416914,6.577319,9.149734,8.302234,5.517091,6.401137,6.914314,7.000571,5.545568,5.478386,5.369568,6.98277,7.485076,5.850103,5.880365,6.544804,5.597273,6.252308,5.238143,6.076081,7.225656,7.48626,7.492131,6.171387,7.520495,6.250226,6.023205,5.346298,7.246354,7.293596,8.088101,5.883183,5.613384,6.574239,6.096342,6.280321,5.677233,6.79717,6.91729,6.743223,5.472061,6.863678,6.187812,6.63968,6.924022,4.672081,5.531134,6.021387
1994-07,5.894788,7.40793,6.559488,9.126595,8.223061,5.522181,6.42678,6.924052,7.025761,5.522301,5.503867,5.41044,7.028326,7.51572,5.836622,5.824642,6.561412,5.555901,6.283406,5.304697,6.048459,7.268342,7.464218,7.51782,6.218461,7.478006,6.260594,6.040398,5.326273,7.261506,7.232307,8.102886,5.882152,5.634468,6.57982,6.170364,6.288527,5.681094,6.81947,6.95706,6.720871,5.480055,6.839262,6.193119,6.701518,6.958876,4.671426,5.558988,6.028447
1994-08,5.826325,7.280677,6.494268,8.974753,8.236963,5.386237,5.988811,6.982102,6.879438,5.437775,5.682797,5.346869,6.86304,7.343051,5.687213,5.708272,6.187299,5.449277,6.282323,5.246287,5.923748,7.163172,7.26922,7.613167,6.012639,7.367083,6.292772,6.341646,5.297967,7.15399,7.178088,7.831728,5.73143,5.497578,6.405757,5.99174,6.18192,5.560258,6.899874,6.932711,6.556054,5.511289,6.697824,5.933359,6.598564,6.823373,4.71698,5.373842,6.029603
1994-09,5.830797,7.304993,6.499561,9.028374,8.28568,5.401956,6.014131,6.92793,6.903577,5.467596,5.732597,5.367843,6.870375,7.383294,5.733988,5.693463,6.233214,5.472901,6.364338,5.240211,5.973657,7.232466,7.30733,7.617155,5.976529,7.357971,6.28193,6.36623,5.290033,7.190239,7.233831,7.865944,5.759596,5.525054,6.446117,5.99149,6.243778,5.59259,6.97088,6.917993,6.578139,5.534061,6.711789,5.929004,6.622883,6.866715,4.714204,5.394445,6.05263
1994-10,5.878995,7.378228,6.416814,9.077613,8.376355,5.44311,6.065737,6.96085,6.976003,5.518015,5.818182,5.472607,6.973693,7.438248,5.786744,5.740275,6.295948,5.457882,6.414901,5.29089,6.032031,7.236512,7.297768,7.655358,6.067221,7.401652,6.330362,6.404865,5.340706,7.184963,7.234083,7.874754,5.834928,5.580371,6.561059,6.099018,6.315485,5.658192,7.026613,6.922742,6.60939,5.566893,6.745495,5.968401,6.663043,6.891931,4.759178,5.434595,6.09174
1994-11,5.850275,7.376564,6.400091,9.098644,8.347889,5.425126,5.911068,6.941345,6.961846,5.502115,5.832176,5.493185,6.994804,7.425197,5.756185,5.680923,6.271555,5.405332,6.417631,5.237346,6.001613,7.21242,7.240069,7.599657,6.033997,7.322444,6.409089,6.437736,5.339411,7.175933,7.199723,7.855552,5.824022,5.581238,6.576999,6.120693,6.290513,5.654242,7.026027,6.959247,6.53659,5.576744,6.723832,5.92943,6.602249,6.87106,4.772293,5.388935,6.065481
1994-12,5.825469,7.398523,6.449506,9.135431,8.318572,5.499052,5.904599,6.949847,6.974797,5.528158,5.827032,5.475878,7.010384,7.42584,5.780466,5.692654,6.255961,5.415745,6.375365,5.2079,6.04054,7.22093,7.222121,7.624033,5.985623,7.348806,6.295063,6.364544,5.306434,7.260206,7.21253,7.851311,5.812966,5.606868,6.67197,6.213828,6.348667,5.656621,6.98504,6.976264,6.557446,5.573598,6.74124,5.968529,6.607164,6.880333,4.748838,5.395263,6.07339
1995-01,5.834606,7.394671,6.412344,9.140641,8.295459,5.416367,5.910444,6.925929,6.950317,5.494254,5.76516,5.494377,7.025965,7.315598,5.738023,5.661258,6.213107,5.340514,6.283518,5.207955,5.959793,7.175597,7.177309,7.589402,5.945264,7.316209,6.166321,6.284582,5.215696,7.210929,7.208052,7.794032,5.710427,5.565746,6.659755,6.20716,6.324431,5.613384,6.938294,6.909923,6.509901,5.533271,6.714243,5.909929,6.541564,6.847782,4.623599,5.346155,5.983079
1995-02,5.835366,7.413717,6.206515,9.158177,8.274829,5.380358,5.967069,6.952174,6.967589,5.501503,5.768821,5.529072,7.03296,7.350022,5.798911,5.671913,6.234822,5.334987,6.326132,5.226714,5.978759,7.253824,7.232343,7.639243,6.006008,7.363406,6.184623,6.316189,5.271203,7.214078,7.208645,7.82309,5.757355,5.586949,6.68762,6.243137,6.357045,5.661188,6.975199,6.91913,6.506008,5.493966,6.668228,5.929775,6.543091,6.891443,4.638508,5.355973,5.994585
1995-03,5.911718,7.432318,6.266669,9.185986,8.319454,5.380312,6.04211,6.95271,7.000362,5.462008,5.819074,5.586612,7.10044,7.321698,5.790144,5.659099,6.240276,5.372868,6.25895,5.272333,5.975081,7.266646,7.166791,7.641708,5.983382,7.390472,6.071038,6.294971,5.237983,7.220878,7.265136,7.872615,5.775824,5.588185,6.669206,6.234313,6.364561,5.685007,6.95918,6.945513,6.53772,5.509955,6.681118,6.011243,6.620673,6.952872,4.616209,5.394037,5.992239
1995-04,5.85759,7.444763,6.316081,9.23257,8.298632,5.421287,6.080894,6.950891,7.029893,5.497865,5.851225,5.602967,7.123141,7.375093,5.842791,5.682933,6.302912,5.4149,6.288657,5.312615,6.03143,7.347886,7.22503,7.697139,6.034261,7.425346,6.118516,6.329899,5.169063,7.262243,7.272371,7.893176,5.809343,5.653085,6.724397,6.307625,6.443893,5.74005,7.037774,7.001382,6.614525,5.556982,6.699192,6.044176,6.689798,6.972044,4.707366,5.460266,5.946493
1995-05,5.914826,7.49418,6.331199,9.253028,8.351998,5.456944,6.101887,6.963095,7.057416,5.521301,5.876531,5.672498,7.139264,7.428,5.875913,5.653366,6.317291,5.389939,6.320606,5.36761,6.093141,7.339219,7.2506,7.772134,6.043677,7.200231,6.289159,6.372927,5.191289,7.322557,7.248973,7.899654,5.872906,5.693833,6.790187,6.365112,6.482756,5.77991,7.058113,7.138145,6.644323,5.576479,6.74606,6.06576,6.705798,6.993107,4.714473,5.460861,5.974751
1995-06,5.956459,7.5418,6.35649,9.284689,8.307689,5.407082,6.143628,6.937227,7.091817,5.515483,5.791091,5.70877,7.178828,7.458042,5.888712,5.661571,6.345671,5.466202,6.322152,5.332815,6.139755,7.367967,7.272704,7.812888,6.033398,7.281613,6.258395,6.369336,5.131081,7.34804,7.268488,7.912094,5.876474,5.713337,6.88136,6.424788,6.579098,5.826914,7.074218,7.096001,6.682923,5.62051,6.714292,6.095847,6.745072,6.978409,4.72535,5.50525,5.999482
1995-07,5.974089,7.580195,6.444831,9.3644,8.338086,5.477258,6.165901,6.994382,7.114753,5.517292,5.7455,5.726131,7.2191,7.484897,5.938169,5.697764,6.359055,5.518135,6.334522,5.380266,6.172827,7.397984,7.322847,7.86758,5.984541,7.328221,6.25329,6.342614,5.144642,7.384356,7.328687,7.947406,5.850419,5.711387,6.897149,6.447797,6.619673,5.858447,7.103413,7.098772,6.696824,5.647071,6.750481,6.131944,6.821783,7.024524,4.780299,5.548025,6.049073
1995-08,5.981187,7.543162,6.478571,9.329903,8.129134,5.958709,6.331982,6.774887,7.052756,5.521621,5.880142,5.778828,7.202773,7.397151,5.97093,5.704615,6.381968,5.427941,6.315069,5.434639,6.216087,7.249485,7.414591,7.936049,5.844298,7.440135,6.332053,6.525191,5.352995,7.355679,7.340381,7.902158,5.797758,5.748501,6.940222,6.482327,6.676201,5.973962,7.08112,7.117335,6.612619,5.620618,6.793982,6.100274,6.823449,7.021191,4.614427,5.33542,6.081191
1995-09,6.015303,7.532088,6.46877,9.353308,8.092481,6.002503,6.385582,6.806719,7.048134,5.600457,5.987482,5.847796,7.238296,7.425263,6.026856,5.746171,6.399327,5.484672,6.380885,5.498315,6.296133,7.285438,7.436576,7.996674,5.94934,7.448538,6.350589,6.382966,5.346631,7.382174,7.336774,7.960324,5.821151,5.792861,7.0365,6.527241,6.769206,6.021994,7.108261,7.095711,6.700436,5.651401,6.849119,6.118846,6.87425,7.049845,4.655578,5.392035,6.159074
1995-10,6.046947,7.551302,6.524927,9.336049,8.124873,6.034237,6.395061,6.826805,7.053577,5.607272,5.995656,5.895201,7.249343,7.417719,6.044721,5.754951,6.400955,5.519339,6.372278,5.494829,6.282809,7.285698,7.453741,7.976108,5.97843,7.439054,6.45567,6.416226,5.393355,7.362829,7.339953,8.011083,5.859674,5.815383,7.041254,6.55493,6.75987,6.020732,7.114582,7.085274,6.724565,5.647388,6.814817,6.08418,6.922634,7.101338,4.675069,5.4396,6.115075
1995-11,6.121374,7.625141,6.575494,9.421326,8.154063,6.026687,6.389183,6.848833,7.105999,5.654627,6.019274,5.977442,7.332088,7.442686,6.020611,5.721033,6.426683,5.521901,6.330968,5.486787,6.259543,7.339453,7.448241,8.029934,5.993338,7.479909,6.446703,6.431637,5.403263,7.375224,7.401323,8.094006,5.92257,5.860074,7.046351,6.569944,6.778466,6.036414,7.120792,6.966562,6.716849,5.661188,6.850232,6.110136,6.98042,7.173192,4.710251,5.485419,6.081694
1995-12,6.200306,7.62518,6.627062,9.459704,8.182023,5.966762,6.36678,6.834432,7.130018,5.618987,5.992714,5.968247,7.356312,7.385281,5.980555,5.645023,6.420939,5.534772,6.267068,5.444277,6.224202,7.333618,7.399514,8.012111,5.945604,7.421088,6.3099,6.372893,5.263467,7.377553,7.412981,8.084704,5.91326,5.802934,7.114867,6.623547,6.729764,6.028351,7.105261,6.880929,6.713661,5.655537,6.775058,6.121747,6.970073,7.174188,4.666924,5.458052,6.055049
1996-01,6.25329,7.668771,6.687508,9.504121,8.205767,6.022066,6.411982,6.920681,7.188171,5.619023,6.071592,6.006131,7.396777,7.453765,6.051336,5.712874,6.483765,5.575229,6.34639,5.484714,6.270932,7.4089,7.449353,8.095568,6.000796,7.510485,6.425145,6.422077,5.283863,7.421483,7.422667,8.107663,5.970292,5.853782,7.117919,6.640986,6.688093,6.068078,7.155459,7.011584,6.772119,5.693463,6.842897,6.179955,7.040922,7.248163,4.615121,5.486124,6.090857
1996-02,6.27914,7.695294,6.666193,9.495307,8.24992,6.022091,6.39451,6.928146,7.177408,5.661014,6.104458,6.056362,7.463742,7.48031,6.019128,5.710957,6.463076,5.65112,6.32924,5.530698,6.267466,7.466731,7.491021,8.135701,6.000622,7.571432,6.454522,6.422662,5.351289,7.477463,7.467645,8.14903,5.971568,5.892224,7.097292,6.623135,6.624211,6.085478,7.086654,7.039792,6.755955,5.714986,6.835185,6.179375,7.040212,7.281633,4.691531,5.463874,6.10079
1996-03,6.267409,7.730351,6.640568,9.527384,8.267729,6.10709,6.442954,6.917537,7.22674,5.630351,6.159645,6.11397,7.520576,7.538351,6.049875,5.679797,6.50318,5.670191,6.356819,5.531728,6.286892,7.540749,7.529406,8.142796,5.993712,7.665224,6.724169,6.451497,5.326176,7.477808,7.483469,8.174807,5.966736,5.918894,7.158724,6.642239,6.617483,6.105173,7.102121,7.035814,6.750751,5.719459,6.825362,6.247191,7.080473,7.310029,4.708899,5.496799,6.104079
1996-04,6.349296,7.742615,6.69502,9.581422,8.294047,6.120473,6.461827,6.945484,7.250905,5.661814,6.183283,6.089929,7.503025,7.562962,6.10602,5.683308,6.482358,5.673289,6.344917,5.601897,6.324359,7.545696,7.542966,8.170545,6.015523,7.652963,6.73177,6.476018,5.356303,7.495353,7.450533,8.136316,5.963965,5.942721,7.268376,6.706887,6.659832,6.086479,7.074176,7.103429,6.790277,5.754919,6.889377,6.290587,7.116978,7.321817,4.755399,5.505006,6.132204
1996-05,6.335019,7.694889,6.764866,9.597699,8.208691,6.11748,6.487821,6.953971,7.280429,5.761045,6.211624,6.09904,7.501546,7.632745,6.140272,5.708372,6.511433,5.689312,6.413361,5.609765,6.3408,7.569716,7.599707,8.209393,6.012859,7.684664,6.729645,6.480627,5.389711,7.548735,7.44091,8.113987,6.008371,5.981818,7.185417,6.70255,6.640137,6.105998,7.091501,7.144644,6.830928,5.778828,6.96773,6.298269,7.14965,7.310049,4.818183,5.521021,6.195527
1996-06,6.392386,7.689499,6.754324,9.588516,8.192753,6.125449,6.517775,6.980634,7.315804,5.815324,6.231269,6.087547,7.494202,7.634371,6.150198,5.739889,6.571583,5.686568,6.437015,5.694708,6.379936,7.575892,7.636984,8.214657,6.107535,7.679483,6.73865,6.476126,5.385733,7.582413,7.410849,8.145419,6.079636,6.048152,7.28007,6.792939,6.725754,6.159117,7.131331,7.14206,6.856388,5.807271,7.010113,6.323732,7.100959,7.306921,4.864453,5.50874,6.236291
1996-07,6.37062,7.74463,6.802261,9.680251,8.234878,6.175493,6.556494,7.008831,7.352883,5.895999,6.251461,6.117987,7.536161,7.647366,6.217524,5.790113,6.608203,5.697966,6.430493,5.744732,6.391381,7.64568,7.648702,8.239802,6.095059,7.688803,6.784559,6.473999,5.518978,7.588481,7.417713,8.157826,6.139238,6.094405,7.323309,6.822949,6.77957,6.187237,7.145172,7.182793,6.850327,5.847941,7.065263,6.334079,7.116548,7.31346,4.905571,5.534693,6.31749
1996-08,6.309955,7.274369,6.722389,9.172765,9.742405,6.220511,6.525792,7.113728,7.287123,5.912692,6.206979,5.97302,7.424058,7.552851,6.031982,5.797819,6.45633,5.649819,6.38925,5.143416,6.310318,7.575574,7.557332,8.118049,6.339301,8.272093,6.742126,6.866537,5.459032,7.585931,7.472768,7.961572,6.077046,6.186785,7.152402,6.584543,6.678833,6.089544,7.3035,7.27827,6.761341,5.768946,6.977113,6.370723,7.119029,7.295382,4.897093,5.414009,6.387452
1996-09,6.300492,7.250465,6.701629,9.11317,9.744234,6.115958,6.424221,7.044417,7.259672,5.860188,6.102984,5.881678,7.371948,7.521735,5.993787,5.763151,6.411999,5.575798,6.318554,5.117814,6.222953,7.521951,7.518325,8.107105,6.318878,8.228233,6.73673,6.799335,5.373703,7.542913,7.409675,7.869272,6.010016,6.116951,7.096846,6.499366,6.576205,6.012002,7.288408,7.255005,6.685699,5.691541,6.900096,6.304723,7.118057,7.23352,4.851092,5.37361,6.290235
1996-10,6.330986,7.23721,6.792255,9.133758,9.601307,6.137597,6.422874,7.092948,7.273391,5.914691,6.18968,5.937536,7.41002,7.572637,6.041278,5.803296,6.448858,5.605839,6.362355,5.191678,6.278015,7.538601,7.547011,8.144601,6.352647,8.234395,6.78561,6.80125,5.374862,7.569778,7.432111,7.854901,6.041658,6.147528,7.158405,6.523944,6.633858,6.055425,7.338758,7.264863,6.726245,5.739439,6.968662,6.358639,7.164272,7.276646,4.914345,5.408337,6.388461
1996-11,6.416847,7.327478,6.876956,9.138389,9.604009,6.213908,6.500013,7.134899,7.342922,5.985044,6.231426,6.037966,7.480936,7.605517,6.077321,5.83244,6.519708,5.6065,6.388057,5.212106,6.33817,7.639868,7.548914,8.191726,6.429235,8.305655,6.698083,6.831803,5.483676,7.613285,7.434198,7.873175,6.125602,6.194997,7.27319,6.628174,6.738378,6.098277,7.386396,7.286685,6.716752,5.789104,7.007501,6.373132,7.232249,7.327807,4.939927,5.45801,6.425063
1996-12,6.472609,7.353978,6.851989,9.146503,9.636267,6.211483,6.490481,7.140081,7.359162,5.979114,6.164367,5.983432,7.487633,7.639657,6.081717,5.843776,6.540712,5.631212,6.359228,5.217595,6.331395,7.692072,7.61649,8.219703,6.427071,8.287591,6.668813,6.837419,5.470925,7.679409,7.465936,7.857748,6.090789,6.158715,7.268383,6.596163,6.735994,6.05924,7.43826,7.280339,6.736848,5.802239,6.988247,6.336897,7.308958,7.367368,4.908603,5.492114,6.456236
1997-01,6.481485,7.41347,6.880816,9.170957,9.737584,6.269021,6.582302,7.185395,7.410147,5.980985,6.220133,6.009624,7.55859,7.686305,6.173244,5.867006,6.571527,5.676651,6.435766,5.249915,6.425485,7.758692,7.679649,8.261059,6.490906,8.358261,6.672337,6.873392,5.519018,7.727324,7.486243,7.92167,6.147271,6.172348,7.41091,6.678996,6.87425,6.168355,7.478006,7.354503,6.807427,5.856561,7.014176,6.376744,7.407184,7.4346,4.960464,5.571926,6.505261
1997-02,6.486892,7.391674,6.925133,9.175312,9.816491,6.19856,6.536967,7.165748,7.430938,5.999135,6.264674,6.032678,7.5203,7.680434,6.147677,5.890041,6.598632,5.666392,6.432715,5.249022,6.418675,7.724897,7.625034,8.315919,6.538458,7.975468,6.655826,6.838352,5.629023,7.737442,7.48325,7.947424,6.081762,6.166195,7.359665,6.653121,6.871921,6.168941,7.47341,7.430043,6.799357,5.854069,6.983855,6.352682,7.376302,7.445295,5.019199,5.593261,6.467342
1997-03,6.534864,7.416132,7.031388,9.283018,9.861354,6.23443,6.573848,7.172171,7.500905,6.049969,6.28135,6.087479,7.627564,7.718703,6.150262,5.944111,6.651068,5.780527,6.484727,5.292802,6.475864,7.747104,7.656994,8.332915,6.645494,7.98626,6.590631,6.827131,5.722375,7.784494,7.489272,7.958832,6.155622,6.174515,7.424124,6.733569,7.023545,6.221564,7.495981,7.43012,6.827532,5.859047,7.003193,6.376438,7.444792,7.492888,5.071981,5.651436,6.617055
1997-04,6.575884,7.454992,7.098871,9.30948,9.977347,6.227287,6.581665,7.215262,7.527084,6.090767,6.310082,6.074656,7.640181,7.726186,6.148468,5.964813,6.630129,5.724696,6.483979,5.261705,6.459263,7.73807,7.655845,8.313416,6.654165,7.946918,6.787428,6.93154,5.693261,7.719494,7.482361,7.988994,6.124552,6.154115,7.338108,6.675281,6.931677,6.213267,7.539117,7.454043,6.815092,5.851973,7.062894,6.353535,7.488187,7.524928,5.108306,5.704682,6.536923
1997-05,6.514713,7.454384,7.057536,9.239492,9.820832,6.211985,6.541939,7.214916,7.46187,6.048294,6.205366,6.002009,7.569097,7.71897,6.107246,5.963297,6.580625,5.675794,6.439143,5.231964,6.451197,7.703229,7.612688,8.304408,6.629812,7.897118,6.618846,6.873195,5.641233,7.775234,7.454286,7.917992,6.105418,6.116929,7.271106,6.609322,6.910841,6.133853,7.492136,7.472421,6.819438,5.788154,7.065101,6.365061,7.413524,7.499988,5.084567,5.637286,6.501725
1997-06,6.62738,7.496991,7.074532,9.347386,9.852411,6.257495,6.590466,7.204291,7.551166,6.020878,6.227505,6.019688,7.640541,7.751316,6.147185,5.911013,6.663886,5.70721,6.445942,5.234045,6.494177,7.797176,7.651795,8.311302,6.678707,7.96098,6.50553,6.850814,5.68806,7.775104,7.436994,7.92037,6.170489,6.134525,7.33957,6.734306,6.972334,6.201543,7.521074,7.537675,6.881309,5.795815,7.078974,6.426747,7.475668,7.56415,5.045938,5.695179,6.464588
1997-07,6.701174,7.517189,7.126578,9.409137,9.946994,6.325219,6.635343,7.266296,7.636197,6.078147,6.316406,6.113572,7.704361,7.792498,6.226873,5.963759,6.736243,5.784225,6.528031,5.315961,6.605866,7.89506,7.717333,8.376143,6.844294,8.015641,6.504438,6.898987,5.649045,7.845287,7.466965,7.99418,6.225647,6.241873,7.460099,6.834464,7.055192,6.268149,7.593697,7.608796,6.945754,5.878184,7.139399,6.450107,7.517934,7.636096,5.093996,5.771721,6.561582
1997-08,6.686759,7.536972,7.109087,9.224363,9.399557,5.874341,6.51742,7.406929,7.584183,6.129399,6.327455,6.153838,7.699725,7.793645,6.321146,5.902852,6.935847,5.546856,6.610063,5.263778,6.595685,7.897259,7.613542,8.487233,6.783506,7.878178,6.680139,6.956288,5.945159,7.817835,7.477695,7.94823,6.437143,6.240802,7.381726,6.662864,7.040545,6.239223,7.527573,7.355079,6.850084,5.916822,7.131539,6.428331,7.382299,7.678955,5.315912,5.844414,6.435028
1997-09,6.667567,7.583166,7.34623,9.242683,9.514171,5.936929,6.564222,7.451247,7.627413,6.181734,6.294177,6.228018,7.718739,7.86897,6.354457,5.915015,7.016753,5.674251,6.699402,5.273512,6.694822,7.977611,7.687809,8.56371,6.901767,7.916348,6.718953,6.957821,6.037608,7.90633,7.501038,7.972811,6.486603,6.278353,7.591564,6.774498,7.209984,6.308809,7.582224,7.410347,6.926803,5.974191,7.230462,6.509291,7.496258,7.772247,5.41343,5.95033,6.475895
1997-10,6.749486,7.533335,7.249315,9.106853,9.482682,5.945473,6.548849,7.421776,7.563299,6.123567,6.277527,6.222755,7.641459,7.827994,6.367089,5.918867,6.936615,5.708538,6.68088,5.320861,6.709487,7.886792,7.707157,8.383993,6.856725,7.900889,6.793276,6.946591,5.984742,7.914574,7.485015,7.903692,6.46003,6.265567,7.587387,6.752994,7.204573,6.325971,7.547876,7.370061,6.883842,5.991064,7.215931,6.463622,7.443032,7.713271,5.406095,5.920747,6.444958
1997-11,6.81339,7.616397,7.258856,9.223218,9.555205,5.967889,6.613827,7.497246,7.613942,6.180493,6.319022,6.256537,7.72343,7.83174,6.42276,5.977137,6.982965,5.757134,6.686497,5.349058,6.725862,7.962461,7.760974,8.448683,6.993713,7.932018,6.875594,6.963285,5.940855,7.975004,7.525705,8.007024,6.599163,6.310118,7.634448,6.783246,7.228243,6.36961,7.580133,7.356937,6.96559,6.038944,7.289242,6.530426,7.51864,7.787179,5.517694,6.052489,6.516282
1997-12,6.794531,7.599496,7.279946,9.161684,9.511083,5.999061,6.613371,7.492721,7.575713,6.101059,6.29486,6.184685,7.740951,7.787863,6.413049,5.933624,6.952891,5.737636,6.605474,5.328992,6.642734,7.918137,7.730649,8.316559,6.957374,7.833751,6.643282,6.948196,5.767727,7.971766,7.530754,8.044854,6.581124,6.255136,7.544734,6.768309,7.092125,6.260671,7.524092,7.305067,6.957421,6.0256,7.285013,6.49923,7.514255,7.760574,5.441118,6.011414,6.394025
1998-01,6.856641,7.675425,7.449812,9.230447,9.598758,6.016962,6.703299,7.532099,7.640296,6.110069,6.303553,6.231505,7.755891,7.825573,6.470165,5.91058,6.98725,5.714558,6.555456,5.267239,6.616012,8.03816,7.705001,8.381215,6.970693,7.847958,6.451544,6.91486,5.68375,7.939562,7.595528,8.156284,6.588816,6.269797,7.570165,6.810109,7.085408,6.27559,7.556067,7.300392,6.956441,6.04382,7.349694,6.532393,7.556428,7.78904,5.459926,6.025431,6.40321
1998-02,6.877956,7.70578,7.567837,9.270835,9.644228,5.981869,6.768413,7.594185,7.669276,6.051548,6.315141,6.256728,7.793661,7.829424,6.536315,5.928338,7.034643,5.756407,6.546613,5.279287,6.626771,8.032669,7.748111,8.400327,6.945966,7.851891,6.425112,6.824461,5.698502,7.943967,7.668351,8.223064,6.664728,6.334416,7.528095,6.780626,7.028591,6.305892,7.506608,7.311205,6.981879,6.054604,7.347802,6.534748,7.619444,7.851081,5.458777,6.042989,6.486389
1998-03,6.816166,7.706464,7.476897,9.250734,9.565329,6.031766,6.83877,7.587878,7.673818,6.053782,6.215867,6.288305,7.875841,7.804292,6.510169,5.944347,7.040204,5.829563,6.600686,5.007765,6.59403,8.07999,7.764538,8.412215,6.924553,7.901781,6.415997,6.808752,5.606427,7.895354,7.62947,8.284365,6.667644,6.330843,7.572832,6.85642,7.100217,6.299739,7.539841,7.263575,6.973534,6.053946,7.374416,6.521195,7.574697,7.852299,5.458606,5.99978,6.421004
1998-04,7.000808,7.746841,7.521123,9.29601,9.610229,6.121813,6.91087,7.693719,7.760109,6.156025,6.316099,6.358882,7.924347,7.879693,6.587026,6.011022,7.123197,5.907376,6.645338,5.092522,6.709451,8.095434,7.889257,8.536217,6.95092,8.013711,6.433567,6.82974,5.68324,7.960749,7.651396,8.318942,6.715735,6.429381,7.676858,6.974741,7.195082,6.402763,7.59591,7.370527,7.018062,6.136409,7.483818,6.542875,7.670237,7.944999,5.443759,6.102984,6.475325
1998-05,6.995638,7.819701,7.619297,9.411406,9.568082,6.118736,6.925929,7.747618,7.799532,6.211844,6.379733,6.391197,7.9686,7.932104,6.645741,6.069166,7.216284,5.984742,6.670551,5.141722,6.741134,8.19418,7.958325,8.531465,6.978912,7.991362,6.498689,6.95584,5.729775,8.015535,7.715529,8.440874,6.786785,6.497152,7.647824,7.068955,7.181143,6.409879,7.615959,7.422923,7.090285,6.172994,7.570835,6.62453,7.744288,8.006108,5.465525,6.172118,6.538487
1998-06,7.050634,7.780311,7.641204,9.380159,9.452091,6.192383,7.041298,7.760906,7.825665,6.237719,6.414246,6.39718,7.988726,7.959751,6.529842,6.105016,7.207793,5.960567,6.718917,5.133737,6.761237,8.195066,7.969838,8.543064,6.957516,7.990035,6.554261,6.969969,5.72587,8.056994,7.694397,8.411346,6.711594,6.500974,7.753336,7.085567,7.24839,6.404947,7.661527,7.384759,7.066441,6.192833,7.571159,6.642265,7.757214,8.022494,5.458351,6.216706,6.609727
1998-07,7.096498,7.785991,7.657793,9.408237,9.457992,6.149664,6.976143,7.783432,7.821166,6.241055,6.349873,6.391616,7.970478,7.968493,6.530703,6.074357,7.181455,5.895999,6.618979,5.071103,6.703887,8.169251,8.059425,8.503865,6.970974,7.98892,6.333013,6.911697,5.698535,8.023959,7.680577,8.398482,6.662609,6.449617,7.712301,7.02488,7.151478,6.333795,7.601677,7.391027,7.017479,6.165502,7.61061,6.562275,7.7368,8.00738,5.415745,6.198682,6.575215
1998-08,6.883176,7.680781,7.516645,9.368246,9.578962,5.837876,6.906565,7.808286,7.78717,6.203931,6.368599,6.389737,7.954428,7.91194,6.036581,5.947199,7.163529,6.091287,6.561653,5.107581,6.643125,8.304171,7.841662,8.381392,6.864023,7.936635,6.400988,6.753905,8.038573,7.95759,7.808372,8.448938,6.649878,6.488004,7.799085,7.089802,7.203584,6.27929,7.538681,7.261822,7.00827,6.191012,7.593374,6.618993,7.774452,7.948039,5.377591,6.257399,6.685324
1998-09,6.733128,7.605845,7.469489,9.361296,9.67925,5.784748,6.909314,7.796765,7.766938,6.087547,6.297846,6.406599,7.958752,7.806961,5.993413,5.851283,7.108539,6.097265,6.49599,5.075986,6.542357,8.277841,7.832209,8.324838,6.817765,7.875518,6.213407,6.776347,8.117906,7.890908,7.749874,8.498125,6.578056,6.430123,7.866841,7.046578,7.253669,6.212546,7.471739,7.224542,6.945118,6.159856,7.574102,6.598482,7.786722,7.899921,5.327682,6.245952,6.412852
1998-10,6.70867,7.535937,7.167817,9.140727,9.626346,5.616917,6.652837,7.689746,7.659219,5.83706,6.045929,6.230048,7.849531,7.677197,5.797242,5.669743,6.905403,5.824465,6.256326,4.827513,6.321326,8.157012,7.608563,8.128364,6.711509,7.748184,5.929563,6.612592,7.831919,7.793546,7.76475,8.381408,6.359816,6.245564,7.727337,6.843046,7.026009,6.046473,7.328405,6.979024,6.773046,5.974293,7.436947,6.443416,7.514876,7.73577,5.148308,5.945551,6.157085
1998-11,6.618779,7.597331,7.212221,9.086198,9.734004,5.554083,6.673677,7.72266,7.624067,5.876643,6.001118,6.319418,7.979298,7.681966,5.766382,5.577501,6.891565,5.910634,6.350467,4.864993,6.334327,8.177283,7.625927,8.224785,6.752294,7.874153,6.45416,6.658319,8.111955,7.916862,7.851393,8.448158,6.412393,6.320373,7.89528,7.041097,7.116824,6.133875,7.386923,6.950441,6.794878,6.089748,7.438225,6.479339,7.562749,7.778781,5.076673,5.851656,6.270232
1998-12,6.594892,7.678349,7.540829,9.232437,9.836486,5.747927,6.739206,7.794728,7.819295,5.96471,6.072307,6.344829,8.029244,7.699602,5.904189,5.617135,7.02751,6.020853,6.429106,4.909045,6.4852,8.304166,7.74843,8.355018,6.907385,7.960296,5.962859,6.744095,8.141271,7.927537,7.842204,8.534261,6.45735,6.37378,7.98895,7.050452,7.251664,6.275402,7.467617,7.12414,6.879623,6.152371,7.565638,6.58715,7.572498,7.85463,5.063607,6.023399,6.283686
1999-01,6.645884,7.727165,7.589113,9.286764,10.078656,5.757892,6.90223,7.8772,7.835757,6.027555,6.164956,6.408315,8.09675,7.740095,5.970879,5.699574,7.06202,6.067128,6.415195,4.905645,6.513705,8.342756,7.639354,8.44861,6.921767,7.907192,5.935846,6.850179,8.200038,7.932129,7.851801,8.587234,6.607704,6.421248,8.088887,7.202326,7.383642,6.293364,7.527288,7.208371,6.91487,6.170698,7.676858,6.621778,7.599026,7.913748,5.1312,6.136971,6.295155
1999-02,6.420451,7.720351,7.669509,9.282538,10.038138,5.597496,6.928597,7.989455,7.886949,6.078147,6.198499,6.502535,8.150124,7.721105,6.00144,5.764438,7.089126,6.233626,6.423669,4.866457,6.515586,8.462553,7.675138,8.378559,6.961059,7.742762,6.004899,6.871309,8.40231,7.928608,7.876247,8.73285,6.65152,6.510333,8.263572,7.372558,7.521729,6.303406,7.533453,7.228258,6.958021,6.219297,7.785089,6.710547,7.649164,7.916975,5.185764,6.162135,6.339848
1999-03,6.443591,7.685804,7.625132,9.306606,10.088336,5.607308,7.02751,8.002279,7.891219,6.145322,6.021266,6.489357,8.168038,7.675764,5.97195,5.690157,7.196889,6.312061,6.471264,4.871756,6.585896,8.522459,7.747467,8.425247,6.929615,7.58621,6.063762,6.856672,8.576398,7.765247,7.808725,8.837392,6.559431,6.541636,8.41868,7.547686,7.638651,6.352542,7.510978,7.251614,6.966477,6.225865,7.820379,6.729752,7.645508,7.865618,5.192623,6.29316,6.283556
1999-04,6.319617,7.671822,7.510228,9.292744,9.914035,5.653436,7.09016,8.020372,7.912914,6.157572,5.909468,6.44545,8.187944,7.683638,5.931396,5.599199,7.130819,6.255846,6.424772,4.766949,6.570168,8.477133,7.700322,8.463531,6.912952,7.634768,6.107268,6.840931,8.636671,7.723027,7.772576,8.82678,6.443272,6.492497,8.277483,7.440487,7.530539,6.302033,7.504243,7.281895,6.959588,6.126061,7.812908,6.831522,7.646268,7.902835,5.101877,6.299243,6.325004
1999-05,6.607042,7.618482,7.475832,9.273602,9.807168,5.674525,7.053819,8.069383,7.968808,6.169736,5.903671,6.51866,8.224552,7.716755,5.656551,5.528397,7.187362,6.321883,6.397863,4.737864,6.602194,8.586646,7.701616,8.507254,6.941374,7.631761,6.063017,6.868183,8.89736,7.888038,7.75691,8.798304,6.466331,6.533934,8.35406,7.579648,7.59118,6.295469,7.534351,7.34916,6.998984,6.110536,7.870097,6.881052,7.671244,7.928874,5.098035,6.399343,6.309009
1999-06,6.633029,7.624858,7.582041,9.409883,9.808082,5.798244,7.098962,8.12265,8.036994,6.261205,6.101305,6.527973,8.155537,7.915585,5.834343,5.626361,7.202438,6.480183,6.662468,4.96494,6.740484,8.575738,7.788154,8.647569,7.033295,7.761988,6.370209,7.043605,9.103622,8.04757,7.824458,8.891179,6.537691,6.570799,8.401542,7.545728,7.66164,6.413525,7.75446,7.379083,7.109806,6.171199,7.878011,6.884599,7.752314,7.960359,5.161638,6.486328,6.480459
1999-07,6.619873,7.671212,7.626312,9.403169,9.903414,5.764407,7.068811,8.124376,8.005611,6.234666,6.13511,6.514224,8.135039,7.85133,5.844761,5.665561,7.197585,6.487654,6.583382,5.043941,6.71726,8.549296,7.735495,8.625084,7.018957,7.720976,6.037966,6.992583,8.973051,8.042918,7.891604,8.920078,6.547058,6.549622,8.433331,7.531772,7.646989,6.451797,7.686731,7.351081,7.059283,6.203304,7.844064,6.827922,7.693623,7.966816,5.189952,6.467217,6.5033
1999-08,6.569061,7.625083,7.545844,9.30425,9.963259,5.897621,7.189326,8.102759,7.910499,6.277733,6.140057,6.606015,8.167817,7.860887,5.654907,5.650276,7.09411,5.837293,6.916348,5.18906,6.871724,8.580966,7.751837,8.766082,6.951064,7.52353,6.504872,6.948484,8.09472,8.069924,7.835488,8.942167,6.188203,6.706447,8.275669,7.747908,7.832308,6.51124,7.726499,6.88335,6.996508,6.419571,7.893203,6.77268,7.805434,7.997562,5.264605,6.677071,7.073897
1999-09,6.543653,7.591084,7.543416,9.306804,9.891686,5.844732,7.145732,8.095855,7.898615,6.182519,6.056503,6.621699,8.132245,7.870269,5.546036,5.596643,7.094285,5.80097,6.904741,5.118054,6.86736,8.574862,7.681173,8.766603,6.929556,7.473024,6.440675,6.85313,7.981426,8.096845,7.839695,8.933006,6.115252,6.66866,8.295581,7.688268,7.880695,6.515098,7.764432,6.810716,6.995281,6.41719,7.835152,6.747129,7.756606,7.962074,5.197834,6.561271,6.805058
1999-10,6.520223,7.584021,7.472495,9.266797,9.897281,5.778859,7.15194,7.99054,7.932405,6.058118,6.017717,6.619953,8.183436,7.808412,5.485917,5.504111,7.082313,5.731625,6.897786,5.011168,6.870406,8.629505,7.718605,8.757497,6.926822,7.47556,6.509559,6.821533,8.08893,8.139038,7.849269,8.867592,6.006353,6.641052,8.39439,7.724544,7.976286,6.516134,7.738532,6.735649,6.907765,6.375314,7.776439,6.728042,7.70722,7.924496,5.131022,6.506979,6.567685
1999-11,6.483016,7.556742,7.285952,9.101644,9.811195,5.74518,7.149477,8.00547,7.82683,6.094968,5.946912,6.545709,8.120877,7.767895,5.445832,5.405826,6.958914,5.722441,6.892124,4.993693,6.859982,8.671345,7.672711,8.688181,6.914115,7.369487,6.705664,6.781841,7.971006,8.113322,7.807396,8.91631,5.940934,6.677927,8.406094,7.769193,7.944471,6.533905,7.708617,6.639601,6.859541,6.32495,7.80503,6.75373,7.664933,7.819576,5.131495,6.4697,6.520709
1999-12,5.484423,7.65637,7.474091,9.253983,9.524007,5.624126,7.208312,8.113145,7.955397,6.111312,5.974395,6.511641,8.248534,7.789504,5.385137,5.429565,6.973506,5.655117,6.915684,4.872905,6.894092,8.786341,7.719738,8.697384,6.827326,6.999851,6.565899,6.797371,8.192941,8.093206,7.824086,8.957216,5.894568,6.706826,8.436488,7.802974,8.010343,6.513245,7.755352,6.659743,6.933862,6.257725,7.866212,6.714729,7.805621,7.953765,5.075236,6.58562,6.510586
2000-01,5.39626,7.606576,7.345662,9.336765,9.558402,5.716304,7.248632,8.021896,7.977395,6.008494,6.100027,6.59377,8.272121,7.791349,5.391261,5.449062,7.000088,5.678841,6.988727,4.661645,6.875428,8.765009,7.681094,8.648148,6.922398,6.988736,6.604215,6.784921,8.177513,8.132921,7.738174,9.019242,5.899048,6.771672,8.613299,7.925714,8.12595,6.585703,7.746262,6.635238,6.880117,6.304321,7.911214,6.768298,7.757543,7.926592,5.086732,6.643738,6.469963
2000-02,5.335276,7.55477,7.295409,9.243412,9.429885,5.692283,7.328116,8.147691,8.03383,6.062109,6.180762,6.592483,8.208334,7.848863,5.42539,5.51685,7.049654,5.717718,7.212597,4.682316,6.9908,8.936122,7.712359,8.686825,6.911379,7.055942,6.59177,6.822078,8.358317,7.97329,7.709739,9.068893,5.926926,6.91824,8.794485,8.173358,8.285811,6.624278,7.807872,6.672349,6.875945,6.394009,8.00523,6.679624,7.713552,7.960491,5.087658,6.747117,6.611221
2000-03,5.303006,7.442733,7.481573,9.220258,9.338061,5.543848,7.373475,8.142299,7.984977,5.947408,6.19416,6.681469,8.28903,7.751725,5.335372,5.437949,6.930045,5.660388,7.188873,4.6673,6.984577,8.815754,7.696862,8.591389,6.793657,6.919793,6.420825,6.802317,8.853875,7.966174,7.75569,9.03828,5.840176,6.846529,8.769753,8.078546,8.283229,6.724241,7.719019,6.530207,6.771386,6.489676,7.859942,6.603578,7.68976,7.887926,5.103518,6.681896,6.61329
2000-04,5.368869,7.37689,7.390953,9.095627,9.297263,5.5467,7.349424,8.138097,7.870204,5.846005,6.00842,6.754651,8.263193,7.682552,5.381877,5.374074,6.84983,5.676411,7.257369,4.674323,7.073007,8.808227,7.62861,8.560391,6.733557,6.857787,6.473335,6.707388,8.818167,7.901022,7.683942,9.014891,5.765974,6.862706,8.967513,8.192468,8.533297,6.903215,7.603654,6.440388,6.726365,6.479431,7.825485,6.475125,7.574307,7.751617,5.122892,6.752808,6.615235
2000-05,5.409948,7.482586,7.385398,9.093938,9.324119,5.619712,7.495986,8.274752,7.710263,6.090201,6.206556,6.767078,8.254066,7.79769,5.326856,5.444623,6.969349,5.827091,7.2906,4.733212,7.139184,8.990513,7.722801,8.654514,6.933881,6.975956,6.447274,6.789152,8.743072,8.035826,7.739499,9.098808,5.864455,6.882427,9.055543,8.214327,8.585106,6.914989,7.681256,6.5597,6.847304,6.551837,7.964806,6.623932,7.724778,7.981381,5.175415,6.908315,6.591948
2000-06,5.349818,7.428155,7.379326,9.130136,9.361697,5.620183,7.549714,8.213474,7.753418,6.126039,6.312261,6.777214,8.282357,7.758534,5.344342,5.535285,6.978484,5.851915,7.279795,4.699935,7.19307,8.996971,7.844441,8.697169,7.055511,7.152739,6.471403,6.718723,8.576292,7.974288,7.827588,9.010474,5.885771,6.84638,8.99984,8.013092,8.539567,6.88953,7.685988,6.473428,6.888797,6.520474,7.911159,6.674688,7.704596,7.985505,5.150745,6.796377,6.679624
2000-07,5.336432,7.595598,7.303103,9.241859,9.758764,5.643254,7.574245,8.145576,7.809752,6.067546,6.260327,6.777373,8.333729,7.755716,5.291947,5.519499,6.897614,5.80402,7.196544,4.599052,7.094218,8.999186,7.692031,8.684871,7.062217,7.147583,6.493451,6.726641,8.438771,8.080631,7.869096,8.883148,5.827474,6.825265,8.850766,7.912119,8.446893,6.808896,7.663938,6.442763,6.862852,6.540611,7.881994,6.63104,7.780683,8.045277,5.139439,6.729705,6.779274
2000-08,5.989863,7.889987,7.467457,9.032328,9.496474,5.67057,7.902402,7.446673,7.702601,5.968477,6.435862,6.785904,8.446704,7.83622,5.700042,5.426403,6.831598,5.962756,7.483183,5.06006,7.162932,7.133264,7.592941,8.703724,7.306082,7.397335,6.591578,6.566053,6.216886,8.178442,7.814182,8.891931,5.79879,6.771271,8.980869,7.890766,8.534666,7.042505,7.618364,6.556281,6.817524,6.523548,7.808819,6.552165,7.273738,8.03929,5.393718,7.848863,9.176892
2000-09,5.940829,7.870712,7.592795,9.096005,9.451574,5.583196,7.901788,7.430826,7.675268,6.033949,6.545709,6.800704,8.366563,7.855355,5.699808,5.470883,6.815662,5.938037,7.419045,5.123488,7.105679,7.156832,7.647175,8.77228,7.375463,7.510031,6.510601,6.561342,6.324628,8.14708,7.853209,8.759629,5.843718,6.750013,9.001315,7.800118,8.473542,6.911429,7.680407,6.534268,6.917498,6.572171,7.796708,6.539456,7.361306,8.134954,5.439296,7.941758,9.174771
2000-10,5.929908,7.852291,7.570423,8.979162,9.624832,5.601307,7.967031,7.444377,7.733421,6.075162,6.63395,6.877956,8.398984,7.878947,5.735604,5.448761,6.859143,6.072215,7.640902,5.300764,7.198228,7.225234,7.700965,8.866477,7.470845,7.520522,6.548763,6.603334,6.475787,8.228826,7.953923,8.746298,5.977366,6.780865,9.143121,7.924159,8.594958,7.083732,7.697734,6.545206,6.887134,6.686797,7.756315,6.532087,7.46187,8.175857,5.438427,8.118529,9.319374
2000-11,5.98202,7.919342,7.464573,9.029822,9.616363,5.600863,7.867558,7.449667,7.71841,6.067175,6.745719,6.867267,8.451449,7.875172,5.531253,5.505575,6.818771,6.060011,7.522898,5.212051,7.017291,7.112164,7.655012,8.947433,7.480016,7.661447,6.465351,6.533847,6.328151,8.27326,8.07609,8.699846,5.961521,6.753811,9.017908,7.833473,8.327206,6.988699,7.633829,6.414737,6.863061,6.730003,7.797895,6.556224,7.503945,8.245657,5.413118,8.046575,9.304948
2000-12,5.867119,7.9186,7.590473,9.256591,9.821715,5.684158,7.846504,7.437359,7.876016,6.117767,6.829891,6.845167,8.479977,7.899725,5.407261,5.513227,6.891301,6.11262,7.393171,5.221274,6.975003,6.996151,7.708415,9.081137,7.597231,7.742519,6.238364,6.566053,6.397296,8.244221,8.040179,8.701699,5.91253,6.75835,8.987378,7.750223,8.253056,6.929233,7.769003,6.456848,6.979825,6.712239,7.797369,6.599067,7.497784,8.296103,5.409814,8.008638,9.249814
2001-01,5.855187,7.952576,7.733574,9.294808,9.860825,5.632143,7.739176,7.37424,7.877306,6.183427,6.878625,6.862067,8.510972,7.92644,5.409635,5.502808,6.854492,6.122164,7.221054,5.186771,6.877069,6.905904,7.570196,9.062698,7.656555,7.699417,6.390056,6.572199,6.474384,8.220277,8.076102,8.530046,5.872963,6.697503,8.726755,7.493111,7.963262,6.773263,7.746011,6.291995,7.001027,6.666511,7.816913,6.653792,7.472825,8.298111,5.427414,7.767899,9.17924
2001-02,6.020441,7.994946,7.797513,9.268437,10.005789,5.676069,7.646913,7.495686,7.907015,6.318554,7.00312,6.935156,8.556923,8.030719,5.557253,5.595715,6.983169,6.247482,7.252394,5.09418,6.98316,6.967259,7.596357,9.059579,7.678821,7.707301,6.403193,6.640804,6.838566,8.302742,8.131851,8.50171,5.99436,6.699931,8.576899,7.419962,7.925613,6.915594,7.845577,6.523269,7.040887,6.791233,7.875275,6.709865,7.557431,8.361353,5.461286,7.933076,9.181198
2001-03,6.067175,7.963547,7.8196,9.220039,10.006466,5.767133,7.41019,7.518032,7.910627,6.351392,6.857125,6.895814,8.474928,7.992793,5.668777,5.333009,6.976572,6.29687,7.337223,5.19634,7.108678,6.989971,7.732387,9.002081,7.604685,7.864954,6.490997,6.666028,6.813434,8.280379,7.987803,8.65495,6.093683,6.736516,8.685362,7.626541,8.105827,6.953617,7.80144,6.591454,7.109021,6.784977,7.988295,6.696701,7.56794,8.258617,5.499379,7.987857,9.159802
2001-04,6.015376,7.973118,7.890208,9.153872,10.096989,5.814698,7.341762,7.515895,7.897572,6.259983,6.929791,6.914165,8.463904,7.951147,5.647318,5.305988,6.976628,6.293419,7.063716,5.123904,7.01271,6.832805,7.722292,9.040319,7.576389,7.950301,6.590562,6.694958,7.014608,8.28005,8.043165,8.549972,6.111356,6.688554,8.283828,7.428797,7.718881,6.721715,7.828803,6.5299,7.064776,6.736089,7.944233,6.704635,7.511032,8.271367,5.517332,7.824998,9.189892
2001-05,6.040159,7.967675,7.744903,9.051558,10.084209,5.805406,7.242705,7.447571,7.815703,6.24754,6.880579,6.862517,8.371423,7.903079,5.664556,5.300914,6.949089,6.342843,6.975031,5.149237,6.990533,6.731161,7.700494,8.940196,7.49492,7.906109,6.534733,6.683286,7.187196,8.30347,8.059289,8.510652,5.997347,6.593729,8.094607,7.289242,7.630495,6.51566,7.764559,6.4913,7.050183,6.686173,7.933822,6.662277,7.492615,8.258301,5.497947,7.68624,9.121281
2001-06,6.019323,7.956957,7.767928,9.030017,10.139426,5.823371,7.436947,7.497734,7.841524,6.330309,6.922476,6.878368,8.428425,7.961339,5.710228,5.352048,6.982575,6.426521,7.100044,5.129425,7.169004,6.82333,7.768292,9.109303,7.690551,7.902964,6.673576,6.721859,7.268188,8.398754,8.110403,8.589188,6.035314,6.686747,8.21753,7.509916,7.801968,6.689114,7.836638,6.555912,7.085709,6.773115,7.99897,6.740212,7.526502,8.296631,5.558487,7.811346,9.265779
2001-07,6.090925,7.993458,7.765247,9.074647,10.161614,5.95171,7.533234,7.54531,7.919669,6.382932,6.954992,6.907845,8.461249,7.970512,5.719229,5.375001,7.04816,6.404054,7.099309,5.111807,7.185917,6.863647,7.731071,9.132957,7.698374,7.976479,6.762706,6.83232,7.11624,8.408369,8.117775,8.57883,6.135565,6.746236,8.179533,7.536908,7.714378,6.683361,7.862004,6.596927,7.156411,6.78674,8.029641,6.79832,7.572524,8.339752,5.601565,7.854645,9.276923
2001-08,5.726098,8.018836,7.835287,9.024995,10.109434,5.96116,6.453215,7.742098,7.951735,6.441696,7.178324,6.883053,8.385135,7.702177,5.724989,5.506063,7.06933,6.337197,7.030937,5.025327,7.106065,6.726617,7.655949,8.955208,7.689371,7.865522,6.732604,6.778546,7.15989,8.245626,8.152515,8.705059,6.207886,6.740827,8.145854,7.624087,7.690921,6.697034,7.858134,6.561002,7.181531,6.822927,7.987001,6.70597,7.58524,8.41431,5.598385,7.871719,9.283491
2001-09,5.72365,8.051946,7.825541,9.086038,10.01307,5.928764,6.381613,7.764271,8.022352,6.457084,7.213606,6.902079,8.414276,7.684885,5.672326,5.60186,7.065759,6.34611,7.007555,4.9535,7.081456,6.666257,7.692565,8.986056,7.727372,7.932499,6.725322,6.684237,6.978475,8.229948,8.111493,8.709444,6.245661,6.711351,8.081617,7.524054,7.683979,6.660742,7.911698,6.62243,7.190292,6.834421,8.050343,6.751967,7.601642,8.40094,5.584999,7.842679,9.179422
2001-10,5.777807,8.049542,7.867312,9.144393,10.058712,5.96237,6.381782,7.703806,8.031938,6.410602,7.207689,6.880959,8.377437,7.669234,5.743836,5.563869,7.088,6.283649,6.93969,4.827033,7.038257,6.638542,7.552825,8.916843,7.714655,7.94052,6.8112,6.670449,7.037906,8.214481,8.111868,8.599702,6.228215,6.676857,7.928986,7.406061,7.604396,6.618138,7.906006,6.611584,7.149297,6.787394,7.991142,6.789872,7.542017,8.339365,5.583308,7.817323,9.12054
2001-11,5.68833,8.043005,7.880165,9.109073,10.075339,5.789501,6.188059,7.604551,7.980444,6.213768,7.20763,6.872884,8.372852,7.566,5.654627,5.336047,6.952862,6.109759,6.704427,4.629277,6.821663,6.507651,7.355411,8.571668,7.791903,8.039067,7.089752,6.559743,6.867225,8.149033,8.040972,8.581335,6.159877,6.562599,7.640392,7.27128,7.321565,6.412065,7.814884,6.477249,6.952337,6.712093,7.89516,6.66133,7.47412,8.334709,5.530857,7.670331,9.004144
2001-12,5.673598,8.072043,7.94368,9.122547,10.046749,5.946886,6.233685,7.607143,8.015205,6.286892,7.143539,6.859835,8.39696,7.601032,5.758302,5.391216,6.977682,6.158588,6.726737,4.721085,6.927038,6.511047,7.335021,8.633873,7.74066,8.139052,7.217583,6.528762,7.129578,8.122092,8.064394,8.484219,6.145665,6.628015,7.873487,7.399582,7.490864,6.533556,7.824186,6.540568,7.019198,6.650188,7.932531,6.698847,7.459523,8.305054,5.550243,7.707939,9.005768
2002-01,5.798881,8.080748,7.899176,9.118422,10.058599,5.994335,6.365903,7.721043,8.087908,6.402746,7.173629,6.944106,8.450784,7.70289,5.74598,5.506307,7.045271,6.312859,6.886297,4.730039,7.02128,6.606488,7.491311,8.718215,7.755026,8.08943,7.095711,6.716244,6.972222,8.079754,8.039973,8.577415,6.224915,6.729597,8.091395,7.535484,7.67393,6.641626,7.947184,6.616694,7.131874,6.633976,8.0732,6.762625,7.53107,8.356226,5.597644,7.839829,9.089207
2002-02,5.855788,8.103582,7.970975,9.134278,10.028497,6.02129,6.43331,7.752021,8.121061,6.469545,7.191324,6.991876,8.411324,7.686341,5.806429,5.621379,7.107,6.437095,6.872449,4.783484,7.090518,6.648946,7.471978,8.78524,7.729142,8.095224,6.868619,6.769895,7.068777,8.143276,8.076531,8.613192,6.296649,6.801105,8.018434,7.576436,7.637167,6.708914,7.964343,6.695515,7.186296,6.649075,8.121127,6.812763,7.570644,8.380601,5.670467,7.919163,9.1699
2002-03,5.843747,8.123089,7.881228,9.153102,10.109549,6.07959,6.518365,7.71432,8.144546,6.552308,7.200679,6.976871,8.387576,7.6685,5.810302,5.711354,7.11864,6.460405,6.884435,4.705377,7.118429,6.667211,7.500424,8.829029,7.819576,8.214698,7.001391,6.741417,6.969509,8.122036,8.037162,8.548905,6.339477,6.783529,8.080296,7.548271,7.670167,6.661663,7.958311,6.776096,7.252373,6.689898,8.157021,6.883862,7.576661,8.374581,5.681673,7.897984,9.089787
2002-04,5.831002,8.130554,7.959269,9.230624,10.15869,6.084841,6.590974,7.780353,8.184606,6.559488,7.148031,6.933189,8.393689,7.724429,5.882821,5.817706,7.163397,6.535706,6.896745,4.726945,7.162909,6.680892,7.588298,8.915742,7.831014,8.274268,7.108424,6.755466,6.950623,8.17178,8.029772,8.551283,6.37407,6.785203,7.851688,7.445914,7.504606,6.647753,8.005527,6.839284,7.298418,6.667529,8.160018,6.880487,7.566575,8.405018,5.707874,7.867638,9.106799
2002-05,5.947173,8.140531,8.01649,9.368274,10.16327,6.166384,6.71281,7.80933,8.228366,6.60496,7.284231,6.971284,8.385142,7.771805,5.998614,5.824583,7.182383,6.561483,6.969734,4.823824,7.256276,6.730194,7.677173,8.945544,7.869054,8.307721,7.248355,6.804204,7.088759,8.251283,8.125234,8.580966,6.393591,6.870604,7.948986,7.484751,7.603953,6.728461,7.995377,6.944598,7.337171,6.732616,8.184483,6.953608,7.650901,8.428371,5.731949,7.982488,9.095641
2002-06,5.993812,8.163337,8.085893,9.41745,10.195628,6.210118,6.758791,7.760305,8.242267,6.633397,7.380655,6.959873,8.287913,7.721823,6.007018,5.916472,7.216063,6.647403,6.926234,4.841269,7.229433,6.715747,7.728504,8.899723,7.901603,8.390459,7.288518,6.781387,7.020977,8.211081,8.127765,8.462027,6.393992,6.82235,7.862139,7.328812,7.528423,6.611113,8.036641,7.023973,7.294656,6.731471,8.165864,6.992528,7.651201,8.459545,5.761422,7.88142,8.965176
2002-07,6.024803,8.174765,8.194315,9.411602,10.239852,6.182023,6.710779,7.759985,8.238775,6.632897,7.374886,6.970946,8.256491,7.739172,6.05648,5.970369,7.211446,6.597528,6.927097,4.7333,7.188941,6.745401,7.730228,8.898042,7.922529,8.377195,7.393669,6.726042,7.069917,8.198813,8.051249,8.519303,6.385616,6.807847,7.82969,7.292637,7.496031,6.547689,8.041468,6.985633,7.292467,6.682271,8.152731,7.022966,7.661918,8.441691,5.743484,7.871716,8.972129
2002-08,6.426844,8.210826,8.181774,9.464682,9.778656,6.178711,7.481195,7.688744,8.188203,6.588527,7.220535,6.8919,8.118156,7.772879,6.107691,6.103341,7.138025,6.687632,6.944569,4.886205,7.067899,6.576093,7.654107,8.746648,7.982,8.651532,7.769556,6.775298,6.981647,8.281484,8.028243,8.424916,6.486344,6.660562,7.711334,7.162211,7.281812,6.459576,8.084547,6.951801,7.324483,6.684399,8.09936,7.011178,7.614411,8.475314,5.733179,7.677391,8.870534
2002-09,6.339318,8.131507,8.012648,9.38903,9.81713,6.063553,7.328385,7.634618,8.160384,6.482878,7.172118,6.843046,8.099469,7.675096,5.934127,5.843805,7.052764,6.509797,6.746459,4.544039,6.913539,6.480275,7.518303,8.693886,7.724221,8.573093,7.681879,6.659281,6.62066,8.192014,7.900833,8.304389,6.438264,6.537387,7.64823,7.063947,7.183453,6.313403,8.046316,6.814576,7.236742,6.572366,7.975279,6.922772,7.541508,8.419296,5.655082,7.569195,8.939151
2002-10,6.281107,8.111901,8.116662,9.411585,9.902296,6.105552,7.378465,7.669771,8.193077,6.471496,7.145756,6.854629,8.113966,7.690291,6.003566,5.818658,7.022538,6.515024,6.712786,4.590767,6.908125,6.485337,7.499357,8.573785,7.697253,8.570239,7.84051,6.740472,6.711765,8.192529,7.929893,8.326677,6.508396,6.559374,7.661922,7.106393,7.141601,6.247037,8.050244,6.860873,7.23399,6.627512,7.993721,6.893687,7.575446,8.422414,5.677062,7.639806,8.891044
2002-11,6.255673,8.067463,8.054529,9.351721,9.645978,6.013422,7.336585,7.633675,8.166872,6.416602,7.166884,6.836914,8.040888,7.568751,5.893107,5.807151,6.922053,6.434547,6.52093,4.467516,6.802017,6.395996,7.356197,8.50751,7.725846,8.589609,7.801543,6.615369,6.625286,8.083832,7.811678,8.237048,6.492906,6.44862,7.455934,6.946457,6.957459,6.148746,7.934513,6.817043,7.167146,6.561045,7.893262,6.746894,7.461382,8.34503,5.653261,7.512459,8.706949
2002-12,6.219476,8.143378,8.174111,9.347438,9.693993,6.072906,7.458694,7.720351,8.225034,6.508754,7.009409,6.872553,8.129741,7.623134,5.888241,5.845716,6.951858,6.480535,6.58305,4.373742,6.902039,6.447686,7.263673,8.51133,7.700761,8.476236,7.697335,6.532422,6.666028,8.136752,7.801899,8.430866,6.482052,6.538632,7.633011,7.173782,7.115225,6.250574,7.997929,6.824069,7.23149,6.62453,7.962552,6.754441,7.542436,8.392362,5.667533,7.609669,8.752885
2003-01,6.308026,8.143709,8.144766,9.312191,9.625825,6.180058,7.545601,7.702398,8.20503,6.559941,6.911757,6.916596,8.17508,7.734957,5.927273,5.95938,7.017766,6.509127,6.747011,4.468434,7.028308,6.564405,7.420172,8.581874,7.737878,8.380665,7.647839,6.656778,6.759684,8.167746,7.811949,8.539366,6.479891,6.614216,7.830827,7.301944,7.320712,6.411161,8.067381,6.919802,7.266157,6.589834,7.998718,6.805313,7.567454,8.413744,5.715975,7.736076,8.847757
2003-02,6.288323,8.160992,8.100535,9.279644,9.696008,6.111889,7.390595,7.686617,8.204251,6.509082,6.895298,6.916854,8.130006,7.688135,5.928418,5.908844,7.012377,6.477741,6.637808,4.472667,6.935876,6.517789,7.296135,8.553085,7.710801,8.475884,7.864593,6.669257,6.87334,8.181785,7.846359,8.47685,6.496126,6.598673,7.711007,7.207608,7.095338,6.313729,8.010741,6.886756,7.255076,6.561243,7.921931,6.746988,7.53464,8.374652,5.734764,7.629368,8.75108
2003-03,6.267352,8.116596,8.099199,9.219505,9.63208,6.128745,7.279064,7.699589,8.174142,6.479508,6.905563,6.913499,8.128063,7.626863,5.883768,5.859475,6.97012,6.502835,6.623826,4.392967,6.875408,6.498388,7.281537,8.544059,7.538804,8.352979,7.856327,6.655916,6.719713,8.157462,7.803264,8.447382,6.496805,6.560974,7.717645,7.213555,7.090427,6.258969,8.024014,6.794239,7.20205,6.537532,7.877302,6.697281,7.539681,8.354865,5.713469,7.592795,8.727943
2003-04,6.206253,8.066735,8.015568,9.209966,9.644766,6.15403,7.279857,7.675588,8.1621,6.446529,6.882161,6.93875,8.113001,7.594814,5.873131,5.817022,6.971002,6.544013,6.656418,4.340423,6.9046,6.492815,7.216144,8.450808,7.435232,8.24308,7.795696,6.572171,6.851418,8.170203,7.756919,8.380505,6.508009,6.511671,7.759183,7.21902,7.143223,6.263341,8.006514,6.817874,7.175574,6.50171,7.875564,6.647507,7.517553,8.289545,5.708471,7.575031,8.770669
2003-05,6.017059,8.073998,7.879356,9.216564,9.405372,6.23394,7.289924,7.652835,8.224549,6.500433,6.914939,6.952566,8.172591,7.63499,5.883434,5.801907,6.982853,6.569061,6.640673,4.346011,6.891707,6.476172,7.178362,8.39512,7.376427,8.287038,7.747774,6.560521,6.815125,8.192332,7.805006,8.383424,6.559601,6.540106,7.768127,7.245327,7.131531,6.252501,8.01025,6.844198,7.217018,6.507337,7.932323,6.697676,7.509133,8.317771,5.72662,7.599286,8.84505
2003-06,5.995556,8.126376,7.952953,9.238105,9.432028,6.301244,7.449545,7.730702,8.271454,6.573107,6.813137,7.021423,8.168387,7.729366,5.965044,5.920935,7.031953,6.696849,6.735103,4.480967,6.974432,6.571709,7.366749,8.477758,7.482378,8.333213,7.782232,6.640895,6.837655,8.194354,7.8697,8.485383,6.647364,6.615864,7.889553,7.332186,7.233701,6.361838,8.041146,6.865985,7.329435,6.583962,8.024888,6.788363,7.614874,8.423897,5.789134,7.727698,9.005071
2003-07,6.110913,8.178549,7.93587,9.334285,9.713467,6.350694,7.542346,7.7871,8.298154,6.612135,6.905753,7.087281,8.197156,7.733902,5.955138,5.957313,7.120614,6.872221,6.857987,4.564661,7.033233,6.623906,7.398701,8.585885,7.556647,8.261462,7.874503,6.862768,7.060974,8.278344,7.961137,8.55484,6.689624,6.69617,8.030484,7.398578,7.37247,6.48029,8.079559,6.885029,7.374403,6.656585,8.057511,6.904229,7.67627,8.462251,5.900856,7.812479,9.022967
2003-08,6.131031,8.165708,7.749223,9.254344,9.750132,6.343283,7.661372,7.83199,8.248215,6.618285,6.838341,7.142693,8.308606,7.695057,5.973479,5.989863,7.113696,6.907495,6.977048,4.606969,7.054553,6.644037,7.352685,8.720837,7.614781,8.002219,8.152077,6.998692,7.07176,8.258811,8.038777,8.655958,6.753601,6.708389,8.054367,7.45773,7.376233,6.515468,8.047625,6.963445,7.515116,6.66497,8.056756,6.929605,7.61486,8.461564,5.913773,7.788721,9.029713
2003-09,6.147014,8.180744,7.760514,9.235782,9.630746,6.384941,7.662176,7.817621,8.252472,6.654333,6.961125,7.224171,8.30778,7.770628,5.928338,6.117921,7.158841,6.881165,7.0631,4.705016,7.155459,6.72263,7.41071,8.752027,7.711459,8.094403,8.269132,7.093064,6.937683,8.239512,7.988343,8.635095,6.840964,6.75521,8.12514,7.489608,7.490429,6.598196,8.098311,6.961324,7.534496,6.656945,8.102904,6.962821,7.650802,8.508467,6.029049,7.875096,9.027305
2003-10,6.173015,8.188639,7.836907,9.213688,9.654401,6.445386,7.708617,7.823182,8.263753,6.706862,7.001209,7.217649,8.281083,7.784028,5.949105,6.18225,7.20243,6.947485,7.105844,4.847567,7.228998,6.782033,7.490479,8.823012,7.79486,8.070368,8.365586,7.162126,7.006795,8.301941,8.00252,8.655556,6.871185,6.80757,8.159495,7.539942,7.626794,6.668851,8.13179,7.066091,7.539213,6.68752,8.186423,6.970091,7.654073,8.491055,6.059637,7.888387,9.067127
2003-11,6.25011,8.207424,7.800364,9.194598,9.716135,6.437063,7.674748,7.820769,8.28484,6.70718,6.98952,7.217209,8.288014,7.718814,5.861726,6.211283,7.181691,6.983855,7.07316,4.858804,7.152285,6.736338,7.437878,8.755604,7.709945,7.971907,8.351712,7.186182,6.982037,8.279334,8.046982,8.60247,6.870157,6.782192,8.156593,7.56686,7.599717,6.622178,8.129776,7.048604,7.530855,6.692158,8.134418,6.985623,7.665172,8.488746,6.074472,7.892773,9.094842
2003-12,6.351479,8.24354,7.85951,9.250121,9.775914,6.551037,7.742537,7.894877,8.340969,6.822535,7.044923,7.257369,8.287231,7.782503,5.947696,6.244788,7.249904,7.137,7.248639,4.870453,7.285205,6.847304,7.524675,8.868895,7.768161,7.987905,8.465199,7.327912,7.074074,8.301209,8.05932,8.664345,6.906084,6.834711,8.275942,7.607039,7.748335,6.72748,8.208481,7.093895,7.630238,6.736658,8.240047,7.064007,7.738689,8.535697,6.086252,7.989923,9.081493
2004-01,6.409056,8.2634,7.89102,9.269012,9.883924,6.56694,7.798375,7.910726,8.331574,6.856251,7.1149,7.291602,8.293632,7.808965,5.947983,6.236291,7.274438,7.236951,7.281523,4.960464,7.330543,6.914115,7.557807,8.865131,7.743287,7.980253,8.576213,7.3978,7.087983,8.302744,8.064073,8.665042,6.997395,6.862622,8.303071,7.622091,7.794922,6.765535,8.216277,7.085198,7.616623,6.785407,8.240873,7.120978,7.754048,8.551241,6.153775,8.002052,9.081707
2004-02,6.45578,8.273911,7.946625,9.333114,9.926744,6.583796,7.866186,7.938856,8.353403,6.863877,7.140548,7.334009,8.352665,7.924333,5.985824,6.246882,7.351672,7.236015,7.382249,5.050945,7.370451,6.972334,7.693473,8.96679,7.857794,8.091217,8.593628,7.451184,7.322061,8.435964,8.118359,8.736488,6.963275,6.91729,8.334659,7.678669,7.780115,6.7965,8.321044,7.184508,7.634521,6.827629,8.223281,7.116589,7.789529,8.607378,6.176761,8.062861,9.180477
2004-03,6.422159,8.312265,8.001241,9.303763,9.947147,6.612068,7.868614,7.947626,8.388678,6.843611,7.185258,7.406304,8.375936,7.904486,6.030397,6.259926,7.353466,7.18681,7.382529,5.117215,7.353665,6.963748,7.665303,8.992181,7.870426,8.045656,8.446144,7.395986,7.245377,8.453465,8.134591,8.749431,7.05733,6.940619,8.391049,7.728961,7.829034,6.88463,8.284446,7.173077,7.59343,6.863166,8.229612,7.122407,7.82443,8.654974,6.235391,8.106083,9.246955
2004-04,6.443097,8.37305,8.0572,9.328038,9.985062,6.648505,7.878458,7.956182,8.434824,6.896077,7.155029,7.415994,8.390639,7.927725,6.05655,6.427006,7.399331,7.287068,7.442405,5.13979,7.357684,6.927421,7.649526,8.979758,7.869979,8.008958,8.499223,7.460519,7.311726,8.507844,8.151071,8.744848,7.029725,6.942031,8.344315,7.70501,7.817074,6.843355,8.313627,7.235151,7.594195,6.886246,8.298517,7.191858,7.847325,8.699868,6.258855,8.140001,9.220246
2004-05,6.484971,8.385114,8.093835,9.322415,9.93141,6.616828,7.899984,7.954025,8.474684,6.924465,7.125001,7.425209,8.337856,7.90827,6.008248,6.40546,7.424976,7.334956,7.395979,5.061202,7.368321,6.966411,7.62808,8.928439,7.836283,8.002085,8.565884,7.551817,7.378165,8.50671,8.159978,8.732174,7.084771,6.960518,8.352611,7.687374,7.777759,6.852306,8.34151,7.326926,7.588597,6.903717,8.296452,7.210885,7.845259,8.691592,6.271083,8.116781,9.168709
2004-06,6.483612,8.429066,8.140041,9.326236,9.949757,6.551794,7.882866,7.952886,8.493372,6.908635,7.151172,7.454459,8.375242,7.90164,6.001464,6.440021,7.429942,7.215527,7.323962,5.030895,7.341594,6.941267,7.662331,8.94685,7.891462,8.040405,8.328949,7.412782,7.40699,8.532791,8.121177,8.722766,7.090668,6.978642,8.261934,7.680582,7.695763,6.801383,8.356693,7.302806,7.590241,6.938149,8.271367,7.212471,7.769953,8.663345,6.198479,8.029954,9.150239
2004-07,6.495039,8.410207,8.161098,9.347506,9.814904,6.580306,7.874652,7.954994,8.525689,6.912454,7.140699,7.458336,8.372133,7.904575,6.021775,6.392671,7.469084,7.222391,7.37889,5.015357,7.369777,6.944434,7.63018,8.950213,7.90788,8.073886,8.389578,7.441449,7.469221,8.54452,8.129532,8.701292,7.12202,6.990671,8.310762,7.708743,7.782907,6.838427,8.356264,7.349244,7.608801,6.939409,8.294852,7.177309,7.806965,8.663622,6.25895,8.033662,9.184504
2004-08,6.60431,8.4212,8.069896,9.327894,9.875071,6.537604,7.859351,7.940751,8.543693,6.999696,7.128368,7.48155,8.228786,7.944155,6.308244,6.450439,7.49693,7.394253,7.342999,5.154678,7.495942,6.940968,7.648439,9.036504,7.847301,8.050493,8.153186,7.417743,7.706865,8.522362,8.173189,8.655364,7.000407,7.041823,8.34006,7.766946,7.755395,6.926018,8.419508,7.342391,7.625551,6.995711,8.255046,7.176912,7.801191,8.461332,6.166992,7.97654,9.491014
2004-09,6.549379,8.379739,7.841686,9.286414,9.836847,6.509201,7.78984,7.895607,8.487326,6.968361,7.063998,7.420836,8.170061,7.910084,6.231721,6.432458,7.446416,7.375519,7.37429,5.084195,7.431163,6.864994,7.609119,9.048499,7.839577,8.046088,8.181625,7.439835,7.691794,8.583017,8.181329,8.649265,6.920326,6.999076,8.27042,7.703901,7.632382,6.805124,8.362722,7.31254,7.578846,6.874984,8.223638,7.214791,7.766464,8.44635,6.175722,7.916585,9.496329
2004-10,6.567558,8.377439,7.842585,9.3038,9.868352,6.552679,7.788216,7.896315,8.532515,6.967815,7.064075,7.410849,8.201353,7.936707,6.241114,6.444243,7.485155,7.412498,7.369588,5.084257,7.405757,6.871879,7.587797,9.048418,7.82135,8.045325,8.272085,7.472938,7.638454,8.565538,8.213089,8.670733,6.87306,6.970946,8.231368,7.681994,7.564866,6.735127,8.360874,7.311258,7.569107,6.860307,8.221909,7.21393,7.8103,8.454945,6.239788,7.955888,9.486535
2004-11,6.596968,8.397547,7.798946,9.217018,9.828394,6.630604,7.845721,7.906396,8.50293,6.99386,7.076502,7.470549,8.166265,7.977903,6.273028,6.47854,7.512437,7.490099,7.445657,5.070789,7.47019,6.891697,7.607883,9.046041,7.872619,8.091456,8.315114,7.544523,7.72192,8.654868,8.224375,8.683182,6.882335,7.012791,8.250416,7.729705,7.590403,6.765396,8.35632,7.347467,7.617066,6.865265,8.250239,7.260726,7.804635,8.467202,6.258759,7.979284,9.501714
2004-12,6.621499,8.429583,7.865054,9.227808,9.857429,6.664256,7.875837,7.93122,8.481197,7.043361,7.0726,7.444652,8.139866,7.986539,6.308627,6.539904,7.516422,7.499412,7.426353,5.051905,7.467102,6.918715,7.561865,9.016591,7.876756,8.077922,8.35077,7.465713,7.720746,8.660767,8.263531,8.666056,6.86169,7.038757,8.295683,7.792332,7.65014,6.820518,8.316107,7.381097,7.683869,6.897089,8.294819,7.297436,7.826842,8.414988,6.297054,8.024826,9.508399
2005-01,6.621552,8.463678,7.874401,9.215492,10.016881,6.728078,7.942863,7.947954,8.520464,7.082675,7.152848,7.457223,8.138731,8.067795,6.415359,6.588899,7.575344,7.569912,7.546884,5.176263,7.547623,6.992804,7.66928,9.077304,7.948385,8.19082,8.342654,7.539888,7.947519,8.71831,8.307126,8.716039,6.968615,7.088459,8.36644,7.839982,7.685992,6.865808,8.364734,7.479181,7.756093,6.976983,8.335973,7.376164,7.853399,8.490857,6.392453,8.078939,9.538309
2005-02,6.663643,8.514377,7.865038,9.323107,10.076279,6.767608,8.035888,7.957314,8.56026,7.152746,7.194737,7.505509,8.201641,8.0995,6.483,6.716256,7.603858,7.692825,7.548287,5.248759,7.577547,7.030972,7.73183,9.087844,7.92037,8.121044,8.27217,7.557896,7.916363,8.694447,8.33844,8.736737,7.01565,7.122439,8.406411,7.876293,7.715101,6.903828,8.397894,7.52024,7.806269,7.040694,8.364797,7.431199,7.891518,8.522065,6.513601,8.132621,9.576161
2005-03,6.635133,8.517241,7.895369,9.316394,10.119434,6.745178,7.983795,7.923305,8.562157,7.126819,7.213083,7.51807,8.14311,8.099129,6.432281,6.682547,7.648554,7.723063,7.564695,5.261757,7.524432,7.027341,7.646578,9.078373,7.892325,8.126527,8.205142,7.566539,7.960885,8.723763,8.354347,8.690089,7.003811,7.096432,8.367177,7.803018,7.635082,6.858124,8.365407,7.478136,7.744942,7.012268,8.355079,7.448048,7.875799,8.531059,6.535343,8.135725,9.570019
2005-04,6.659717,8.505643,7.891626,9.402685,10.150323,6.745201,7.97219,7.917813,8.561763,7.146481,7.252061,7.531359,8.165275,8.176093,6.453987,6.69047,7.643334,7.833041,7.655864,5.36747,7.588136,7.053638,7.657061,9.120524,7.909523,8.141694,8.282455,7.662999,8.092249,8.898801,8.373422,8.692925,6.980513,7.112792,8.358704,7.783832,7.679187,6.889724,8.401338,7.569097,7.768127,7.042444,8.359631,7.459034,7.869581,8.562874,6.610804,8.135224,9.558607
2005-05,6.667402,8.505841,7.886596,9.388221,10.14253,6.678279,7.972759,7.905243,8.55546,7.134253,7.315305,7.483998,8.164163,8.153013,6.45622,6.6238,7.650007,7.758607,7.597828,5.42473,7.563766,7.043439,7.584463,9.144493,8.0452,8.166841,8.219067,7.611531,8.055351,8.870926,8.376334,8.678701,6.976777,7.107147,8.347635,7.757983,7.646788,6.823079,8.396094,7.547481,7.757551,7.022984,8.369999,7.461698,7.8371,8.521297,6.5648,8.139986,9.56299
2005-06,6.654681,8.503849,7.899294,9.4101,10.12859,6.589325,7.935305,7.874294,8.525935,7.075462,7.325076,7.513638,8.209956,8.075256,6.404418,6.560153,7.641963,7.723496,7.471602,5.353657,7.520852,6.960395,7.482338,9.140299,8.008977,8.155896,8.108656,7.508842,7.992624,8.813369,8.395333,8.662949,6.963965,7.077701,8.280964,7.716394,7.625385,6.766549,8.309962,7.496819,7.692401,7.001947,8.311339,7.428482,7.840891,8.501767,6.554546,8.093551,9.55719
2005-07,6.697417,8.521763,7.935992,9.432669,10.158944,6.621379,7.998886,7.859591,8.541872,7.139303,7.344163,7.530126,8.223863,8.089427,6.458135,6.71264,7.678696,7.819713,7.471198,5.338979,7.575872,7.027661,7.613374,9.187024,8.046649,8.220737,8.092013,7.561704,8.089571,8.831395,8.408371,8.677792,7.012467,7.107,8.399339,7.783749,7.726627,6.860517,8.313178,7.49537,7.745509,7.059076,8.374786,7.505982,7.872916,8.5586,6.642265,8.115114,9.565833
2005-08,6.70169,8.010223,7.942803,9.775993,10.168685,6.726881,8.248487,7.807412,8.48394,7.161056,7.315139,7.443582,8.16083,8.066299,6.492634,8.153735,7.665585,7.958601,7.391372,5.3698,7.561366,6.996791,7.581969,9.127259,7.966205,8.13641,8.168826,7.760326,7.776178,8.809633,8.430519,8.5722,7.044138,7.083145,8.41189,7.785289,7.68669,6.830896,8.052035,7.45758,7.72235,7.07591,8.348898,7.572935,7.832689,8.563262,7.375431,8.215488,9.485688
2005-09,6.74606,8.02914,7.984674,9.866409,10.205741,6.78949,8.283994,7.833097,8.514203,7.206785,7.270981,7.510819,8.212495,8.117673,6.517745,8.18148,7.74189,8.064335,7.514745,5.475626,7.664337,7.061189,7.652831,9.144472,8.029566,8.114253,8.129269,7.857318,7.966098,8.869774,8.45788,8.606291,7.077954,7.137978,8.443019,7.839797,7.782094,6.914522,8.102111,7.503775,7.808278,7.126569,8.40859,7.61713,7.840124,8.594749,7.362004,8.260123,9.48349
2005-10,6.701162,8.024077,7.962649,9.870475,10.249257,6.848493,8.286723,7.871082,8.502853,7.182686,7.270062,7.520668,8.210048,8.052567,6.451228,8.159183,7.726001,8.028749,7.504733,5.439947,7.684181,7.075428,7.625468,9.140313,8.028289,8.110836,8.175435,7.867389,8.04905,8.911001,8.466413,8.558066,7.069032,7.130891,8.433605,7.848567,7.781209,6.924878,8.06096,7.599081,7.786112,7.123584,8.330958,7.578708,7.821058,8.590825,7.398743,8.246989,9.4625
2005-11,6.716183,8.04268,7.873457,9.871357,10.284368,6.81174,8.267541,7.832462,8.517645,7.177821,7.271231,7.489731,8.196588,8.031366,6.510035,8.10668,7.767052,8.03967,7.53394,5.441118,7.681394,7.097218,7.572014,9.149978,8.07306,8.087825,8.350345,7.965775,8.139566,8.98023,8.507133,8.5425,7.001573,7.145196,8.475131,7.857105,7.796597,6.920563,8.067202,7.543443,7.842078,7.128913,8.312913,7.627676,7.807656,8.632771,7.383617,8.312535,9.462297
2005-12,6.670462,8.042397,7.86387,9.956609,10.301532,6.807835,8.261852,7.766828,8.480388,7.154381,7.223741,7.480366,8.167695,8.06718,6.54925,8.065146,7.247116,7.923218,7.489479,5.429389,7.639426,7.05714,7.505289,9.100729,8.041744,8.071884,8.244158,7.933686,8.037065,8.879361,8.434635,8.50444,7.003811,7.145393,8.459539,7.883299,7.737956,6.884702,8.099436,7.533982,7.877663,7.10822,8.344707,7.628766,7.833232,8.652647,7.295762,8.343392,9.474329
2006-01,6.630446,8.033684,7.908395,9.968305,10.275054,6.860035,8.311472,7.790522,8.51033,7.229201,7.294635,7.505569,8.183126,8.098068,6.585496,8.115721,7.27666,7.992627,7.60304,5.429477,7.707144,7.116061,7.490116,9.15182,8.0349,8.078276,8.324901,7.989977,8.042536,8.886379,8.437045,8.53616,7.056046,7.195967,8.495716,7.949402,7.842829,6.96248,8.167253,7.605716,7.959238,7.155248,8.388441,7.688941,7.872162,8.696107,7.324141,8.384875,9.52169
2006-02,6.626188,8.048053,7.903678,9.945113,10.306204,6.848419,8.301174,7.768411,8.525056,7.242655,7.278732,7.515312,8.216869,8.101502,6.603551,8.118645,7.276902,7.988071,7.637659,5.402092,7.728354,7.109168,7.470805,9.181863,8.041007,8.121261,8.462135,8.013188,8.05739,8.902457,8.446648,8.523986,7.020771,7.197967,8.498567,7.926361,7.818656,6.954314,8.119827,7.603439,7.975891,7.182299,8.384685,7.698592,7.88091,8.693304,7.354292,8.409129,9.555561
2006-03,6.652527,8.078462,8.068954,9.937717,10.282626,6.914493,8.336402,7.751738,8.547945,7.267107,7.295301,7.556679,8.239353,8.133071,6.641769,8.087606,7.364731,8.090191,7.776661,5.490754,7.83727,7.172732,7.536764,9.196051,8.087096,8.183045,8.615843,8.172292,8.198345,9.023722,8.47507,8.55431,7.034837,7.231793,8.556704,7.969603,7.86926,7.029017,8.089053,7.603753,8.024591,7.248454,8.395364,7.740764,7.876206,8.694976,7.354708,8.495559,9.526642
2006-04,6.654951,8.092356,8.073063,9.955956,10.282033,6.924465,8.344555,7.763633,8.558364,7.24181,7.302207,7.546357,8.258169,8.127623,6.67017,8.121183,7.387753,8.012489,7.741451,5.514074,7.837614,7.201588,7.510584,9.239744,8.145291,8.247566,8.478215,8.104235,8.108286,8.934994,8.473317,8.604205,7.026054,7.246418,8.57412,7.947353,7.858382,7.079159,8.092138,7.597843,8.034592,7.270271,8.433683,7.761558,7.899102,8.6996,7.37137,8.515574,9.528267
2006-05,6.699882,8.116913,8.137077,10.040181,10.27193,6.964079,8.378025,7.760667,8.553812,7.273266,7.273287,7.528316,8.247951,8.137945,6.700793,8.094455,7.429467,8.032954,7.854695,5.553386,7.867753,7.250486,7.552117,9.276856,8.174441,8.279761,8.478737,8.209066,8.164439,8.973351,8.433029,8.62893,7.062252,7.272926,8.608178,7.978667,7.895734,7.105852,8.124213,7.627739,8.101099,7.306974,8.454185,7.810138,7.905383,8.694745,7.445336,8.547596,9.579147
2006-06,6.682935,8.137598,8.143445,10.049815,10.305639,6.883176,8.413718,7.727641,8.577518,7.261569,7.259897,7.448078,8.224469,8.166461,6.729609,8.105842,7.426638,8.019386,7.94661,5.621921,7.931845,7.257975,7.538889,9.328606,8.21492,8.290406,8.58776,8.259939,8.353212,8.987529,8.440936,8.636122,7.080262,7.287991,8.599298,7.959038,7.908814,7.120945,8.216839,7.593525,8.104918,7.277199,8.442543,7.808067,7.957569,8.689385,7.449795,8.556572,9.576862
2006-07,6.704047,8.188311,8.1776,10.084514,10.294458,6.858229,8.415738,7.701187,8.533779,7.205242,7.259728,7.422176,8.201087,8.141079,6.694711,8.119413,7.300513,7.919171,7.89481,5.598052,7.893486,7.211306,7.560841,9.315941,8.179615,8.24467,8.462936,8.130318,8.336017,8.955163,8.460898,8.609366,7.04219,7.248305,8.546925,7.899087,7.819315,7.068836,8.188709,7.55239,8.097128,7.257017,8.434648,7.770037,7.933499,8.658693,7.365193,8.48461,9.577634
2006-08,7.88136,8.079894,8.06922,9.971162,10.328161,6.735329,8.298477,7.630248,8.659767,7.154201,7.23435,7.358034,8.134309,7.96525,6.75542,6.650357,7.254008,7.803402,7.917522,5.605581,7.837614,7.1593,7.500574,9.197547,8.131804,8.184556,8.320499,8.30403,8.232198,8.856459,8.514554,8.643369,6.969057,7.218814,8.516739,7.884561,7.75596,7.026516,8.283772,7.612742,8.085123,7.243542,8.409167,7.77899,7.888972,8.620646,7.14899,8.44368,9.562947
2006-09,7.907729,8.092698,8.10182,10.014668,10.415331,6.69502,8.2206,7.651824,8.659968,7.122955,7.247451,7.404565,8.179029,7.921028,6.759812,6.618605,7.164891,7.734498,7.875309,5.632465,7.781235,7.095951,7.46102,9.162056,8.109823,8.275626,8.288311,8.280093,8.097612,8.921544,8.560444,8.695754,6.927264,7.178141,8.482355,7.868931,7.693869,7.000517,8.249288,7.622884,7.963119,7.229817,8.369421,7.728416,7.915582,8.623323,7.120242,8.470074,9.554855
2006-10,8.002219,8.113208,8.065004,10.035967,10.456354,6.731567,8.242006,7.678248,8.724884,7.16366,7.300351,7.416174,8.200887,7.956053,6.803317,6.655389,7.184682,7.745098,7.847399,5.564137,7.780942,7.106647,7.488573,9.148379,8.12118,8.3052,8.302898,8.30882,7.986359,8.879408,8.579599,8.725865,6.915317,7.20763,8.615571,7.92502,7.772841,7.044338,8.268419,7.659577,7.968714,7.24517,8.400743,7.757102,7.922149,8.671474,7.057743,8.481479,9.594183
2006-11,7.989418,8.116504,8.050196,10.030014,10.380203,6.780115,8.288281,7.688006,8.760401,7.248924,7.281702,7.409215,8.223804,7.977635,6.841209,6.674107,7.209259,7.707418,7.846113,5.595975,7.781468,7.140128,7.520478,9.183888,8.163944,8.347081,8.130586,8.288715,7.823062,8.843296,8.556072,8.769308,6.955402,7.232524,8.666633,7.973407,7.794341,7.061574,8.310452,7.682026,8.017024,7.271683,8.470596,7.82624,7.951172,8.697451,7.087164,8.570768,9.618893
2006-12,8.028025,8.133743,7.989994,10.0343,10.432798,6.930456,8.367579,7.748421,8.78811,7.326229,7.236044,7.446643,8.243627,8.033577,6.938886,6.676718,7.250131,7.763438,7.951285,5.672292,7.818245,7.187891,7.576559,9.215561,8.178207,8.355413,8.188436,8.382074,7.957923,8.897671,8.607047,8.824354,6.948177,7.272482,8.712732,8.053407,7.792374,7.130995,8.357667,7.73532,8.077205,7.313554,8.509318,7.899988,7.960826,8.70554,7.151415,8.63125,9.646205
2007-01,8.103461,8.133705,7.985396,10.025861,10.467516,6.96592,8.414715,7.763459,8.792305,7.382124,7.088092,7.472688,8.239015,8.058878,6.975077,6.712762,7.293331,7.835872,8.034252,5.653927,7.866366,7.204632,7.622375,9.255189,8.226491,8.391476,8.232679,8.45579,8.014372,8.977655,8.632969,8.846468,6.9924,7.299541,8.786013,8.075184,7.810345,7.143396,8.376942,7.788651,8.115897,7.285842,8.4872,7.92073,7.955169,8.734879,7.183605,8.646005,9.656655
2007-02,8.171981,8.152567,8.00918,10.048075,10.487534,6.952958,8.462105,7.780566,8.823542,7.382106,7.116142,7.507877,8.237646,8.066945,6.990312,6.697577,7.313427,7.812431,8.027049,5.676754,7.88077,7.198744,7.632522,9.25787,8.211306,8.404712,8.195182,8.424218,7.878572,8.966744,8.638175,8.904033,6.997559,7.316834,8.789695,8.070531,7.766603,7.166984,8.382354,7.818736,8.092744,7.281544,8.502977,7.951971,7.997199,8.774783,7.190925,8.674587,9.695226
2007-03,8.211048,8.167179,8.040824,10.064455,10.501646,6.966637,8.554073,7.769096,8.859314,7.411804,7.125943,7.573516,8.277356,8.103494,7.024978,6.87549,7.359996,7.823322,8.148966,5.608702,7.893647,7.233188,7.691209,9.296458,8.25669,8.457475,8.182517,8.528311,7.893587,8.956665,8.641826,8.851839,7.067311,7.351659,8.802231,8.114767,7.788033,7.185213,8.389121,7.879999,8.135449,7.327675,8.541593,7.969551,8.001271,8.76566,7.298526,8.713188,9.676872
2007-04,8.185863,8.167474,8.006134,10.036794,10.46856,6.992216,8.499215,7.767048,8.844453,7.426424,7.154889,7.546525,8.244056,8.12011,7.045332,6.924642,7.380044,7.787465,8.167667,5.550243,7.918727,7.165347,7.698206,9.276339,8.242975,8.566088,8.190676,8.610408,7.911375,8.930318,8.684492,8.823496,7.077625,7.349276,8.765655,8.08197,7.797283,7.178111,8.399486,7.901455,8.136006,7.333866,8.539696,7.953269,7.980663,8.766421,7.31787,8.666458,9.665517
2007-05,8.229588,8.193472,8.048561,10.056555,10.506505,6.995308,8.496541,7.782753,8.834611,7.431916,7.120768,7.563169,8.239417,8.150257,7.069372,6.885602,7.34457,7.741651,8.06808,5.547947,7.943438,7.162103,7.691086,9.281769,8.244697,8.566728,8.131587,8.660469,7.934897,8.994577,8.724879,8.851098,7.068266,7.352185,8.777854,8.111517,7.789939,7.208948,8.407407,7.92545,8.131981,7.367759,8.524421,7.96417,7.970809,8.776963,7.332121,8.671727,9.680259
2007-06,8.289791,8.213664,8.099612,10.10323,10.53345,7.084377,8.504716,7.802831,8.927699,7.447588,7.150317,7.617071,8.317349,8.189594,7.101668,6.96758,7.409627,7.783478,8.124995,5.623187,8.022785,7.222982,7.747372,9.347413,8.27888,8.562925,8.123822,8.732469,8.068989,9.042527,8.771106,8.87394,7.101783,7.411556,8.836695,8.160858,7.849803,7.235273,8.456404,8.00756,8.161398,7.384443,8.545264,7.987688,8.00167,8.827204,7.363064,8.730204,9.734904
2007-07,8.326236,8.22997,8.147436,10.135849,10.559028,7.081103,8.537554,7.878019,8.917681,7.511924,7.173046,7.627885,8.327371,8.248976,7.115298,7.060399,7.480688,7.861407,8.223211,5.683988,8.08154,7.292398,7.783628,9.409992,8.305655,8.589821,8.088918,8.814229,8.19301,9.106625,8.768039,8.944013,7.168564,7.478068,8.909773,8.201896,7.87781,7.28432,8.493695,8.055961,8.209434,7.414006,8.570194,8.019228,8.020323,8.866807,7.457044,8.766549,9.756073
2007-08,8.545468,8.364026,8.142683,10.177462,10.336859,6.982473,8.170203,7.798511,8.767222,7.509461,7.077717,7.593445,8.186888,8.175925,7.119725,7.104514,7.448602,7.444231,8.057653,6.023641,8.027636,7.232618,7.784432,9.355457,8.255943,8.53022,8.071497,8.579811,7.979034,9.029739,8.71222,9.044566,7.270619,7.374999,8.806026,8.122968,7.883819,7.379258,8.436181,7.957013,8.137904,7.351145,8.527997,7.879201,7.951577,8.77891,6.924898,8.686588,9.728207
2007-09,8.520063,8.313107,8.121504,10.165762,10.286136,6.908545,8.160212,7.711168,8.760235,7.462858,6.976395,7.580021,8.146819,8.16854,7.049498,7.066322,7.402842,7.368106,8.010336,6.00901,8.039309,7.234466,7.702145,9.401543,8.24368,8.572914,8.13293,8.650167,7.830422,9.025403,8.681831,9.017505,7.199327,7.328116,8.842587,8.11671,7.869321,7.377465,8.436183,7.938285,8.125649,7.308663,8.468266,7.858888,7.867596,8.704642,6.823895,8.594376,9.730531
2007-10,8.724401,8.329583,8.173669,10.198492,10.325651,6.875036,8.218881,7.643052,8.802886,7.44381,6.987093,7.606725,8.172766,8.187105,7.03482,7.144636,7.388495,7.332369,7.985015,5.962679,8.05258,7.243441,7.684214,9.382526,8.225602,8.582408,8.129033,8.592586,7.818402,9.025066,8.693673,9.016452,7.178568,7.308422,8.899058,8.145712,7.902044,7.398811,8.454228,7.939608,8.119428,7.333304,8.479331,7.910235,7.896702,8.731533,6.777897,8.583722,9.755103
2007-11,8.911523,8.347958,8.247233,10.260041,10.327028,6.825406,8.33149,7.625029,8.857488,7.480868,7.030822,7.628308,8.20418,8.246035,7.05838,7.089618,7.385107,7.304758,8.049619,6.000028,8.097362,7.288374,7.741681,9.458831,8.272124,8.664787,8.20076,8.730841,7.945853,9.098979,8.72561,9.043441,7.209917,7.251224,8.947719,8.203025,7.939672,7.458763,8.470628,7.941256,8.117629,7.358238,8.470089,7.937185,7.895808,8.762446,6.772749,8.642634,9.801582
2007-12,9.03723,8.326626,8.354672,10.300778,10.371637,6.794866,8.35167,7.621082,8.866154,7.465735,7.013646,7.614144,8.232549,8.277885,7.092939,7.143554,7.408985,7.373494,8.075231,6.033446,8.084492,7.285746,7.765539,9.43946,8.329484,8.669753,8.32049,8.828673,8.121311,9.122101,8.75153,9.017903,7.297504,7.296474,9.036853,8.31631,7.941594,7.469232,8.496004,7.972532,8.17428,7.391261,8.473661,7.928348,7.861893,8.74689,6.766261,8.701983,9.856933
2008-01,9.046276,8.356808,8.274467,10.318734,10.434601,6.704966,8.255379,7.525834,8.901371,7.379489,7.035929,7.611773,8.231831,8.230931,7.054484,7.081171,7.308991,7.265667,8.030429,5.967044,8.056389,7.32912,7.618629,9.401166,8.272859,8.674152,8.308179,8.673598,8.158588,9.076429,8.749239,8.957509,7.232046,7.210708,8.923363,8.241869,7.878428,7.430974,8.429535,7.938438,8.153758,7.321916,8.462779,7.884829,7.773923,8.741766,6.638424,8.616475,9.828948
2008-02,9.156393,8.353094,8.254459,10.306426,10.402821,6.691848,8.212503,7.430411,8.888268,7.301438,6.983707,7.618236,8.183249,8.256021,7.035093,7.017676,7.275955,7.307585,8.081719,5.989538,8.087228,7.341251,7.587772,9.442874,8.274699,8.624601,8.29216,8.665377,8.287848,9.148578,8.756119,8.953685,7.166312,7.191369,8.933995,8.273012,7.904287,7.429604,8.412985,7.97414,8.12485,7.323487,8.439936,7.83802,7.695303,8.769969,6.553777,8.608986,9.812334
2008-03,9.149879,8.270277,8.108069,10.224379,10.396674,6.648959,8.034631,7.359563,8.795591,7.301526,6.912444,7.582591,8.142939,8.196415,6.988293,7.031317,7.243399,7.295009,8.000249,5.84745,7.982457,7.214821,7.53949,9.362417,8.237085,8.637412,8.38095,8.557846,8.255415,9.050946,8.692322,8.87635,7.155225,7.118656,8.75777,8.174925,7.780838,7.3119,8.36452,7.954105,8.154253,7.280704,8.455216,7.771442,7.73514,8.705046,6.554859,8.548384,9.766772
2008-04,9.177632,8.298532,8.13715,10.234817,10.366899,6.564307,7.974808,7.252316,8.815704,7.264716,6.878924,7.594572,8.130763,8.235215,6.995299,7.012953,7.161071,7.256276,8.076661,5.978025,8.025117,7.199828,7.465781,9.33455,8.210712,8.594773,8.346191,8.686646,8.337837,9.126104,8.657614,8.848235,7.009824,7.108751,8.750105,8.112174,7.748727,7.333618,8.318674,7.962276,8.118437,7.258926,8.399607,7.763876,7.616003,8.624739,6.491967,8.418108,9.741542
2008-05,9.139331,8.318113,8.112908,10.266807,10.353836,6.594837,7.944903,7.18959,8.85005,7.295382,6.844815,7.587376,8.112411,8.214527,7.063647,7.004383,7.199215,7.283173,8.077158,5.996004,8.02446,7.202706,7.425835,9.287201,8.222637,8.556806,8.412903,8.621804,8.25807,9.11711,8.663274,8.855626,6.958258,7.095297,8.754492,8.132401,7.763765,7.333121,8.306635,7.982727,8.146561,7.244042,8.422447,7.793104,7.600442,8.556393,6.498508,8.351677,9.782483
2008-06,9.164509,8.35263,8.080408,10.239341,10.254213,6.644506,7.927559,7.245562,8.829782,7.320884,6.908635,7.616293,8.123481,8.328328,7.050972,7.083069,7.235461,7.343704,8.149342,6.136452,8.104311,7.228149,7.555063,9.376705,8.303388,8.617183,8.372863,8.748526,8.449221,9.221325,8.724315,8.904559,7.110435,7.137263,8.824532,8.201164,7.836405,7.365775,8.289507,8.026804,8.219286,7.26185,8.487517,7.838099,7.657987,8.602973,6.524751,8.433329,9.718096
2008-07,9.268221,8.359116,7.997781,10.252644,10.35033,6.683273,7.914599,7.27885,8.850231,7.372979,6.934884,7.625005,8.148154,8.35755,7.056916,7.059686,7.2708,7.38978,8.237159,6.1905,8.177951,7.346339,7.521475,9.368399,8.338786,8.642539,8.432918,8.778229,8.660252,9.259985,8.755559,8.95676,7.114428,7.170988,8.897432,8.267125,7.900874,7.420926,8.300943,8.078266,8.254664,7.333147,8.499518,7.825349,7.592074,8.604394,6.527841,8.396719,9.723719
2008-08,9.260763,8.151867,7.76447,10.178738,10.167031,6.427556,7.154975,7.10513,8.68368,7.23183,6.785768,7.432442,8.081364,8.241013,6.799903,6.892733,7.12143,7.314333,8.013148,6.371612,8.051924,7.111218,7.332016,9.14081,8.228094,8.41155,8.392575,8.558874,8.821411,9.185793,8.732687,8.816483,6.991361,7.061943,8.761022,8.125374,7.707305,7.406134,8.082399,7.911456,8.06917,7.174877,8.347756,7.644924,7.404048,8.374032,6.366419,8.176259,9.422172
2008-09,9.208421,8.20976,7.752086,10.204367,10.202269,6.553962,7.130963,7.057915,8.755955,7.210988,6.822883,7.490077,8.161012,8.234682,6.849257,6.782781,7.129922,7.286582,7.888698,6.41418,7.997919,7.109111,7.292752,9.138272,8.296826,8.460824,8.495941,8.396757,8.56082,9.019279,8.664587,8.7707,7.076341,7.071047,8.751153,8.108063,7.72165,7.431809,8.125368,7.944106,8.138886,7.186825,8.369892,7.673874,7.522811,8.403231,6.304083,8.203175,9.4269
2008-10,9.171419,8.20334,7.825361,10.310315,10.234176,6.515705,7.186946,7.087899,8.813055,7.294887,6.874633,7.5242,8.183939,8.204319,6.915991,6.917547,7.172624,7.346094,7.847798,6.360231,8.009047,7.092308,7.292296,9.170921,8.324596,8.567101,8.393433,8.341198,8.496092,9.027795,8.655667,8.816637,7.117457,7.1165,8.803315,8.127071,7.746525,7.442317,8.149093,7.983426,8.153652,7.224411,8.437834,7.710559,7.520213,8.435054,6.361734,8.185308,9.431249
2008-11,9.03315,8.199461,7.829491,10.32359,10.160561,6.461656,6.999468,6.938246,8.80835,7.30135,6.805523,7.46514,8.127292,8.008505,6.815859,6.862611,7.105589,7.184682,7.474279,6.029483,7.77269,6.928606,7.178347,9.021293,8.106973,8.502699,8.231844,8.005927,8.017021,8.911583,8.528159,8.689707,7.030132,7.026578,8.643027,8.051478,7.568958,7.331159,8.106804,7.795062,8.050694,7.117011,8.389235,7.674748,7.551549,8.294677,6.294712,8.022198,9.402654
2008-12,8.913961,8.035156,7.574656,10.14146,10.092779,6.194834,6.609875,6.688243,8.659156,7.053361,6.591879,7.259046,8.045133,7.769045,6.603388,6.532873,6.718059,6.87986,7.08191,5.690157,7.424171,6.644649,6.722702,8.865535,7.866001,8.258189,7.822389,7.573593,7.670116,8.73153,8.408449,8.522461,6.954572,6.762244,8.468927,7.856707,7.387981,7.076519,7.92881,7.576891,7.937025,6.893514,8.243995,7.540048,7.389107,8.012949,5.837643,7.727253,9.201574
2009-01,8.80073,7.956729,7.414748,10.088776,10.015618,6.071407,6.328811,6.639,8.63364,6.935555,6.445974,7.049385,7.990326,7.601267,6.5469,6.204962,6.690308,6.837322,6.947476,5.484838,7.34728,6.636957,6.655775,8.732403,7.72036,8.164374,8.054122,7.512104,7.321321,8.754901,8.415327,8.514455,6.925104,6.729286,8.366349,7.749305,7.24027,6.952251,7.879507,7.502904,7.824618,6.763527,8.169543,7.468325,7.191603,7.960781,5.548959,7.563211,9.088815
2009-02,8.698448,7.993539,7.578074,10.068474,10.014925,6.168983,6.406203,6.601108,8.611991,6.967193,6.517819,7.1065,8.063752,7.585022,6.542515,6.324646,6.701211,6.916963,7.097954,5.440468,7.375412,6.732866,6.623813,8.803924,7.820993,8.250194,8.249578,7.618914,7.27675,8.734848,8.401035,8.555182,6.955583,6.767734,8.358277,7.7809,7.29726,6.927166,7.788174,7.615146,7.807132,6.823275,8.20726,7.57205,7.151595,8.07525,5.634754,7.613858,9.049417
2009-03,8.764894,7.988926,7.501071,9.991847,10.027583,6.0144,6.270478,6.48706,8.491381,6.860863,6.480397,7.142124,8.049034,7.517505,6.475202,6.034165,6.522872,6.791514,6.901143,5.340802,7.277932,6.605582,6.535473,8.759253,7.768538,8.221258,8.22407,7.494831,7.297843,8.69769,8.390788,8.448261,6.954333,6.690855,8.325967,7.751045,7.265451,6.92222,7.683192,7.507948,7.635053,6.816681,8.121641,7.490284,6.81055,7.917405,5.563524,7.466428,8.88412
2009-04,8.759779,7.869455,7.468428,9.943064,9.936872,5.934788,6.118472,6.339036,8.393139,6.790457,6.374087,7.009255,7.942195,7.426918,6.238129,5.696254,6.330095,6.681708,6.688654,5.113493,7.139065,6.433278,6.423636,8.551637,7.615697,7.979157,8.264471,7.487291,7.244313,8.55721,8.250991,8.384372,6.837698,6.619206,8.24928,7.731079,7.198221,6.843067,7.51966,7.462496,7.510398,6.719906,8.108455,7.407524,6.637966,7.694793,5.278931,7.42435,8.690407
2009-05,8.844979,7.87521,7.602846,10.002399,9.992301,5.985949,6.219098,6.416029,8.418044,6.931911,6.394092,7.052963,7.934395,7.614495,6.293401,5.955656,6.427394,6.822448,6.798822,5.167183,7.256191,6.506621,6.554047,8.615979,7.581623,8.058505,8.344545,7.659638,7.24666,8.602286,8.274915,8.44652,6.878038,6.724121,8.380837,7.827165,7.332827,6.908965,7.591034,7.52233,7.587174,6.759012,8.213021,7.509122,6.786943,7.795988,5.358518,7.599812,8.818253
2009-06,8.87241,7.906632,7.854436,9.987845,10.014292,6.230639,6.598836,6.68177,8.494189,7.127814,6.539152,7.114883,7.909504,7.6936,6.570631,6.4205,6.739999,6.982464,7.028494,5.493555,7.451584,6.711144,6.971969,8.806062,7.825253,8.189436,8.256978,7.752945,7.384356,8.650363,8.293567,8.540775,6.827543,6.849671,8.542473,7.935072,7.469506,7.00996,7.826379,7.641411,7.727619,6.906264,8.307743,7.595734,6.973037,7.921372,5.901895,7.732882,8.963572
2009-07,8.84223,7.978441,7.863882,10.078297,10.13206,6.255424,6.700559,6.674157,8.558684,7.157447,6.578084,7.182778,7.991613,7.757534,6.592853,6.347214,6.698194,7.005181,7.119814,5.572648,7.501485,6.68828,6.95584,8.940251,7.895078,8.249196,8.450354,7.902162,7.684361,8.7527,8.333266,8.550378,6.818257,6.853827,8.548267,7.982778,7.505789,7.043911,7.854075,7.703382,7.746318,6.953245,8.275287,7.651923,7.075048,7.999487,5.945709,7.846199,9.01978
2009-08,8.506179,8.027773,7.850014,10.077695,10.079835,6.227682,6.590658,6.656045,8.512366,7.15381,6.575857,7.237606,8.009702,7.702651,6.594318,6.271045,6.657562,6.976917,7.216555,5.629992,7.437018,6.705455,7.425215,8.884441,6.049922,8.118764,8.377499,7.895436,7.554209,8.669921,8.387285,8.534158,6.980736,6.787281,8.6302,8.01955,7.540021,7.145748,7.938046,7.827101,7.723921,6.981052,8.246418,7.629344,7.209643,7.971138,6.104503,7.895767,8.888319
2009-09,8.620262,8.094656,7.916253,10.114113,10.151795,6.329329,6.737038,6.801861,8.603732,7.266331,6.639274,7.267246,8.075915,7.859502,6.76778,6.579682,6.837376,7.077979,7.253102,5.685211,7.584087,6.825297,7.575785,8.93714,6.176553,8.051946,8.399364,8.054847,7.698038,8.718382,8.428622,8.579552,6.993529,6.848695,8.75846,8.094128,7.634642,7.208963,8.111979,7.938585,7.841222,7.067695,8.321037,7.651524,7.298709,8.061723,6.197726,7.962158,9.009949
2009-10,8.618567,8.092475,7.975754,10.106542,10.154023,6.416062,6.841754,6.865516,8.61595,7.320818,6.66894,7.334649,8.093966,7.874446,6.83484,6.595985,6.895328,7.134468,7.311519,5.761328,7.599877,6.857504,7.592185,9.036174,6.295746,8.057431,8.379723,8.102411,7.730794,8.721889,8.42526,8.586187,7.025432,6.871413,8.783925,8.123703,7.658657,7.220308,8.157932,7.94131,7.884972,7.130899,8.35679,7.678317,7.421411,8.163602,6.329739,7.986049,9.044244
2009-11,8.549444,8.126506,8.031636,10.173685,10.185405,6.454821,6.959047,6.837858,8.698731,7.434984,6.702955,7.363869,8.12445,7.93821,6.897998,6.606893,6.929018,7.100753,7.371521,5.851541,7.682008,6.933394,7.617351,9.090699,6.379512,8.096964,8.490077,8.192277,7.881382,8.768327,8.444502,8.657221,7.085215,6.919259,8.858461,8.172063,7.685032,7.286329,8.203342,7.997448,7.919938,7.169134,8.376928,7.71315,7.431211,8.162003,6.399543,8.063488,9.118841
2009-12,8.414052,8.13557,7.990343,10.183414,10.182624,6.470258,6.819776,6.829048,8.69965,7.407918,6.673298,7.306612,8.033529,7.908347,6.854344,6.538328,6.87951,7.006061,7.241946,5.754761,7.680051,6.873754,7.58971,9.0442,6.30465,7.985971,8.474117,8.215391,7.88116,8.798738,8.424848,8.619277,6.972869,6.880857,8.84268,8.206324,7.619071,7.251763,8.197687,7.941843,7.862262,7.148794,8.389805,7.682699,7.376201,8.116829,6.342456,8.033714,9.070214
2010-01,8.580574,8.153347,7.992539,10.23084,10.203039,6.495794,6.897988,6.856936,8.769022,7.424559,6.711582,7.414368,8.065627,8.009685,6.89318,6.567966,6.943296,6.963852,7.313527,5.790358,7.741273,6.941219,7.693135,9.128335,6.357201,8.184929,8.689747,8.327714,7.980089,8.843446,8.463976,8.69888,7.008623,6.937382,8.876956,8.263969,7.675514,7.288408,8.282,7.944914,7.972214,7.219518,8.439173,7.752447,7.42958,8.171789,6.436807,8.058584,9.131995
2010-02,8.716963,8.196836,8.044026,10.220706,10.222484,6.531621,6.92004,7.01125,8.770017,7.466239,6.780535,7.458082,8.100043,8.027444,6.911319,6.672008,7.028742,7.023376,7.457101,5.819935,7.785426,6.991131,7.754949,9.162904,6.410339,8.171077,8.563699,8.309157,8.050369,8.835909,8.518081,8.778334,7.078105,6.989787,8.937542,8.320356,7.757787,7.346816,8.319174,7.997552,8.017891,7.266618,8.455801,7.768601,7.423503,8.2072,6.544674,8.074406,9.10709
2010-03,8.644995,8.200192,8.017884,10.183031,10.188746,6.508024,6.956679,7.046769,8.772489,7.433395,6.741854,7.461433,8.11349,7.986702,6.833958,6.58334,6.998199,7.021512,7.322992,5.746203,7.716532,6.941954,7.763132,9.17168,6.313476,8.155824,8.445504,8.131384,7.974949,8.787054,8.470871,8.711998,7.043885,6.958724,8.870726,8.242901,7.663732,7.291302,8.267757,7.907166,7.984725,7.250926,8.446788,7.756397,7.439918,8.21381,6.56038,8.006138,9.183612
2010-04,8.576678,8.227886,8.145993,10.185362,10.230687,6.68088,7.003056,7.011007,8.806569,7.495247,6.776575,7.482986,8.115578,8.036913,6.94429,6.729215,7.032121,7.040965,7.366091,5.823992,7.80481,7.037361,7.847255,9.205143,6.363924,8.201145,8.57951,8.246701,8.074487,8.805122,8.460944,8.74837,7.056391,6.947188,8.952314,8.282154,7.723067,7.356848,8.285745,7.981644,7.926765,7.3079,8.49391,7.796683,7.4653,8.248597,6.631211,8.043329,9.205148
2010-05,8.596869,8.283481,8.04168,10.23764,10.277702,6.783212,7.162072,7.06292,8.842799,7.602152,6.844901,7.541195,8.154316,8.104984,6.988967,6.806066,7.11697,7.120461,7.476988,5.839391,7.858594,7.105154,7.931791,9.308624,6.527431,8.258692,8.61547,8.350234,8.093667,8.85318,8.488701,8.821021,7.120824,7.013286,9.038151,8.331974,7.801252,7.429966,8.340282,8.038893,8.003253,7.363666,8.557094,7.892781,7.553239,8.32791,6.757804,8.112543,9.268568
2010-06,8.485554,8.282812,8.024407,10.219816,10.252753,6.772119,7.313547,7.079479,8.849089,7.644742,6.870053,7.543676,8.121878,8.130224,7.070784,6.914214,7.222537,7.234646,7.446708,5.900281,7.915983,7.179422,7.976716,9.330563,6.726473,8.27477,8.71804,8.310688,8.073789,8.895467,8.515153,8.848606,7.150301,7.039432,9.098192,8.342811,7.840097,7.502468,8.38545,8.056918,8.038034,7.394966,8.574679,7.976946,7.591514,8.311855,6.814312,8.101902,9.318768
2010-07,8.284464,8.240997,8.022484,10.179878,10.172005,6.715408,7.230976,7.000398,8.805498,7.583039,6.831565,7.45498,8.038599,8.034518,7.019896,6.811619,7.121898,7.120622,7.368005,5.800576,7.805788,7.069057,7.869952,9.224753,6.606123,8.202521,8.665049,8.243703,7.908159,8.791215,8.444855,8.796455,7.070614,6.966317,9.021499,8.257303,7.758107,7.431128,8.28737,7.966313,7.975534,7.361807,8.512496,7.921449,7.488534,8.254802,6.684262,8.012204,9.212666
2010-08,7.902879,8.217873,7.906941,10.167357,10.154328,6.785644,7.145709,6.911,8.757543,7.500889,6.758536,7.396102,8.018869,7.864896,6.807338,6.658037,6.912345,7.0048,7.200686,5.773495,7.752314,7.05764,7.754053,9.182458,6.330131,8.087093,8.396214,8.119643,7.690483,8.68218,8.446891,8.707506,6.925841,6.910252,8.958064,8.139852,7.649169,7.359207,8.232903,7.949268,7.89256,7.263505,8.368062,7.849959,7.582886,8.171885,6.580209,7.932563,9.173384
2010-09,8.070937,8.256239,7.971907,10.247616,10.25638,6.804182,7.257595,6.965118,8.814206,7.579515,6.733735,7.415386,8.055345,8.014742,6.884517,6.72092,6.996691,7.070953,7.279712,5.952828,7.883578,7.184978,7.902143,9.280346,6.446989,8.100993,8.302856,8.274941,7.821896,8.764374,8.511002,8.802121,6.999231,6.968559,9.04128,8.230849,7.722651,7.335621,8.307432,8.021739,7.994663,7.303056,8.412819,7.929555,7.657018,8.234692,6.712932,8.04883,9.235741
2010-10,7.973851,8.265496,7.967842,10.24725,10.255584,6.780808,7.246817,6.848759,8.774614,7.501507,6.686585,7.336729,8.05416,7.980427,6.861324,6.663975,6.957735,6.995381,7.187166,5.855129,7.796934,7.10727,7.790737,9.189885,6.345864,8.026311,8.412985,8.249455,7.756153,8.726252,8.50898,8.790234,6.777943,6.901818,8.942253,8.199341,7.636236,7.273155,8.237379,7.97769,7.940224,7.227314,8.372452,7.94485,7.546489,8.197489,6.63879,7.964486,9.194045
2010-11,8.00168,8.286138,8.005234,10.288595,10.336357,6.882571,7.388853,6.978521,8.811427,7.661993,6.803072,7.453388,8.133265,8.085413,6.951437,6.78896,7.059686,7.087022,7.29927,5.990514,7.944166,7.252883,7.938759,9.286093,6.523078,8.16941,8.456458,8.382363,7.882587,8.830765,8.551127,8.864892,6.947726,7.009653,9.080546,8.308887,7.77533,7.415921,8.327354,8.034715,8.047765,7.318917,8.499996,8.017021,7.60685,8.27937,6.757816,8.061455,9.27092
2010-12,8.175564,8.321879,7.908097,10.307141,10.388452,6.901948,7.555706,7.044975,8.848857,7.695713,6.832762,7.454535,8.164416,8.165418,6.971903,6.820671,7.105876,7.067286,7.344241,6.083953,7.987239,7.315119,8.031652,9.345101,6.536402,8.174925,8.433409,8.504764,7.948876,8.880188,8.567852,8.913713,6.872366,7.033374,9.129933,8.4136,7.815703,7.485172,8.357637,8.092518,8.110094,7.365503,8.512323,8.088973,7.606676,8.31266,6.739798,8.141341,9.252278
2011-01,8.183972,8.292511,7.915151,10.322705,10.347774,6.989446,7.612851,7.021878,8.822495,7.786436,6.845082,7.463742,8.120038,8.171396,6.828301,6.807747,7.135034,7.092183,7.372395,6.173286,8.059535,7.365041,8.094275,9.335276,6.533469,8.135285,8.441575,8.539706,8.083548,8.930876,8.548886,8.893823,6.873361,7.057803,9.140423,8.391467,7.848856,7.534992,8.359055,8.08364,8.152221,7.366414,8.559542,8.142497,7.610095,8.317231,6.739289,8.131748,9.269408
2011-02,8.33108,8.33354,7.918836,10.353954,10.37739,6.99573,7.597873,7.101412,8.877452,7.813389,6.965958,7.569412,8.168067,8.242101,6.851111,6.847846,7.267435,7.227132,7.494825,6.275722,8.165983,7.419405,8.176662,9.375297,6.800593,8.164035,8.498369,8.68973,8.282872,9.030945,8.594584,8.95562,6.980625,7.136451,9.191555,8.475708,7.907,7.637519,8.427008,8.138089,8.191746,7.431033,8.596361,8.13926,7.735757,8.393671,6.813686,8.218267,9.342983
2011-03,8.376942,8.312415,7.937578,10.317399,10.343851,6.975021,7.634618,7.12985,8.861707,7.777487,6.982473,7.601222,8.157419,8.25757,6.92357,6.809635,7.295925,7.29167,7.519161,6.350292,8.226199,7.446054,8.175714,9.424642,6.827022,8.271827,8.383481,8.670978,8.300322,9.100211,8.615207,8.950818,6.976469,7.153341,9.248052,8.505671,7.978695,7.664379,8.456594,8.174421,8.187049,7.467828,8.582852,8.110451,7.771337,8.431847,6.835658,8.232897,9.395165
2011-04,8.364867,8.374251,7.968922,10.322882,10.42582,7.034353,7.644781,7.152277,8.874768,7.858784,7.048551,7.654296,8.190274,8.304257,6.962679,6.878522,7.323811,7.288361,7.557238,6.435044,8.265084,7.483762,8.144461,9.448024,7.027474,8.26646,8.430548,8.666194,8.300471,9.186181,8.640154,9.021055,7.081818,7.203108,9.264607,8.530281,8.03078,7.720963,8.484325,8.214879,8.208296,7.495481,8.601566,8.146822,7.785546,8.489113,6.918319,8.261392,9.441443
2011-05,8.368157,8.389012,8.00928,10.349064,10.476432,7.096564,7.632963,7.150066,8.898479,7.837282,7.092316,7.658799,8.217603,8.360214,7.020405,6.921293,7.357518,7.302544,7.562681,6.52503,8.30561,7.52167,8.161352,9.469398,7.193122,8.280992,8.435172,8.667081,8.385767,9.203799,8.645421,9.056451,7.103158,7.232365,9.231483,8.527322,8.006608,7.739664,8.49931,8.217779,8.238775,7.50763,8.611124,8.165972,7.76885,8.491857,6.927342,8.235088,9.410182
2011-06,8.322025,8.459947,8.059817,10.38765,10.528777,7.165045,7.719285,7.150364,8.941767,7.915104,7.116605,7.706824,8.276003,8.403857,7.062997,6.969621,7.357792,7.322121,7.56749,6.470304,8.331138,7.539548,8.182621,9.511012,7.208956,8.270469,8.621117,8.636857,8.424593,9.221258,8.683055,9.079889,7.117157,7.26105,9.244463,8.576386,8.05564,7.779404,8.51839,8.224354,8.293044,7.557765,8.660887,8.193972,7.77127,8.532476,6.978437,8.22729,9.42393
2011-07,8.350187,8.498116,8.095806,10.393033,10.572095,7.152848,7.714713,7.158156,8.98316,7.9213,7.136292,7.70483,8.301564,8.36503,7.080489,6.997038,7.336481,7.294989,7.512093,6.437191,8.269939,7.501739,8.147942,9.540477,7.144194,8.254139,8.561258,8.569981,8.363858,9.171667,8.691514,9.086927,7.127068,7.247088,9.222654,8.553971,8.043381,7.792444,8.508774,8.278184,8.301403,7.570222,8.67129,8.234114,7.746936,8.522029,6.99474,8.18477,9.382824
2011-08,8.486581,8.496305,7.851879,10.380126,10.478291,7.064588,7.772171,7.137994,8.891638,7.967842,7.240449,7.623354,8.237059,8.299907,6.983938,6.938129,7.283764,7.219913,7.573007,6.466176,8.196059,7.503742,8.275196,9.541101,7.179933,8.226862,8.324259,8.667773,8.336858,9.127883,8.727501,9.01979,7.094691,7.213098,9.210365,8.457464,7.975183,7.717182,8.494821,8.132275,8.303988,7.5218,8.609807,8.217943,7.724296,8.566509,6.868078,8.200307,9.327964
2011-09,8.496219,8.492532,7.790717,10.349861,10.506295,7.001619,7.831566,7.14153,8.857339,7.991298,7.143665,7.57747,8.205584,8.279015,6.925595,6.873712,7.221061,7.19551,7.508392,6.426019,8.136179,7.40569,8.171732,9.479674,7.116816,8.16696,8.359018,8.657821,8.343042,9.135998,8.722293,8.963722,7.084997,7.183666,9.254363,8.480799,7.91135,7.631315,8.421521,8.084917,8.263026,7.475146,8.608415,8.231267,7.690981,8.520123,6.828669,8.181681,9.2802
2011-10,8.4259,8.476646,7.812115,10.369156,10.508839,7.02326,7.768005,7.105277,8.863176,7.931299,6.995079,7.52767,8.18758,8.18935,6.899854,6.801417,7.141807,7.087532,7.365756,6.35357,8.058748,7.318208,8.041133,9.399864,7.022761,8.145457,8.451953,8.589564,8.122911,9.028991,8.718883,8.911272,6.946168,7.114338,9.195695,8.417262,7.843146,7.544115,8.362666,7.99853,8.184,7.432561,8.571674,8.220669,7.591493,8.437299,6.692803,8.056313,9.228583
2011-11,8.288291,8.435705,7.781147,10.325959,10.446202,6.923845,7.525699,7.020548,8.824685,7.884151,6.912872,7.445931,8.15807,8.013472,6.719496,6.646027,6.962565,6.92077,7.13205,6.15335,7.878125,7.169889,7.892508,9.35511,6.813225,8.103546,8.395545,8.22254,7.767133,8.903277,8.710085,8.857285,6.794676,7.030575,9.156867,8.376051,7.786336,7.435096,8.25635,7.860181,8.084316,7.346397,8.542097,8.16527,7.47023,8.347991,6.522696,7.905552,9.172843
2011-12,8.475156,8.48783,7.806464,10.344872,10.519367,7.072337,7.667832,7.104448,8.860606,8.037172,7.045602,7.505503,8.206049,8.188406,6.84506,6.77957,7.183886,7.102277,7.298046,6.368136,8.083356,7.356427,8.10451,9.455439,7.069517,8.157333,8.472252,8.458871,8.016902,9.050229,8.773773,8.924803,6.96542,7.155685,9.26812,8.497868,7.907225,7.545797,8.357071,7.985052,8.241566,7.474296,8.631088,8.260927,7.596347,8.49166,6.674018,8.045258,9.262347
2012-01,8.476875,8.491406,7.796584,10.34297,10.587695,7.061223,7.628479,7.153912,8.867046,7.99855,7.078889,7.499567,8.220398,8.177623,6.892357,6.768689,7.208001,7.129105,7.281461,6.459858,8.098546,7.448474,8.013346,9.46784,7.120727,8.185963,8.49669,8.456018,7.949286,9.076803,8.783151,8.926537,6.929898,7.142044,9.234152,8.487453,7.897538,7.545242,8.365142,7.984483,8.291236,7.484515,8.6435,8.280164,7.564524,8.480944,6.675382,8.00505,9.245097
2012-02,8.553195,8.516601,7.819226,10.381766,10.612578,6.994061,7.583588,7.234408,8.887843,7.972538,7.079269,7.517216,8.263108,8.169008,6.897341,6.776268,7.193257,7.125967,7.224418,6.375127,8.05733,7.418679,8.030065,9.470679,7.142978,8.214132,8.355218,8.408946,7.802426,9.092492,8.815369,8.962736,7.010005,7.161327,9.239548,8.464113,7.884008,7.526928,8.373884,7.988655,8.302224,7.483171,8.644138,8.318976,7.597993,8.497476,6.689786,8.00802,9.279657
2012-03,8.705237,8.523289,7.860733,10.358302,10.564894,7.09716,7.701548,7.267944,8.892856,8.06508,7.123769,7.580889,8.286305,8.27585,7.030636,6.844219,7.255379,7.218045,7.34033,6.417157,8.176425,7.516384,8.152152,9.518547,7.188315,8.236632,8.407168,8.579546,7.81661,9.109147,8.7974,8.989493,7.080834,7.212427,9.347334,8.528068,7.992715,7.666484,8.410901,8.073107,8.367676,7.541115,8.687287,8.367031,7.679931,8.54913,6.843227,8.103893,9.31703
2012-04,8.652641,8.542061,7.907486,10.363235,10.664125,7.152449,7.757235,7.27742,8.955778,8.126828,7.17428,7.597236,8.304678,8.295209,7.051951,6.900992,7.303419,7.300189,7.312166,6.495507,8.219272,7.528676,8.199937,9.555789,7.260227,8.29603,8.374705,8.516809,7.797147,9.174703,8.804517,9.036424,7.067533,7.254581,9.467999,8.596248,8.030618,7.687314,8.449283,8.113445,8.348573,7.555408,8.720426,8.426629,7.750615,8.600007,6.915118,8.166804,9.329503
2012-05,8.681785,8.554331,7.944684,10.4176,10.702525,7.181425,7.796264,7.315039,8.97094,8.140348,7.173851,7.636303,8.352021,8.319847,7.081725,6.944531,7.332866,7.31364,7.31454,6.536112,8.202507,7.538947,8.205601,9.556114,7.236087,8.307953,8.241577,8.469881,7.665397,9.149687,8.817372,9.057987,7.051059,7.278684,9.535992,8.645871,8.069371,7.72514,8.461442,8.128833,8.355827,7.583726,8.774622,8.464596,7.842589,8.638061,6.968493,8.208426,9.389026
2012-06,8.636926,8.581213,7.975922,10.430883,10.720698,7.189402,7.768267,7.287465,8.967233,8.139581,7.179209,7.637644,8.365949,8.331174,7.071429,6.943016,7.312153,7.334369,7.270417,6.509008,8.185367,7.522368,8.123104,9.558608,7.21646,8.321088,8.177698,8.469852,7.689302,9.132892,8.836371,9.069957,7.050816,7.288818,9.500999,8.644916,8.035463,7.695144,8.456836,8.108223,8.383847,7.590286,8.766068,8.472087,7.820423,8.629226,6.996453,8.15282,9.37307
2012-07,8.642186,8.546247,7.991646,10.425367,10.683044,7.102516,7.625151,7.202378,8.941602,8.07933,7.114753,7.580996,8.339582,8.240725,7.019887,6.916507,7.252734,7.249499,7.111594,6.473968,8.066672,7.417034,8.045418,9.475906,7.102112,8.22429,8.139861,8.291947,7.416018,9.025641,8.795664,9.061496,6.977253,7.211129,9.425968,8.565395,7.917219,7.641761,8.400255,8.007014,8.359542,7.525063,8.742458,8.458358,7.720861,8.573229,6.954018,8.024522,9.345032
2012-08,8.593378,8.514281,9.762442,9.600018,10.871798,7.072142,7.608285,7.241832,8.937331,7.943279,7.181257,7.610452,8.349212,8.308352,6.980532,6.953331,7.008532,7.316814,7.139335,6.187689,8.057523,7.40406,7.992333,9.359082,7.193363,8.211909,8.174585,8.378297,7.486243,8.992448,8.840108,9.009055,6.948571,7.294357,9.44552,8.53179,7.863267,7.87739,8.410202,7.997058,8.36139,7.498881,8.715621,8.350517,7.767636,8.583125,6.891067,8.034051,9.40378
2012-09,8.62229,8.484854,9.789788,9.620262,10.910472,7.130763,7.478656,7.250273,8.96659,7.963453,7.135281,7.566668,8.379835,8.300235,6.942253,6.945754,7.001318,7.296867,7.146552,6.131792,8.071244,7.468057,7.979503,9.319234,7.216489,8.241129,8.080924,8.362923,7.455113,9.021717,8.857118,9.070077,6.843921,7.297457,9.465819,8.525425,7.867485,7.883729,8.418934,8.022011,8.352729,7.502181,8.749208,8.328098,7.769011,8.550951,6.866808,8.031002,9.412648
2012-10,8.643234,8.52631,9.71741,9.622434,10.879892,7.159237,7.559054,7.311986,9.022049,8.063053,7.217612,7.609892,8.382218,8.327003,6.979313,7.023216,7.073922,7.372677,7.132929,6.219556,8.110076,7.498892,8.018968,9.345067,7.208793,8.257505,8.227103,8.387649,7.4552,9.060192,8.815653,9.079158,6.903767,7.320772,9.557475,8.568016,7.898493,7.922207,8.437065,8.048782,8.333595,7.505096,8.786035,8.356999,7.7997,8.609495,6.913081,8.082492,9.406372
2012-11,8.688757,8.534805,9.815449,9.60602,10.869307,7.160225,7.670489,7.371879,9.047379,8.080451,7.327518,7.665716,8.429321,8.338846,7.029858,7.075031,7.133695,7.435521,7.166629,6.255385,8.128255,7.514723,8.052443,9.336068,7.247757,8.290807,8.349997,8.470144,7.475617,9.097345,8.833992,9.125383,6.941035,7.343446,9.559547,8.604429,7.868254,7.946635,8.483547,8.088246,8.310031,7.522443,8.803203,8.393259,7.853092,8.621613,6.945292,8.140779,9.46371
2012-12,8.63522,8.541898,9.788054,9.586884,10.843748,7.148676,7.691237,7.363622,9.052305,8.069236,7.261295,7.626629,8.417063,8.313475,7.054596,7.121244,7.189145,7.464458,7.157782,6.23678,8.125329,7.544454,8.130427,9.338273,7.275041,8.295983,8.320947,8.48946,7.661132,9.096409,8.843918,9.096016,6.913161,7.33723,9.445745,8.558748,7.830573,7.931669,8.454864,8.097527,8.348022,7.562463,8.797719,8.359442,7.873008,8.649354,6.934202,8.185554,9.424274
2013-01,8.692028,8.578294,9.813998,9.60554,10.875177,7.164094,7.701349,7.333376,9.064465,8.107066,7.317976,7.634332,8.428073,8.340719,7.073312,7.160939,7.238662,7.453956,7.182466,6.185859,8.150064,7.612381,8.156527,9.373417,7.292106,8.304146,8.167687,8.476148,7.539612,9.085066,8.798992,9.115457,6.921767,7.349546,9.449283,8.575779,7.851599,7.981566,8.492612,8.090675,8.361909,7.583985,8.812998,8.379762,7.868442,8.621843,6.938934,8.182467,9.432772
2013-02,8.721602,8.567652,9.776038,9.584584,10.806792,7.150294,7.71752,7.359569,9.071777,8.101475,7.362759,7.643651,8.425367,8.406737,7.072566,7.194264,7.269763,7.511279,7.259355,6.253906,8.197429,7.647667,8.251119,9.396378,7.34479,8.286494,8.153715,8.460094,7.612001,9.103317,8.804613,9.123435,6.956174,7.372759,9.405811,8.613499,7.882522,8.014756,8.524353,8.108437,8.390897,7.603554,8.784168,8.396994,7.927584,8.647463,6.995995,8.229764,9.441219
2013-03,8.785682,8.639756,9.799822,9.634551,10.861401,7.176919,7.865315,7.412203,9.151447,8.148431,7.454575,7.74707,8.499972,8.455214,7.179148,7.282259,7.34499,7.616426,7.275408,6.300015,8.274951,7.714517,8.262523,9.420731,7.430268,8.246269,8.064416,8.494489,7.57406,9.176917,8.852222,9.176336,7.042566,7.438254,9.339339,8.670572,7.919702,8.086776,8.581144,8.152189,8.471938,7.674464,8.84135,8.465205,7.970198,8.709051,7.05324,8.352076,9.509714
2013-04,8.781582,8.704237,9.834576,9.678288,10.882368,7.283998,7.847774,7.320673,9.18127,8.165148,7.462295,7.734327,8.520338,8.443934,7.201745,7.337178,7.365857,7.580786,7.246831,6.381308,8.265776,7.733035,8.251416,9.451966,7.491149,8.263361,7.978479,8.414728,7.487723,9.18003,8.868823,9.207634,7.073117,7.450789,9.324319,8.679526,7.935519,8.100614,8.622124,8.198832,8.50441,7.696931,8.858246,8.469932,7.985852,8.723802,7.084562,8.384884,9.548452
2013-05,8.826509,8.779056,9.874807,9.729711,10.899223,7.35543,7.920657,7.388173,9.228633,8.190967,7.536268,7.772862,8.595847,8.453058,7.311826,7.422057,7.38657,7.641776,7.26452,6.465709,8.267811,7.736019,8.290441,9.506766,7.553281,8.348848,7.995168,8.418636,7.496303,9.200051,8.921311,9.261428,7.195795,7.516792,9.342749,8.706217,7.974963,8.147665,8.67127,8.264587,8.55002,7.729727,8.902696,8.521173,8.03038,8.773256,7.144155,8.427387,9.565188
2013-06,8.836909,8.795228,9.921938,9.764451,10.942287,7.39685,7.963874,7.387425,9.262053,8.277483,7.53182,7.753572,8.634341,8.491619,7.302847,7.431993,7.35718,7.608608,7.219159,6.478571,8.256677,7.743656,8.35209,9.512207,7.523541,8.3739,7.743682,8.34329,7.437948,9.20043,8.970489,9.299289,7.192641,7.535238,9.354287,8.733412,7.983051,8.132827,8.67053,8.268619,8.548696,7.748024,8.934186,8.563951,8.050799,8.808936,7.154287,8.435289,9.565552
2013-07,8.78496,8.773224,9.870563,9.749,10.911308,7.39845,7.988329,7.47262,9.25926,8.312341,7.520825,7.803905,8.639182,8.538563,7.320884,7.43773,7.424827,7.642212,7.255542,6.612337,8.308465,7.785713,8.457269,9.572457,7.540101,8.434144,7.774137,8.389273,7.439389,9.23546,8.89163,9.288734,7.27847,7.567904,9.411283,8.776394,8.026069,8.193536,8.692215,8.273196,8.573212,7.785085,8.968057,8.556931,8.133684,8.851764,7.141973,8.527498,9.638323
2013-08,8.683219,8.727764,9.948717,9.654407,10.844949,7.419261,7.937792,6.932155,9.200774,8.336611,7.485222,7.754816,8.513775,8.470403,7.524755,7.487762,7.378284,7.533255,7.196889,6.608662,8.235276,7.564747,8.44931,9.531342,7.519519,8.450575,7.551492,8.319074,7.175742,9.17186,8.978653,9.232619,7.225605,7.592971,8.588876,8.69201,8.473093,8.210187,8.673212,8.249531,8.544746,7.724986,8.905298,8.526072,8.088061,8.824907,7.340537,8.476077,9.564788
2013-09,8.691708,8.779083,9.952346,9.681198,10.862394,7.406929,7.998396,7.011232,9.245902,8.37488,7.501662,7.809144,8.600558,8.532224,7.579684,7.600327,7.455622,7.527347,7.264233,6.739053,8.279811,7.657325,8.558395,9.59311,7.584707,8.551109,7.563294,8.313622,7.275906,9.227882,9.022277,9.277788,7.302483,7.659393,8.64093,8.737825,8.557375,8.261922,8.745116,8.332217,8.58247,7.786136,8.966795,8.553811,8.15504,8.89083,7.364477,8.558139,9.608127
2013-10,8.679188,8.758656,9.905658,9.640389,10.81185,7.388037,8.04922,6.98845,9.242062,8.354575,7.458584,7.770603,8.568333,8.52375,7.536892,7.564498,7.404145,7.471995,7.233867,6.705345,8.284903,7.633045,8.545345,9.557828,7.605656,8.566402,7.617455,8.353865,7.308985,9.210731,8.972142,9.253777,7.253711,7.635454,8.582327,8.746669,8.581737,8.234748,8.736831,8.30918,8.565652,7.759682,8.91424,8.527916,8.104984,8.861967,7.305417,8.503334,9.56613
2013-11,8.739013,8.756138,9.898932,9.647631,10.842476,7.466988,8.153039,7.070886,9.249144,8.423383,7.515905,7.806045,8.610893,8.571668,7.604023,7.645541,7.491439,7.544935,7.311572,6.786232,8.342109,7.721207,8.610556,9.640102,7.678229,8.614705,7.489798,8.400001,7.334284,9.236413,8.979157,9.304587,7.272704,7.6988,8.61915,8.796531,8.605554,8.311641,8.768106,8.305647,8.622117,7.813539,8.956457,8.56762,8.132612,8.89236,7.341374,8.546702,9.592938
2013-12,8.745652,8.804903,9.944737,9.708982,10.89466,7.559367,8.185685,7.118842,9.305381,8.472884,7.556114,7.869115,8.648476,8.609512,7.666821,7.688813,7.530614,7.575144,7.390237,6.734996,8.362589,7.774692,8.607014,9.691528,7.740108,8.665577,7.456674,8.469309,7.431098,9.288817,9.010132,9.357453,7.336709,7.741421,8.56653,8.830012,8.672159,8.345116,8.889009,8.358488,8.678346,7.878799,9.013824,8.604376,8.162009,8.916073,7.379645,8.604066,9.658356
2014-01,8.90502,8.822094,9.961414,9.719692,10.869403,7.58658,8.214311,7.134508,9.342963,8.53815,7.576133,7.896575,8.695679,8.633612,7.682625,7.729559,7.558861,7.598535,7.405933,6.737868,8.376634,7.803986,8.623082,9.733077,7.812394,8.730438,7.366022,8.416544,7.484301,9.293919,8.987803,9.357457,7.365408,7.778944,8.605395,8.871863,8.718047,8.372188,8.936912,8.348512,8.726877,7.970965,9.054248,8.633996,8.230633,8.970208,7.429711,8.644085,9.695113
2014-02,8.935376,8.848248,9.994466,9.71045,10.888011,7.609634,8.288796,7.208467,9.322753,8.54551,7.562,7.910154,8.700796,8.67965,7.739028,7.765824,7.604635,7.65927,7.466988,6.727803,8.427185,7.835646,8.637829,9.761194,7.882356,8.770136,7.305679,8.504863,7.560278,9.327961,9.005741,9.414122,7.413512,7.822144,8.667332,8.914902,8.75391,8.421103,8.959416,8.391981,8.752779,7.994126,9.052754,8.630218,8.26048,8.984743,7.51414,8.678434,9.72212
2014-03,8.848152,8.809182,9.918954,9.705847,10.801031,7.517776,8.293109,7.140405,9.254323,8.466039,7.563133,7.92766,8.728389,8.640582,7.685106,7.738196,7.548082,7.654268,7.409815,6.635632,8.380998,7.807856,8.609448,9.722006,7.911665,8.795092,7.277317,8.424508,7.481054,9.256406,9.028701,9.371634,7.397139,7.777604,8.674258,8.921938,8.699006,8.435486,8.908002,8.355472,8.736897,7.969583,8.976699,8.582067,8.227255,8.938816,7.482614,8.621578,9.645467
2014-04,8.877637,8.855715,9.941828,9.720901,10.833082,7.546129,8.382019,7.218353,9.286839,8.546703,7.595659,7.962816,8.798156,8.727443,7.705024,7.745141,7.622869,7.698474,7.450672,6.695787,8.447421,7.856866,8.692386,9.752767,8.037314,8.852748,7.357218,8.481187,7.524416,9.307167,9.054271,9.396382,7.473143,7.848422,8.716668,8.981526,8.750762,8.479493,8.982202,8.429841,8.754486,8.013035,9.037626,8.639809,8.258852,8.974051,7.527234,8.650759,9.665613
2014-05,8.914006,8.885458,9.95109,9.762747,10.861962,7.589872,8.301931,7.213238,9.304403,8.543726,7.616072,7.975816,8.76468,8.731238,7.738035,7.743274,7.605467,7.66259,7.483975,6.7771,8.456149,7.857632,8.679586,9.739727,8.034281,8.861673,7.325175,8.478758,7.494992,9.344269,9.078082,9.406097,7.457811,7.844339,8.750354,8.951028,8.776956,8.452,8.974691,8.415439,8.781336,8.016301,9.022879,8.65569,8.290882,8.994604,7.496453,8.660336,9.732356
2014-06,8.88403,8.885152,9.991292,9.778132,10.917335,7.576676,8.257502,7.195457,9.327489,8.5294,7.604755,7.926711,8.770956,8.74382,7.726667,7.747463,7.589902,7.643224,7.490747,6.721799,8.468898,7.849191,8.678548,9.752652,8.04277,8.867722,7.356957,8.503553,7.685496,9.398998,9.115958,9.406405,7.450963,7.826659,8.74126,8.923281,8.813697,8.418228,8.978921,8.400079,8.805883,8.009812,9.020108,8.641246,8.24556,8.977333,7.464544,8.632379,9.763601
2014-07,8.977865,8.933126,9.997447,9.833676,10.955603,7.561018,8.29587,7.187166,9.320003,8.546898,7.657694,7.973038,8.781672,8.768355,7.718943,7.890073,7.610189,7.651291,7.518998,6.736457,8.472574,7.840057,8.695242,9.765811,8.094961,8.851212,7.263063,8.532531,7.60755,9.404112,9.111115,9.446156,7.467314,7.851365,8.778628,8.945718,8.858941,8.448704,9.006035,8.438299,8.856927,8.043355,9.02632,8.660725,8.266121,9.005022,7.475249,8.63448,9.760025
2014-08,8.890704,8.929742,10.013295,9.84497,10.905728,7.569391,8.183481,7.622331,9.212531,8.524802,7.607853,7.910249,8.534552,8.717793,7.517032,7.971293,7.573285,7.558047,7.601457,6.854819,8.428397,7.797279,8.65549,9.798759,7.975111,8.833403,7.419668,8.469284,7.65275,9.338719,9.164311,9.49414,7.530249,7.861257,8.66089,8.820146,8.835501,8.585446,8.988254,8.455248,8.89995,8.086007,9.038272,8.654542,8.263446,8.925164,7.535393,8.587225,9.710947
2014-09,8.801691,8.878471,9.942083,9.815078,10.872574,7.508639,8.149059,7.644795,9.177237,8.517463,7.667551,7.895481,8.516851,8.685172,7.428898,7.91243,7.482507,7.453405,7.624741,6.708035,8.365307,7.729274,8.614432,9.735547,7.965702,8.851393,7.385237,8.494414,7.534479,9.302621,9.096284,9.519834,7.522719,7.848235,8.691551,8.829548,8.834932,8.548913,8.950519,8.388498,8.877904,8.056087,9.040554,8.621115,8.248799,8.88588,7.496819,8.591127,9.684037
2014-10,8.832205,8.935594,10.017419,9.868131,10.917094,7.531536,8.140712,7.666812,9.233345,8.550582,7.713383,7.914318,8.576192,8.725876,7.483183,8.007983,7.545791,7.540191,7.683077,6.66674,8.417421,7.75993,8.655134,9.785248,8.052077,8.888329,7.458515,8.495432,7.573105,9.321398,9.152237,9.52245,7.571196,7.885984,8.720589,8.859613,8.896678,8.585812,8.982613,8.408977,8.919544,8.101466,9.110906,8.641345,8.274433,8.942951,7.629772,8.635342,9.745828
2014-11,8.807321,8.913253,10.035688,9.870907,10.926315,7.448526,8.120196,7.591463,9.22968,8.617952,7.690185,7.8871,8.579783,8.701661,7.461192,7.983948,7.490429,7.460289,7.632338,6.578487,8.345327,7.71021,8.547459,9.775918,8.034401,8.927426,7.26777,8.448499,7.417058,9.246351,9.115025,9.517801,7.494135,7.857438,8.704053,8.850594,8.882807,8.560517,8.948783,8.347583,8.923286,8.077754,9.096338,8.634969,8.278334,8.921062,7.569644,8.631739,9.738977
2014-12,8.835526,8.956061,10.032261,9.902795,10.983206,7.48958,8.116832,7.615939,9.265173,8.632251,7.733092,7.994905,8.630118,8.69035,7.485912,8.004058,7.533988,7.493968,7.653841,6.587757,8.36711,7.741277,8.564851,9.792555,7.968555,8.959483,7.041718,8.367203,7.351928,9.215388,9.178286,9.53793,7.523314,7.916982,8.693612,8.849353,8.939388,8.606207,9.012304,8.400349,8.984605,8.12118,9.129759,8.647005,8.318367,8.970205,7.59506,8.656085,9.777733
2015-01,8.872088,9.001822,10.100042,9.945103,10.992279,7.507366,8.104271,7.627252,9.294441,8.716727,7.734537,8.052309,8.659062,8.710315,7.518933,8.075757,7.549309,7.50574,7.629106,6.48957,8.36536,7.736399,8.615347,9.839787,7.939562,8.963508,7.03679,8.355591,7.388254,9.11083,9.176826,9.568079,7.595704,7.944414,8.770105,8.872239,9.001915,8.637288,9.057137,8.439744,9.034398,8.140272,9.213856,8.715303,8.34017,8.988371,7.638762,8.674487,9.838754
2015-02,8.87159,8.985811,10.046606,9.895229,10.952506,7.480186,8.068124,7.642893,9.294767,8.707357,7.768542,8.06102,8.644861,8.72574,7.561376,8.072446,7.563491,7.50427,7.557457,6.429768,8.353669,7.726001,8.61863,9.836132,7.904582,8.972532,7.07001,8.273513,7.208201,9.123781,9.192519,9.556012,7.621509,7.939023,8.791413,8.870185,8.982751,8.638247,9.071761,8.482753,9.048394,8.144191,9.240279,8.690918,8.360649,9.01399,7.634313,8.705028,9.853612
2015-03,8.954645,8.959267,10.035334,9.903973,10.982721,7.476925,8.070575,7.622791,9.242648,8.667386,7.742228,8.060802,8.668191,8.705568,7.553979,8.092982,7.524491,7.438019,7.457217,6.277433,8.272747,7.669621,8.551525,9.847116,7.881326,8.964451,7.333147,8.162103,7.015901,9.087229,9.203761,9.505796,7.547881,7.922047,8.704774,8.825,8.987783,8.61308,9.050864,8.434998,9.002788,8.119902,9.242902,8.698052,8.266388,8.968296,7.637861,8.637657,9.807286
2015-04,8.97516,8.994448,10.098191,9.947667,11.035075,7.524664,8.124823,7.69871,9.276984,8.724204,7.79621,8.123448,8.703923,8.781046,7.626697,8.216923,7.580143,7.538298,7.491205,6.413377,8.342468,7.71893,8.636701,9.897096,8.048574,9.122857,7.362994,8.323266,7.15467,9.134083,9.153995,9.590812,7.629563,7.988621,8.782057,8.913523,9.071698,8.663665,9.105522,8.539176,9.028015,8.179682,9.308958,8.760765,8.347379,9.044126,7.694324,8.717649,9.856957
2015-05,8.916803,9.037918,10.043553,9.921498,10.935884,7.481978,8.098366,7.701765,9.253003,8.734414,7.845009,8.109847,8.676497,8.742991,7.635898,8.249288,7.588577,7.553564,7.459097,6.436503,8.302489,7.713673,8.630481,9.882696,8.054129,9.148134,7.278456,8.272226,6.948196,9.122796,9.148106,9.567766,7.599146,7.99891,8.700446,8.896989,9.057214,8.664126,9.119092,8.504317,8.996575,8.184586,9.32355,8.757512,8.34514,9.0746,7.706581,8.716791,9.833035
2015-06,8.926782,9.034505,10.039276,9.916594,10.99423,7.568322,8.122466,7.660147,9.247453,8.717731,7.827556,8.091134,8.661086,8.754432,7.589422,8.18783,7.579556,7.497152,7.498454,6.414033,8.322297,7.727742,8.629525,9.85644,7.975657,9.077066,7.559252,8.379752,7.050521,9.187,9.149663,9.610537,7.565762,7.987185,8.763345,8.930984,9.062155,8.634347,9.09072,8.48673,8.980195,8.171102,9.295137,8.762303,8.368552,9.055681,7.67327,8.741215,9.875592
2015-07,8.959912,9.059626,10.041207,9.935523,11.009071,7.525527,8.137948,7.678405,9.246331,8.714185,7.875309,8.113325,8.711018,8.76391,7.600692,8.2293,7.615579,7.509012,7.459189,6.347424,8.323475,7.751789,8.618892,9.869284,8.004559,9.089921,7.585103,8.307092,6.861355,9.13651,9.140293,9.613217,7.565695,7.994774,8.806142,8.92488,9.118206,8.673162,9.102145,8.48782,8.940716,8.185049,9.301155,8.774973,8.392806,9.100212,7.681556,8.764244,9.882784
2015-08,8.88663,9.035795,10.0214,9.894075,11.122344,7.479401,8.075611,7.63411,9.243407,8.720797,7.904069,7.798047,8.540597,8.729428,7.577552,8.274036,7.529557,7.535104,7.418223,5.82921,8.271328,7.692652,8.582794,9.809038,7.910525,8.982787,7.394499,8.37099,6.609888,9.074415,9.138462,9.586159,7.493117,7.941338,8.755979,8.826241,8.997523,8.685328,9.010034,8.425569,8.853905,8.118937,9.256981,8.638812,8.372648,9.039879,7.507481,8.65075,9.746157
2015-09,8.858789,8.955286,10.087632,9.928496,11.215297,7.43903,8.15362,7.605865,9.245678,8.777014,7.938424,7.842279,8.573931,8.678861,7.590013,8.267025,7.554351,7.541365,7.331427,5.613566,8.205251,7.649707,8.548719,9.789656,7.959541,9.07048,7.08749,8.25463,6.542371,8.992332,9.162623,9.570768,7.544433,7.949229,8.780525,8.889147,8.979794,8.72558,9.005078,8.316122,8.884808,8.107136,9.33042,8.679674,8.404284,9.064223,7.521551,8.651782,9.764855
2015-10,8.811631,8.91227,10.039533,9.896795,11.174329,7.383965,8.074434,7.516156,9.172327,8.738607,7.881632,7.795609,8.474768,8.601233,7.529643,8.234427,7.533212,7.514614,7.284732,5.566358,8.139446,7.562728,8.484656,9.733841,7.90739,9.046766,7.084419,8.236232,6.619726,8.948808,9.116244,9.482938,7.530711,7.896716,8.69788,8.833034,8.923583,8.651867,8.939151,8.277689,8.827,8.073434,9.279238,8.624382,8.339484,9.005048,7.420962,8.561683,9.732312
2015-11,8.693056,8.893019,10.052567,9.916891,11.188,7.32805,7.955085,7.45672,9.166919,8.769703,7.778036,7.7367,8.398209,8.51131,7.485003,8.17335,7.450109,7.460881,7.193934,5.32875,8.061332,7.486333,8.456681,9.713132,7.802704,9.06086,7.02326,8.173652,6.162367,8.897625,9.108098,9.456535,7.51511,7.870693,8.674313,8.826059,8.925866,8.608855,8.943622,8.34042,8.830239,8.012008,9.256988,8.6298,8.309438,8.982446,7.375688,8.51092,9.740763
2015-12,8.770265,8.947192,10.107562,9.994523,11.290967,7.437819,8.097414,7.570799,9.221269,8.808693,7.734848,7.79833,8.48327,8.664884,7.54051,8.249293,7.527369,7.504425,7.257531,5.260615,8.151829,7.563045,8.512482,9.802176,7.873769,9.122899,7.188707,8.243869,5.789899,9.027201,9.126711,9.538698,7.558809,7.938948,8.782268,8.954727,9.018819,8.680986,9.041177,8.434305,8.91693,8.061531,9.309892,8.678221,8.367212,9.033418,7.461991,8.584091,9.874613
2016-01,8.788717,8.930995,10.127345,9.98697,11.260174,7.40973,8.095916,7.567589,9.209328,8.793912,7.750477,7.82333,8.479491,8.679805,7.560908,8.221358,7.555984,7.565006,7.270779,5.380911,8.169951,7.581093,8.53107,9.79315,7.885209,9.11638,7.131762,8.177842,5.884046,9.03924,9.086725,9.518717,7.518488,7.956547,8.747532,8.973597,9.028977,8.728991,9.037429,8.429273,8.901879,8.088967,9.318017,8.664683,8.400648,9.028182,7.445739,8.614385,9.879795
2016-02,8.809515,8.9578,10.13028,9.985198,11.265525,7.385293,8.097037,7.505723,9.227129,8.748251,7.725193,7.818306,8.48804,8.629219,7.587194,8.19455,7.512093,7.498831,7.253952,5.222246,8.108608,7.57032,8.484406,9.779586,7.792299,9.1129,7.110533,8.102256,5.814817,8.936618,9.067255,9.503094,7.478594,7.925103,8.721526,8.9703,8.963327,8.724326,8.995603,8.401904,8.865018,8.071037,9.333394,8.655486,8.381996,9.020402,7.389323,8.557517,9.887671
2016-03,8.733464,8.965253,10.115101,9.983459,11.308648,7.365351,7.99942,7.447407,9.225248,8.765317,7.674715,7.774036,8.367072,8.511718,7.505943,8.139957,7.436806,7.392173,7.151415,5.355878,8.056097,7.484509,8.344315,9.675135,7.726221,9.090864,7.199716,8.019007,5.925058,8.942227,9.111914,9.501858,7.382933,7.834618,8.592084,8.935093,8.900365,8.654465,8.979888,8.284143,8.77332,7.992451,9.288318,8.647971,8.271303,8.93978,7.260326,8.447002,9.850278
2016-04,8.72839,9.003485,10.11038,9.959442,11.318064,7.438225,8.075545,7.427299,9.224033,8.778263,7.645417,7.788448,8.354088,8.5757,7.527191,8.144589,7.471966,7.392937,7.250948,5.524337,8.102126,7.532404,8.383166,9.64418,7.715538,9.113121,7.593827,8.094858,5.984541,8.911917,9.123884,9.510633,7.352614,7.855231,8.660216,8.911703,8.882741,8.656564,9.007074,8.298029,8.838265,8.034971,9.289455,8.652311,8.227132,8.941233,7.266289,8.421845,9.869246
2016-05,8.718924,9.021836,10.173583,10.009155,11.356535,7.50525,8.158513,7.492287,9.293698,8.800552,7.725842,7.847806,8.384178,8.652704,7.638381,8.179556,7.575256,7.546378,7.441543,5.616153,8.193298,7.61943,8.481234,9.680667,7.800417,9.140788,7.639103,8.240818,6.219914,9.029212,9.199538,9.569291,7.38111,7.929177,8.740737,8.989979,8.981788,8.737116,9.07989,8.40121,8.918753,8.092765,9.343504,8.704136,8.293184,9.01424,7.369563,8.484959,9.940706
2016-06,8.783286,9.032253,10.159008,10.012867,11.353776,7.525726,8.094815,7.550041,9.282854,8.777868,7.784045,7.911082,8.430785,8.68954,7.311325,8.194859,7.607242,7.534463,7.534982,5.771939,8.200645,7.660694,8.514774,9.729382,7.852785,9.174864,7.931173,8.349447,6.647182,9.116676,9.198256,9.571422,7.339258,7.934277,8.705141,8.957256,8.907646,8.744855,9.085183,8.430031,8.907528,8.093355,9.35947,8.679395,8.351434,9.025631,7.346049,8.510789,9.935829
2016-07,8.937208,9.040881,10.21746,10.003475,11.361973,7.553538,8.152443,7.536039,9.28542,8.728671,7.809156,7.931385,8.46231,8.674207,7.335178,8.176186,7.641756,7.564752,7.445055,5.723029,8.211844,7.657004,8.488205,9.706962,7.828675,9.194417,7.852735,8.302687,6.662724,9.119754,9.215905,9.568386,7.37323,7.962238,8.740593,9.009857,8.972279,8.776408,9.099179,8.444222,8.896955,8.084522,9.382483,8.663326,8.379135,9.044429,7.339862,8.566294,9.941697
2016-08,8.812276,9.292855,10.236116,10.047073,11.434585,7.526534,8.050716,7.431229,9.2958,8.74449,7.736373,7.90329,8.342602,8.592755,7.264352,7.805674,7.59708,7.558298,7.520283,6.859164,8.132589,7.619233,8.388985,9.651315,7.682565,9.202977,7.966687,8.370351,6.717901,9.19291,9.294099,9.631272,7.287773,8.015156,8.657805,8.963594,8.913644,8.788157,9.09158,8.537333,8.816699,8.062515,9.320361,8.55286,8.26124,9.010458,7.187264,8.415938,9.73144
2016-09,8.84385,9.292813,10.206757,10.065059,11.406512,7.570814,8.135268,7.505349,9.316669,8.763877,7.766519,7.975462,8.414474,8.635003,7.312433,7.898819,7.65759,7.604815,7.648597,6.917587,8.195527,7.669505,8.471641,9.691207,7.731663,9.225846,8.116862,8.414915,6.907635,9.163956,9.299411,9.660105,7.336963,8.068181,8.725239,9.040576,9.003781,8.839097,9.113827,8.583904,8.86984,8.115784,9.368015,8.573598,8.314634,9.016325,7.24047,8.494195,9.745449
2016-10,8.97606,9.288774,10.19262,10.050715,11.394396,7.5815,8.143744,7.507734,9.330511,8.796691,7.695444,7.980592,8.382829,8.665865,7.354215,7.915074,7.667551,7.607337,7.567454,6.956231,8.233022,7.666592,8.46566,9.687693,7.759482,9.173647,7.968022,8.328287,6.861261,9.17472,9.256095,9.62727,7.293976,8.081209,8.770812,9.068333,9.027353,8.834363,9.119732,8.641781,8.876653,8.104483,9.349881,8.568152,8.381667,9.041198,7.233968,8.546064,9.765849
2016-11,8.934904,9.255834,10.163241,10.06824,11.356334,7.540839,8.203381,7.467417,9.356745,8.724383,7.730474,8.000232,8.384107,8.645294,7.3229,7.864643,7.641382,7.583909,7.58885,6.953254,8.264477,7.682031,8.460149,9.681089,7.755617,9.161607,7.992948,8.408674,6.935273,9.21551,9.278674,9.642904,7.318115,8.086958,8.682275,9.081969,9.083996,8.858808,9.029848,8.671503,8.90568,8.076929,9.360363,8.532815,8.365561,9.04196,7.212619,8.541898,9.725403
2016-12,8.909243,9.297287,10.16029,10.051271,11.401406,7.605059,8.26847,7.380106,9.320321,8.669425,7.675337,7.916567,8.31394,8.625581,7.274902,7.787979,7.602621,7.541142,7.558877,6.934835,8.223142,7.623481,8.424071,9.701056,7.724053,9.179915,7.937153,8.438868,6.844432,9.18496,9.281781,9.607129,7.308174,8.043914,8.668406,9.090834,9.084648,8.801635,8.968175,8.631668,8.898385,7.991075,9.321454,8.526789,8.40141,9.030232,7.152285,8.535043,9.717969
2017-01,8.930106,9.23689,10.112675,9.985582,11.34889,7.686447,8.295506,7.456166,9.283133,8.681337,7.683528,7.914252,8.349073,8.696686,7.342196,7.863963,7.701901,7.624634,7.753486,7.011827,8.339305,7.721162,8.507856,9.776893,7.862189,9.252699,7.817001,8.615787,7.033789,9.279152,9.250071,9.66992,7.414705,8.087155,8.707987,9.098661,9.10683,8.829207,9.004008,8.662581,9.031556,8.080931,9.346743,8.605411,8.528072,9.14056,7.221682,8.676539,9.789068
2017-02,8.962918,9.288723,10.136772,10.014993,11.391927,7.610011,8.283383,7.480936,9.298981,8.670122,7.675365,7.941338,8.357726,8.697125,7.352345,7.880294,7.702488,7.625985,7.728843,7.037792,8.335276,7.733802,8.546985,9.790815,7.875989,9.197387,7.837424,8.58822,6.932458,9.29867,9.293149,9.738565,7.441602,8.093609,8.73049,9.099789,9.135131,8.838182,9.024507,8.652778,9.051542,8.104706,9.33735,8.624956,8.579621,9.156567,7.29852,8.712646,9.818551
2017-03,9.01497,9.29746,10.134217,10.005414,11.446872,7.611699,8.339317,7.496847,9.319981,8.673354,7.716367,7.935702,8.36864,8.734626,7.412191,7.935047,7.733013,7.673688,7.762779,7.072303,8.369306,7.773468,8.610518,9.80855,7.904213,9.196789,7.937132,8.709127,6.877677,9.254509,9.313939,9.791305,7.473824,8.121442,8.758785,9.164197,9.165361,8.901628,9.042606,8.701361,9.071707,8.123033,9.347489,8.631143,8.582172,9.164713,7.310376,8.724134,9.818012
2017-04,9.05364,9.313414,10.14225,10.06441,11.523644,7.664769,8.337693,7.49325,9.36823,8.700141,7.786622,7.98302,8.44225,8.763353,7.415133,7.975011,7.751699,7.710434,7.849694,7.14092,8.390702,7.791543,8.617715,9.868596,7.921416,9.244698,7.851579,8.619378,6.778933,9.224338,9.327742,9.803411,7.485649,8.159014,8.839216,9.2037,9.234527,8.945337,9.078319,8.698856,9.096105,8.147971,9.389052,8.652715,8.633241,9.197257,7.362157,8.768478,9.847319
2017-05,9.049434,9.302389,10.173422,10.068245,11.525547,7.470304,8.395584,7.501883,9.36427,8.70455,7.779764,8.009818,8.442138,8.782375,7.416787,7.987276,7.768381,7.744163,7.776904,7.142685,8.404031,7.796884,8.632254,9.852146,7.877109,9.252831,7.806094,8.600243,6.832568,9.21938,9.328315,9.811775,7.502683,8.1617,8.838192,9.229281,9.264441,8.952124,9.080876,8.68646,9.065988,8.135628,9.402022,8.69434,8.606121,9.184773,7.370558,8.768479,9.856548
2017-06,9.075665,9.309154,10.180165,10.087328,11.52462,7.424046,8.432149,7.487314,9.354854,8.694273,7.782841,8.069555,8.444016,8.805017,7.478684,8.012651,7.779258,7.746149,7.770797,7.179514,8.446648,7.792233,8.66392,9.897588,7.906595,9.263133,7.832391,8.577309,6.928019,9.19878,9.330552,9.809013,7.520018,8.183886,8.867847,9.277897,9.26735,9.010244,9.105927,8.726106,9.116835,8.100677,9.43405,8.735914,8.605806,9.208385,7.43012,8.763953,9.843471
2017-07,9.08009,9.327916,10.236932,10.123964,11.584563,7.463019,8.48101,7.469711,9.371256,8.675582,7.779618,8.089801,8.434711,8.797323,7.5159,8.030012,7.761494,7.716866,7.722952,7.155716,8.483988,7.766548,8.658061,9.923268,7.88316,9.302784,7.841277,8.597076,6.875439,9.166464,9.34992,9.794601,7.494007,8.211947,8.841152,9.31802,9.337614,9.043552,9.130772,8.750661,9.14041,8.134995,9.436048,8.802529,8.590566,9.23001,7.446626,8.755192,9.851322
2017-08,9.094414,9.176403,9.917749,10.098158,11.560125,7.407069,8.464891,7.499279,9.370879,8.718642,7.89759,8.078561,8.429068,8.77184,7.512869,7.911903,7.755112,7.760224,7.623906,7.121874,8.469613,7.762702,8.669899,9.94031,7.840887,9.363624,7.805744,8.604803,7.056098,9.079456,9.33493,9.720252,7.4642,8.159237,8.803439,9.225745,9.239753,8.821915,9.035632,8.815762,9.090944,8.133579,9.371631,8.747284,8.608053,9.201879,7.463346,8.78331,9.916698
2017-09,9.082402,9.18831,9.943739,10.110279,11.536176,7.352531,8.52508,7.52781,9.384392,8.751547,7.839478,8.077,8.441102,8.780832,7.468776,7.934098,7.760697,7.758756,7.636506,7.180572,8.498575,7.762426,8.658125,10.014146,7.80838,9.410571,7.918425,8.679809,7.176316,9.098919,9.363291,9.779397,7.469985,8.208266,8.823757,9.277387,9.276378,8.834334,9.008258,8.8046,9.043808,8.124476,9.381317,8.721203,8.619042,9.230301,7.476404,8.823574,9.923652
2017-10,9.084165,9.135023,9.947429,10.115214,11.527484,7.248383,8.539514,7.469859,9.38448,8.698873,7.832986,8.082013,8.47397,8.796197,7.451329,7.946526,7.748041,7.779003,7.652626,7.208474,8.478799,7.730737,8.675896,10.030423,7.810223,9.45073,7.943254,8.682486,7.170081,9.047259,9.392633,9.765743,7.503554,8.204393,8.875451,9.308128,9.336301,8.878178,9.015207,8.798809,9.045272,8.080083,9.361031,8.730904,8.601384,9.224328,7.452988,8.802617,9.929461
2017-11,9.133305,9.140753,9.936654,10.085286,11.496931,7.245919,8.593569,7.497939,9.381978,8.710722,7.815255,8.0936,8.499443,8.481688,7.513,7.946572,7.823258,7.84916,7.686447,7.266855,8.56472,7.8041,8.766916,10.054709,7.885829,9.483118,7.915834,8.664364,7.183856,9.151306,9.382772,9.750188,7.535985,8.24597,8.915597,9.323427,9.347663,8.908205,9.039562,8.817206,9.116279,8.113588,9.406794,8.732069,8.663893,9.243399,7.471363,8.866092,9.933719
2017-12,9.14564,9.141356,9.952254,10.098251,11.46828,7.187582,8.620419,7.478023,9.346225,8.738104,7.796625,8.140327,8.465774,8.535695,7.537009,7.999323,7.884531,7.937932,7.708801,7.318049,8.618194,7.849375,8.786489,10.072885,7.907214,9.473554,7.867519,8.693332,7.205256,9.161881,9.411664,9.699411,7.540696,8.301971,8.926624,9.398804,9.439609,8.959731,9.085604,8.848732,9.097485,8.103881,9.438385,8.76976,8.706249,9.287228,7.533897,8.893168,9.906799
2018-01,9.129471,9.199261,9.964579,10.136122,11.482252,7.257186,8.649426,7.58586,9.391562,8.807144,7.85098,8.20166,8.484594,8.555623,7.560794,8.071977,7.936431,8.023549,7.727416,7.355475,8.638961,7.850088,8.79155,10.10886,7.93908,9.50031,7.871876,8.691573,7.237555,9.195843,9.431069,9.764233,7.553942,8.347351,8.988153,9.410278,9.457062,8.97698,9.136356,8.840968,9.160419,8.135616,9.530455,8.831043,8.741718,9.355653,7.548298,8.958927,9.911105
2018-02,9.111083,9.239468,9.970723,10.178904,11.520981,7.198842,8.660121,7.599461,9.414694,8.881508,7.881144,8.12778,8.492646,8.559869,7.546145,8.049264,7.958164,8.029807,7.848778,7.330674,8.662166,7.882504,8.775763,10.148533,7.954362,9.505274,7.8905,8.821282,7.348002,9.258985,9.377559,9.806899,7.565767,8.356452,8.999884,9.420459,9.447086,8.95444,9.12612,8.829946,9.189382,8.184458,9.555375,8.859689,8.770326,9.346367,7.555298,9.006422,9.940864
2018-03,9.149314,9.282996,10.026704,10.177753,11.522315,7.23295,8.828081,7.655187,9.38642,8.950587,7.959192,8.223861,8.545468,8.576667,7.548382,8.065168,7.968351,8.017789,7.883835,7.370759,8.698781,7.904899,8.807183,10.272107,7.940021,9.589798,7.955839,8.848508,7.356937,9.286443,9.348019,9.832894,7.61682,8.429107,9.104892,9.51264,9.493462,9.034599,9.172226,8.860486,9.229535,8.229356,9.670286,8.884348,8.848145,9.385023,7.591736,9.056765,9.980287
2018-04,9.16131,9.211399,9.939179,10.107544,11.45395,7.239581,8.83509,7.618811,9.316786,8.931069,7.938146,8.210103,8.512775,8.551332,7.460623,7.931892,7.877909,7.8825,7.86334,7.374384,8.654812,7.843535,8.740906,10.266914,7.967443,9.584882,7.895909,8.817567,7.412927,9.164848,9.296967,9.772108,7.576005,8.404119,9.151878,9.510934,9.518401,8.993468,9.145021,8.819807,9.161276,8.173048,9.624009,8.849967,8.828778,9.337499,7.557301,9.041744,9.924708
2018-05,9.110581,9.197271,10.01473,10.112638,11.426383,7.142044,8.849332,7.615185,9.360672,8.935087,7.92434,8.212224,8.477928,8.542005,7.475577,7.909556,7.869604,7.922736,7.800073,7.396507,8.652278,7.828576,8.66922,10.203898,7.959,9.552986,7.920254,8.809224,7.345475,9.195268,9.324826,9.766482,7.600097,8.390582,9.140363,9.473968,9.485426,8.988829,9.09052,8.80242,9.166263,8.161315,9.593591,8.846711,8.780028,9.313585,7.597652,9.026531,9.90577
2018-06,9.183249,9.165745,10.102201,10.067979,11.273577,7.200768,8.879049,7.609248,9.297604,8.967372,7.938802,8.249465,8.474273,8.549294,7.477898,7.808904,7.824622,7.914091,7.835737,7.436358,8.593372,7.760271,8.668528,10.184908,7.953055,9.510409,7.925906,8.765521,7.423706,9.313334,9.351019,9.737392,7.606641,8.38933,9.154659,9.494267,9.45457,8.962147,9.01404,8.788534,9.184334,8.168546,9.640481,8.898554,8.797488,9.357831,7.586012,9.010205,9.917423
2018-07,9.19854,9.153662,10.089314,10.049422,11.254661,7.208497,8.969477,7.615116,9.29331,9.005078,8.013227,8.305299,8.482409,8.570387,7.464407,7.794415,7.865303,7.906952,7.88974,7.464286,8.631109,7.832621,8.70308,10.225425,7.980951,9.508521,7.92519,8.800334,7.532211,9.348927,9.349015,9.724128,7.601917,8.439532,9.141026,9.557758,9.558416,8.993169,9.027955,8.754281,9.228736,8.182881,9.651236,8.892677,8.807759,9.345434,7.551602,9.0233,9.916603
2018-08,6.836292,9.160708,10.115818,9.899581,11.262776,7.240736,8.905843,7.640565,9.313648,9.053847,7.991366,8.29409,8.393121,8.895886,7.630898,7.828966,7.843594,7.914746,7.853919,6.644922,8.533726,7.418595,8.670465,10.174759,7.974805,9.5014,7.894337,8.798997,7.208948,9.29585,9.411354,9.756855,7.556303,8.446618,9.074697,9.471358,9.520354,9.060038,9.017686,8.729586,9.116895,8.1265,9.659138,8.768058,8.723374,9.309888,7.671123,8.961206,9.848812
2018-09,6.841883,9.1622,10.185326,9.934326,11.313887,7.280422,8.832912,7.592164,9.330647,9.060926,8.077444,8.31665,8.460564,8.942986,7.686387,7.733754,7.893479,7.912288,7.895186,6.771569,8.59187,7.475243,8.636484,10.243519,8.05897,9.595391,7.863078,8.777509,7.177309,9.308642,9.435226,9.79128,7.606074,8.468469,9.066714,9.497976,9.548741,9.138928,9.080743,8.767764,9.192011,8.148729,9.692015,8.781419,8.770973,9.368863,7.698451,8.991036,9.906684
2018-10,6.799803,9.168738,10.153648,9.914179,11.257961,7.338758,8.85501,7.543231,9.355468,9.1092,8.132372,8.380388,8.499516,8.952299,7.691442,7.769345,7.894389,7.918243,7.861966,6.763134,8.569323,7.470042,8.617545,10.215813,8.068998,9.586886,7.696803,8.670978,7.167601,9.274213,9.439997,9.819163,7.622243,8.54595,9.205776,9.545362,9.660876,9.173564,9.073206,8.758334,9.217501,8.183582,9.776999,8.813141,8.797198,9.403367,7.655944,8.991214,9.929398
2018-11,6.738058,9.144416,10.17732,9.910557,11.29682,7.39796,8.842246,7.519204,9.365854,9.118893,8.129092,8.417262,8.521223,8.91963,7.708096,7.701666,7.879712,7.866565,7.852505,6.786627,8.575611,7.467782,8.563619,10.280736,8.093013,9.656106,7.668631,8.655004,7.104859,9.3151,9.431373,9.836452,7.598169,8.541718,9.227139,9.543111,9.661417,9.184088,9.061939,8.774993,9.229451,8.167854,9.781868,8.858292,8.770229,9.411673,7.561012,8.954915,9.930442
2018-12,6.696133,9.155668,10.189446,9.894386,11.372862,7.240485,8.682187,7.459258,9.356631,9.044825,8.046927,8.293027,8.437921,8.705436,7.584265,7.4007,7.701557,7.788498,7.728658,6.674713,8.432445,7.34206,8.570516,10.18287,7.905995,9.500179,7.673674,8.519518,7.116061,9.186328,9.429775,9.826805,7.554838,8.457348,9.165472,9.453809,9.578919,9.099417,8.962083,8.65824,9.126792,8.090114,9.679804,8.841656,8.714201,9.362934,7.4397,8.905844,9.873567
2019-01,6.625671,9.154105,10.248044,10.037028,11.285003,7.180253,8.704317,7.494291,9.417893,9.032623,8.084288,8.343118,8.505331,8.762917,7.645828,7.429099,7.748525,7.804443,7.697752,6.629707,8.51161,7.374359,8.60646,10.195563,7.975076,9.506442,7.698084,8.496478,6.962859,9.166429,9.463242,9.851029,7.59285,8.469382,9.174,9.464752,9.488153,9.167606,9.052578,8.752183,9.197786,8.119556,9.703893,8.915426,8.745302,9.362192,7.488814,8.902283,9.895304
2019-02,6.482878,9.034582,10.167008,9.928984,11.096289,7.007166,8.620885,7.336689,9.361086,8.949396,7.917784,8.261872,8.427349,8.680204,7.550509,7.322841,7.617396,7.70243,7.534073,6.597596,8.408097,7.240169,8.501982,10.088004,7.831188,9.38151,7.763965,8.38376,6.941731,9.024289,9.411428,9.757981,7.460824,8.369396,9.095963,9.401052,9.400214,9.044143,8.971086,8.61643,9.041599,7.998722,9.588986,8.864,8.609594,9.256143,7.356293,8.808767,9.846746
2019-03,6.617751,9.114598,10.203349,9.963713,11.172042,7.14656,8.797769,7.461773,9.419538,9.067036,8.024358,8.360174,8.464533,8.733861,7.616584,7.415446,7.740003,7.829129,7.69147,6.696664,8.510575,7.347332,8.592568,10.231561,7.891664,9.48018,7.764962,8.477618,7.074709,9.130104,9.468672,9.805965,7.539835,8.479801,9.19246,9.514119,9.461618,9.133143,9.037632,8.737804,9.136277,8.090911,9.674514,8.924471,8.716015,9.339737,7.499495,8.886122,9.907703
2019-04,6.615422,9.076774,10.166824,9.981271,11.269266,7.225598,8.832665,7.499385,9.465327,9.120799,8.037769,8.40185,8.494121,8.768542,7.657793,7.480597,7.794774,7.848922,7.713481,6.832256,8.547581,7.425441,8.617701,10.325624,7.919356,9.539292,7.756272,8.551726,7.029185,9.167003,9.506337,9.83581,7.593787,8.552705,9.273302,9.572022,9.524966,9.217776,9.066886,8.749159,9.173405,8.134594,9.673302,8.962375,8.758931,9.325711,7.547343,8.910617,9.912944
2019-05,6.628874,9.127591,10.171825,10.123757,11.318456,7.191896,8.852486,7.441848,9.507435,9.115325,8.018523,8.421506,8.501413,8.751737,7.679441,7.398958,7.77596,7.87597,7.662383,6.814499,8.547918,7.4075,8.553108,10.255614,7.881265,9.507358,7.782732,8.609422,7.115558,9.193808,9.53651,9.792819,7.584102,8.579292,9.295184,9.607106,9.586246,9.267375,9.072507,8.784895,9.183597,8.125936,9.71644,8.999487,8.731582,9.311656,7.516684,8.885423,9.916435
2019-06,6.62861,9.15119,10.22302,10.187417,11.282277,7.270946,8.911479,7.455709,9.561208,9.163999,8.022031,8.391369,8.473521,8.80493,7.743929,7.465146,7.809736,7.953118,7.635086,6.809448,8.609369,7.469363,8.591896,10.289707,7.919593,9.608007,7.763055,8.615812,7.143594,9.194707,9.545103,9.860631,7.614376,8.621512,9.3316,9.675012,9.651147,9.282634,9.075735,8.81258,9.23198,8.173925,9.771488,9.055681,8.82247,9.332096,7.557525,8.973037,9.979549
2019-07,6.57807,9.091562,10.225782,10.145865,11.173702,7.257045,8.812099,7.35857,9.521413,9.047121,7.97208,8.361007,8.435803,8.66395,7.640041,7.441191,7.708554,7.901329,7.466874,6.695205,8.482527,7.361509,8.434403,10.193458,7.793946,9.624486,7.792283,8.495312,6.983373,9.068878,9.52518,9.829771,7.588521,8.592111,9.211851,9.60931,9.504167,9.213292,8.960049,8.757202,9.145217,8.111448,9.697369,9.055293,8.747543,9.343581,7.409124,8.898995,9.928472
2019-08,8.259049,9.226726,10.261711,10.087664,11.16443,7.410855,8.882808,7.435851,9.503774,8.984349,8.053248,8.380425,8.372986,8.592546,7.720129,7.652802,7.768973,7.922489,7.591942,6.682923,8.55912,7.419932,8.521454,10.194626,8.057058,9.687,8.362708,8.565273,6.787213,9.103145,9.564616,9.897214,7.966306,8.627204,9.194519,9.59787,9.564636,9.296323,9.063346,8.834694,9.26345,8.143689,9.732181,9.079058,8.722456,9.36676,7.489021,8.95043,9.958716
2019-09,8.260609,9.249249,10.290708,10.065959,11.197631,7.538154,8.843315,7.467782,9.547185,8.993598,8.077286,8.392396,8.336513,8.604687,7.703825,7.534458,7.790448,7.924561,7.584082,6.663529,8.563937,7.411593,8.528388,10.17139,8.086309,9.684967,8.317432,8.54242,6.660076,9.076104,9.552745,9.910967,7.992701,8.614458,9.236141,9.633426,9.615099,9.253038,9.065592,8.848943,9.293407,8.143564,9.737158,9.110391,8.769055,9.388107,7.528676,8.976179,9.936993
2019-10,8.247519,9.245588,10.316989,10.124834,11.080573,7.556465,8.812458,7.4198,9.562427,8.931154,8.043528,8.387893,8.329989,8.550158,7.674302,7.477961,7.758829,7.955344,7.455455,6.543034,8.496496,7.376314,8.443555,10.203408,7.978462,9.734717,8.405578,8.466411,6.490951,8.967136,9.582187,9.913501,7.978541,8.598469,9.130426,9.613508,9.593077,9.280378,9.012543,8.863375,9.231589,8.117402,9.748553,9.121543,8.715331,9.341612,7.486081,8.940557,9.898879
2019-11,8.205246,9.260425,10.305682,10.136607,11.082678,7.491082,8.811442,7.420375,9.578935,9.023636,8.073593,8.371483,8.319247,8.598357,7.683408,7.548503,7.819781,8.017077,7.519991,6.555954,8.564052,7.430209,8.514357,10.226537,8.020911,9.746661,8.348943,8.530808,6.400473,9.011144,9.617886,9.937974,7.966895,8.550268,9.212977,9.606743,9.650942,9.312882,9.036972,8.85214,9.235808,8.173006,9.762978,9.113818,8.756974,9.348104,7.514244,8.959936,9.926215
2019-12,8.158359,9.237457,10.300618,10.220489,11.160584,7.542622,8.888103,7.447565,9.567653,9.001105,8.098567,8.407177,8.370244,8.584829,7.696431,7.650997,7.858034,8.035561,7.554408,6.524135,8.623771,7.459892,8.581133,10.187371,8.024699,9.707939,8.40705,8.521558,6.279272,9.004104,9.614934,9.954187,7.944623,8.577957,9.206614,9.638985,9.722418,9.334049,9.033927,8.860362,9.250407,8.198015,9.791851,9.069517,8.79145,9.387864,7.528068,8.97032,9.952781
2020-01,8.147543,9.292162,10.292383,10.21348,11.214287,7.582698,8.973762,7.456663,9.553607,9.052767,8.177106,8.460212,8.393646,8.620288,7.692748,7.627875,7.900529,8.0537,7.612811,6.478402,8.660212,7.564187,8.610809,10.243226,8.132883,9.756066,8.379668,8.574936,6.174307,9.024204,9.58901,9.9783,7.936524,8.614115,9.196239,9.690769,9.777846,9.383959,9.063909,8.874994,9.274889,8.247972,9.811595,9.092051,8.84652,9.449132,7.594029,9.037738,10.043396
2020-02,8.253084,9.321002,10.331304,10.222117,11.231098,7.572421,9.019175,7.487991,9.578526,9.127114,8.207328,8.471662,8.437635,8.631994,7.722323,7.592956,7.943108,8.048104,7.617017,6.588624,8.69639,7.609996,8.678334,10.184978,8.13581,9.752937,8.515043,8.654134,6.180762,9.10753,9.626366,9.995854,7.971704,8.636003,9.243793,9.71986,9.847592,9.423591,9.088173,8.879176,9.294176,8.278532,9.829462,9.114253,8.875344,9.468358,7.646034,9.042401,10.085375
2020-03,8.219396,9.305177,10.382088,10.248718,11.193808,7.535975,9.029173,7.442885,9.5992,9.06178,8.213081,8.462,8.415915,8.553554,7.689989,7.546272,7.929735,8.105274,7.450109,6.511671,8.653537,7.565094,8.766521,10.186221,8.111007,9.845669,8.531222,8.558533,5.917333,8.994339,9.672141,9.969233,7.966545,8.665108,9.21672,9.77243,9.869477,9.398405,9.025804,8.869395,9.292508,8.253511,9.840252,9.128858,8.844772,9.434788,7.627335,9.070965,10.119118
2020-04,8.156358,9.206139,10.296691,10.170553,11.124391,7.348272,8.991352,7.445914,9.510197,8.953636,8.160607,8.390423,8.36847,8.461683,7.604626,7.461227,7.849581,8.031242,7.341536,6.39931,8.597805,7.494564,8.701034,10.052454,7.992485,9.710432,8.502348,8.428041,5.824849,8.825006,9.563546,9.904988,7.901444,8.5902,9.085742,9.718819,9.774708,9.310613,8.94229,8.791075,9.173493,8.153793,9.792141,9.044918,8.722779,9.339656,7.521442,8.967066,10.030124
2020-05,8.033902,9.159702,10.236813,10.059497,11.036358,7.138835,8.81034,7.184136,9.439755,8.757515,7.954758,8.26789,8.343133,8.268124,7.504826,7.013079,7.552883,7.642908,7.104119,5.988209,8.402931,7.257588,8.423564,9.609274,7.723965,9.622337,8.496039,8.212737,5.29446,8.397799,9.420774,9.770107,7.564347,8.395265,9.000571,9.622482,9.686862,9.223968,8.881275,8.686899,8.988361,7.957111,9.744529,8.81276,8.447208,9.200417,7.072498,8.779421,9.890548
2020-06,8.125382,9.239976,10.283333,10.163314,11.055919,7.301883,8.947213,7.263848,9.532763,8.848898,8.121118,8.405741,8.467213,8.435996,7.672102,7.136825,7.678433,7.84119,7.213444,6.095442,8.494432,7.393565,8.676684,9.676141,7.843044,9.750784,8.772489,8.328782,5.459543,8.698322,9.479429,9.854821,7.707845,8.561889,9.098974,9.770393,9.81947,9.373143,8.980756,8.761138,9.086814,8.073016,9.916114,8.983959,8.557588,9.311923,7.192897,8.907646,9.913306
2020-07,8.171201,9.27312,10.323163,10.171922,11.043791,7.317465,8.980297,7.373832,9.553508,8.989461,8.165187,8.456589,8.504507,8.537527,7.770063,7.214159,7.783145,7.980106,7.269415,6.137878,8.572548,7.482085,8.782447,9.723816,7.920606,9.7554,8.769014,8.371899,5.489103,8.700264,9.519868,9.917898,7.777596,8.659238,9.196366,9.844772,9.892706,9.440908,9.00278,8.788843,9.160835,8.148382,9.972192,9.005708,8.589183,9.346988,7.246432,8.97584,9.918018
2020-08,8.145126,9.224225,10.283844,10.27028,11.016011,7.760655,8.942786,7.317259,9.543499,8.967048,8.121745,8.634265,8.396042,8.588922,7.880044,7.262313,7.817207,7.963098,7.297254,6.420516,8.679125,7.55489,8.93233,9.728047,7.856087,9.712441,8.804696,8.450705,5.381233,8.707571,9.490159,9.885215,7.739794,8.763863,9.17936,9.854413,9.991918,9.440884,8.997829,8.872519,9.163235,8.134884,10.004538,8.950751,8.52199,9.289293,7.227655,8.965036,9.763138
2020-09,8.200461,9.280487,10.351199,10.323145,11.09092,7.899365,8.983702,7.364458,9.614054,8.973634,8.274288,8.745114,8.412686,8.657591,7.991437,7.051994,7.880865,8.086718,7.318719,6.619206,8.774011,7.639782,9.118026,9.644205,7.893176,9.74211,8.945,8.566261,5.44458,8.683111,9.560676,9.929569,7.809277,8.828094,9.214747,9.904801,10.090417,9.540177,8.997195,8.907263,9.226003,8.183953,10.110175,8.993286,8.532832,9.325037,7.218785,9.00483,9.84259
2020-10,8.192869,9.311436,10.40582,10.348303,11.137478,7.971669,9.101474,7.399166,9.660752,9.087502,8.283418,8.77914,8.431234,8.704121,8.050222,7.170243,7.955537,8.155942,7.397672,6.612914,8.819254,7.753409,9.506601,9.726669,7.893274,9.769148,8.924993,8.656165,5.463917,8.677189,9.533391,9.999978,7.87914,8.871007,9.156557,10.012064,10.240449,9.556962,9.053334,8.973804,9.345797,8.23169,10.209357,9.105198,8.600385,9.365197,7.329671,9.048203,9.936149
2020-11,8.195314,9.26973,10.393242,10.46215,11.051541,8.075626,9.078542,7.349456,9.653851,9.143479,8.275893,8.765966,8.415067,8.712676,8.027679,7.195367,7.929674,8.194011,7.342643,6.849946,8.821403,7.760539,9.395545,9.672043,7.832474,9.751611,8.85685,8.676238,5.542831,8.530556,9.526775,9.979825,7.850906,8.85521,9.096274,9.960542,10.184912,9.548749,9.035311,9.006709,9.359256,8.206679,10.162044,9.097435,8.549335,9.339247,7.31043,9.004441,9.922933
2020-12,8.313494,9.235482,10.365011,10.415077,10.99301,8.138933,9.033313,7.284704,9.644686,9.125673,8.276814,8.726903,8.355953,8.710974,8.036066,7.246204,7.920399,8.132604,7.412661,6.989354,8.843971,7.728403,9.347604,9.606661,7.819568,9.672004,8.840399,8.851615,5.331123,8.503694,9.568994,9.934579,7.846203,8.817561,9.037895,9.959053,10.14661,9.585119,9.019585,9.055657,9.324836,8.196988,10.130509,9.088261,8.535453,9.332509,7.349109,8.983425,9.919307
2021-01,8.451837,9.302694,10.446751,10.519781,11.070463,8.329933,9.142035,7.497207,9.70006,9.260509,8.406959,8.800128,8.453004,8.825766,8.111052,7.461686,8.053763,8.237744,7.586722,7.16588,9.004674,7.894109,9.658057,9.886256,7.984016,9.726078,8.783111,8.980303,5.478804,8.763164,9.591149,10.085883,7.965438,8.967553,9.220632,10.047762,10.256787,9.657898,9.102944,9.156239,9.483011,8.343418,10.201918,9.190698,8.702146,9.443323,7.542261,9.149232,10.07241
2021-02,8.465013,9.320519,10.511955,10.547336,11.136926,8.477358,9.235951,7.600292,9.707526,9.301848,8.478161,8.860906,8.496958,8.856377,8.177805,7.572189,8.097764,8.269634,7.645991,7.303641,9.031056,7.929562,9.813868,9.910008,8.023077,9.714166,8.831266,9.074889,5.720902,8.817169,9.59422,10.146281,7.989886,9.004859,9.29902,10.086523,10.332614,9.710408,9.112774,9.178641,9.490662,8.360621,10.2168,9.232208,8.774644,9.483527,7.64008,9.225225,10.097205
2021-03,8.489561,9.305373,10.410678,10.476029,11.113889,8.533291,9.196449,7.640296,9.64214,9.252197,8.552149,8.874392,8.535689,8.851955,8.162513,7.584671,8.105428,8.326563,7.596704,7.318374,9.051721,7.955632,9.931269,9.831317,8.025729,9.656309,8.815357,9.095618,5.827091,8.86245,9.588547,10.105255,7.955327,8.961122,9.303175,10.091833,10.354094,9.756359,9.107308,9.126136,9.443326,8.343402,10.233609,9.187276,8.74129,9.450511,7.678164,9.211519,10.069468
2021-04,8.603859,9.303523,10.417393,10.4417,11.169584,8.507432,9.29837,7.767679,9.666324,9.290805,8.561526,8.885673,8.514736,8.873773,8.198081,7.766781,8.172989,8.366391,7.756923,7.457442,9.163071,8.016569,9.825715,9.915394,8.075016,9.681152,8.744147,9.230877,5.873863,9.06734,9.537363,10.163817,8.016562,9.049333,9.364667,10.131164,10.326436,9.733436,9.118593,9.132961,9.528508,8.393211,10.200792,9.258188,8.876719,9.483396,7.846046,9.310558,10.12751
2021-05,8.63676,9.377644,10.480125,10.516929,11.265642,8.42608,9.265107,7.816635,9.737239,9.293821,8.610068,8.879021,8.514461,8.946781,8.219609,7.84643,8.261852,8.491352,7.95499,7.432336,9.23191,8.059731,9.835413,10.025329,8.148931,9.760107,8.824876,9.224454,5.726424,9.108111,9.632463,10.179631,8.081559,9.068227,9.453887,10.136615,10.340154,9.749021,9.201389,9.189021,9.603539,8.476515,10.254162,9.308522,8.924482,9.573084,7.828385,9.347959,10.191466
2021-06,8.677922,9.402827,10.511808,10.552082,11.279819,8.440202,9.268014,7.818901,9.749237,9.341978,8.655995,8.933907,8.531141,8.989494,8.306396,7.907526,8.311794,8.558471,7.983038,7.534795,9.253376,8.052421,9.876084,10.03761,8.176948,9.789993,8.854953,9.283199,5.71854,9.123923,9.670047,10.222436,8.080627,9.136222,9.47611,10.232524,10.392878,9.815999,9.225738,9.271689,9.657368,8.531068,10.332301,9.360282,8.982574,9.641246,7.871296,9.416431,10.244662
2021-07,8.612316,9.438725,10.530932,10.572679,11.299983,8.477454,9.258669,7.902025,9.752916,9.33326,8.671547,8.902271,8.537396,9.034224,8.358226,7.938777,8.309738,8.565637,8.117503,7.478961,9.275497,8.048513,9.808577,10.086482,8.178487,9.798263,9.036888,9.34403,6.030637,9.175188,9.654717,10.234583,8.081259,9.131008,9.518073,10.226864,10.382194,9.826362,9.257008,9.23366,9.675136,8.540894,10.30379,9.361363,9.010095,9.679425,7.881333,9.469179,10.289233
2021-08,8.5753,9.298555,10.648122,10.449764,11.304578,8.671348,9.287985,7.86457,9.674977,9.450165,8.670731,8.917081,8.419695,8.975255,8.382585,7.841564,8.299007,8.351568,8.143206,7.492621,9.235594,8.086121,9.757435,10.069769,8.148327,9.569095,8.689197,9.262973,6.160258,9.206438,9.67494,10.211684,8.258169,9.048281,9.509265,10.104795,10.374302,9.778847,9.204339,9.127074,9.694004,8.461344,10.232389,9.409268,8.970628,9.575695,7.902835,9.522108,8.576384
2021-09,8.54426,9.272704,10.692667,10.462622,11.314105,8.631969,9.201046,7.837878,9.709451,9.496781,8.698035,8.965252,8.427767,8.976821,8.420288,7.842385,8.294847,8.382919,8.212582,7.544464,9.238432,8.081654,9.764205,10.056961,8.164294,9.546765,8.661546,9.284611,6.319328,9.111847,9.702347,10.245081,8.275241,9.063411,9.53099,10.141356,10.404631,9.840137,9.231574,9.112826,9.648268,8.48307,10.230351,9.459689,8.968683,9.576499,7.9449,9.549573,8.586139
2021-10,8.567247,9.264124,10.691797,10.446039,11.348189,8.523318,9.32576,7.841705,9.709123,9.489781,8.671494,8.98962,8.464748,8.979844,8.474213,7.839151,8.336843,8.39272,8.246864,7.680134,9.247963,8.096781,9.789343,10.034897,8.188795,9.516021,8.583672,9.262848,6.522857,9.099401,9.730174,10.257722,8.277603,9.084422,9.58849,10.194424,10.445612,9.874912,9.232799,9.205231,9.647055,8.495728,10.259233,9.447323,8.98963,9.603676,7.98448,9.630132,8.606387
2021-11,8.524862,9.240103,10.624225,10.410934,11.259687,8.417614,9.341105,7.852688,9.666375,9.392907,8.585993,8.943586,8.397851,8.927152,8.397382,7.754867,8.268357,8.323422,8.132327,7.702217,9.16769,8.032061,9.833156,10.038742,8.142392,9.474725,8.509649,9.161204,6.626347,9.205112,9.677333,10.235356,8.243248,9.022682,9.521956,10.134049,10.38454,9.81785,9.155647,9.134276,9.616722,8.453842,10.212059,9.458326,9.0027,9.562514,7.974309,9.58264,8.564302
2021-12,8.552375,9.260979,10.677331,10.463188,11.245931,8.452776,9.417887,7.872097,9.699848,9.508596,8.59376,8.985158,8.416646,9.026655,8.428469,7.760676,8.337238,8.394809,8.228382,7.647748,9.214103,8.156444,10.14157,10.038354,8.184173,9.448049,8.510052,9.27292,6.671716,9.303636,9.725884,10.187123,8.376247,9.034197,9.56947,10.233202,10.464376,9.878092,9.165322,9.143081,9.708183,8.515732,10.26692,9.467042,9.051054,9.662366,8.038183,9.690323,8.628921
2022-01,8.580803,9.223259,10.613013,10.463419,11.173136,8.253467,9.335341,7.827771,9.708328,9.509437,8.468289,8.905675,8.394542,9.018837,8.496625,7.715761,8.375229,8.431476,8.16328,7.626453,9.235066,8.118749,10.171207,9.971878,8.132101,9.442689,8.517537,9.272226,6.463107,9.257277,9.701878,10.130198,8.353869,8.952098,9.594033,10.202532,10.576927,9.872518,9.162079,9.124516,9.660786,8.50241,10.2875,9.445519,8.996558,9.607892,7.94451,9.654282,8.594278
2022-02,8.628162,9.313468,10.731509,10.545307,11.275018,8.230995,9.361735,7.86861,9.824987,9.470243,8.564411,8.999588,8.44658,9.079124,8.557016,7.798523,8.452593,8.515366,8.25423,7.578672,9.278448,8.077661,10.115645,10.031042,8.183869,9.489724,8.614211,9.353641,6.597118,9.302206,9.781122,10.168829,8.353792,8.974609,9.69945,10.201593,10.617116,9.921806,9.218958,9.152714,9.729412,8.585693,10.285337,9.523565,9.033602,9.699047,8.034372,9.675675,8.645792
2022-03,8.64146,9.324128,10.732857,10.52599,11.350906,8.02745,9.144933,7.809992,9.784629,9.352215,8.407961,8.883689,8.369605,8.999553,8.439826,7.666634,8.32628,8.370267,8.144906,7.360295,9.21029,7.921844,10.010406,10.032483,8.150413,9.546692,8.589339,9.284895,6.6037,9.465844,9.758616,10.143933,8.243062,8.887341,9.58634,10.106436,10.549064,9.788295,9.167033,9.177928,9.670832,8.518043,10.190424,9.436678,9.062163,9.666007,7.951697,9.637662,8.664337
2022-04,8.717427,9.331409,10.747256,10.470719,11.342846,8.005517,9.138313,7.842974,9.740328,9.291798,8.448302,8.899044,8.342433,8.97024,8.429334,7.590443,8.318088,8.329711,8.35883,7.459068,9.162419,7.922326,9.936861,10.122085,8.204251,9.640669,8.667196,9.386454,6.906555,9.547814,9.743339,10.145945,8.223064,8.799609,9.574064,10.046947,10.526057,9.745741,9.075986,9.157918,9.657054,8.533492,10.17195,9.420925,9.046349,9.695,7.923812,9.592289,8.675791
2022-05,8.819084,9.359885,10.734553,10.498576,11.305298,7.911364,9.099508,7.847278,9.710193,9.281105,8.486148,8.906948,8.411753,9.012092,8.445895,7.494803,8.261617,8.272806,8.501151,7.587812,9.190006,7.93461,10.091102,10.097585,8.23302,9.653137,8.845629,9.452182,7.136857,9.648609,9.83312,10.12095,8.323327,8.847061,9.593555,10.075451,10.577782,9.787608,9.100846,9.188346,9.700754,8.562444,10.204826,9.439905,8.996987,9.763831,7.903449,9.588915,8.755846
2022-06,8.817612,9.383432,10.776337,10.528541,11.367098,7.788763,8.771414,7.726689,9.729154,9.209434,8.320609,8.782944,8.368285,8.9998,8.313185,7.559903,8.22957,8.206147,8.434663,7.556485,9.088395,7.790911,9.912322,9.998863,8.177151,9.620518,8.747611,9.282783,7.21197,9.634214,9.793944,10.012625,8.272141,8.749185,9.47837,9.942117,10.435775,9.685156,9.109814,9.148933,9.591916,8.539706,10.085087,9.386898,8.914356,9.729443,7.780265,9.462688,8.679526
2022-07,8.886784,9.348271,10.773363,10.51206,11.393589,7.776405,8.755112,7.653414,9.674692,9.139249,8.312059,8.777361,8.38883,9.044253,8.371277,7.58313,8.255361,8.258741,8.348846,7.58427,9.117253,7.778768,9.809493,9.962697,8.193417,9.634434,8.676988,9.253499,7.220352,9.783871,9.836802,10.095261,8.226753,8.726321,9.444372,9.913945,10.421821,9.703706,9.116029,9.099703,9.545795,8.559394,10.02637,9.383886,8.950473,9.746416,7.785147,9.500176,8.681529
2022-08,8.312479,9.225336,10.423958,10.135292,11.243625,7.5724,8.521446,7.437183,9.514089,8.932263,8.473728,8.526415,8.279159,8.803906,8.313862,7.404784,8.067858,8.059826,8.050544,7.539734,8.896665,7.500104,9.63362,9.950261,7.966399,9.08922,8.367656,8.977698,7.201372,9.569012,9.723285,9.895849,8.019731,8.540199,9.17513,9.668416,10.262487,9.538929,8.923766,8.890098,9.403236,8.464906,9.794615,9.192035,8.743229,9.636222,7.679621,9.305662,8.117411
2022-09,8.374507,9.27009,10.456408,10.18821,11.249119,7.600087,8.679497,7.549699,9.516585,9.043609,8.592564,8.591131,8.284873,8.895801,8.431047,7.471477,8.230481,8.201666,8.236415,7.674427,9.028262,7.695931,9.888501,10.011671,8.04487,9.075423,8.129184,9.059014,7.234076,9.675539,9.782264,9.90352,8.135857,8.663618,9.25761,9.751066,10.421391,9.669767,9.035035,8.958217,9.49408,8.550773,9.9526,9.299723,8.825592,9.686347,7.811261,9.403947,8.216447
2022-10,8.423267,9.264219,10.411577,10.168855,11.247799,7.544692,8.67778,7.49713,9.516241,8.982481,8.558995,8.542861,8.234507,8.879297,8.373713,7.341328,8.145222,8.140814,8.222785,7.661456,8.975605,7.650221,9.842923,9.990008,8.018293,9.088878,8.031333,9.028104,7.355296,9.701466,9.77953,9.873838,8.064187,8.615472,9.220601,9.701947,10.375487,9.581518,8.95591,8.859621,9.474706,8.533238,9.915881,9.27953,8.793067,9.676311,7.747787,9.391147,8.197668
2022-11,8.349385,9.181896,10.320393,10.109261,11.11824,7.373713,8.634722,7.350015,9.404161,8.786985,8.507319,8.479593,8.234859,8.768311,8.224037,7.171803,8.066123,8.057073,8.021778,7.60478,8.871225,7.539091,9.776861,9.85307,7.939444,9.003678,8.049277,8.947785,7.25318,9.60015,9.653447,9.742033,7.996307,8.515434,9.101368,9.59214,10.240224,9.498872,8.813516,8.708521,9.338204,8.432576,9.835733,9.23264,8.695907,9.628481,7.607898,9.29815,8.137624
2022-12,8.477433,9.287243,10.389126,10.198831,11.232227,7.410184,8.773779,7.432223,9.476315,8.890265,8.56564,8.558738,8.324492,8.853687,8.218979,7.252713,8.145236,8.184045,8.202748,7.757107,9.02603,7.580327,9.698861,10.000006,8.096884,9.228046,8.068942,9.033459,7.369311,9.823941,9.685933,9.836785,8.104969,8.593081,9.222334,9.610097,10.334883,9.555177,8.926985,8.763625,9.40984,8.559404,9.859421,9.332789,8.824001,9.751265,7.674854,9.436659,8.259632
2023-01,8.499263,9.313863,10.457826,10.210057,11.286576,7.459218,8.843846,7.576676,9.565775,9.051222,8.609143,8.616678,8.37737,8.950853,8.245581,7.320282,8.196332,8.262433,8.33327,7.430956,9.119906,7.632852,9.613756,10.080461,8.124672,9.239737,8.182187,9.213882,7.482676,9.83167,9.747855,9.858172,8.185584,8.628688,9.303144,9.668701,10.373162,9.659981,8.973382,8.860549,9.505663,8.607367,9.886263,9.387663,8.872264,9.773589,7.802859,9.517079,8.343789
2023-02,8.368621,9.288375,10.453653,10.244035,11.289935,7.35103,8.787983,7.494931,9.57318,9.077904,8.567689,8.603532,8.36334,8.884138,8.216204,7.310189,8.149194,8.259458,8.251776,7.270243,9.075628,7.554403,9.255361,10.100016,8.10576,9.227575,8.177058,9.165534,7.336976,9.796624,9.745467,9.805392,8.106044,8.587907,9.232397,9.604394,10.264863,9.62966,8.92943,8.814582,9.429141,8.548723,9.798464,9.321093,8.805282,9.738905,7.733557,9.456424,8.516425
2023-03,8.461733,9.264295,10.427004,10.206491,11.304461,7.501761,8.964669,7.602726,9.564484,9.16437,8.597227,8.627299,8.349964,8.971652,8.317505,7.457638,8.267808,8.390425,8.451686,7.413337,9.152245,7.67055,9.524829,10.138015,8.118696,9.209414,8.292398,9.317408,7.375112,9.823111,9.731911,9.927058,8.187127,8.681069,9.283002,9.699782,10.378737,9.677083,8.980775,8.90386,9.523262,8.614427,9.914815,9.413911,8.89767,9.734923,7.884584,9.536899,8.562138
2023-04,8.425321,9.250286,10.399988,10.208898,11.270092,7.462508,8.921136,7.554497,9.558501,9.102202,8.57008,8.609831,8.303616,8.922462,8.34599,7.319746,8.283946,8.381325,8.472001,7.413747,9.14265,7.701015,9.650832,10.117147,8.115446,9.228243,8.099059,9.278286,7.377503,9.744768,9.682456,9.859584,8.16336,8.637301,9.282857,9.697207,10.407393,9.625192,8.921137,8.860596,9.520752,8.609771,9.857057,9.384941,8.886357,9.696803,7.86155,9.512799,8.554803
2023-05,8.398599,9.281613,10.444388,10.244925,11.255507,7.453823,8.950762,7.513027,9.607914,9.140768,8.570082,8.661652,8.333097,8.899245,8.355533,7.259369,8.249588,8.439143,8.385388,7.347319,9.150888,7.678507,9.646829,10.131416,8.074263,9.232414,8.23009,9.268102,7.317584,9.73855,9.718089,9.858236,8.191383,8.638931,9.345151,9.815651,10.515261,9.662413,8.962944,8.849256,9.530854,8.614833,9.895182,9.41748,8.761295,9.645838,7.774566,9.441292,8.627465
2023-06,8.396807,9.30901,10.478016,10.286344,11.295651,7.421997,8.958628,7.528235,9.646221,9.162683,8.603789,8.742855,8.369057,8.89588,8.374454,7.300304,8.271564,8.49966,8.314511,7.366268,9.10904,7.624516,9.467702,10.124819,8.040772,9.277457,8.192308,9.243635,7.263547,9.76474,9.733632,9.862527,8.181883,8.644041,9.269603,9.841346,10.505347,9.613183,8.973601,8.829279,9.511383,8.61793,9.912943,9.466544,8.778523,9.691716,7.769712,9.442682,8.712786
2023-07,8.278405,9.255743,10.439066,10.255162,11.204258,7.328175,8.993415,7.600442,9.550331,9.016429,8.522813,8.679878,8.347273,8.81319,8.326241,7.179643,8.25412,8.489006,8.225455,7.21488,9.101712,7.633646,9.615193,10.08056,8.000225,9.232504,8.03919,9.196882,7.12356,9.65744,9.668824,9.781842,8.15165,8.611639,9.350034,9.935972,10.610885,9.584284,8.874107,8.762729,9.502054,8.603921,9.943425,9.411736,8.743257,9.65258,7.773523,9.403215,8.735216
2023-08,8.237585,9.181817,10.550199,10.378276,10.750709,7.257264,8.972393,7.640364,9.660685,9.053863,8.50487,8.742767,8.354281,8.807753,8.360233,7.290811,8.350175,8.570393,8.357653,7.531311,9.21055,7.687406,9.82195,10.041869,8.056382,9.235413,8.092294,9.122746,7.279084,9.627828,9.697857,9.77014,8.16019,8.646072,9.450207,9.933562,10.646869,9.556665,9.015564,8.915576,9.476153,8.711267,9.984072,9.387277,8.771992,9.641749,7.67226,9.428333,8.786105
2023-09,8.228051,9.219514,10.571497,10.410145,10.765502,7.322246,8.999745,7.677493,9.660107,9.063501,8.498253,8.732116,8.367133,8.850311,8.378878,7.324826,8.385614,8.626768,8.39104,7.622346,9.278311,7.725661,9.866803,10.058479,8.106804,9.254175,8.112612,9.211746,7.362468,9.699252,9.723221,9.773786,8.199604,8.686673,9.467704,9.979824,10.681881,9.588777,9.064294,8.969571,9.561757,8.710807,10.021791,9.415346,8.8441,9.679344,7.723492,9.505792,8.856251
2023-10,8.223595,9.162153,10.557958,10.357104,10.73213,7.312033,8.973676,7.733285,9.640985,9.000442,8.453316,8.658885,8.40059,8.819866,8.416241,7.284828,8.377361,8.629187,8.386387,7.630665,9.259133,7.633132,9.834069,10.032529,8.047049,9.268347,8.008565,9.149894,7.388952,9.7194,9.662909,9.775056,8.172687,8.649974,9.52833,9.977372,10.662881,9.587555,9.040892,8.928846,9.517536,8.694762,10.031156,9.359468,8.800884,9.659042,7.674069,9.486784,8.895176
2023-11,8.231961,9.116394,10.4853,10.304127,10.690472,7.235136,8.854225,7.66713,9.570046,8.952075,8.398486,8.596391,8.36668,8.753782,8.331721,7.156964,8.318615,8.531065,8.33755,7.566741,9.188487,7.555717,9.826935,9.920318,7.991037,9.179087,7.939704,9.077014,7.618624,9.755855,9.608502,9.758828,8.120809,8.583434,9.476204,9.93961,10.574952,9.510918,8.969983,8.900451,9.484617,8.666995,9.967772,9.313749,8.762192,9.681945,7.562442,9.449445,8.885242
2023-12,8.171879,9.06374,10.481409,10.259726,10.649659,7.076949,8.901808,7.644608,9.565209,8.993838,8.366403,8.541661,8.334424,8.686122,8.223402,7.09254,8.263181,8.47184,8.296093,7.310035,9.125676,7.433401,9.623817,9.956368,7.985505,9.268547,7.957727,9.020717,7.512131,9.692538,9.616971,9.750695,8.101072,8.524348,9.446316,9.942737,10.552553,9.395251,8.94229,8.86519,9.414903,8.656452,9.9874,9.312646,8.730364,9.715851,7.468216,9.381775,8.9103
2024-01,8.145758,9.130735,10.522308,10.291517,10.69616,7.13324,9.005776,7.719641,9.633544,9.09442,8.425141,8.64316,8.389987,8.773412,8.393589,7.173406,8.404669,8.626015,8.401252,7.403116,9.218967,7.543448,9.776138,10.056966,8.074584,9.27026,8.043609,9.092179,7.641924,9.684992,9.661784,9.817031,8.211784,8.661572,9.469002,10.061392,10.684613,9.509863,9.012349,8.961112,9.52843,8.737932,10.060016,9.383064,8.850857,9.752452,7.591998,9.526869,8.993036
2024-02,8.210769,9.171613,10.544609,10.297043,10.688162,7.23057,9.043919,7.803202,9.636205,9.137386,8.533893,8.726137,8.445949,8.852468,8.437247,7.326597,8.51544,8.798224,8.491504,7.463971,9.326613,7.667313,9.834309,10.121184,8.167244,9.300709,8.06671,9.214564,7.685942,9.683817,9.676423,9.856982,8.322326,8.753169,9.515088,10.10496,10.750895,9.592027,9.054434,8.993908,9.619402,8.794075,10.119434,9.432225,8.949546,9.744077,7.751884,9.630596,9.087415
2024-03,8.163941,9.15384,10.536978,10.288782,10.662731,7.164612,9.120264,7.79817,9.669436,9.084089,8.530465,8.777298,8.484071,8.806828,8.442541,7.300837,8.514476,8.769341,8.500078,7.371389,9.323808,7.57001,9.624761,10.096377,8.176768,9.249206,7.883141,9.175468,7.756598,9.681061,9.644405,9.931949,8.286599,8.758948,9.556114,10.146347,10.782711,9.59143,8.988949,8.981827,9.604052,8.821819,10.139077,9.45384,8.963272,9.770448,7.699793,9.608818,9.145447
2024-04,8.353153,9.14228,10.697067,10.283565,10.662714,7.200111,9.182232,7.812228,9.697935,9.141466,8.574248,8.823436,8.542204,8.839461,8.470538,7.415115,8.608475,8.871622,8.547447,7.527471,9.40574,7.645455,9.692433,10.114107,8.260157,9.28094,7.790977,9.20856,7.67772,9.706128,9.662875,9.922875,8.319569,8.792317,9.61145,10.199048,10.868044,9.66728,9.00412,9.034367,9.686806,8.888271,10.248391,9.503947,9.000211,9.788931,7.745457,9.652749,9.242753
2024-05,8.4282,9.192724,10.71098,10.328276,10.696155,7.256142,9.211881,7.805572,9.751688,9.073465,8.630434,8.859469,8.560486,8.892165,8.545007,7.48415,8.676676,8.960232,8.598841,7.653215,9.461404,7.693956,9.641253,10.145649,8.285168,9.332959,7.957223,9.371449,7.634569,9.803764,9.727776,9.952963,8.366803,8.836278,9.677443,10.221408,10.895735,9.686963,9.085778,9.091493,9.696786,8.930806,10.294986,9.51241,9.056668,9.825932,7.771683,9.696593,9.336126
2024-06,8.367214,9.197291,10.692099,10.308336,10.72044,7.220469,9.132932,7.743482,9.731585,9.007115,8.546837,8.819457,8.509852,8.816314,8.457001,7.354599,8.627387,8.891516,8.50133,7.548735,9.402098,7.614707,9.638916,10.178299,8.322448,9.348734,8.073559,9.402875,7.626302,9.805791,9.741988,9.87954,8.311153,8.780037,9.642439,10.169262,10.869778,9.646472,9.1088,9.060561,9.629138,8.868577,10.24253,9.488686,9.02242,9.783738,7.68351,9.648249,9.351893
2024-07,8.40902,9.18122,10.712218,10.289642,10.782626,7.225911,9.225615,7.864769,9.732449,9.055324,8.563275,8.826328,8.562255,8.862148,8.475994,7.419494,8.652689,8.970447,8.544392,7.640714,9.430122,7.675035,9.647218,10.250184,8.349163,9.343626,8.135019,9.425977,7.694821,9.767492,9.815202,9.915265,8.346149,8.780809,9.69817,10.206206,11.012885,9.671909,9.148383,9.097521,9.630005,8.869148,10.277106,9.468181,9.054445,9.836317,7.729362,9.692072,9.422708
2024-08,8.176318,9.019145,10.82398,10.297596,10.436014,7.119967,9.175324,8.013538,9.687035,8.932312,8.453827,8.791877,8.599208,8.863884,8.391033,7.357154,8.582773,8.797647,8.417353,7.617287,9.415716,7.611481,9.653816,10.048815,8.274161,9.233523,8.437784,9.348712,7.523557,9.777113,9.7993,9.855536,8.357067,9.056779,9.834947,10.257881,11.086135,9.576766,8.702331,9.001052,9.592043,8.787504,10.296138,9.480129,8.853791,9.79517,7.641084,9.655802,9.524412
2024-09,8.225958,9.057562,10.859022,10.327526,10.546546,7.20132,9.169362,8.043182,9.672404,8.94226,8.544277,8.77024,8.612752,8.92624,8.421609,7.631829,8.702294,8.946133,8.481143,7.698297,9.412134,7.68443,9.784217,10.130517,8.326229,9.432818,8.595442,9.362005,7.549651,9.806122,9.869674,9.886741,8.428102,9.139317,9.810743,10.224505,11.082237,9.647221,8.71918,9.043546,9.607431,8.84863,10.300971,9.452983,8.933737,9.884393,7.853034,9.719135,9.620075
2024-10,8.248406,9.123452,10.911439,10.422548,10.62303,7.176912,9.290038,8.059374,9.732639,8.998183,8.587642,8.860784,8.673751,8.939067,8.407113,7.614638,8.72008,8.95924,8.409713,7.549062,9.407983,7.664558,9.72797,10.140886,8.357433,9.501775,8.668095,9.347027,7.474398,9.780227,9.909422,9.917174,8.490892,9.18578,9.828721,10.238834,11.122527,9.6537,8.759587,9.054576,9.629857,8.835216,10.320784,9.505136,8.960839,9.92565,7.855932,9.726747,9.711261
2024-11,8.359823,9.130544,10.913693,10.429521,10.750258,7.20968,9.332011,8.033944,9.765937,9.051478,8.613212,8.87291,8.651282,8.974953,8.47395,7.630102,8.777443,9.009747,8.426027,7.556459,9.452356,7.676729,9.86575,10.121925,8.394601,9.549423,8.68293,9.4396,7.518461,9.755389,9.959493,9.983717,8.523378,9.215134,9.867638,10.282809,11.143375,9.682104,8.746185,9.083487,9.668033,8.826824,10.36763,9.574145,8.941416,9.913266,7.914811,9.75097,9.760135
2024-12,8.401951,9.084574,10.833614,10.376633,11.005367,7.212302,9.371671,8.038428,9.701783,8.988155,8.526902,8.860173,8.626611,8.934219,8.479475,7.595664,8.780489,8.955793,8.41016,7.523108,9.402161,7.674395,9.833866,10.093554,8.45512,9.510703,8.542323,9.431077,7.511164,9.766643,9.965391,10.001649,8.521199,9.225925,9.86382,10.291785,11.152469,9.588301,8.708927,9.046724,9.681985,8.821369,10.364648,9.584838,8.994601,9.869048,7.922859,9.812833,9.786306
2025-01,8.432128,9.087944,10.830534,10.372075,11.026674,7.248276,9.503414,8.090626,9.76868,9.06351,8.583494,8.920146,8.594252,8.95457,8.517371,7.697335,8.877365,9.042835,8.540871,7.859544,9.464124,7.775057,10.105125,10.12263,8.522565,9.696751,8.457118,9.421026,7.616126,9.83549,10.021106,10.088469,8.608559,9.31761,9.928079,10.359394,11.192688,9.611309,8.749347,9.106089,9.758863,8.943994,10.461259,9.644205,9.117036,9.948125,7.995266,9.951706,9.960107
2025-02,8.357745,9.047601,10.797097,10.394203,10.926834,7.176255,9.509529,8.026268,9.705199,9.080958,8.486297,8.873562,8.551334,8.84899,8.451226,7.580388,8.74114,8.876778,8.340325,7.81707,9.370115,7.686897,10.215944,10.099737,8.462667,9.617137,8.425286,9.300006,7.421961,9.754638,9.942845,10.023943,8.480894,9.266839,9.925597,10.362017,11.234118,9.576806,8.675077,9.01271,9.682045,8.853584,10.471769,9.598572,9.060971,9.827515,7.902125,9.880855,9.973767
2025-03,8.478299,9.018735,10.80277,10.354944,10.980222,7.172363,9.575724,8.043076,9.702592,9.10661,8.607494,8.964739,8.594038,8.888281,8.488001,7.601117,8.83285,8.893809,8.438488,7.894888,9.438309,7.710774,10.272988,10.151661,8.544178,9.626113,8.638651,9.308802,7.250565,9.768753,9.970913,10.032059,8.555053,9.324087,9.944734,10.417946,11.172371,9.661357,8.678281,9.013919,9.702246,8.898964,10.54166,9.634051,9.143205,9.873916,8.024515,9.959357,10.088681
2025-04,8.427023,9.068236,10.910423,10.373866,11.123809,7.207008,9.594881,8.007537,9.73688,9.052918,8.606421,8.96841,8.658587,8.850466,8.332696,7.539894,8.757002,8.77701,8.475784,7.826044,9.396574,7.624765,10.022346,10.167603,8.421636,9.52291,8.624466,9.275749,7.064229,9.794762,9.98577,10.141123,8.558907,9.30844,9.908649,10.359241,11.183032,9.582229,8.710095,8.997789,9.709486,8.917087,10.496409,9.660142,9.13797,9.874684,8.003393,9.902291,10.211429
2025-05,8.424264,9.081296,10.929577,10.366517,11.159242,7.133599,9.533502,7.978743,9.71295,8.848343,8.651346,8.914162,8.619286,8.793564,8.29188,7.494647,8.691005,8.754893,8.388644,7.621656,9.346251,7.515056,9.915007,10.164862,8.419298,9.499868,8.741605,9.285649,7.056839,9.832032,9.991135,10.127372,8.53182,9.256799,9.802574,10.277058,11.081504,9.516796,8.679897,8.966082,9.624671,8.911007,10.404868,9.582414,9.063607,9.922715,7.913953,9.815228,10.305102
2025-06,8.414307,9.056946,10.944519,10.306015,11.209721,7.100877,9.665543,7.996465,9.673075,8.76835,8.66921,8.921927,8.614505,8.744896,8.165901,7.429598,8.697008,8.785264,8.391578,7.594074,9.325269,7.508124,9.994787,10.172851,8.442817,9.597197,8.820338,9.294213,7.044033,9.676601,9.990094,10.071772,8.567717,9.23803,9.779208,10.32431,11.073397,9.476819,8.596409,9.021798,9.611115,8.93668,10.42483,9.555405,9.057659,9.837186,7.835235,9.811664,10.39226
2025-07,8.53669,9.024462,10.947376,10.271003,11.254918,7.150898,9.728407,8.036981,9.712231,8.866057,8.705126,8.950883,8.552558,8.764478,8.207756,7.402031,8.71825,8.857112,8.430092,7.717636,9.402404,7.675142,10.174534,10.271342,8.505742,9.676032,8.83129,9.330633,7.025236,9.687143,10.0197,10.12926,8.681156,9.289031,9.870675,10.439962,11.170006,9.495505,8.652222,9.045101,9.678509,8.959323,10.493107,9.608441,9.120632,9.788982,7.847696,9.886212,10.396262
2025-08,8.575485,8.993795,10.934476,10.2386,11.248319,7.212435,9.817229,8.066138,9.646101,8.843127,8.713298,8.972639,8.585405,8.720299,8.303728,7.425632,8.725113,8.918381,8.399571,7.804696,9.422223,7.764071,10.144499,10.661511,8.629023,9.71168,8.934659,9.403354,7.282514,9.703547,10.011155,10.131159,8.67296,9.246605,9.91533,10.489609,11.273743,9.532964,8.674376,9.024081,9.709817,9.017898,10.538088,9.573061,9.202667,9.819476,7.925374,9.917469,10.522049
2025-09,8.555825,8.987539,10.892368,10.271262,11.188093,7.231417,9.747654,8.030777,9.610252,8.867711,8.624443,8.919112,8.609234,8.712334,8.340819,7.435102,8.770497,9.003567,8.433111,7.981798,9.462363,7.919294,10.149809,10.751107,8.594028,9.653519,8.986604,9.39846,7.400566,9.718054,10.043283,10.091898,8.642657,9.252652,9.984549,10.542208,11.336573,9.603336,8.65364,9.019852,9.688899,9.029146,10.568516,9.547425,9.219955,9.716516,8.045601,9.960194,10.523461
2025-10,8.676669,8.984171,10.926086,10.30551,11.226087,7.289829,9.796103,8.085524,9.641348,8.909235,8.781003,8.943163,8.664407,8.771156,8.389853,7.596041,8.82179,9.087568,8.474089,7.989405,9.451057,7.935158,10.227851,10.753315,8.602201,9.693822,9.197035,9.466281,7.5203,9.762911,10.022996,10.140259,8.631561,9.276885,10.018131,10.53056,11.37087,9.619339,8.702904,9.038294,9.743379,9.043647,10.58908,9.554881,9.267982,9.787411,8.101769,9.956459,10.566309
2025-11,8.57517,8.979852,10.904777,10.223277,11.200018,7.258785,9.778909,8.195714,9.604781,8.843908,8.817364,8.90372,8.709355,8.722494,8.408743,7.561335,8.792402,9.124046,8.481775,7.98727,9.536589,8.017453,10.462655,10.793879,8.638818,9.73566,9.360038,9.587956,7.685703,9.754753,10.059921,10.128779,8.641829,9.229241,10.072105,10.59518,11.455195,9.651709,8.657673,8.99464,9.763313,9.068639,10.584889,9.505404,9.275211,9.801037,8.06529,9.994505,10.55857
2025-12,8.483345,8.921235,10.935817,10.255759,11.070812,7.266897,9.713076,8.110094,9.569082,8.781407,8.850449,8.922584,8.772596,8.704632,8.412504,7.460761,8.779779,9.122647,8.588468,7.969154,9.617344,8.190385,10.510089,10.812267,8.671357,9.768652,9.322594,9.637356,7.696308,9.756607,10.063451,10.063293,8.518067,9.189527,10.149184,10.622323,11.543422,9.757497,8.600887,8.912827,9.760781,9.067648,10.620153,9.486107,9.276698,9.745066,8.046319,9.963261,10.567981
2026-01,8.561394,8.948977,10.995942,10.278973,11.146064,7.351306,9.697289,8.131881,9.57928,8.819656,8.923355,8.982047,8.892416,8.735175,8.460019,7.463501,8.809806,9.152725,8.635922,7.985124,9.626931,8.107895,10.469948,10.788397,8.678223,9.591697,9.43903,9.639097,7.674422,9.773851,10.087604,10.047473,8.483715,9.188637,10.123868,10.608948,11.50988,9.784311,8.573471,8.955031,9.764507,9.095537,10.623121,9.567387,9.299397,9.776202,8.11521,9.975159,10.627188
2026-02,8.551606,8.843455,10.966945,10.251408,11.153079,7.334943,9.623356,8.159461,9.554234,8.878263,8.883707,8.960427,8.892727,8.715196,8.434557,7.431868,8.807578,9.077689,8.69004,8.006704,9.640613,8.054675,10.535367,10.868208,8.715503,9.713017,9.534687,9.690403,7.791585,9.785718,10.053112,10.103322,8.497849,9.21409,10.11567,10.608175,11.502698,9.783167,8.596278,8.987972,9.795627,9.085561,10.625752,9.57352,9.352447,9.786675,8.11387,10.002207,10.635925
2026-03,8.630941,8.901106,11.031222,10.311432,11.254414,7.402927,9.516748,8.210483,9.623419,8.896867,8.899863,8.927419,8.919119,8.828597,8.399576,7.519459,8.864382,9.174611,8.767201,8.046873,9.79924,8.234021,10.529907,10.917284,8.82714,9.874009,9.66094,9.877761,7.869203,9.937142,10.080741,10.165816,8.503769,9.180653,10.164307,10.57093,11.520498,9.834889,8.607993,9.043999,9.809404,9.153567,10.672505,9.644022,9.333375,9.731233,8.187878,10.027154,10.619622
2026-04,8.720281,8.968343,11.115649,10.397532,11.313707,7.41077,9.625397,8.184511,9.705312,8.94944,8.97177,8.954396,8.973967,8.891516,8.494608,7.563164,8.924019,9.284549,8.828935,8.089231,9.898692,8.237532,10.497823,10.965883,8.939076,9.893391,9.816894,9.982596,7.737389,10.027934,10.170736,10.204394,8.506957,9.11054,10.21274,10.479629,11.5018,9.855609,8.687064,9.119953,9.85728,9.219609,10.635532,9.722567,9.293509,9.713934,8.077795,9.948242,10.703335
2026-05,8.750628,8.894497,11.020775,10.305205,11.212281,7.313314,9.606243,8.240161,9.550707,8.824016,8.87039,8.841405,8.919492,8.878819,8.412188,7.347654,8.793445,9.194961,8.773821,8.053951,9.806691,8.162799,10.414807,10.847474,8.856739,9.784775,9.604018,9.799315,7.874549,10.150017,10.147838,10.197249,8.43768,9.046261,10.184294,10.430918,11.463881,9.780585,8.531692,9.001057,9.784961,9.122787,10.604634,9.64093,9.272096,9.65499,7.990726,9.920731,10.672795
2026-06,8.720044,8.897263,11.061497,10.33632,11.240678,7.365895,9.622499,8.255857,9.565316,8.792638,8.886945,8.783854,8.903601,8.901316,8.484178,7.43031,8.848795,9.392033,8.938192,8.110166,9.948069,8.416214,10.446811,10.862457,8.900077,9.725067,9.621571,9.823172,7.7575,10.107187,10.16755,10.168927,8.489265,9.087608,10.436917,10.579248,11.661697,9.860786,8.504645,8.99592,9.85933,9.164741,10.748773,9.687998,9.365488,9.765862,8.055053,10.010994,10.660366
