date,Agric,Food,Soda,Beer,Smoke,Toys,Fun,Books,Hshld,Clths,Hlth,MedEq,Drugs,Chems,Rubbr,Txtls,BldMt,Cnstr,Steel,FabPr,Mach,ElcEq,Autos,Aero,Ships,Guns,Gold,Mines,Coal,Oil,Util,Telcm,PerSv,BusSv,Hardw,Softw,Chips,LabEq,Paper,Boxes,Trans,Whlsl,Rtail,Meals,Banks,Insur,RlEst,Fin,Other
1926-07,2.14,-0.13,,-5.41,1.07,8.43,2.27,49.99,-0.71,7.86,,5.11,0.68,7.94,,0.28,2.26,-8.43,3.84,,5.22,2.96,14.34,-0.87,0.91,,,5.42,1.26,-1.57,6.82,0.61,,5.69,3.41,,1.11,1.13,,7.48,1.71,-24.01,-0.14,1.66,4.39,-0.76,2.68,-5.99,4.98
1926-08,1.98,2.46,,26.78,6.27,16.56,-1.01,42.73,-3.83,-2.75,,3.59,4.02,5.22,,7.58,4.36,7.12,1.93,,1.82,1.85,4.0,-6.84,1.47,,,0.3,0.69,3.39,-1.95,1.92,,1.26,3.44,,-4.95,6.64,,-2.62,4.6,5.14,-1.01,-0.38,10.46,2.32,5.06,0.07,6.51
1926-09,-0.8,1.36,,3.79,1.03,8.1,6.25,-5.14,0.49,-0.73,,3.81,-0.49,5.19,,2.07,-0.35,-12.28,-0.07,,0.13,-0.8,4.79,-7.32,2.65,,,1.53,0.07,-3.82,1.82,2.19,,0.6,3.97,,-6.28,-0.86,,-5.77,-0.13,-8.1,0.02,-0.79,-2.03,0.49,-3.29,-5.06,-3.81
1926-10,-0.78,-3.99,,-3.63,0.75,-1.72,-5.41,5.05,-4.98,-0.2,,3.15,-2.09,-5.07,,0.67,-4.74,-8.91,-4.17,,0.63,-6.05,-8.43,-13.68,-5.77,,,-3.52,1.92,-1.36,-3.59,-0.43,,1.51,-2.79,,-4.24,-0.11,,-5.4,-2.95,-15.7,-2.51,-4.43,-12.25,-4.6,-6.07,-1.27,-8.79
1926-11,6.44,5.95,,6.98,4.25,-0.31,1.52,-6.93,-0.84,1.56,,4.1,5.45,4.87,,2.88,1.89,1.94,3.9,,3.04,4.77,-0.96,6.25,7.58,,,8.15,-0.79,-0.26,4.09,1.32,,0.47,2.97,,1.0,3.94,,3.54,1.3,4.36,6.23,4.02,-2.33,3.27,1.9,4.82,3.85
1926-12,-3.56,-0.1,,-4.37,2.27,2.2,1.88,-3.57,2.28,0.19,,-3.61,0.87,5.26,,5.6,3.35,0.48,3.11,,4.74,-2.77,10.22,8.89,2.1,,,1.57,1.15,2.66,-0.46,1.71,,4.88,4.09,,-0.78,9.86,,-4.91,3.39,9.37,0.29,1.23,-2.73,2.98,7.67,-1.87,-2.72
1927-01,-3.91,-0.41,,0.34,-0.58,1.48,1.63,0.96,3.82,-1.17,,5.2,4.71,-0.02,,-1.71,-2.08,-3.8,-0.63,,0.94,-1.27,-1.07,-2.54,-0.84,,,3.92,-3.32,1.42,-2.04,1.63,,5.61,0.48,,1.23,-3.26,,-2.74,1.16,-18.18,-2.94,1.41,-5.62,-1.07,-1.81,-3.32,-4.38
1927-02,7.39,3.4,,12.57,1.23,-6.48,2.17,10.05,4.3,2.52,,4.93,0.43,9.43,,7.38,3.81,7.75,3.41,,7.61,4.04,9.36,-4.18,4.46,,,4.94,5.38,0.86,4.28,3.71,,5.6,6.56,,5.56,3.42,,5.19,4.93,3.23,3.23,6.47,8.04,0.4,4.04,1.72,0.01
1927-03,-0.9,2.46,,-13.86,5.29,-9.19,1.59,-8.13,-0.38,0.61,,0.94,0.63,5.86,,-5.69,3.13,4.91,1.18,,-2.53,0.11,1.26,-0.3,-2.09,,,4.26,5.08,-7.33,0.07,5.32,,-4.3,5.71,,-12.6,5.96,,-9.96,0.65,-20.77,-0.6,-3.75,-8.39,7.04,-4.6,-1.71,1.98
1927-04,5.14,1.86,,2.61,4.19,-0.66,-4.3,3.52,1.18,5.7,,-0.62,3.43,2.69,,0.22,-0.98,-8.92,-0.59,,1.57,6.04,2.65,-11.73,-0.86,,,2.67,0.85,-6.04,1.46,-2.32,,0.51,4.48,,8.57,1.18,,4.65,0.53,-11.0,4.13,6.81,-6.24,2.84,0.44,7.93,4.46
1927-05,3.82,6.32,,11.32,11.83,-5.33,0.31,-1.78,10.2,3.08,,5.61,3.3,3.55,,13.81,7.62,-10.74,2.92,,8.45,7.93,5.26,31.85,10.48,,,-0.05,2.81,4.66,8.93,3.05,,16.41,5.28,,-0.5,5.33,,5.09,6.73,-4.31,1.95,4.39,8.39,12.28,4.04,10.26,1.33
1927-06,-3.68,-2.21,,9.79,-2.95,-3.78,-8.39,-6.26,-3.29,0.93,,3.41,-0.66,-2.0,,1.21,-4.67,-14.12,-3.78,,-2.55,3.24,-3.65,14.23,-4.43,,,-2.22,-3.61,-3.39,-3.84,-2.42,,1.3,-2.22,,1.75,5.15,,5.16,-2.32,-4.44,-0.96,1.06,-10.83,0.59,3.33,-0.22,-4.08
1927-07,5.75,4.53,,4.22,4.09,2.34,0.63,-0.83,5.19,5.91,,11.14,9.04,17.42,,4.52,6.61,-1.1,10.05,,9.31,14.39,13.43,-3.08,11.91,,,8.44,1.89,2.62,5.2,3.43,1.47,2.07,4.5,,13.85,6.59,,11.72,5.73,10.81,9.83,4.38,3.04,13.07,3.61,0.45,6.51
1927-08,1.71,2.12,,-4.26,3.55,7.29,5.75,0.38,0.22,0.91,,-2.56,0.81,1.82,,0.21,-1.39,-2.39,4.08,,0.61,6.78,7.09,30.05,3.34,,,0.89,2.15,-0.54,2.98,0.15,2.58,7.71,7.02,,-11.69,0.47,,3.48,-1.94,-2.86,7.41,0.27,4.76,-0.17,1.88,2.79,5.64
1927-09,7.17,5.57,,6.8,4.43,0.12,4.57,0.92,2.32,4.46,,8.53,4.49,5.76,,1.94,4.74,-1.2,2.75,,5.09,-0.09,6.06,17.44,3.28,,,6.54,1.26,3.27,8.08,6.34,-1.6,6.98,4.73,,9.49,2.8,,3.16,4.09,5.39,7.39,5.75,4.38,7.96,-0.72,6.25,0.22
1927-10,-6.05,-2.0,,-1.06,-0.37,-1.52,0.22,-3.59,-2.08,10.68,,1.79,5.88,-7.72,,-2.92,-5.08,-0.37,-8.09,,-5.46,-8.49,-4.8,-18.58,-6.74,,,-3.42,-5.81,-1.99,-4.6,-2.34,2.57,4.32,0.17,,-3.6,-7.85,,-0.11,-4.88,-22.03,-5.29,-2.0,2.36,10.5,-4.5,-0.78,-5.01
1927-11,6.3,7.1,,10.08,6.27,-3.52,4.31,8.06,2.5,-0.66,,0.98,4.23,8.83,,5.56,5.8,-1.51,12.25,,11.33,11.09,6.54,19.2,7.74,,,8.03,7.49,3.68,6.12,2.62,-4.76,9.53,6.07,,25.31,8.65,,16.72,3.69,-1.51,11.93,2.79,11.49,6.88,9.56,7.25,12.33
1927-12,-1.04,4.22,,12.5,0.84,-8.05,3.96,3.73,10.13,0.02,,-0.44,-0.77,-0.45,,2.46,-0.66,7.43,5.65,,2.71,0.98,7.47,40.34,1.85,,,13.07,-3.55,-0.16,2.02,1.11,-5.33,-3.61,11.06,,-4.91,-3.64,,0.82,-0.14,11.23,-0.88,-1.8,10.19,20.24,0.75,2.55,0.85
1928-01,-2.14,3.14,,0.39,-2.93,-1.81,-0.49,2.66,3.42,6.39,,3.09,2.25,-1.33,,-1.31,1.13,8.04,-2.67,,-1.49,-1.26,-3.4,1.28,4.01,,,-1.7,-4.06,-1.96,5.63,0.04,-0.25,4.07,3.35,,-0.89,-0.36,,1.26,-1.48,-1.2,-1.1,-1.83,-2.54,-1.03,1.47,5.8,-3.63
1928-02,0.1,-3.91,,-5.55,-5.77,-7.24,-0.59,-0.79,-0.36,-2.78,,-2.18,-4.26,0.4,,-5.32,1.14,2.7,-3.07,,-3.07,-1.79,0.62,-10.15,-4.8,,,-7.91,-1.66,-0.41,-1.1,-0.63,-5.82,-3.38,2.86,,-0.64,1.27,,0.53,-1.66,-8.62,-1.37,-2.93,-3.23,-1.98,1.67,-6.96,-3.02
1928-03,1.44,5.49,,14.18,2.06,34.87,5.94,9.71,9.74,3.72,,9.85,9.58,12.94,,7.47,6.54,3.46,5.99,,6.09,25.92,27.58,24.54,5.8,,,7.15,4.93,5.36,6.36,1.68,5.31,-0.64,0.64,,12.54,2.97,,10.79,5.36,7.83,8.37,3.2,22.47,7.4,2.16,11.85,8.56
1928-04,-0.5,3.02,,4.65,-6.11,-2.28,6.14,2.57,3.37,9.7,,5.45,0.58,-0.48,,-5.07,2.69,2.46,1.21,,3.26,2.22,0.87,61.61,0.39,,,-0.8,1.72,16.18,10.74,2.91,7.05,13.53,1.82,,-0.75,1.47,,-0.47,4.24,-6.07,-0.22,0.25,10.7,4.63,24.16,9.83,10.73
1928-05,-1.1,1.7,,5.16,-0.39,9.9,0.56,10.87,-2.84,-1.25,,4.68,11.08,2.66,,-5.55,-2.25,19.5,5.2,,4.46,1.44,5.59,19.56,-2.94,,,0.84,0.17,-6.11,1.18,6.25,-2.6,9.32,0.16,,4.0,5.83,,5.81,-0.74,7.63,3.13,13.81,-1.59,0.43,2.98,2.88,-1.1
1928-06,-2.45,-4.58,,-4.52,-4.53,-11.36,-4.58,-9.86,-6.98,-7.49,,-2.12,-4.04,-3.3,,-10.9,-4.07,-5.19,-6.15,,-3.48,-5.98,-4.44,-12.0,-5.92,,,-3.87,-6.39,-4.23,-3.75,-5.52,-8.33,-8.68,-2.88,,-5.32,-3.34,,-6.05,-4.29,-7.72,-3.71,-3.1,-2.22,-11.09,-6.91,-15.11,-12.26
1928-07,-0.61,0.96,,0.4,3.03,9.84,0.41,3.14,0.3,0.21,,-1.6,3.31,1.51,,-4.03,1.79,-3.03,2.42,,0.09,-1.33,1.0,5.22,-2.64,,,-1.58,-1.35,0.86,-1.55,-1.6,-4.47,-3.09,5.23,,5.8,4.72,,4.02,-0.64,0.08,5.41,-0.92,-0.19,-0.79,-0.84,1.87,-1.12
1928-08,1.36,8.48,,12.08,3.49,1.57,9.95,-0.42,9.3,-0.13,,8.1,16.41,8.57,,1.05,4.25,-0.64,9.32,,7.28,11.98,8.83,13.9,4.65,,,7.87,1.52,2.13,6.16,4.23,-10.05,12.83,5.49,,1.37,0.76,,12.41,3.7,3.74,13.4,12.06,4.62,5.54,4.51,4.39,12.52
1928-09,-1.17,1.87,,-0.01,-0.66,20.42,9.84,0.93,10.21,-1.41,,6.81,-3.85,3.53,,3.9,5.24,-0.49,5.32,,3.55,0.01,7.96,5.72,-1.52,,,2.79,-1.34,5.48,3.52,-0.13,2.67,-1.89,7.78,,3.31,-3.85,,-1.89,0.03,0.78,-0.11,-0.29,7.23,-2.51,-1.57,1.92,-4.33
1928-10,4.32,-1.61,,3.64,3.04,-10.95,-0.65,4.85,7.74,-3.97,,-1.06,-0.13,4.82,,5.59,5.64,1.51,6.1,,1.72,1.7,-0.45,-6.36,-1.07,,,2.99,-2.11,1.85,-2.32,2.56,-7.08,6.68,0.82,,1.05,0.57,,-5.88,-1.76,18.15,5.69,-2.61,0.55,3.23,-2.27,0.48,-5.62
1928-11,1.26,6.9,,5.32,6.43,7.45,10.26,3.61,16.2,2.16,,2.19,5.48,12.01,,8.77,9.25,0.33,14.53,,15.42,23.12,4.34,43.06,5.39,,,14.73,5.94,17.52,21.63,6.3,-4.06,8.64,10.93,,13.24,4.06,,4.73,8.91,11.57,15.16,9.17,10.73,7.32,7.67,12.81,3.38
1928-12,-1.35,0.86,,-3.9,-1.47,-7.16,-0.1,1.55,-3.64,-0.39,,-1.73,-0.14,2.28,,-5.94,1.04,1.9,3.86,,3.28,7.08,-0.08,0.47,1.45,,,1.93,-0.65,-4.62,1.48,-0.42,-9.84,-4.2,17.56,,3.29,-1.67,,1.73,0.18,-3.91,-1.29,-3.14,1.04,-0.47,-1.76,2.23,-12.66
1929-01,11.45,1.98,,9.24,2.97,4.18,10.41,3.81,6.29,-2.22,,4.26,2.71,22.55,,-1.62,7.81,0.53,7.46,,11.84,12.45,0.63,1.38,0.39,,,8.14,1.4,-8.43,12.96,13.04,-12.99,0.6,2.75,,12.2,0.21,,5.24,4.36,-5.29,-4.31,-0.46,16.58,2.05,15.26,2.66,0.87
1929-02,6.06,-3.28,,-4.42,-4.7,-6.44,1.37,-5.95,-7.28,-4.43,,2.02,-1.07,-0.55,,2.0,-4.11,8.74,8.47,,0.85,-2.2,0.09,1.65,0.37,,,8.08,0.38,-0.58,-2.35,-1.51,7.23,3.72,1.28,,-0.52,1.2,,5.9,-1.78,-3.55,-2.86,-0.2,3.86,-5.61,5.31,1.97,-6.61
1929-03,-11.36,-4.0,,-3.24,-4.59,-8.06,-10.34,-6.27,-8.03,-5.99,,1.03,-2.81,-3.72,,-7.64,-6.67,-0.58,-0.43,,-4.53,5.33,-1.68,-7.32,1.75,,,3.68,-6.87,11.85,-3.52,3.98,-13.16,-4.98,6.36,,-1.27,-3.52,,1.18,-3.2,-9.91,-5.48,-3.89,1.05,-4.93,-3.98,-0.15,-7.75
1929-04,-6.8,4.81,,13.38,-2.73,-3.23,0.57,-1.0,0.2,3.78,,1.28,1.07,3.41,,2.39,2.89,17.27,0.79,,3.87,0.7,-1.59,6.59,-1.85,,,-6.14,-2.56,0.53,4.66,3.03,-3.3,2.58,6.64,,5.08,0.06,,7.55,0.98,3.18,3.2,10.01,6.87,1.04,2.98,-0.48,-11.09
1929-05,-7.12,-5.32,,-11.44,-0.68,-17.23,-8.85,6.37,-10.82,-7.05,,-10.58,-7.55,-7.46,,-14.32,-7.38,-6.82,-12.86,,-10.13,0.39,-15.7,-13.46,-7.18,,,-11.43,-5.43,-6.06,4.24,-9.21,-13.32,-5.46,-0.26,,-1.91,-3.92,,-8.64,2.07,-6.98,-9.31,-3.36,-10.75,-2.73,-8.86,-2.95,-13.66
1929-06,-2.58,8.87,,12.0,-0.66,5.31,6.54,6.59,14.21,5.09,,9.45,2.19,19.45,,1.97,4.49,2.95,10.19,,14.74,18.75,6.34,13.78,9.64,,,1.89,1.67,0.56,22.96,13.28,21.22,14.35,12.69,,7.28,5.31,,12.07,5.5,-3.49,8.73,18.62,6.09,0.15,5.93,11.99,4.56
1929-07,2.69,4.73,,1.26,1.72,-7.16,-2.12,-1.02,6.19,-4.32,,0.76,3.02,4.78,,-3.99,5.45,-2.9,3.14,,5.21,9.77,-4.27,5.96,3.55,,,-2.7,19.61,-1.19,8.84,13.35,28.24,1.35,6.01,,-2.76,6.49,-8.84,6.7,7.97,-3.36,0.73,1.5,0.2,10.32,-1.99,13.62,4.16
1929-08,0.9,4.07,,9.39,7.79,-2.72,6.51,-0.26,3.13,0.56,,-2.25,5.16,11.42,,-0.16,2.52,0.09,11.42,,9.92,12.98,1.67,-1.51,3.99,,,8.52,4.86,11.35,8.61,10.58,-10.96,-0.08,6.58,,-4.08,14.72,10.3,9.06,7.94,-6.19,7.79,4.32,4.69,11.28,5.42,3.08,-3.39
1929-09,0.89,-2.97,,-2.61,-7.86,1.07,-2.2,-1.38,6.43,-4.51,,-6.72,-7.7,-7.15,,-3.63,-3.39,-1.8,-9.32,,-6.12,-11.83,-9.36,-23.59,-0.36,,,-5.17,-2.41,-3.45,0.57,-1.73,-2.83,20.55,16.45,,-9.02,2.68,-7.91,-4.9,-8.07,-1.01,-5.98,-3.59,-2.34,-9.87,-5.88,-5.22,-0.53
1929-10,-1.13,-16.39,,-26.88,1.85,-18.11,-20.29,-9.82,-34.52,-12.04,,-16.1,-19.59,-25.15,,-23.0,-17.71,-8.83,-16.03,,-23.02,-30.68,-28.62,-40.8,-13.08,,,-13.5,-8.51,-10.75,-30.18,-15.85,-29.12,-17.08,-27.81,,-15.9,-6.12,-18.64,-15.58,-8.56,-23.75,-24.62,-20.06,-33.75,-22.5,-10.22,-36.38,-33.09
1929-11,-7.73,-10.39,,-12.22,-6.53,-23.47,-15.35,-0.26,-13.21,-7.84,,-8.52,-8.08,-16.41,,-14.87,-11.3,-2.38,-14.19,,-14.23,-18.72,-18.05,-30.39,-3.66,,,-15.37,-3.52,-6.95,-15.74,-9.84,-39.66,-12.46,-28.53,,-15.43,-15.48,-15.93,-14.21,-8.14,-7.04,-12.84,-10.65,-22.94,-18.13,3.33,-17.91,-15.61
1929-12,-5.31,0.01,,1.67,2.32,-5.61,-8.11,2.02,0.7,3.32,,0.18,0.97,5.98,,-6.71,-2.12,9.6,-0.81,,2.9,12.46,3.62,14.1,-0.02,,,-2.19,-6.0,-1.25,7.79,0.69,-0.37,-17.41,7.77,,-6.16,1.06,-4.32,-0.63,-0.35,-2.73,-6.85,3.39,1.09,-4.62,-8.3,4.68,-9.03
1930-01,-1.0,5.7,,-8.9,8.48,-12.9,26.49,1.67,10.19,3.43,,4.35,1.51,8.04,,10.33,7.34,0.16,5.55,,8.3,10.81,6.25,0.84,2.66,,,5.94,0.23,-0.96,8.37,1.06,26.33,-15.05,9.29,,11.16,9.01,49.86,6.95,3.71,4.58,4.3,11.6,18.58,15.6,1.94,8.77,31.53
1930-02,-8.77,0.65,,0.85,5.26,20.91,16.84,5.63,-9.2,-0.61,,4.25,0.9,2.16,,5.43,0.03,7.06,-0.21,,4.43,7.53,3.3,24.31,0.92,,,-1.25,4.2,-5.36,8.35,6.76,-25.88,35.92,3.8,,-1.61,12.35,-8.06,8.3,1.75,-4.92,-5.66,-0.14,9.55,2.27,-5.04,10.41,-2.17
1930-03,-0.72,0.8,,-8.61,3.95,27.19,15.02,1.83,-0.51,7.15,,6.64,5.71,9.95,,-3.02,3.29,1.79,5.19,,4.87,8.81,12.34,27.75,-2.15,,,1.42,0.65,18.86,9.5,8.53,-1.91,-3.41,-0.08,,2.82,8.9,7.32,5.78,3.61,-5.26,-3.09,4.56,4.28,10.66,7.19,8.86,5.91
1930-04,3.71,2.99,,-11.58,-3.1,-21.89,5.59,1.88,-1.79,-1.22,,-9.44,1.46,-5.52,,-10.13,-6.18,7.95,-13.5,,6.02,2.76,-8.85,-5.69,-7.23,,,-13.85,-8.67,7.1,3.1,-4.73,33.12,1.54,-6.85,,-21.61,5.19,-21.82,-2.45,-7.34,4.46,2.37,2.23,-9.31,-9.75,-2.53,-1.72,-3.45
1930-05,-3.35,2.07,,-0.71,1.55,0.09,-3.95,-1.33,-7.71,-4.43,,-5.54,-0.54,-2.6,,-6.03,-1.72,1.17,-0.1,,-6.19,-5.16,4.85,-8.61,-4.79,,,5.14,-2.27,-4.08,-1.54,0.14,-15.74,-12.37,-1.34,,-11.82,-3.07,-21.37,-0.24,-0.7,-8.58,-0.19,-2.12,-6.49,-4.4,-2.43,-7.33,-8.4
1930-06,-5.09,-12.45,,-29.46,-9.11,-17.25,-24.94,-10.64,-24.88,-12.8,,-15.11,-11.27,-18.04,,-18.54,-19.75,-4.47,-12.72,,-17.11,-20.34,-22.99,-28.76,-13.33,,,-8.27,-11.91,-15.97,-19.57,-8.59,-32.66,-11.57,-20.36,,-32.34,-16.21,-62.35,-16.8,-10.18,-24.37,-16.37,-17.52,-20.99,-13.51,-19.34,-25.84,-18.32
1930-07,0.97,3.22,,1.38,2.73,13.01,2.29,1.38,5.64,3.03,,12.43,4.77,5.25,13.96,5.18,8.34,4.06,3.22,,2.83,3.79,11.63,7.16,3.36,,,3.46,-1.66,5.32,3.88,1.07,10.22,6.43,3.31,,19.94,3.27,9.6,7.3,3.02,-1.5,2.58,2.59,6.5,4.05,-1.59,5.21,5.47
1930-08,1.15,1.58,,9.15,4.6,5.91,3.53,-3.23,0.54,-2.97,,1.12,9.47,4.26,-4.15,-1.54,-2.63,-3.33,-2.55,,0.89,1.54,-2.32,-0.87,0.82,,,-13.23,2.31,-3.49,1.1,1.65,-5.75,3.85,3.39,,-3.79,6.14,3.48,-1.56,0.22,-7.8,5.36,1.69,0.72,-0.92,-7.95,3.87,0.78
1930-09,-11.92,-10.2,,-12.5,-9.04,-10.39,-18.85,1.76,-10.78,-3.74,,-6.77,-9.53,-14.39,-29.02,-13.29,-17.06,-11.57,-14.05,,-16.84,-20.34,-16.71,-30.82,-11.42,,,-9.49,-6.11,-16.22,-12.16,-5.52,3.78,-10.81,-11.27,,-17.96,-11.37,-27.81,-12.97,-8.66,-9.94,-11.05,-14.28,-12.75,-12.03,-16.59,-21.58,-13.03
1930-10,-16.17,-4.0,,-1.39,-4.86,-4.65,-9.12,-8.46,-4.73,-5.09,,-2.37,-5.0,-12.42,-10.2,-3.8,-12.95,-21.51,-8.12,,-10.85,-18.73,-11.32,-17.12,-9.68,,,-10.69,-11.67,-8.34,-8.38,-4.21,-13.55,-5.16,-14.67,,-10.09,-12.13,-13.19,-3.14,-6.82,-6.09,-8.7,-10.47,-3.83,-10.53,-16.94,-18.65,-16.67
1930-11,2.57,0.77,,3.41,-1.04,-8.26,-6.5,-2.74,-1.98,1.37,,-4.72,-2.84,-0.04,10.49,-4.64,-2.06,-6.99,-1.17,,-0.75,-3.74,5.74,-6.9,6.97,,,4.4,-9.75,-3.55,-8.89,-3.4,7.65,-5.84,-4.15,,7.57,-1.71,-15.2,0.17,-5.57,2.62,2.88,-2.59,-7.35,-1.81,-10.33,-10.88,-1.71
1930-12,-22.57,-3.61,,-11.72,-3.27,-3.78,-15.92,-5.72,-6.29,-7.65,,-3.13,-8.1,-4.86,-16.42,-6.15,-12.67,-12.36,-9.07,,-9.69,-12.19,-1.72,-16.06,-13.82,,,-8.54,-9.0,-12.85,-3.82,-3.93,-13.54,-0.78,0.48,,-12.37,-12.12,-24.33,-5.88,-8.11,-4.16,-14.01,-8.32,2.75,-10.38,-17.76,-15.14,-11.91
1931-01,15.66,4.75,,6.66,6.21,-1.82,16.92,1.05,8.62,-0.36,,9.77,7.63,-0.85,16.52,13.23,7.69,-3.17,2.94,,5.5,4.9,6.91,22.29,7.64,,,6.84,14.1,5.25,5.46,4.64,45.09,6.23,6.62,,0.33,5.46,33.89,2.65,11.53,4.72,7.08,6.87,3.18,14.0,5.39,25.66,17.94
1931-02,13.13,6.59,,16.71,6.9,7.17,8.44,1.75,6.18,2.78,,1.72,9.47,13.54,23.2,15.4,14.24,14.57,14.52,,11.77,25.02,17.3,28.13,5.56,,,14.12,-0.6,6.3,15.27,5.91,31.11,1.98,14.66,,17.73,13.97,74.56,12.59,2.23,-2.09,15.3,11.08,15.52,6.5,24.4,20.48,13.02
1931-03,-10.51,-2.11,,-26.81,0.05,-7.19,-5.82,-0.97,-3.87,1.25,,-0.21,2.14,-7.4,9.28,-3.23,-7.68,0.22,-8.01,,-8.4,-8.13,-4.32,-10.33,-7.29,,,-6.89,-13.02,-14.77,-2.99,-3.74,72.37,-3.09,-7.79,,-4.66,-7.09,-16.49,-0.45,-10.61,-3.32,-3.46,-5.65,-11.64,-4.86,-18.57,-7.86,20.72
1931-04,-2.24,-9.0,,-20.96,2.59,-12.78,-28.07,-8.11,-4.34,-8.35,,-6.51,-3.01,-12.93,-20.44,-12.22,-13.91,-13.4,-17.05,,-15.87,-14.73,-7.82,-12.5,-18.39,,,-12.93,-10.09,-14.07,-9.12,-4.33,-17.47,-7.8,-10.18,,-22.9,-4.53,-25.08,-8.25,-7.38,-4.47,-4.57,-12.78,-12.2,-8.9,-21.05,-18.05,-17.96
1931-05,-6.85,-12.73,,-9.75,-11.3,-5.83,-24.86,-9.51,-11.04,-0.61,,-18.81,-8.44,-12.1,-9.07,-7.65,-15.34,-18.4,-21.0,,-19.21,-11.56,-16.22,-12.56,-18.57,,,-8.67,-18.74,-11.88,-11.26,-9.03,-15.88,-40.36,-17.96,,-18.46,-16.65,-21.83,-15.18,-17.34,-15.29,-2.96,-6.32,-5.27,-16.05,-21.84,-21.24,-7.14
1931-06,8.4,10.69,,10.13,12.56,6.3,23.8,-0.95,7.59,12.03,,12.33,9.06,19.44,12.18,8.33,15.04,13.75,19.46,,12.31,18.53,15.07,24.18,20.1,,,6.96,22.2,17.1,10.85,10.24,29.09,9.3,23.59,,17.16,15.77,11.03,15.33,16.13,2.84,7.96,4.9,19.12,18.8,18.3,27.38,14.59
1931-07,0.11,-4.38,,-10.02,-3.55,-15.81,-8.48,-1.64,-1.79,-3.37,,-6.45,4.19,-6.4,-11.84,-5.68,-9.38,-13.9,-15.24,,-12.23,-10.4,-2.45,-10.76,-8.34,,,-8.19,-16.42,-3.05,-5.47,-4.93,-6.38,-5.45,-13.42,,-6.57,-8.59,-13.39,-12.77,-10.58,-8.17,-1.27,-8.26,-16.21,-8.08,-9.95,-8.31,7.44
1931-08,-3.72,1.91,,13.79,-3.57,-2.63,7.52,-5.38,-1.07,-2.53,,5.49,-0.48,1.44,-5.44,0.28,-3.39,-0.56,0.52,,-1.78,3.77,-2.81,4.99,-7.38,,,2.54,-2.92,9.99,-0.03,0.79,0.62,-4.27,2.25,,-1.76,4.86,1.89,0.98,-6.91,1.34,3.13,1.07,4.65,-0.63,6.33,-0.21,1.43
1931-09,-36.11,-28.37,,-25.2,-21.81,-26.58,-43.31,-20.51,-35.0,-8.36,,-26.76,-30.13,-30.92,-32.42,-21.64,-31.35,-35.43,-27.2,,-33.44,-34.59,-34.96,-40.57,-25.34,,,-31.8,-31.4,-30.53,-29.63,-21.73,-26.07,-22.38,-34.89,,-42.29,-28.92,-39.65,-23.72,-20.96,-26.3,-30.6,-27.34,-34.74,-45.84,-36.63,-39.92,-24.43
1931-10,-6.9,11.81,,25.16,5.98,7.7,19.51,-22.26,16.26,-2.57,,16.71,10.18,5.23,4.07,2.67,4.49,3.64,1.78,,8.97,11.77,12.18,12.97,13.15,,,16.94,2.8,15.39,10.38,4.24,5.65,4.98,10.38,,8.68,9.45,-15.72,11.64,-2.93,7.32,14.26,11.01,27.04,28.85,8.66,7.65,3.61
1931-11,-9.42,-2.93,,-10.83,-6.34,-9.42,-31.69,-9.55,-7.91,-1.48,,-9.16,-1.83,-5.27,-0.97,-10.31,-7.62,-17.04,-9.66,,-7.49,-16.04,-4.07,-3.88,-17.66,,,-13.86,-17.8,-8.6,-4.98,-7.03,-10.87,-6.22,-5.5,,-3.01,-12.1,-11.28,-10.16,-21.73,-17.95,-9.52,-14.74,5.7,-10.75,-14.32,-13.2,-4.36
1931-12,-16.36,-10.57,,-7.95,-6.46,-36.01,-30.01,-22.85,-9.3,-14.34,,-4.19,-4.22,-6.42,-12.62,-6.73,-17.99,-17.02,-25.82,,-17.73,-14.34,-8.38,-14.1,-18.44,,,-7.65,-22.97,-18.96,-13.37,-8.12,-5.04,-19.29,-10.12,,-20.84,-12.57,-25.12,-12.24,-15.14,-30.66,-15.44,-13.55,-23.58,-13.29,-23.16,-22.6,-14.03
1932-01,-12.69,-1.31,,-6.2,7.94,-14.66,18.73,-6.44,1.12,4.57,,0.71,-3.51,-6.09,-0.23,0.78,-1.25,2.32,2.93,,1.41,-14.45,-8.1,9.46,13.68,,,5.46,5.58,-5.41,-2.76,-4.27,-0.05,-0.17,-4.37,,-0.14,-3.57,27.55,-0.96,7.84,-0.57,0.91,-4.09,18.77,-1.38,0.95,2.83,6.72
1932-02,25.7,6.52,,17.57,3.71,10.22,5.81,-0.91,2.7,0.88,,-10.35,3.94,8.65,-1.42,2.89,10.77,5.17,4.65,,-1.61,8.36,1.72,-3.6,4.35,,,-3.26,-3.78,8.89,6.85,11.4,3.51,-0.84,3.35,,-3.02,-1.96,-4.58,11.55,-4.43,7.24,3.74,7.2,15.08,7.11,7.38,14.99,4.58
1932-03,-12.97,-7.12,,-11.45,-5.08,-7.48,-23.33,-12.85,-16.89,-2.53,,-1.8,-7.43,-11.84,-11.27,-4.14,-14.95,-9.94,-16.65,,-12.78,-17.44,-22.31,-29.86,-17.12,,,-6.01,-17.0,-0.83,-10.56,-10.29,-8.97,-2.73,-8.47,,-19.23,-5.3,6.66,-8.53,-18.17,-19.88,-8.78,-7.47,-17.59,-12.73,-0.47,-16.86,-15.36
1932-04,-15.81,-13.25,,-9.93,-10.02,-2.98,-25.26,-12.83,-8.78,-5.65,,-20.59,-19.76,-33.48,-30.67,-12.32,-15.57,-19.19,-19.57,,-20.39,-23.08,-28.68,-13.61,-16.24,,,-14.98,-18.08,-14.28,-15.76,-12.5,-31.83,-11.08,-19.93,,-25.27,-33.33,-44.79,-29.36,-24.84,-11.32,-15.37,-19.87,-15.3,-42.33,-14.36,-14.68,-13.62
1932-05,-36.51,-22.0,,-25.36,-21.81,-43.4,-44.34,-24.28,-21.08,-3.47,,-25.46,-36.33,-10.26,-19.66,-23.21,-18.17,-20.18,-22.76,,-21.37,-33.8,-18.7,-28.71,-23.28,,,-11.22,-21.53,-4.98,-27.35,-10.87,-15.31,-12.78,-12.73,,-14.49,-18.52,-38.52,-15.71,-34.8,-26.03,-29.61,-26.17,-31.47,-34.2,-52.6,-29.27,-13.81
1932-06,8.96,-0.74,,19.24,5.78,-9.53,12.57,-26.75,-15.71,-5.04,,21.66,8.78,-5.09,-7.71,-4.42,4.38,-5.96,2.02,,-5.81,10.1,-7.46,8.52,10.13,,,-10.23,-3.45,6.13,1.44,-9.73,8.42,-19.49,-0.11,,-4.0,1.38,-56.27,-3.54,-2.19,-6.98,-0.41,-0.23,14.99,22.53,-8.12,2.66,-0.82
1932-07,91.32,28.36,,19.58,24.66,57.78,66.58,43.56,34.84,-21.02,,16.23,31.81,29.12,41.65,30.29,35.59,27.71,62.11,,43.67,55.47,44.58,41.15,47.43,,,46.1,56.2,33.5,29.4,16.68,11.73,32.76,23.97,,36.68,13.08,42.84,21.45,61.39,16.34,27.35,25.38,34.43,62.02,26.45,54.19,28.23
1932-08,22.46,24.3,,40.12,17.63,13.77,69.34,33.08,26.4,27.19,,25.57,37.99,36.35,98.4,61.98,34.56,60.93,59.07,,52.1,49.98,48.54,72.34,32.52,,,29.57,125.4,17.26,43.52,28.14,30.34,16.58,37.67,,62.65,25.39,299.97,43.23,65.37,71.05,33.07,24.47,29.98,39.49,47.64,67.22,24.11
1932-09,-18.96,-0.44,,-3.08,0.08,5.57,-10.81,4.24,0.21,1.25,,-2.01,-13.61,5.72,-24.03,-12.78,3.93,-8.23,-10.07,,-4.17,-6.04,5.74,26.23,0.98,,,-5.71,-5.93,-10.62,-4.68,0.28,-16.1,-2.85,-6.7,,-5.72,-1.04,-35.03,-3.03,-2.61,14.96,2.97,1.31,-1.51,-7.36,-8.39,-7.51,-4.84
1932-10,-19.39,-9.0,,-12.69,-14.0,-17.14,-26.35,-21.91,-10.96,-8.73,,-14.41,-19.35,-16.17,-15.81,-13.01,-14.62,-23.76,-15.84,,-22.4,-21.33,-24.64,-21.27,-21.3,,,-7.15,-21.26,-3.02,-10.85,-8.15,-17.59,-10.89,-15.67,,-30.55,-5.09,-0.02,-3.95,-19.63,-20.18,-12.56,-14.23,-3.12,-25.36,-10.15,-17.79,-6.05
1932-11,13.59,-7.5,,-5.28,-8.53,7.0,-11.34,-1.75,-5.35,-4.24,,-0.72,6.48,-1.73,-16.89,-9.65,-5.78,-7.98,-22.52,,-6.66,-9.4,-3.09,-10.04,-4.63,,,2.3,-19.45,-4.05,-3.64,-1.15,0.84,-4.62,-6.66,,3.06,-3.9,-0.02,-2.85,-9.59,-10.4,-5.56,-6.62,-15.0,9.53,-12.35,-3.3,-8.15
1932-12,13.98,6.85,,6.5,0.81,-22.01,-12.15,-13.71,1.57,-1.63,,-9.02,9.72,13.06,1.91,-6.89,2.14,-8.91,-8.32,,2.74,7.34,5.25,20.42,-3.84,,,-1.56,-7.26,0.33,9.14,3.67,-14.31,-1.8,3.81,,-1.87,12.26,-38.47,9.35,5.89,-10.08,5.11,3.65,3.92,5.75,-17.31,10.62,-4.99
1933-01,18.91,-0.32,,-15.52,11.4,-10.9,-24.89,-0.58,-7.36,10.57,,2.1,-1.63,4.15,7.54,-3.07,-1.62,4.02,2.63,,6.68,0.32,0.82,-1.79,21.32,,,-0.19,9.48,-3.28,-4.41,0.3,-3.84,8.15,2.21,,-3.19,6.84,-6.26,10.51,14.35,-6.31,-2.66,9.08,30.56,8.36,9.87,-2.73,-3.67
1933-02,-10.19,-9.62,,-11.56,-8.52,-9.14,-20.03,-19.82,-21.18,-4.47,,-18.53,-9.74,-16.43,-20.67,-6.43,-15.62,-26.52,-17.01,,-23.34,-22.41,-25.03,-26.99,-10.97,,,-8.15,-23.38,-12.99,-19.88,-7.74,-25.63,-12.97,-15.22,,-18.02,-12.79,-26.64,-12.75,-16.37,-7.77,-18.16,-18.21,-21.56,-22.83,-27.84,-19.32,-2.17
1933-03,28.07,11.07,,25.48,7.82,50.47,-19.23,15.59,11.55,8.83,,7.91,-4.86,5.0,13.6,2.51,13.8,-0.59,14.58,,23.88,7.13,9.57,9.34,15.35,,,8.72,9.63,3.59,-13.09,-6.24,-3.65,4.34,12.6,,2.67,3.85,81.78,6.71,6.94,0.03,8.83,0.65,6.39,-16.82,5.1,-7.65,-1.75
1933-04,42.54,32.61,,28.92,32.95,12.08,79.36,54.98,58.3,41.3,,22.02,39.42,46.55,83.9,52.87,39.88,37.11,83.8,,48.58,59.48,81.8,44.34,50.26,,,26.28,35.64,39.37,25.59,13.12,4.74,12.52,42.3,,50.21,24.3,-0.1,43.39,27.81,46.16,43.42,9.79,41.69,75.01,49.02,38.44,35.13
1933-05,13.27,11.01,,87.57,9.2,75.23,47.83,18.39,17.91,25.99,,11.91,25.25,28.79,46.92,39.41,42.37,60.58,23.3,,30.49,18.9,25.22,23.62,26.5,,,32.7,31.65,17.03,19.26,17.33,84.63,20.22,22.5,,48.94,19.96,229.96,14.14,32.55,57.45,16.62,24.85,25.28,30.32,46.79,25.1,45.29
1933-06,19.78,12.75,,35.15,4.79,30.86,18.04,34.06,6.33,2.42,,9.13,10.53,11.73,-1.51,20.42,22.11,12.01,10.91,,14.6,10.09,19.71,7.31,26.34,,,12.61,25.01,11.75,15.57,10.48,-6.32,8.19,18.95,,0.06,6.7,9.07,5.21,13.79,49.88,15.67,11.57,18.11,14.57,39.11,18.67,22.57
1933-07,-9.07,-8.11,,-14.99,-2.12,-26.87,-5.07,-24.41,-9.21,-4.35,,-12.48,-19.93,-9.2,-26.54,-15.7,-14.63,-19.51,-10.19,,-20.1,-11.38,-6.82,-13.41,-17.78,,,-8.81,-24.35,-11.63,-13.51,-4.38,-15.97,-7.45,-13.77,,11.18,-7.9,-4.19,-5.58,-4.5,-13.02,-13.42,-16.18,-18.58,-5.07,-26.34,-12.32,3.89
1933-08,19.4,8.03,,33.17,10.16,9.92,31.07,28.86,11.24,5.8,,-2.17,-0.22,21.01,45.54,10.89,15.1,6.61,11.55,,19.71,13.44,20.03,23.1,24.3,,,17.12,16.78,19.12,-1.27,4.5,14.91,-2.23,12.88,,8.44,9.84,-17.42,10.75,15.63,12.49,6.97,8.0,22.89,8.38,16.06,7.17,17.18
1933-09,-12.45,-8.47,,-5.82,-3.75,-10.38,-7.86,-25.73,-12.19,-12.09,,-2.15,-1.26,-7.76,-5.73,-10.24,-13.68,-30.18,-9.13,,-15.76,-19.32,-15.24,-20.16,-11.72,,,5.58,-20.26,-2.19,-19.78,-3.72,-16.59,-13.71,-14.74,,-9.58,-7.58,-17.56,-4.18,-20.14,-21.79,-8.51,-12.03,-2.87,-15.23,-21.46,-19.65,-12.75
1933-10,-1.37,-8.79,,-3.64,-11.61,-31.03,-11.36,-4.89,-6.47,-3.69,,-8.23,-5.76,-4.7,-15.16,-9.86,-6.6,-8.23,-12.92,,-5.38,-10.9,-10.27,-13.25,-13.66,,,-4.58,-17.88,-4.54,-7.53,-7.19,-10.76,-9.83,-6.08,,-12.8,-7.2,-36.18,-2.61,-12.66,-7.19,-7.64,-16.77,-11.59,-5.42,-9.08,-14.78,-5.67
1933-11,11.28,5.45,,-7.21,4.45,14.89,4.14,-3.94,7.51,9.64,,7.47,9.67,15.59,4.59,2.96,10.95,0.56,11.91,,13.36,12.19,25.7,17.44,10.18,,,0.03,8.02,14.84,-2.46,5.61,-1.18,5.07,18.49,,13.08,10.37,-3.35,10.66,6.38,7.37,14.74,6.29,5.5,0.61,11.08,7.82,9.63
1933-12,-6.72,-2.95,,-1.51,-4.93,-11.63,-3.72,2.27,-4.35,-1.8,,-21.48,-10.62,6.73,16.36,6.17,3.82,-2.67,5.27,,2.23,0.36,9.58,1.42,11.3,,,-1.19,-3.49,-1.18,1.04,-3.82,-15.88,0.93,1.26,,26.44,4.31,24.12,3.13,6.84,-16.01,4.84,0.29,11.76,0.23,10.72,2.34,5.67
1934-01,9.68,10.29,,15.3,6.48,28.58,15.81,26.49,10.42,16.09,,30.23,15.33,4.6,18.47,23.16,15.71,36.42,12.88,,18.59,17.28,13.04,50.81,13.0,,,2.23,26.0,8.34,20.49,5.92,66.45,12.88,12.74,,40.74,10.29,16.62,4.17,20.74,38.26,16.86,30.5,30.3,32.69,44.09,20.53,11.79
1934-02,-0.84,-7.14,,-12.47,-3.22,-1.16,10.22,-1.46,0.39,-3.48,,-7.54,-3.15,-2.73,1.88,1.31,-6.62,-6.7,-1.98,,-4.13,-8.21,-2.53,-19.27,-3.08,,,2.84,-0.05,-3.48,-1.77,2.1,-0.37,3.68,-4.5,,-3.0,1.24,2.36,2.16,-3.17,5.35,2.98,5.57,10.59,-2.3,-15.53,-4.3,6.51
1934-03,6.11,1.92,,2.82,-0.6,-2.93,5.05,10.95,-6.12,-1.97,,0.81,-0.83,-0.96,-2.5,0.8,-1.4,-3.87,-1.18,,-0.44,6.45,-0.37,1.56,0.04,,,4.65,-6.63,-1.23,-1.83,1.24,5.15,-3.45,-4.51,,-3.43,-3.37,30.21,-1.48,0.02,2.3,2.26,7.72,4.46,2.07,-2.33,-0.72,-1.4
1934-04,8.14,2.68,,-1.16,4.09,19.78,-4.87,9.7,-0.13,-1.56,,-0.84,8.99,-3.23,1.9,-2.41,-1.01,-7.64,-4.52,,-4.06,-4.42,-6.57,-8.69,0.82,,,-2.94,-1.8,-2.0,-3.77,-1.26,-0.77,5.57,-0.86,,-0.4,7.19,8.92,3.01,-1.4,2.24,-1.18,-6.16,2.53,3.04,-8.34,-2.74,-1.95
1934-05,-2.87,-4.4,,-17.59,1.41,-11.78,-2.11,-8.34,-6.08,-5.2,,-4.23,0.05,-7.06,-11.32,-12.1,-10.45,-15.02,-12.71,,-13.21,-8.13,-13.15,-9.26,-14.16,,,1.14,-9.07,-4.53,-7.8,-4.31,-7.93,-3.76,-7.85,,-10.93,2.81,-22.96,-7.64,-8.99,-9.38,-7.84,-13.65,-9.38,-5.81,-6.81,-8.7,-7.02
1934-06,3.5,3.71,,-2.83,5.15,-14.21,-13.48,-1.36,6.28,2.32,,1.51,2.07,4.4,-2.87,2.02,5.24,2.46,6.29,,2.49,1.4,-2.89,-5.46,-2.62,,,3.63,3.49,1.14,4.31,1.26,10.05,2.11,8.56,,5.52,3.04,-25.54,4.37,3.3,-3.05,2.57,-2.8,10.55,3.92,-7.6,4.12,8.1
1934-07,-7.76,-5.29,,-24.36,-0.88,-20.15,-25.16,-17.39,-8.87,-8.55,,-4.93,-1.61,-5.15,-8.83,-17.84,-16.31,-27.5,-16.27,,-18.3,-14.22,-14.35,-19.0,-16.47,,,-10.59,-23.13,-9.46,-17.27,-4.36,-23.83,-9.29,-12.77,,-13.53,-0.52,-20.01,-3.23,-19.55,-15.95,-8.1,-16.62,-8.3,-11.32,-26.6,-17.97,-5.83
1934-08,10.67,3.74,,14.27,3.62,2.63,22.68,3.38,7.54,1.78,,-3.06,-3.08,6.19,12.01,5.79,10.63,12.23,8.81,,10.64,7.16,11.19,8.17,0.03,,,9.9,8.52,6.06,2.02,2.55,8.06,-30.65,7.3,,14.45,2.83,24.99,4.96,3.09,9.74,4.59,8.2,9.51,0.84,8.57,5.15,6.13
1934-09,2.13,-2.05,,-1.77,2.64,-8.94,10.63,-0.78,-3.24,1.76,,4.59,0.44,0.8,0.35,4.3,-2.32,-0.27,-4.3,,2.65,-0.83,0.57,-6.49,-0.17,,,-3.61,4.01,-2.46,1.6,1.78,-7.1,0.4,-0.09,,2.97,1.0,-25.72,1.57,0.44,0.46,2.68,-2.53,0.18,2.42,-2.88,-4.58,-0.57
1934-10,-5.83,-0.43,,3.2,2.85,-7.79,-4.93,-1.55,6.2,2.62,,5.71,-1.34,0.35,5.44,-4.4,3.58,-15.01,-6.02,,1.81,-4.73,-2.5,-4.17,5.08,,,-6.53,-0.46,-4.78,-7.61,-1.45,2.59,46.62,6.51,,1.53,5.75,-0.01,1.46,-3.31,7.92,1.62,-3.32,8.15,9.04,-10.36,-2.71,2.87
1934-11,2.53,7.71,,20.08,9.04,27.44,13.12,18.38,12.15,6.49,,8.78,3.55,8.69,16.54,15.67,15.07,9.0,13.08,,21.72,15.57,17.69,29.56,17.27,,,-1.0,5.33,7.05,-0.3,-1.74,0.41,3.96,13.23,,16.28,6.39,115.37,7.9,5.74,11.66,9.67,10.5,13.34,12.95,17.1,4.65,14.92
1934-12,5.56,-0.58,,2.09,-2.91,-13.84,-0.32,0.77,0.64,3.42,,0.02,0.67,-0.34,2.98,-4.49,1.12,-10.7,4.15,,8.36,5.44,3.55,4.73,-0.61,,,2.3,1.16,0.66,-8.65,-0.61,20.41,-29.68,0.3,,-1.1,1.32,10.7,4.44,-0.31,3.46,-1.22,4.26,4.15,-1.94,2.4,0.92,-1.31
1935-01,-3.42,-0.03,,-8.3,-2.19,0.27,-7.75,-5.43,1.64,-0.96,,1.03,-1.07,-1.41,-7.57,-2.05,-3.0,-8.29,-5.77,,-0.84,2.65,-8.98,-5.6,-1.31,,,-5.5,-7.61,-4.32,-3.18,-0.47,-11.6,-6.35,-2.71,,-8.27,0.44,-22.59,1.31,-7.62,-10.69,-5.32,-5.05,1.08,-5.6,-5.58,-8.49,-5.47
1935-02,11.13,1.94,,1.7,0.77,-11.37,-4.5,-2.08,5.81,-1.03,,-0.08,4.76,-0.06,-3.17,-5.37,-3.67,-17.59,-6.8,,0.53,-2.26,-3.67,-7.69,-8.99,,,-1.18,-9.44,-3.28,-12.21,1.02,-9.39,2.95,2.05,,5.62,7.42,-33.35,5.86,-6.81,-2.36,-0.61,-2.93,3.37,0.6,-13.9,-5.65,-2.16
1935-03,2.04,-5.14,,-0.97,-5.93,-1.56,-4.7,-5.93,-6.94,-2.77,,-0.75,-3.41,-3.05,-7.58,-9.72,-7.13,4.05,-4.15,,-7.62,-6.17,-6.3,-6.89,-9.33,,,3.86,-11.25,-3.68,12.35,-0.73,-15.09,3.56,-2.33,,9.6,-0.12,3.11,-2.34,-9.27,-8.07,-4.32,-4.37,-1.65,-7.72,-13.93,0.63,-4.62
1935-04,4.88,4.41,,-3.72,9.01,2.66,10.12,8.85,5.89,4.59,,-4.98,4.04,8.72,8.18,6.14,10.66,18.08,14.28,,9.92,9.08,5.41,14.74,-7.9,,,9.12,8.21,15.61,11.14,9.12,15.94,6.09,8.81,,13.16,15.23,3.02,3.98,9.69,2.89,7.11,-3.77,3.44,8.2,13.61,7.54,8.03
1935-05,-1.0,0.41,,-1.63,2.17,8.56,12.71,2.45,-0.99,2.06,,4.01,-4.88,3.06,-4.71,1.45,3.16,11.69,-0.33,,2.85,3.69,2.71,-8.08,8.42,,,3.9,-7.24,3.67,13.76,8.37,-4.85,6.52,0.57,,2.34,1.08,82.34,2.57,2.51,-1.72,2.61,1.05,3.07,8.3,22.09,6.49,5.69
1935-06,2.18,7.16,,10.81,4.39,-9.44,9.91,-0.59,3.04,2.07,,5.94,3.87,6.23,2.09,7.35,8.12,2.77,2.76,,12.0,9.09,10.03,6.51,8.18,,,-0.17,4.65,1.44,9.12,5.31,3.4,6.9,7.55,,10.62,6.3,-6.46,10.56,7.58,0.95,6.34,4.51,6.17,9.39,-12.67,7.83,5.07
1935-07,-15.27,1.55,,2.09,7.58,-5.5,3.96,3.23,7.89,4.26,,-11.85,4.8,4.96,6.84,9.68,12.18,27.93,18.56,,15.55,14.09,18.64,13.74,16.6,,,0.05,6.72,0.04,9.22,5.73,37.83,75.7,1.84,,11.77,0.67,10.33,5.75,8.94,0.6,7.6,2.86,4.22,8.39,18.18,10.37,3.91
1935-08,-1.41,-3.66,,9.7,-0.11,25.76,12.84,-3.73,1.57,-1.0,,5.29,-0.22,5.11,5.15,1.19,0.96,10.62,6.52,,2.28,4.63,8.76,8.81,-7.68,,,5.6,2.26,-1.97,7.22,4.06,3.86,-37.34,1.04,,-1.64,0.16,-0.01,-2.99,1.02,13.2,2.93,5.49,3.19,-0.52,10.32,9.07,-0.2
1935-09,-5.17,1.66,,7.98,1.52,8.89,10.26,-1.03,0.24,0.14,,-2.0,1.39,7.01,10.48,15.54,3.07,-11.83,4.11,,5.85,8.4,10.92,5.25,-12.07,,,-0.05,-0.11,-3.4,-2.05,4.26,0.1,3.32,5.8,,9.43,6.62,49.99,2.49,1.04,3.28,-0.68,2.7,-1.93,1.93,-5.12,-2.8,2.71
1935-10,2.9,6.28,,16.06,1.57,2.01,3.73,9.41,0.51,3.21,,5.4,6.02,3.98,10.33,7.12,12.78,50.08,5.76,,8.22,8.05,13.66,-0.31,12.95,,,-0.91,-4.42,13.81,14.15,3.1,-0.17,56.82,13.54,,18.98,6.23,-25.01,4.38,-0.88,5.32,1.1,5.81,-6.38,4.09,29.16,17.54,6.1
1935-11,-0.62,2.27,,-2.44,-0.54,47.14,13.41,10.85,-3.07,2.25,,1.17,1.77,2.39,16.42,1.43,5.76,-5.6,7.33,,5.34,8.41,3.55,15.48,11.92,,,9.88,11.46,2.66,0.81,9.7,20.58,10.89,3.33,,8.0,-3.33,-15.4,0.77,14.68,11.78,2.56,16.5,4.85,1.5,17.23,19.37,7.98
1935-12,-1.77,4.61,,-1.41,-0.35,-6.26,2.27,0.98,4.71,2.37,,0.84,2.48,1.12,5.69,3.66,8.64,26.59,4.58,,3.77,4.47,6.25,22.39,5.77,,,7.18,-1.34,14.29,5.62,-0.15,-1.96,0.87,4.13,,3.36,-1.84,22.72,-4.32,3.03,0.41,-1.1,1.68,-2.74,2.51,26.75,9.18,0.58
1936-01,14.48,2.34,,-6.63,3.33,0.0,13.76,2.22,2.14,4.04,,4.82,3.33,5.45,-1.25,9.17,6.96,17.66,6.75,,8.28,7.4,4.09,3.14,13.79,,,10.24,8.22,14.17,12.53,4.16,-0.15,13.14,4.69,,23.23,1.03,40.11,-5.81,15.58,7.75,-3.32,18.52,4.65,2.45,11.83,8.05,0.11
1936-02,-3.79,3.15,,9.12,-3.3,16.26,1.83,-2.18,-1.16,4.34,,8.31,3.01,2.94,3.34,0.75,6.04,-5.99,10.44,,6.6,-0.89,3.96,4.01,9.66,,,2.96,8.99,1.12,-6.61,6.56,6.38,-2.74,5.2,,-1.76,1.73,3.95,-0.38,4.68,-2.57,0.9,6.24,-1.79,-1.55,1.27,-0.4,-5.68
1936-03,0.3,-1.43,,-0.74,-4.11,-1.36,-5.54,2.54,2.98,-1.38,,0.11,3.82,2.83,-0.43,1.58,-1.12,10.2,1.82,,7.77,-0.57,10.25,9.31,-7.28,,,-4.11,-6.01,1.74,0.63,-3.45,-2.32,0.31,-3.01,,1.94,5.77,-5.1,0.89,-3.16,-0.97,1.1,3.95,3.57,-4.91,-13.22,-3.65,1.7
1936-04,-4.43,-4.6,,-10.13,-2.57,-13.85,-11.84,-11.42,-10.46,-5.95,,-14.46,-8.74,-6.54,2.46,-11.16,-11.39,-11.29,-10.91,,-10.76,-9.42,-9.89,-14.97,-10.54,,,-5.48,-14.3,-10.19,-8.37,-5.65,-5.31,-5.66,-7.78,,-2.41,-6.86,-25.02,-1.83,-7.49,-11.87,-5.05,-11.39,6.01,-10.81,-25.38,-11.86,-9.23
1936-05,11.67,5.61,,-2.0,4.7,-3.75,-1.4,-0.99,-1.96,1.58,,3.88,4.86,6.4,11.68,3.0,4.43,11.0,6.6,,8.09,6.76,4.09,11.68,12.45,,,3.73,2.75,-0.64,9.51,6.44,18.08,3.75,0.63,,2.99,3.01,19.03,3.05,6.59,8.41,6.68,5.77,30.41,8.2,11.47,6.05,-2.53
1936-06,0.69,3.19,,-4.59,2.64,-2.09,3.96,-3.73,5.87,-0.53,,-2.49,1.57,3.67,-7.69,0.46,0.19,0.05,-1.15,,1.56,0.83,6.78,-6.17,1.84,,,-2.99,-2.06,1.75,3.59,2.4,7.46,-4.56,-0.91,,1.78,5.74,-7.03,0.42,2.04,2.99,5.36,1.45,-5.09,5.67,-0.18,8.28,-3.73
1936-07,8.29,1.87,,6.88,3.04,13.17,13.3,7.77,2.13,1.21,,-12.21,5.38,9.05,10.66,8.01,9.93,6.54,10.54,,1.46,14.49,5.03,17.96,6.34,,,5.68,8.3,4.69,11.58,2.43,29.19,-20.51,5.85,,13.11,6.34,29.02,-1.7,12.37,9.41,6.25,9.67,8.42,-2.52,1.09,8.38,-2.84
1936-08,-2.99,1.37,,8.81,-0.02,8.76,7.98,4.59,2.04,-1.91,,1.05,-1.6,-1.42,-4.69,0.82,1.8,-3.39,6.28,,1.04,4.23,-0.42,-1.94,7.47,,,2.48,5.01,-0.77,-1.04,1.74,6.56,5.62,-3.49,,4.65,-1.69,-2.52,-2.82,2.05,3.93,2.46,2.28,1.74,-0.57,7.37,-0.66,2.03
1936-09,-7.38,-0.92,,1.62,-0.79,28.95,2.94,2.79,2.86,0.44,,2.04,0.71,1.88,6.05,6.1,-0.43,-2.13,1.31,,4.04,-2.43,3.23,6.25,6.12,,,-2.58,4.5,0.99,-2.06,0.3,22.69,-0.42,6.4,,3.44,-3.57,2.13,1.97,0.77,3.52,2.55,8.55,9.05,-3.29,-9.38,-0.47,1.95
1936-10,5.88,4.19,,2.77,1.24,4.72,8.21,4.41,12.33,2.51,,4.12,3.74,5.58,-1.45,8.27,6.77,8.11,12.59,,8.13,6.58,5.2,-3.48,1.27,,,22.7,-0.38,12.38,5.71,5.07,19.52,0.75,5.01,,7.37,1.31,-4.62,3.79,6.61,7.01,11.41,4.88,-2.09,6.56,16.79,9.9,3.06
1936-11,6.89,4.35,,7.94,3.23,12.2,12.53,2.01,2.83,4.04,,5.45,3.28,4.79,7.56,11.7,8.3,22.76,4.65,,5.72,5.56,-0.99,7.54,7.58,,,2.97,4.15,1.44,-2.85,3.86,5.51,4.33,5.96,,2.22,5.38,11.39,3.12,-3.81,17.41,10.93,9.85,3.0,9.54,42.29,6.48,6.98
1936-12,0.25,-0.78,,-5.96,-2.87,3.34,4.34,-2.85,3.93,1.62,,-5.3,-1.93,-2.22,2.74,-0.8,1.01,16.78,4.51,,5.13,3.25,-7.39,2.59,9.71,,,1.59,0.0,9.2,-1.63,-0.42,-5.47,3.07,4.1,,-0.8,-1.95,25.2,-0.94,-2.11,-1.81,-8.32,-4.86,-5.84,-0.83,15.17,-1.71,5.36
1937-01,0.05,2.69,,1.46,2.64,1.52,3.42,3.02,12.51,0.43,,15.86,3.0,1.68,-5.34,5.01,8.14,4.57,6.2,,4.3,12.22,7.29,5.75,4.44,,,0.04,2.29,2.4,2.6,-0.86,7.61,0.64,0.92,,6.34,-4.01,2.51,-0.91,1.21,4.9,-0.03,0.85,-0.8,0.51,12.26,0.84,6.61
1937-02,-0.84,2.49,,6.65,-1.91,-0.84,1.12,-1.7,-2.09,1.7,,6.11,-4.16,-0.73,-2.51,-1.14,-2.87,-3.68,10.77,,-0.34,-2.34,-0.2,-0.19,0.3,,,11.83,0.25,1.34,-4.23,-3.08,8.68,3.94,2.59,,-1.19,0.8,13.48,-2.26,5.95,-4.03,3.03,4.66,-5.51,0.57,-4.83,2.22,6.66
1937-03,6.42,1.87,,4.11,-6.77,2.1,0.94,-6.75,-0.39,-2.24,,-5.12,-5.04,-2.26,-6.21,-4.56,0.46,-13.08,5.8,,-0.49,-4.88,-3.07,-3.52,-4.96,,,6.12,6.45,3.48,-6.33,-2.11,3.09,-7.24,-6.03,,5.5,-2.32,-9.2,3.56,5.17,3.79,-2.76,-4.46,-1.89,-6.53,-13.76,-3.75,-1.97
1937-04,-5.22,-7.5,,-9.1,-4.17,-15.38,-4.62,-11.27,-1.61,-3.35,,-2.01,-3.41,-4.67,-6.64,-8.48,-9.77,-10.13,-15.35,,-3.59,-7.7,-8.03,-14.25,-9.11,,,-15.55,-10.42,-5.28,-7.51,-5.28,-9.89,-10.01,-8.31,,-8.77,-6.13,-0.63,-7.39,-4.85,-10.15,-7.13,-12.5,-2.64,-6.61,-17.35,-8.82,-8.09
1937-05,-0.93,-0.26,,-0.32,-0.04,4.19,-0.91,-12.94,-3.56,-0.57,,-2.22,1.79,2.31,11.19,-3.24,1.87,-13.64,0.67,,1.08,-1.04,-2.24,-4.05,0.0,,,-1.44,-2.04,-0.26,-5.36,1.47,2.66,-2.83,0.88,,3.19,12.12,-2.11,0.8,-3.91,-1.04,-4.81,2.23,2.87,-0.52,-5.26,-7.03,0.12
1937-06,-4.86,-2.96,,-7.08,-1.82,-15.37,-7.72,-11.99,-4.35,-6.34,,-8.53,-3.97,-3.07,-3.06,-6.24,-7.58,-9.07,-2.25,,-3.43,-0.58,-10.72,-1.56,-9.09,,,-5.39,-9.83,-2.64,-5.3,1.39,-11.04,-4.44,-7.01,,-8.86,1.01,3.98,-5.12,-11.61,0.27,-1.49,-7.41,-4.26,0.68,-9.61,-6.46,-3.1
1937-07,0.44,3.67,,7.91,7.13,6.3,14.66,-0.14,8.72,6.56,,5.86,4.02,5.0,5.44,10.05,11.33,29.69,12.78,,9.73,9.57,12.94,10.86,3.87,,,9.91,2.62,8.45,19.3,3.24,-1.67,8.14,12.71,,16.56,4.32,3.94,10.12,4.35,8.09,10.47,5.87,4.16,7.01,19.6,25.86,2.65
1937-08,-7.5,-1.99,,-2.41,-2.21,-5.58,-2.23,-2.9,-5.55,-3.6,,-6.36,1.47,-2.75,8.13,-4.18,-4.54,-14.59,-5.75,,-4.21,-6.45,-2.56,-8.17,-5.78,,,-3.51,-0.56,-6.67,-10.22,-2.56,-1.64,-1.94,-3.05,,-2.66,3.31,-2.32,-2.53,-7.02,-4.06,-4.3,-4.4,-3.0,0.44,-9.22,-24.36,-0.9
1937-09,-4.48,-11.19,,-11.4,-3.9,-26.67,-15.54,-20.9,-13.55,-10.01,,-9.98,-10.89,-9.53,-16.71,-20.55,-19.65,-26.81,-24.84,,-15.66,-15.85,-12.78,-22.89,-25.02,,,-17.91,-16.83,-13.14,-11.8,-2.14,-20.42,-10.62,-12.18,,-21.35,-4.91,-25.4,-10.32,-16.19,-20.3,-14.04,-14.72,-10.99,-16.95,-25.24,-16.53,-18.05
1937-10,-9.96,-7.29,,-9.92,-4.43,-7.96,-10.73,-15.5,-7.03,-11.14,,-3.01,-3.59,-11.95,-5.02,-13.68,-14.15,-8.82,-17.24,,-17.1,-7.03,-13.24,-7.2,-14.23,,,3.34,-13.47,-6.92,-4.82,-5.38,-23.9,-5.97,-8.75,,-20.39,-4.02,-14.08,-5.87,-14.21,-6.77,-6.92,-6.02,-7.89,-4.4,-10.01,-9.51,-8.6
1937-11,-9.44,-5.06,,-3.27,-4.79,-17.54,-19.55,-12.97,-8.29,-12.99,,-7.52,-5.04,-9.74,-18.85,-15.34,-5.54,9.33,-8.44,,-12.85,-1.96,-16.08,-7.33,-4.82,,,-1.62,-10.4,-11.59,2.94,-3.61,-14.57,-4.46,-11.97,,-12.67,-8.66,3.59,-12.17,-7.15,-9.67,-14.66,-6.47,-9.75,-7.63,-0.02,-5.49,-7.04
1937-12,6.28,-3.02,,-7.4,-0.73,-8.39,-12.42,-9.18,-5.42,-3.78,,-20.2,-1.54,0.88,-13.26,-10.3,-9.43,18.12,-1.85,,-4.31,-3.33,-16.33,23.41,-0.81,,,-1.22,-11.05,-1.16,-10.73,-1.55,-17.86,-4.44,-5.26,,-1.89,6.29,-9.4,-13.56,-8.56,-17.02,-6.48,-9.38,-11.21,0.01,-19.08,-5.67,-13.36
1938-01,8.87,3.5,,-1.44,0.16,0.37,5.22,11.21,4.42,7.56,,5.39,3.44,-1.67,4.14,9.19,-6.23,-14.57,-0.88,,-3.03,-3.57,12.03,-5.04,-4.69,,,8.19,0.86,0.47,-5.72,-2.43,4.6,2.86,4.17,,-13.47,-0.93,-1.63,8.82,-2.08,5.73,6.09,0.65,3.04,2.12,-1.5,-3.09,-0.84
1938-02,2.87,4.51,,9.31,1.6,3.09,2.71,-0.89,3.84,2.22,,-0.97,9.0,7.82,5.83,5.96,12.52,5.68,7.57,,11.67,4.35,3.78,4.84,13.81,,,-2.65,1.78,9.54,3.63,-2.32,0.78,2.85,8.83,,21.15,-1.42,8.94,9.31,7.29,6.89,9.6,8.42,8.36,11.06,4.2,4.47,5.36
1938-03,-20.43,-16.23,,-24.67,-12.55,-32.03,-31.49,-27.8,-21.53,-17.75,,-20.87,-14.3,-22.57,-17.64,-25.99,-26.51,-35.76,-30.31,,-26.3,-30.98,-27.45,-22.89,-34.41,,,-24.14,-33.12,-25.43,-19.65,-17.66,-34.84,-8.6,-19.02,,-23.54,-21.4,-28.12,-18.12,-35.31,-23.93,-22.31,-23.7,-23.3,-29.85,-26.07,-26.14,-25.06
1938-04,18.81,13.1,,12.07,10.38,34.0,22.75,21.39,18.26,10.66,,17.65,11.62,6.9,5.35,12.22,21.72,33.22,16.22,,14.92,17.16,14.76,34.05,18.58,,,16.21,18.31,16.29,14.77,13.46,13.15,5.92,10.92,,14.08,20.89,23.15,11.85,11.89,13.81,16.39,15.84,14.36,21.12,15.73,17.51,16.63
1938-05,0.04,-0.32,,-3.24,1.64,-11.24,-7.29,-10.92,-1.83,-5.72,,0.94,1.73,-3.65,-8.34,-7.29,-9.5,-7.06,-10.75,,-9.36,-3.49,-6.95,-4.78,-8.73,,,-3.18,-8.56,-5.89,2.15,0.83,-2.02,32.0,-1.68,,-2.48,-2.2,-10.04,-1.54,-4.7,-4.14,-3.92,-2.44,-1.22,-1.5,1.05,-9.23,-8.62
1938-06,10.64,12.94,,18.01,11.36,32.45,31.08,31.87,14.13,14.77,,18.41,9.8,30.02,19.4,37.48,41.25,35.51,41.33,,34.26,31.05,36.02,13.51,39.37,,,19.27,28.91,21.98,16.95,12.57,46.97,7.9,17.96,,38.58,18.69,47.89,20.06,27.2,27.03,24.15,16.33,24.46,31.65,21.25,27.22,34.11
1938-07,-0.63,5.14,,11.71,7.7,5.07,4.02,12.17,9.52,12.82,,8.07,5.73,6.12,12.82,16.64,8.39,8.91,6.53,,5.11,4.78,20.41,9.93,7.84,,,9.63,10.49,7.34,0.68,1.29,20.69,11.55,13.3,,4.45,4.43,12.86,3.44,11.64,8.61,9.0,13.22,16.91,1.79,6.85,4.1,10.64
1938-08,-9.07,-4.47,,-4.98,-2.17,-7.53,3.37,-5.46,-0.49,-4.61,,-3.72,0.51,0.38,-9.87,-6.96,1.71,-9.37,-3.4,,-5.28,-0.45,5.77,-4.79,-7.69,,,-1.59,-5.4,-8.88,-5.53,0.28,3.75,-11.04,-3.59,,4.45,-3.25,-2.7,-4.39,-5.33,-5.45,-2.38,-3.37,0.63,-4.7,-10.02,-8.46,0.91
1938-09,4.35,-0.28,,-0.94,1.32,9.17,-1.34,-3.59,0.69,2.3,,-3.15,0.09,2.69,-0.95,-1.1,1.36,0.61,2.15,,0.81,2.22,0.63,-0.95,-2.55,,,-1.91,-4.29,0.85,1.23,0.9,-9.44,-0.7,-1.3,,-4.53,2.49,7.29,-0.29,-1.66,-0.03,0.09,-1.37,1.01,1.87,-1.41,-1.64,2.83
1938-10,4.76,5.23,,16.46,3.76,33.97,12.91,6.94,9.73,3.14,,14.79,5.3,6.86,2.18,9.47,8.51,67.39,14.04,,8.0,12.17,7.07,29.44,20.11,,,4.92,8.14,-1.5,21.08,3.55,7.72,9.83,5.91,,9.66,4.01,13.14,8.39,14.18,8.75,8.2,6.79,10.37,5.04,9.08,10.0,4.2
1938-11,-8.89,-2.58,,2.6,-1.15,0.1,-1.95,-6.76,-3.27,-5.2,,-0.06,1.55,-0.25,-0.49,-5.81,-3.93,-17.78,-0.81,,-4.44,-5.85,-1.51,7.42,0.86,,,-1.99,-2.91,-0.08,-6.96,0.71,-4.34,-6.18,0.69,,-7.22,-0.49,-3.13,-5.31,-1.87,4.81,-0.47,1.47,4.87,-0.14,-8.27,-8.77,5.75
1938-12,15.05,2.58,,-4.57,2.9,3.95,-0.75,-1.57,1.22,-0.02,,-1.7,0.95,5.67,-0.31,2.21,5.36,20.07,4.66,,3.71,2.99,2.2,13.45,15.46,,,1.72,0.62,4.98,3.95,2.58,-3.18,-1.9,2.49,,7.75,3.5,8.44,4.83,12.15,3.99,0.91,-0.95,-1.54,2.64,5.62,-1.14,12.7
1939-01,1.31,-2.0,,-8.92,-1.82,-14.54,-12.25,-0.55,-1.2,3.52,,-3.29,-0.87,-6.55,-4.99,-5.49,-10.78,-13.47,-12.89,,-9.58,-7.9,-8.39,-10.47,-12.28,,,-4.87,-10.48,-6.26,1.22,1.82,-8.93,-12.79,-6.08,,-13.36,-5.81,-14.46,-7.29,-11.24,-9.6,-2.99,-6.65,-7.36,-3.22,-10.0,-5.27,-11.66
1939-02,8.29,3.42,,8.65,-0.36,13.32,3.25,-2.75,2.23,3.17,,0.92,3.82,1.06,2.0,2.49,3.06,4.75,4.46,,6.39,3.85,7.4,3.22,5.22,,,-1.83,5.07,-1.24,8.78,3.52,8.61,5.92,1.39,,3.85,-1.3,2.06,0.93,8.0,1.21,6.26,5.59,5.86,2.52,-1.13,2.96,0.58
1939-03,-3.12,-5.67,,-14.43,-4.14,-14.67,-21.47,-19.74,-6.33,-7.1,,-4.75,-4.34,-8.1,-5.87,-14.86,-20.9,-36.22,-21.19,,-17.25,-17.93,-17.81,-20.21,-28.93,,,-9.49,-18.27,-8.26,-13.65,-2.3,-9.43,-21.45,-11.43,,-22.23,-3.08,-23.06,-11.27,-17.89,-10.93,-9.51,-14.46,-11.15,-10.02,-10.78,-13.94,-20.03
1939-04,6.49,1.23,,-1.96,-0.74,4.88,1.4,6.13,1.27,-0.57,,2.19,0.96,-1.72,-4.51,-1.61,-1.05,2.63,-2.92,,-1.0,-0.53,0.58,5.59,0.38,,,0.0,-1.06,-1.06,3.03,2.75,0.61,3.34,-4.13,,-0.64,-10.91,-6.38,0.42,-2.19,0.38,-0.15,1.0,-5.04,-0.58,0.27,-2.33,-1.18
1939-05,6.14,6.31,,6.31,4.03,24.69,13.55,6.74,6.33,2.72,,6.99,5.44,6.27,9.86,8.47,11.1,16.54,7.55,,9.19,7.18,8.15,8.47,9.89,,,2.27,6.24,2.54,6.59,5.55,5.13,9.56,6.62,,9.08,14.89,7.29,4.92,9.51,6.44,11.57,3.8,10.35,11.69,-2.09,5.95,10.55
1939-06,-2.07,-3.19,,-4.98,-0.1,-5.34,-11.91,-4.94,-1.03,0.53,,-4.63,1.26,-2.7,-0.68,-4.5,-9.12,-16.38,-9.89,,-8.78,-9.01,-6.58,-9.91,-11.07,,,-3.96,-10.17,-5.94,-3.56,-3.85,-10.5,-11.67,-6.81,,-15.24,-3.78,-15.08,-3.22,-9.7,1.68,-2.71,-5.67,-3.86,0.65,-23.86,-9.44,-11.37
1939-07,8.09,6.95,,4.25,3.79,19.48,16.66,7.99,8.88,7.73,,4.11,3.05,10.42,7.43,16.55,13.46,23.5,18.78,,11.25,16.25,17.15,11.85,14.53,,,10.75,10.45,2.9,12.72,6.51,20.22,3.28,11.32,,13.95,7.7,14.98,8.54,13.33,7.57,8.8,1.75,10.84,7.41,0.5,13.92,20.36
1939-08,-9.36,-7.37,,-9.19,-6.55,4.56,-16.65,-14.61,-5.81,-7.19,,-12.28,-5.23,-2.45,-1.88,-10.76,-11.9,-16.77,-8.62,,-10.47,-8.37,-7.0,-13.95,-8.71,,,-6.11,-6.0,-3.89,-6.03,-4.18,-23.22,-4.74,-11.87,,-15.27,-3.06,-11.65,-3.16,-11.14,-9.76,-7.24,-11.68,-9.48,-10.5,-7.3,-8.48,-8.37
1939-09,18.87,5.0,,3.66,-3.04,5.55,-15.41,37.96,4.83,25.25,,9.42,6.98,17.17,15.57,25.67,11.71,28.4,44.03,,35.05,18.49,24.4,38.69,63.36,,,13.61,92.57,25.04,3.59,2.35,5.74,21.79,2.2,,19.81,-5.45,22.24,25.51,41.54,4.3,1.55,2.0,5.24,10.67,11.43,24.97,-0.9
1939-10,-0.62,3.0,,5.01,5.81,26.62,14.93,-4.41,3.73,-3.52,,7.0,0.01,-3.06,-3.37,1.06,2.77,2.79,-4.82,,-5.27,-3.0,-1.91,13.29,-8.39,,,2.24,-10.2,-3.86,2.12,3.05,0.71,0.28,6.07,,-5.12,4.5,4.86,-3.65,-4.51,2.28,5.84,4.67,2.04,3.12,-11.16,-4.28,4.09
1939-11,-4.27,-0.63,,-3.65,1.76,5.11,-9.87,-20.02,-0.12,-0.73,,-2.0,1.32,-2.75,-4.24,-5.89,-4.71,-17.07,-9.66,,-7.62,-3.23,-3.34,-8.29,-13.79,,,-3.6,-21.36,-6.02,-1.5,0.97,-13.61,-7.62,-3.36,,-9.71,1.54,-5.66,-3.77,-7.04,-2.15,-2.32,-2.43,1.5,1.42,-0.39,-4.25,-2.45
1939-12,4.79,2.77,,-0.6,4.84,-4.15,4.11,6.21,4.11,-2.64,,-0.88,3.92,4.57,0.63,2.87,1.86,3.32,2.17,,5.78,4.69,3.95,8.53,3.22,,,-0.51,0.14,-0.09,2.95,2.89,-12.56,1.81,0.12,,0.15,2.07,8.46,5.47,3.23,-8.51,3.23,-1.23,2.52,8.7,1.8,-14.17,1.23
1940-01,-4.13,2.07,,1.63,2.32,6.63,0.73,1.05,3.3,1.2,,1.41,-1.88,-2.72,0.0,0.06,-1.31,-9.38,-9.43,,-6.16,-4.97,-4.28,-2.68,-12.45,,,-1.89,-4.19,-2.17,-0.05,-0.12,-0.47,2.8,-0.5,,-1.64,-3.82,-3.61,-0.26,-4.59,-2.33,-0.97,1.47,2.15,-0.26,9.75,-2.85,4.5
1940-02,-4.17,0.84,,2.89,1.81,9.04,-1.14,-0.44,1.5,1.06,,-0.59,1.56,2.68,5.62,0.12,-2.25,-3.0,5.31,,0.92,-0.07,2.23,2.97,0.89,,,0.23,5.16,0.92,-1.25,1.04,8.13,3.73,3.31,,-1.62,-5.76,2.05,3.18,1.46,4.1,2.48,3.06,0.32,0.53,-1.38,0.33,2.01
1940-03,1.79,2.43,,4.44,0.63,10.95,0.22,2.43,0.3,-1.59,,4.28,1.84,2.43,-2.1,1.38,1.21,1.89,0.69,,3.29,4.37,3.43,2.82,0.34,,,1.74,2.1,1.71,1.75,1.16,-2.73,3.46,-1.92,,3.14,1.17,-1.09,-0.58,3.24,4.98,3.05,6.75,1.89,-1.42,8.4,6.59,2.97
1940-04,3.77,1.59,,-0.83,2.15,-3.3,-7.97,2.19,1.37,2.93,,-0.13,-0.32,0.72,5.2,-2.01,-0.71,-6.12,0.7,,0.17,-2.24,-0.78,-0.21,-0.53,,,-1.25,1.81,0.16,-1.34,0.33,-1.67,1.61,-4.34,,5.69,3.63,16.37,6.3,-0.07,-2.02,-0.13,0.8,0.18,0.46,-22.54,-3.2,-1.46
1940-05,-19.37,-22.14,,-28.15,-17.8,-29.74,-32.27,-34.79,-22.61,-20.55,,-16.06,-21.41,-19.32,-22.64,-27.91,-29.1,-38.02,-22.6,,-23.94,-21.27,-26.23,-17.33,-24.03,,,-20.4,-28.23,-24.61,-19.99,-14.11,-28.68,-30.29,-20.25,,-24.44,-18.45,-36.02,-25.04,-23.74,-30.72,-24.41,-23.72,-29.55,-23.68,-27.25,-22.34,-33.69
1940-06,-3.01,5.33,,4.34,5.96,5.04,7.05,8.32,11.29,10.64,,-1.63,5.14,3.83,-3.44,7.29,6.04,36.91,4.0,,6.32,5.66,8.37,-10.63,10.49,,,0.64,15.4,5.6,17.47,8.76,0.64,4.24,-1.25,,-3.58,-4.55,2.03,6.87,12.41,12.26,9.07,4.55,1.26,12.59,0.0,9.33,11.37
1940-07,1.19,0.55,,10.23,-1.65,13.26,-0.2,3.94,4.7,-4.68,,0.46,-0.56,2.92,13.82,5.37,9.72,-3.81,4.22,,5.7,6.07,5.82,5.85,2.8,,,0.3,1.83,3.2,0.07,1.96,-4.62,8.04,2.66,,9.27,1.03,8.22,2.74,4.11,0.77,4.45,2.48,4.36,7.29,5.31,3.67,6.41
1940-08,1.1,1.13,,1.72,1.25,7.22,2.64,-3.31,-4.04,2.27,,-1.43,-2.3,2.69,5.62,5.2,5.18,-0.28,2.78,,1.57,2.6,7.37,6.22,1.54,,,1.13,3.18,1.42,-1.04,-0.35,16.14,0.67,2.83,,8.1,6.98,3.29,1.71,3.66,-1.08,2.98,-0.09,4.51,-1.32,-6.52,1.57,5.14
1940-09,6.16,1.88,,4.34,2.39,7.66,2.62,1.49,5.05,3.3,,2.59,4.68,3.23,2.0,6.07,4.02,1.96,5.55,,6.94,3.84,2.93,-0.15,8.53,,,5.94,6.78,-2.36,-2.19,1.67,11.3,2.4,8.03,,5.83,3.04,1.12,1.47,2.54,12.48,3.22,3.86,-1.01,1.39,58.71,-1.04,7.3
1940-10,3.51,-1.29,,-1.11,-3.24,4.35,10.88,6.05,-8.93,0.0,,1.95,-3.14,-0.57,0.0,4.01,2.28,12.43,12.83,,8.69,1.94,4.34,5.19,6.33,,,4.4,1.45,6.36,3.83,1.61,5.9,3.13,3.23,,9.69,3.38,1.1,-0.88,4.9,0.12,0.06,1.55,2.22,8.15,-4.8,11.94,-0.61
1940-11,2.1,-0.88,,7.33,-2.52,1.04,9.27,-1.36,0.21,-0.21,,1.86,-1.97,-5.11,5.2,-0.46,-2.4,-10.32,1.7,,0.32,-4.34,-0.65,2.89,1.46,,,6.98,-2.29,0.84,-13.11,0.6,8.26,-2.29,-2.29,,-7.69,4.73,-3.42,-3.92,-2.86,-6.42,-2.27,6.73,4.43,3.19,-28.99,-7.44,-0.96
1940-12,0.28,0.9,,-0.03,0.6,-4.29,9.81,-3.19,2.49,-0.17,,-0.29,-0.23,1.93,-1.94,-2.6,-1.84,-0.05,1.62,,0.89,0.07,-3.13,-0.64,1.66,,,0.08,13.74,2.23,1.77,2.05,-3.14,-0.36,2.63,,-4.03,-2.45,0.27,-0.44,1.02,-8.41,0.57,-3.29,-5.13,-2.04,18.33,-1.0,-3.04
1941-01,-7.79,-1.0,,-2.87,1.17,-2.83,-1.86,3.13,-2.38,3.98,,8.51,-2.51,-6.78,1.33,-2.45,-5.59,-9.9,-9.94,,-6.09,-2.69,-9.53,-6.74,-6.97,,,-2.01,-8.83,-2.05,-2.17,-2.09,-2.31,-0.7,-0.15,,1.99,-4.31,-4.51,-2.43,-1.49,1.35,-3.74,0.87,-0.61,-2.06,13.01,-1.77,3.84
1941-02,-0.43,-2.8,,-3.74,-2.32,-0.57,0.66,-0.69,-4.63,-2.94,,-3.32,-4.75,-2.38,-0.66,-0.98,-2.45,-3.79,-1.52,,-2.56,-0.23,1.53,-0.54,-2.67,,,-1.1,-1.8,-0.67,-1.18,-2.22,-8.83,-1.39,-0.52,,1.02,-0.74,-1.75,-0.94,0.11,-4.55,-2.51,-2.2,1.58,-2.53,-11.5,-2.71,-2.81
1941-03,2.32,2.24,,0.79,-2.77,6.62,1.01,4.74,4.74,0.4,,3.24,1.72,1.7,5.32,3.59,-1.92,-0.49,-0.56,,0.37,-0.8,-1.54,0.09,3.41,,,1.62,1.38,3.76,-3.35,1.76,3.32,0.0,3.27,,-2.07,3.45,-3.59,1.31,2.67,-1.13,1.2,3.02,-2.1,6.46,25.0,-0.91,-2.34
1941-04,-3.05,-4.12,,-8.7,-3.84,-10.16,-2.51,-2.63,-4.43,-1.75,,-1.42,-5.35,-3.76,-9.17,-8.1,-5.0,-13.99,-7.42,,-7.56,-9.31,-10.4,-4.77,-8.21,,,-6.2,-3.4,1.46,-9.62,-6.34,-1.09,-5.14,-7.33,,-1.66,-8.69,-12.69,-6.95,-2.89,-1.34,-5.34,-1.23,-7.68,-5.74,-28.39,-8.06,-8.49
1941-05,-4.64,-0.54,,6.03,-3.01,1.89,-5.11,-2.35,-1.54,-1.31,,3.03,-1.63,3.66,7.71,-0.61,-0.25,-0.66,6.03,,4.36,-0.96,0.38,4.42,8.41,,,3.02,-0.67,5.51,-4.47,0.4,-3.95,-0.56,3.68,,-0.6,-1.42,2.76,-1.82,-1.44,-3.13,2.36,0.58,-7.19,3.06,-3.91,1.96,-0.49
1941-06,10.79,3.83,,8.82,10.15,7.89,9.49,-3.16,12.06,3.13,,2.69,6.88,6.74,3.96,5.92,6.85,4.12,5.63,,6.05,11.83,3.63,5.22,6.07,,,6.0,17.65,5.1,3.9,5.03,18.54,5.82,5.52,,0.68,11.93,8.4,6.41,3.82,8.05,5.05,4.89,2.82,8.22,18.61,2.88,13.69
1941-07,8.23,6.18,,12.53,2.64,-6.19,15.4,4.97,4.31,8.42,,15.97,7.72,5.89,1.56,9.57,6.52,32.67,7.54,,8.53,0.25,4.65,9.55,5.7,,,7.57,22.83,10.92,5.3,-0.41,7.46,5.28,6.26,,7.72,4.16,16.05,8.79,6.73,18.97,4.55,5.51,3.52,11.59,12.32,10.17,6.0
1941-08,1.31,1.35,,11.28,-0.75,1.24,13.54,-2.46,0.73,-0.27,,-1.46,0.13,-0.61,0.3,-0.52,0.35,-5.41,-1.55,,-0.12,1.37,2.38,1.82,-2.88,,,0.1,-1.96,-3.48,-2.06,1.05,-1.88,-1.9,-1.96,,1.21,0.17,-0.28,-2.3,-0.68,2.19,2.39,1.99,-0.84,2.09,0.82,0.4,2.6
1941-09,4.41,2.83,,-1.13,0.45,-6.93,-0.1,-5.0,-1.48,0.56,,-0.49,-0.21,-2.1,-7.95,-0.81,-1.64,-11.69,-5.1,,-2.8,-2.03,3.91,-3.02,-5.32,,,-3.35,-5.88,-0.61,-2.86,0.24,-1.85,-0.24,1.13,,-2.14,3.05,-2.46,1.14,-3.6,-3.38,0.5,-2.53,0.3,1.64,-10.97,0.2,1.06
1941-10,-4.25,-4.66,,-1.33,-13.06,-11.56,-1.61,-9.52,-3.68,-3.86,,-2.5,-3.77,-6.35,-0.69,-4.16,-11.08,-10.48,-5.82,,-7.35,-12.42,-7.88,-4.0,-7.99,,,-7.49,-5.99,2.28,-9.73,-2.72,-5.14,-7.52,-2.81,,-6.27,-6.91,-7.62,-6.38,-2.63,-8.77,-5.2,-2.27,-6.0,-5.07,-20.69,-6.75,-3.41
1941-11,5.73,-1.18,,0.67,-9.72,9.19,2.18,-5.56,-3.91,-1.05,,-0.56,-3.05,0.6,6.06,-2.92,-0.5,2.01,-2.29,,-3.1,-2.36,-3.49,1.61,-3.74,,,0.62,-1.79,3.19,-6.73,-4.03,-8.78,-3.59,-1.2,,-10.15,-0.66,-6.76,-8.58,-2.24,0.49,-4.64,-1.63,-1.8,-3.55,-20.66,-2.27,-4.58
1941-12,-1.08,-5.54,,-6.39,-0.96,-24.64,-1.99,-15.56,-6.9,-1.02,,-8.31,-1.35,0.78,-17.82,-7.13,0.14,-13.65,6.84,,0.87,0.49,-12.94,0.25,2.46,,,-2.38,-4.03,-11.2,-7.52,-8.64,-24.93,-15.73,-6.37,,-1.35,6.29,-0.93,-13.3,-5.89,-5.63,-9.92,-6.68,-16.91,0.55,3.29,-1.01,-10.17
1942-01,-9.89,0.46,,5.64,6.78,4.93,5.32,16.53,-3.65,10.77,,9.41,-3.48,-8.02,9.56,6.88,2.88,3.82,0.25,,4.21,2.48,6.39,-6.5,4.93,,,6.06,3.34,-1.7,4.03,-1.39,22.61,13.84,-1.39,,9.95,-3.64,4.41,6.6,12.33,1.78,0.56,3.38,9.85,-5.3,6.55,10.65,10.88
1942-02,-17.74,-5.82,,-1.7,-4.33,-4.7,1.31,4.81,-4.7,-2.14,,-1.3,-5.59,-4.98,2.7,-0.75,-1.31,-4.74,-0.5,,-2.59,-2.83,5.44,1.17,-1.01,,,-2.11,-0.66,-5.92,-2.49,-0.58,4.04,-3.93,-2.07,,4.28,-2.08,-2.05,-0.8,-2.66,4.23,-2.05,-0.18,1.75,-1.53,1.09,-0.28,-4.04
1942-03,3.86,-8.1,,-4.72,-13.21,-8.09,-4.12,1.1,-2.23,-2.61,,1.95,-5.87,-8.21,-4.56,-3.55,-3.81,-7.74,-4.54,,-6.32,-6.4,1.46,-1.89,-4.54,,,-11.22,-3.18,-8.32,-12.21,-6.96,-4.85,-2.26,-2.62,,1.77,-9.51,-5.11,-4.65,-9.6,-1.19,-7.26,-1.7,-3.72,-9.73,-0.81,-6.87,-3.87
1942-04,-6.55,-2.11,,-6.81,-5.43,-7.7,-5.58,-6.89,1.64,-9.71,,-2.92,-4.52,-1.87,3.96,-5.89,-4.08,-4.6,-7.37,,-4.99,-4.01,-4.18,-11.41,-8.85,,,-4.5,-6.95,-3.55,-3.47,-7.33,-2.71,0.29,-0.29,,-4.45,-4.73,-6.87,-3.21,-0.95,-7.41,-5.93,-3.77,1.49,-5.97,-2.01,-1.26,-1.64
1942-05,4.57,7.84,,9.83,13.15,11.28,9.34,1.89,0.6,2.32,,2.01,15.33,4.65,0.67,6.67,5.9,6.41,-2.96,,3.91,8.4,10.45,-4.5,-2.38,,,5.07,-0.71,6.87,8.36,7.69,5.77,4.45,4.53,,6.66,8.53,1.84,4.94,0.85,5.01,12.06,0.56,11.03,11.14,2.17,2.19,4.57
1942-06,0.43,4.74,,2.77,2.1,8.72,3.02,6.32,3.91,2.95,,3.75,2.8,4.93,0.76,1.76,2.31,2.87,3.46,,3.64,2.84,1.58,0.97,-2.56,,,3.89,1.51,4.44,1.64,-2.33,-2.79,5.67,8.73,,-0.36,8.55,3.9,2.52,1.16,1.29,2.55,1.17,1.66,1.75,-0.5,1.86,2.54
1942-07,4.97,1.69,,7.32,1.93,2.48,9.23,5.98,4.68,3.77,,6.11,1.4,0.97,10.74,5.56,3.54,4.49,3.77,,3.23,1.3,2.32,4.45,6.45,,,4.84,6.79,6.02,-0.5,4.45,-0.17,3.68,3.82,,7.72,1.32,5.56,-0.55,7.34,10.74,4.71,12.18,5.42,6.03,0.35,5.12,1.46
1942-08,-0.54,1.85,,7.37,-2.45,3.89,-0.12,1.24,0.9,1.27,,14.32,1.93,0.96,2.05,2.88,-0.15,-5.01,1.37,,-0.24,1.78,2.61,5.81,4.13,,,-0.2,0.43,3.56,0.78,2.46,-1.19,4.86,1.55,,4.13,-4.42,-1.81,1.54,3.69,2.78,1.66,2.87,2.82,-0.24,-4.5,2.35,-0.95
1942-09,-1.31,0.85,,4.92,-3.55,-3.4,4.14,4.96,1.77,1.74,,0.6,0.21,4.71,7.61,3.6,3.3,12.54,1.41,,3.57,5.28,2.83,4.48,2.52,,,1.09,4.87,2.32,5.83,2.04,8.23,-0.95,0.84,,6.84,8.11,2.16,0.77,4.23,1.78,0.59,1.65,2.13,2.37,9.68,1.92,5.1
1942-10,3.68,4.47,,-0.67,5.42,7.43,6.74,28.82,7.03,2.26,,9.23,3.88,6.6,2.87,5.6,6.25,19.39,6.78,,7.49,7.07,6.04,7.15,7.31,,,9.85,5.76,9.63,15.16,6.16,7.61,4.53,6.16,,10.66,2.49,7.42,4.94,8.63,4.34,0.41,4.74,2.65,5.36,-10.98,21.75,0.3
1942-11,12.1,4.29,,0.19,-1.31,-3.73,-1.72,0.03,-0.9,-1.74,,0.98,1.57,0.63,2.79,3.17,2.32,3.1,-7.09,,-1.24,0.93,-0.42,-10.83,-7.71,,,-2.18,-7.28,0.96,-1.35,2.6,9.22,0.36,3.83,,2.77,4.7,1.22,0.77,-3.76,1.87,6.79,4.25,13.04,-0.59,4.42,-6.65,7.04
1942-12,7.78,3.34,,4.87,6.24,0.95,7.96,5.97,-0.45,7.94,,5.28,8.84,6.07,5.7,5.76,6.67,5.76,3.67,,8.16,6.68,8.96,1.73,5.23,,,5.41,1.51,7.55,4.33,0.32,2.78,-1.29,5.24,,7.17,4.68,21.75,2.63,3.52,9.33,2.65,-2.8,1.4,7.62,-9.37,9.03,2.13
1943-01,2.07,8.69,,7.46,12.24,12.59,1.83,21.45,6.61,6.63,,15.11,1.88,4.56,10.81,8.91,6.25,23.02,9.4,,5.45,11.89,5.08,10.3,12.36,,,8.47,10.52,6.34,14.7,3.75,9.54,12.08,7.01,,4.19,4.32,4.02,12.06,7.23,4.03,6.85,15.34,2.78,-0.72,23.7,16.6,8.76
1943-02,0.94,4.37,,5.54,0.3,12.05,11.27,22.08,8.71,7.5,,-2.23,3.91,2.26,8.11,7.3,7.09,22.87,5.92,,7.88,4.61,7.78,8.2,10.51,,,4.76,11.37,7.87,7.93,8.78,5.25,14.71,5.14,,3.1,-3.24,4.26,3.98,10.59,11.46,2.84,4.14,6.56,4.59,58.74,14.09,0.55
1943-03,-1.42,4.55,,9.63,2.95,10.91,25.25,11.2,2.54,4.99,,14.42,4.07,2.6,3.03,10.1,7.12,8.08,8.35,,7.03,7.52,5.94,9.46,10.99,,,8.78,15.17,6.91,4.67,0.61,33.08,14.1,5.93,,13.79,7.46,8.45,4.53,9.2,12.58,8.54,9.31,11.65,5.28,-9.6,10.61,6.54
1943-04,-7.99,1.21,,9.73,1.1,-4.26,1.62,20.6,1.05,-2.14,,9.51,0.95,-0.83,9.38,1.03,-1.44,5.47,-4.05,,-0.86,1.33,0.87,1.07,-2.91,,,-1.56,12.56,0.82,4.0,4.13,1.54,1.15,-0.45,,7.87,0.75,-3.86,-0.65,3.42,7.73,1.58,8.57,-3.43,4.41,-0.87,5.06,0.32
1943-05,16.08,6.37,,3.19,6.32,7.71,11.91,24.99,4.67,4.37,,8.39,5.84,6.86,6.77,2.49,7.05,5.09,3.34,,3.3,6.11,6.26,1.06,15.48,,,1.5,3.93,5.7,4.53,4.55,15.53,8.25,9.13,,4.27,4.6,15.57,5.58,4.93,3.7,7.64,4.51,15.35,-0.99,33.43,6.69,7.83
1943-06,6.58,1.06,,4.16,1.93,-0.38,0.15,-4.87,-0.08,4.86,,1.03,-0.79,0.09,-2.18,6.37,4.58,-0.61,-0.86,,4.92,3.31,5.07,-3.38,-1.62,,,-3.91,-6.69,1.25,4.17,2.25,9.5,2.91,2.44,,0.76,-1.66,1.49,3.34,-0.48,15.49,5.34,1.93,1.19,3.72,-0.77,-2.95,0.98
1943-07,-8.92,0.38,,-6.69,-3.97,-2.11,-6.73,-9.0,-3.22,0.38,,-8.97,-3.02,-6.57,,-8.25,-8.15,-12.98,-5.28,,-8.0,-8.69,-9.59,-12.25,-12.96,,,-2.63,-10.2,-2.82,-0.53,-0.21,10.93,-5.24,-4.87,,-11.37,-2.29,-5.96,-5.45,-5.91,-9.43,-3.14,4.14,-2.39,-4.0,-12.38,-6.33,-7.85
1943-08,3.28,0.36,,2.8,1.02,0.68,1.62,11.04,0.92,-0.9,,-2.17,0.36,0.63,,3.68,0.33,-1.55,0.23,,1.89,0.73,3.67,-0.9,1.06,,,1.46,2.61,1.04,1.81,0.88,15.58,-2.11,2.34,,2.08,-2.81,1.31,-1.59,1.47,2.57,3.8,-0.55,0.53,4.39,-1.13,-0.29,5.57
1943-09,3.98,1.86,,0.93,2.16,1.4,3.19,3.28,5.27,1.85,,7.04,3.83,2.37,,5.3,5.34,3.15,1.69,,2.4,5.73,1.66,0.34,1.48,,,0.8,4.28,1.35,3.84,1.42,-4.11,5.25,3.3,,5.97,4.13,-1.53,5.52,2.52,5.53,2.08,0.08,2.79,1.0,-3.75,0.79,2.79
1943-10,-1.15,-0.25,,13.57,-2.14,-6.02,-2.89,-0.53,-1.11,-2.03,,1.85,0.49,-2.22,,-0.43,-2.1,3.4,1.06,,-1.25,-4.07,-1.32,-0.69,3.78,,,-3.5,0.28,-2.11,0.54,0.7,-2.58,-0.34,-2.46,,-0.1,-1.95,-1.36,0.44,-0.33,2.23,-2.62,1.22,-2.08,-1.08,6.79,0.21,-0.39
1943-11,-3.56,-4.3,,-1.88,-6.19,-9.39,-9.86,-15.6,-2.73,-1.91,,-3.62,-3.99,-5.04,,-4.89,-5.71,-10.74,-7.3,,-7.29,-6.9,-5.74,-13.32,-7.97,,,-4.31,-11.93,-6.95,-8.43,-1.77,-3.13,-5.72,-5.25,,-7.71,-5.28,-7.09,-6.99,-9.13,-8.75,-4.46,-2.75,-3.29,-11.84,-9.29,-8.86,-4.95
1943-12,8.44,5.24,,12.45,6.18,14.26,11.11,16.72,5.1,3.77,,13.39,3.4,3.25,,8.26,7.04,6.87,4.2,,11.49,8.02,8.43,9.23,13.75,,,3.59,9.98,7.31,7.4,3.12,10.49,7.91,6.91,,14.23,7.95,6.21,6.65,7.23,11.1,6.84,2.61,6.45,12.25,19.23,7.9,5.48
1944-01,4.87,3.22,,1.16,6.63,8.79,1.6,0.96,2.2,2.5,,0.54,0.24,0.35,,3.44,2.55,8.32,3.11,,2.02,0.81,0.83,3.68,5.42,,,3.46,5.73,0.39,-0.35,0.83,13.85,4.92,1.03,,-0.65,-0.65,1.07,2.8,6.28,-0.4,0.73,2.19,2.86,-4.95,3.04,2.36,1.93
1944-02,-0.93,-0.18,,-5.44,-1.23,2.67,-1.05,-2.38,-2.69,2.28,,-3.52,-2.63,-0.78,,0.83,-1.82,-2.4,0.01,,-0.3,-3.02,3.69,3.28,0.68,,,-0.93,4.62,0.03,1.48,0.85,8.98,1.16,-1.59,,0.77,0.98,-0.87,-0.31,3.89,1.83,0.97,2.0,-1.18,-0.38,-11.11,2.44,0.51
1944-03,-0.77,2.31,,13.08,2.37,-2.02,6.69,7.14,1.21,1.56,,3.24,2.39,2.49,,5.6,3.8,1.79,1.42,,1.44,3.3,5.22,-0.59,1.09,,,0.03,6.62,1.8,1.76,0.72,-3.45,2.76,5.74,,8.31,3.31,2.98,3.96,2.48,4.82,2.12,7.34,4.9,3.47,11.24,1.88,0.45
1944-04,-0.92,-2.64,,-3.55,-0.64,-3.77,-4.02,-4.94,-1.76,-1.8,,-2.46,-2.39,-1.81,,0.34,-0.64,-6.07,-2.25,,-2.88,-1.25,-1.23,-4.58,-3.43,,,-2.82,-4.64,-1.36,-0.91,-0.6,-3.53,-0.81,-1.24,,-3.8,-5.58,5.99,-1.58,-2.03,-5.01,-0.88,-2.85,-4.81,-1.15,-2.59,-2.08,-2.94
1944-05,7.62,5.14,,4.53,5.19,11.28,6.23,13.81,6.44,3.61,,5.04,5.69,4.14,,6.39,6.61,6.07,4.45,,7.31,3.19,8.19,2.49,9.26,,,2.32,8.98,4.92,2.75,2.78,7.14,6.09,3.36,,10.95,4.57,9.85,8.7,4.56,8.7,4.96,3.91,4.2,1.94,5.01,4.14,10.84
1944-06,4.74,4.68,,-5.06,8.27,14.44,9.54,26.08,5.22,6.4,,3.82,3.82,5.71,,10.29,9.4,26.45,9.67,,7.15,8.4,8.76,7.85,7.08,,,10.17,3.13,0.48,4.89,3.24,11.39,10.62,7.08,,4.73,3.94,4.67,4.72,3.53,1.88,5.83,10.95,8.12,0.75,11.87,12.54,8.29
1944-07,-2.12,0.21,,0.29,-0.54,-7.9,-4.28,-3.2,-0.75,-0.9,,1.42,-1.42,-2.35,-4.68,-3.39,-2.69,-7.19,-2.1,,-1.81,-1.8,-4.81,-2.11,0.02,,,-2.43,6.58,-1.33,0.17,-0.4,7.48,1.22,-1.17,,-3.65,-2.53,-4.91,-0.2,0.28,1.17,-0.17,-0.76,0.94,1.08,-7.48,-5.12,-3.87
1944-08,3.48,2.04,,0.44,2.56,9.73,-1.19,16.26,1.81,2.23,,-3.7,0.98,0.64,4.86,5.64,3.6,8.1,1.83,,3.64,1.71,3.72,5.19,4.86,,,-1.16,-2.83,-1.97,3.63,0.64,0.42,3.46,3.97,,3.1,0.57,4.77,2.51,0.3,1.91,3.17,2.11,1.84,0.94,15.58,2.13,5.31
1944-09,3.98,0.97,,2.16,-4.63,-3.95,1.66,-1.92,1.29,1.68,,3.43,0.25,0.08,-2.18,-0.26,-1.34,-0.41,1.13,,-0.14,-0.72,0.44,9.92,1.83,,,0.18,-3.3,-1.38,-1.54,0.26,-3.28,-0.44,-0.5,,-0.25,-0.62,-3.1,-1.01,-0.1,7.98,1.57,3.07,0.68,1.09,-4.9,-1.45,-0.95
1944-10,-1.84,0.19,,0.75,-0.35,-4.12,-0.94,-3.44,-0.65,0.0,,-1.85,1.23,0.41,3.38,0.62,-1.33,-0.21,-0.29,,-1.67,0.86,-2.54,1.39,-1.84,,,-0.89,-0.03,1.86,1.31,0.73,4.72,-0.08,-1.57,,3.03,2.71,-6.09,-0.45,1.47,2.12,0.35,-0.77,-2.47,5.38,1.94,-0.65,-2.92
1944-11,-2.83,1.6,,7.26,-0.26,12.17,7.32,5.08,-0.33,-1.01,,4.93,0.25,-0.7,3.96,4.06,1.45,3.26,1.07,,1.93,1.59,2.28,3.12,4.22,,,4.99,1.59,2.62,-0.43,0.66,4.47,1.39,1.66,,4.53,0.71,1.74,1.31,4.96,1.94,2.75,4.8,-1.02,-0.28,-4.59,3.25,1.25
1944-12,6.14,2.12,,2.98,0.49,11.52,7.87,-0.94,4.12,1.43,,5.7,1.46,2.04,6.52,3.68,3.76,12.18,6.99,,4.55,4.98,4.15,5.82,6.47,,,3.74,13.32,5.04,3.1,0.69,1.4,3.89,2.62,,1.63,5.77,4.1,2.05,11.29,4.62,1.98,5.98,0.17,-2.34,31.33,7.35,7.73
1945-01,2.49,2.71,,2.45,2.48,-2.49,-3.33,8.86,1.82,0.19,,9.09,0.03,2.5,5.39,3.36,4.94,5.61,2.58,,3.42,0.77,1.42,0.35,0.66,,,7.58,0.47,4.94,5.66,-2.15,8.91,8.83,1.55,,4.28,-1.72,3.21,3.21,-1.3,0.04,-0.08,6.12,5.51,2.66,11.56,1.89,0.58
1945-02,1.64,2.47,,9.31,6.52,12.1,6.26,5.02,4.42,5.09,,1.31,4.41,5.55,1.0,4.38,7.52,15.38,9.08,,5.55,7.81,7.82,9.3,8.56,,,6.16,3.0,7.35,6.1,2.82,0.56,7.95,5.2,,3.26,2.55,5.98,6.13,8.6,5.23,4.49,4.95,2.85,8.23,1.42,12.07,3.4
1945-03,0.41,-2.99,,-1.56,-3.54,-2.75,-3.6,-9.83,-4.58,-3.03,,-2.02,-1.84,-3.47,-1.39,-3.97,-4.92,-13.91,-5.48,,-5.19,-4.06,-6.25,-7.45,-4.46,,,-5.05,-5.71,-5.27,-3.13,-0.13,-3.19,-8.57,-4.37,,-7.22,-1.43,-6.85,-4.52,-3.06,-5.25,-1.15,-5.72,0.03,-3.85,-7.75,-7.62,-5.98
1945-04,7.65,5.63,,15.71,7.68,8.85,3.66,22.21,3.71,5.31,,5.26,6.37,8.18,8.3,8.53,7.96,11.88,9.44,,10.66,9.03,10.99,5.25,7.23,,,6.14,6.23,6.88,10.09,2.48,-4.12,9.37,6.01,,11.54,4.24,7.02,8.06,10.74,5.51,7.26,5.6,5.52,6.84,1.95,6.55,11.13
1945-05,1.69,2.29,,-0.62,2.42,-4.75,7.56,0.43,7.03,4.44,,0.9,4.29,-0.25,-1.3,4.35,2.2,-1.38,-0.47,,0.91,1.66,0.52,2.44,-0.96,,,2.24,7.58,-0.98,1.86,3.73,-2.77,9.61,5.75,,-1.16,-1.26,3.23,5.23,3.43,5.37,6.26,9.07,-0.52,1.5,2.54,1.97,0.29
1945-06,0.05,-0.07,,6.42,0.33,-2.75,-0.74,14.41,-2.64,0.66,,-0.61,-4.92,-2.44,-6.25,4.76,-1.73,12.03,2.12,,-0.68,-2.3,-1.36,13.54,1.25,,,2.03,4.73,-0.58,5.14,2.63,3.38,0.91,-1.52,,-0.97,-0.36,1.65,-2.94,5.81,6.98,-3.53,-5.19,2.15,-4.89,1.12,9.38,-2.55
1945-07,3.31,-1.47,,-7.95,-0.22,-5.98,-4.23,-1.5,-2.11,-0.71,,-1.43,-1.68,-2.57,0.67,-4.68,-2.7,-3.97,-2.41,,-3.57,-1.28,-1.4,-7.64,-3.25,,,-4.35,-1.58,-3.28,-0.37,2.15,0.15,-2.13,-1.68,,-2.52,-4.33,-6.73,-1.65,-6.58,-1.23,-0.07,-0.14,-4.03,1.5,0.34,-4.93,-5.19
1945-08,4.27,6.41,,4.99,10.73,13.56,8.44,14.77,7.04,5.31,,1.84,10.05,9.45,1.73,13.68,11.92,7.39,6.75,,8.87,10.92,9.84,3.26,10.68,,,2.3,-3.95,2.27,1.0,1.71,4.4,6.95,6.66,,7.9,6.98,9.39,9.51,-0.02,7.74,8.36,2.48,17.85,2.57,1.15,3.55,15.28
1945-09,0.98,7.96,,14.77,1.23,7.79,9.54,12.7,1.57,3.68,,9.73,6.13,6.69,6.52,8.52,7.26,14.28,8.0,,4.44,2.16,2.61,4.25,3.82,,,5.69,10.69,1.87,6.56,1.87,14.13,9.75,3.42,,9.88,9.16,10.93,4.64,6.87,2.87,5.56,17.82,-2.71,2.55,28.65,5.38,7.46
1945-10,4.75,6.56,,39.19,0.3,11.77,12.03,15.18,5.44,6.6,,4.21,6.84,-0.38,0.29,1.54,0.26,4.61,4.77,,2.67,-2.04,0.57,5.5,1.92,,,6.8,6.4,6.27,6.16,2.33,3.86,4.28,4.89,,3.67,10.74,1.1,3.37,4.26,3.94,6.11,2.75,-2.02,5.27,7.33,17.58,-0.61
1945-11,-0.64,3.46,,4.11,2.98,6.8,17.64,-3.15,3.62,4.02,,13.33,8.05,3.2,7.12,12.65,3.92,28.57,6.78,,6.47,2.36,2.46,7.59,4.23,,,12.49,5.39,8.4,4.79,3.37,17.58,12.35,6.53,,2.17,0.23,8.54,4.13,8.41,8.93,6.63,12.71,1.79,0.39,14.98,8.83,-0.49
1945-12,0.1,0.0,,19.45,-1.94,-4.58,6.31,-0.09,3.7,0.8,,5.33,1.07,2.27,1.82,3.58,1.48,-5.96,0.42,,0.77,2.73,2.13,4.56,3.67,,,-3.31,3.08,-0.31,-1.12,0.45,4.25,-1.23,0.87,,-0.45,4.53,-0.04,0.71,-1.31,2.41,3.33,12.76,3.58,2.07,12.04,5.87,2.34
1946-01,2.8,5.56,,0.48,0.56,9.92,14.27,11.17,4.48,14.52,,9.78,7.48,5.42,9.67,8.77,8.35,15.03,13.36,,5.57,6.26,7.09,8.87,8.61,,,7.33,9.74,-0.18,10.9,1.88,-1.79,3.09,4.08,,3.81,10.3,9.89,2.18,6.13,15.23,10.94,1.55,3.68,8.9,27.48,9.5,3.51
1946-02,-3.12,-3.96,,-6.57,-5.25,-9.62,-0.1,-5.77,-8.52,-8.55,,-5.71,-4.18,-4.44,-3.06,-5.84,-2.74,-12.39,-7.65,,-8.06,-7.84,-9.03,-6.88,-7.77,,,-4.31,-0.99,-4.75,-5.77,-2.85,-0.81,-6.99,-2.63,,-4.41,-10.75,-5.39,-6.15,-7.12,-6.84,-4.2,-0.51,-4.08,-7.76,-9.82,-10.02,-5.09
1946-03,14.4,4.37,,8.88,8.54,5.31,12.74,2.33,7.04,6.88,,4.52,15.75,7.18,6.58,7.98,5.86,3.31,3.52,,4.99,-0.64,1.95,0.05,2.7,,,-0.63,-1.47,11.14,6.26,1.14,1.53,9.69,5.06,,12.32,10.45,8.58,8.72,3.85,6.18,11.87,4.22,6.51,3.45,3.13,5.79,7.66
1946-04,13.66,1.71,,0.22,3.86,16.48,8.9,15.25,6.57,4.65,,10.98,15.04,5.6,-0.84,8.7,4.77,8.12,3.88,,3.7,-1.06,1.36,-6.76,3.47,,,4.23,5.65,8.77,4.31,1.56,21.63,14.72,8.58,,4.53,5.69,12.85,6.57,-0.39,4.59,7.14,13.68,2.36,-4.07,-0.28,1.63,3.58
1946-05,3.22,1.61,,7.82,3.27,-3.07,-4.55,-4.21,0.83,8.59,,9.1,5.24,4.33,4.06,9.45,5.36,-2.81,6.74,,6.98,5.85,4.39,4.65,4.25,,,3.17,4.94,3.65,3.01,2.79,9.48,7.21,7.39,,4.74,-0.3,5.53,4.04,5.08,7.07,1.59,-1.0,3.07,-0.9,7.66,5.95,6.17
1946-06,6.63,-4.23,,2.39,-4.79,-10.05,-4.31,-13.28,-4.23,-7.18,,-6.86,-5.41,-3.03,-6.35,-5.01,-4.64,-7.6,-2.36,,-4.85,-5.13,-5.97,-6.53,-4.82,,,-5.45,-5.24,-3.17,-2.83,0.26,-5.21,-4.53,-2.9,,-7.7,-8.33,-5.33,-3.13,-2.72,-1.62,-8.11,-6.28,0.47,-0.99,-6.95,-5.51,-7.3
1946-07,-3.62,-0.53,,3.4,-0.78,-6.4,-1.29,-5.58,-1.35,-1.93,,-5.1,-3.08,-2.52,-6.82,-4.16,-5.7,-1.75,-2.65,,-5.55,-3.79,-4.34,-2.45,-5.99,,,-5.66,0.02,-0.1,-3.66,-0.11,0.59,-4.91,-1.55,,-6.49,-2.93,-2.92,-2.03,-5.8,-2.92,-2.9,-1.3,-3.76,-0.03,-7.83,-6.34,-4.17
1946-08,0.03,-5.19,,-6.49,-4.02,-5.95,-5.63,-13.04,-4.77,-7.99,,-5.28,-3.11,-6.56,-5.33,-7.82,-6.75,-11.92,-7.61,,-9.02,-8.07,-9.99,-3.68,-6.64,,,-6.84,-3.12,-5.7,-5.4,-7.03,-6.97,-10.42,-8.18,,-4.91,-0.43,-10.53,-4.34,-7.09,-7.23,-4.8,-4.03,-7.77,-0.46,-12.04,-7.35,-4.12
1946-09,-8.38,-8.9,,-17.1,-11.2,-12.4,-12.6,-13.96,-9.36,-11.86,,-12.26,-6.56,-8.9,-11.48,-13.43,-8.95,-10.63,-12.02,,-12.27,-10.82,-14.4,-10.31,-13.23,,,-8.06,-11.64,-8.02,-9.0,-4.78,-14.91,-10.98,-8.07,,-12.74,-7.3,-9.72,-11.21,-16.51,-7.65,-6.7,-14.9,-14.34,-7.77,-16.39,-14.89,-12.88
1946-10,-0.67,0.32,,-3.86,4.66,0.38,-3.37,0.71,-1.95,3.46,,-2.62,-0.06,-3.7,0.82,-4.95,-1.73,3.68,1.42,,-3.53,-3.98,-3.31,-8.69,-0.2,,,1.15,0.25,-0.7,1.39,-5.16,-3.98,-3.14,-0.84,,3.54,-1.67,-4.27,-0.27,0.18,-2.15,-2.29,-0.42,2.02,-8.52,-6.85,-1.2,-2.74
1946-11,0.55,-0.52,,-8.9,0.52,-0.99,1.17,-8.69,-0.23,-2.47,,4.17,1.41,3.64,-2.2,-1.09,1.33,-0.03,2.12,,-1.06,-5.23,-1.75,-5.08,-0.33,,,1.4,-0.9,0.55,0.77,1.76,-9.36,5.29,-1.02,,10.13,6.07,3.82,5.68,-0.78,-2.81,-5.32,6.81,-0.29,3.38,-3.46,-0.69,2.97
1946-12,12.01,3.25,,1.49,4.21,4.28,-1.43,6.62,9.66,-1.84,,9.28,7.02,6.86,5.47,5.62,9.6,-1.74,5.07,,7.14,4.85,5.93,4.1,4.79,,,-0.23,2.86,4.39,6.06,3.79,-2.29,1.55,5.32,,6.1,3.21,20.73,6.15,2.17,1.84,4.28,-1.53,11.47,10.1,-0.1,5.23,9.92
1947-01,-8.45,1.16,,-8.23,1.97,6.64,-3.25,-0.67,-1.83,5.4,,-3.91,-5.49,-0.48,3.32,3.35,0.93,4.39,0.98,,3.37,7.31,10.43,2.44,7.28,,,3.23,3.46,-0.74,-0.17,1.0,0.92,2.91,4.27,,1.73,0.39,-6.13,-0.02,0.14,-0.39,0.72,0.51,1.47,2.62,-0.8,3.05,1.77
1947-02,5.51,0.54,,-2.22,-4.58,-1.37,-5.12,-3.06,0.86,-0.27,,-0.77,-4.55,-0.44,-0.65,3.84,-3.8,-0.92,-0.96,,-0.4,-2.97,1.7,-1.25,-0.67,,,1.89,-0.16,-2.78,-0.93,-2.08,-0.44,-0.39,-3.82,,-5.15,3.96,-2.08,2.03,-0.62,-1.29,-0.4,0.44,-4.15,0.56,4.28,-3.42,-1.16
1947-03,1.63,-1.55,,-6.19,-2.92,-1.19,-3.98,-1.57,-3.82,0.13,,7.87,-2.18,-0.26,-4.58,-6.75,-2.95,-3.38,-1.77,,0.02,-4.03,-2.81,-2.77,-2.87,,,-2.87,4.7,2.23,-2.82,-2.18,1.96,-3.29,-0.7,,-4.4,2.21,-4.37,-3.66,-3.66,-2.73,-2.18,-4.75,-1.07,-4.27,-10.22,-2.57,-3.2
1947-04,-3.23,-5.48,,-11.32,-8.24,-10.08,-7.57,-13.96,-3.66,-6.38,,-12.0,-8.28,-3.97,-4.28,-8.54,-5.62,-13.86,-6.59,,-7.7,-5.02,-4.57,-10.17,-6.88,,,-4.65,-5.49,-0.39,-3.79,-0.25,-6.16,-8.36,-8.12,,-4.66,-2.75,-11.85,-4.72,-6.32,-5.49,-8.14,-9.37,-6.75,-7.33,-7.57,-5.82,-8.17
1947-05,-1.65,-0.58,,-3.79,3.51,2.79,1.58,-5.08,-1.98,-4.48,,-5.14,-2.43,-0.36,-3.2,-2.94,-3.66,-6.75,-2.48,,-1.58,0.42,-2.67,-8.79,-1.94,,,-1.49,-5.13,2.64,-2.51,-1.13,-1.61,-7.56,1.2,,-9.4,-2.75,-4.56,-1.23,-3.17,-3.87,-0.1,-4.89,1.2,-3.62,-1.77,-1.81,-5.56
1947-06,12.22,5.11,,8.37,5.5,5.47,2.06,12.52,1.64,9.54,,6.86,3.9,8.01,3.01,9.51,6.2,5.66,2.25,,8.93,4.62,6.01,1.04,4.25,,,1.05,11.17,7.69,3.92,-3.22,0.16,4.03,3.71,,12.89,0.0,14.25,6.24,2.4,7.68,10.08,7.87,8.02,15.53,5.54,2.97,3.25
1947-07,5.67,4.9,,2.06,3.45,3.82,5.48,2.64,9.7,2.92,,2.36,2.6,1.48,0.46,8.66,3.07,7.53,7.26,,3.65,6.88,4.68,2.39,4.16,,,5.31,17.11,3.65,2.48,0.78,10.63,5.2,5.65,,0.88,6.02,4.89,3.2,7.45,5.35,4.49,6.78,1.87,-4.42,8.32,5.8,8.31
1947-08,-4.14,-1.01,,-3.73,-2.53,11.24,-11.92,2.53,-0.11,0.79,,-9.99,-3.24,-0.63,-3.73,-0.07,-2.72,-3.39,-0.64,,-2.38,-3.71,-1.12,3.45,-0.99,,,-2.08,0.72,-2.38,0.21,0.33,-0.82,-2.84,-3.72,,-0.68,-7.38,1.62,-0.47,-2.37,-1.4,-3.68,-6.88,2.6,-5.1,-6.19,-3.32,0.33
1947-09,4.3,-1.09,,11.75,-0.75,-3.72,-0.81,-2.69,1.81,-2.22,,-8.08,-2.18,-1.01,-1.3,1.95,0.74,-2.13,0.49,,2.68,1.17,0.4,5.05,-1.17,,,-1.96,11.79,-3.01,-1.39,0.77,-0.29,-1.59,-0.5,,2.19,2.46,0.58,2.61,-1.37,-0.17,-3.11,0.81,0.94,4.9,-3.63,-1.09,2.45
1947-10,4.36,2.31,,-4.7,-1.63,-4.74,-0.85,4.1,5.5,2.89,,8.87,0.47,1.1,9.32,3.41,3.7,4.16,5.56,,4.33,1.52,2.6,-0.04,1.48,,,0.72,2.56,5.23,0.09,0.15,3.4,2.64,4.75,,1.29,-1.31,1.11,3.03,0.46,1.53,3.12,0.15,1.0,0.51,5.32,6.1,5.48
1947-11,-1.9,-2.7,,-1.99,0.8,-3.82,-2.46,-7.63,-3.01,-0.8,,-2.8,-3.16,-0.81,1.39,-0.8,-2.16,-9.38,-0.22,,-0.81,-1.82,-2.81,-0.47,-2.45,,,1.77,4.41,-0.5,-7.69,-2.63,-1.43,-3.45,0.38,,-1.97,2.96,-1.06,-4.28,-2.94,-2.33,-2.51,-1.26,-6.87,7.49,-6.08,-0.2,-1.27
1947-12,-1.2,0.11,,-1.19,1.01,-5.81,-6.71,-2.18,0.81,3.54,,-6.25,3.94,1.84,-2.92,4.86,2.59,9.26,3.67,,3.2,3.23,2.4,-0.68,3.3,,,-4.95,4.35,9.35,1.1,0.36,-4.33,1.22,3.26,,-4.63,-0.33,4.67,2.8,8.22,0.05,0.32,5.79,-0.15,3.58,10.32,0.71,0.84
1948-01,-6.24,-2.63,,-3.25,-1.68,-5.05,-5.58,-6.01,-3.57,-1.47,,-5.06,-8.6,-4.53,-3.92,-3.0,-6.03,7.5,-4.17,,-3.5,-4.11,-5.22,7.97,-3.63,,,1.58,-1.19,-7.62,-0.29,0.03,-1.03,-1.12,-7.24,,-3.24,-9.44,-7.02,-5.64,-0.45,-2.69,-3.43,-5.33,-0.87,-0.27,-7.17,-2.01,-6.47
1948-02,-3.06,-7.26,,-8.55,-2.55,-5.74,-6.28,-6.99,-4.13,-7.83,,-9.75,-3.05,-5.67,-2.11,-7.37,-5.83,-4.74,-5.11,,-6.03,-5.11,-5.73,-3.9,-6.43,,,-1.99,-5.5,-2.97,-3.66,-1.13,-6.54,-3.92,0.24,,-11.37,-3.83,-9.3,-4.83,-3.82,-6.64,-3.75,-1.55,-1.92,-8.62,-9.26,-6.97,4.03
1948-03,12.94,5.6,,11.2,-1.8,6.25,27.18,9.48,3.13,6.27,,13.16,5.68,8.13,4.66,9.0,7.9,1.84,12.8,,9.39,11.83,7.2,20.23,11.6,,,8.03,10.49,9.85,6.67,1.88,-1.49,2.55,7.03,,15.87,12.84,11.1,8.03,8.63,7.49,6.72,-0.07,2.3,7.64,9.46,14.07,7.61
1948-04,1.52,1.26,,-0.89,-0.76,4.18,-3.49,6.69,4.04,2.35,,3.73,1.91,2.46,7.62,5.34,-0.43,6.83,2.25,,3.49,-1.66,0.85,3.51,0.96,,,4.66,4.67,11.28,1.43,2.57,-0.26,6.46,3.26,,-5.13,-1.16,4.46,6.42,3.52,9.82,4.86,-4.35,5.08,2.43,-0.41,4.47,-0.34
1948-05,0.19,4.16,,12.64,2.6,11.65,6.55,10.26,6.0,4.31,,8.23,6.58,7.72,3.54,12.0,9.68,11.01,8.03,,7.86,16.94,14.27,2.89,4.21,,,4.12,11.0,5.92,5.67,2.41,6.71,6.48,8.22,,6.96,3.35,16.46,8.93,6.09,2.91,8.86,9.7,8.73,15.39,17.56,8.2,7.5
1948-06,-2.87,-1.19,,-5.66,-1.48,-8.0,-10.73,-2.23,-1.43,-2.24,,3.46,-2.82,0.36,-1.05,-3.85,-4.24,13.3,0.09,,-1.6,-0.76,0.44,-4.64,-3.51,,,-0.8,1.32,3.44,2.4,0.34,-1.1,2.91,-1.91,,-6.81,-3.36,-0.14,-3.91,0.34,1.18,-1.54,-3.99,3.07,-6.78,-10.99,0.03,0.58
1948-07,-0.78,-3.59,,-3.78,4.29,-10.2,-7.43,-1.76,-1.8,-1.4,,-7.72,-4.0,-5.84,-8.57,-2.62,-6.38,-9.14,-3.98,,-7.34,-7.44,-4.66,1.62,-5.4,,,-3.34,-3.06,-7.34,-4.22,-1.73,-5.43,-7.86,-5.74,,-7.55,-4.42,-4.07,-4.45,-4.65,-5.15,-8.02,-4.15,-5.09,-5.86,-7.58,-6.48,-2.66
1948-08,1.77,-0.6,,0.02,1.81,4.72,5.6,-1.08,-0.39,-1.95,,-2.13,-1.97,-0.42,-0.15,-1.49,1.38,4.07,1.55,,-1.62,1.15,1.05,-0.16,1.1,,,-0.27,-0.07,-2.16,0.01,-0.03,-0.29,2.39,6.05,,9.16,5.76,0.09,0.29,2.09,-4.51,2.93,-1.25,-2.75,1.36,0.23,-0.07,2.81
1948-09,-4.18,-4.52,,-1.27,-3.2,-9.46,-7.29,-8.98,-3.48,-1.55,,5.03,-3.93,-1.88,-6.01,-5.5,-4.05,-5.79,-2.23,,-4.6,-2.4,-3.55,-0.83,-3.21,,,-2.63,-5.59,-4.49,-0.96,-0.27,-4.59,-4.15,-5.58,,-6.01,-3.11,-6.75,-3.97,-4.02,-2.82,-0.82,-2.76,-0.69,7.48,1.4,-4.99,-2.94
1948-10,7.12,3.34,,5.26,3.41,6.9,1.93,0.3,3.93,1.73,,12.75,4.36,7.07,0.85,2.85,7.52,14.28,8.36,,5.95,7.75,7.76,3.8,0.69,,,4.34,7.32,9.2,4.41,1.07,4.14,1.91,6.02,,5.44,4.2,6.72,5.09,4.92,4.65,4.1,2.43,3.87,5.58,3.55,8.7,3.75
1948-11,-5.61,-6.29,,-7.91,-2.94,-12.76,-3.15,-15.77,-6.11,-6.73,,-9.15,-5.41,-8.55,-11.0,-10.08,-7.97,-18.75,-12.73,,-10.95,-11.85,-12.32,-13.33,-14.27,,,-6.85,-4.86,-12.4,-9.13,-2.1,-5.37,-7.12,-7.68,,-9.26,-0.63,-12.49,-10.22,-12.83,-5.87,-5.84,-6.23,-6.03,-4.29,-6.13,-13.65,-8.55
1948-12,0.42,1.19,,0.74,0.75,-0.56,6.46,-2.73,-0.01,0.11,,6.18,4.32,7.46,-1.16,-1.71,1.87,2.79,1.96,,2.09,6.88,3.92,3.64,0.88,,,-0.16,-2.1,4.84,2.62,1.05,-0.73,-1.31,3.89,,5.35,7.02,3.57,4.96,1.94,0.76,1.49,1.32,7.16,8.06,0.6,4.03,-0.7
1949-01,1.64,3.78,,2.29,4.71,3.75,1.39,0.23,0.16,4.15,,-0.39,5.02,-0.36,6.61,2.36,0.63,0.0,0.7,,-1.63,-3.1,2.58,1.89,0.68,,,1.53,-4.83,-3.92,4.66,-1.37,3.58,6.51,2.92,,0.9,-0.51,-3.53,0.66,0.18,2.99,0.98,-0.13,1.31,-4.99,-5.26,-1.3,1.77
1949-02,-0.61,-2.74,,-1.79,0.29,-4.84,2.0,-11.01,-8.64,-4.68,,0.4,-1.17,-2.27,-1.13,-2.0,-2.86,-4.18,-6.0,,-3.64,-5.93,-3.64,0.57,-5.52,,,0.88,-8.24,-4.32,0.58,-0.39,-6.5,-4.68,-4.0,,-0.42,0.65,-5.18,-0.16,-5.81,-3.96,-2.31,1.08,-1.77,1.39,0.36,-1.0,-2.64
1949-03,2.47,4.57,,5.69,0.84,4.54,3.69,12.74,9.09,3.79,,4.07,5.55,2.78,6.31,-2.38,4.01,10.03,1.28,,5.61,5.61,3.45,7.4,6.86,,,4.12,5.16,5.99,3.7,1.26,3.37,6.48,4.64,,6.13,7.32,1.86,3.22,4.11,2.56,4.43,2.4,7.51,2.26,12.01,9.87,3.19
1949-04,-5.46,-1.53,,-2.15,0.14,-0.85,-0.11,0.87,-1.29,-2.51,,3.09,-0.16,-2.48,-5.2,-3.93,-3.96,1.7,-5.04,,-4.06,-4.2,-4.1,-6.28,-3.58,,,1.0,-8.29,1.36,1.13,-1.74,2.41,1.14,-0.88,,-0.45,-6.18,-8.77,-3.49,-2.95,-1.75,-1.77,0.31,0.8,-0.87,-0.76,-1.42,-7.9
1949-05,-6.27,-0.74,,-1.13,2.81,-3.99,-2.42,-4.55,-0.53,-1.23,,-7.04,-1.45,-1.09,-4.98,-1.44,-3.35,-6.6,-6.73,,-3.18,-6.03,-3.16,-4.95,-8.57,,,-1.35,-1.0,-5.85,-0.69,-2.27,-2.14,-1.55,0.29,,-6.22,-9.79,-4.88,-3.63,-3.48,-5.47,0.38,-0.32,0.74,-2.41,-1.28,-5.29,-0.19
1949-06,6.25,-0.46,,3.24,-0.1,-6.74,1.23,0.27,-1.09,3.33,,-3.27,2.62,0.59,-2.01,4.81,1.17,4.87,-1.39,,2.9,0.13,0.93,-1.18,0.33,,,-2.28,0.03,-1.3,-1.11,1.03,3.81,-0.32,-2.84,,1.55,2.96,-4.45,-0.03,-2.2,2.01,2.86,0.15,-0.48,-1.68,-2.81,-0.55,-1.31
1949-07,3.32,5.5,,7.2,3.01,5.13,0.57,5.81,8.87,3.79,,12.74,5.25,4.51,5.42,5.81,7.22,8.02,7.77,,4.98,6.99,9.05,2.44,4.78,,,3.21,6.42,6.15,4.63,2.32,9.91,2.35,9.18,,7.46,3.04,11.26,5.4,3.9,4.31,5.12,4.15,6.54,4.08,1.96,7.1,9.69
1949-08,2.92,4.61,,4.41,3.42,2.15,-0.22,4.53,4.02,2.67,,14.73,-1.44,3.12,4.75,2.08,2.36,1.09,-0.4,,2.57,0.78,1.73,0.15,0.43,,,2.35,2.86,5.45,3.59,0.88,2.61,5.57,-0.54,,1.11,1.68,0.65,5.86,0.64,3.22,1.38,-1.41,2.09,0.72,6.43,3.85,-0.02
1949-09,0.16,2.55,,5.58,2.6,3.39,1.26,4.47,3.08,4.22,,3.59,1.55,4.84,-0.05,2.68,2.74,10.76,3.47,,3.19,3.43,2.29,5.34,1.64,,,1.61,3.42,2.93,3.97,1.12,7.76,2.58,4.1,,6.03,2.85,3.1,4.64,2.71,4.4,2.07,2.01,4.05,6.71,4.96,8.55,4.85
1949-10,4.51,1.79,,2.74,-1.49,2.64,3.63,2.51,8.87,4.09,,4.12,3.18,4.07,6.27,1.3,3.3,1.79,5.0,,2.86,2.57,7.11,4.35,2.04,,,3.63,-0.74,3.69,1.22,1.79,3.87,1.77,7.87,,6.52,1.56,8.59,4.51,0.79,0.89,0.53,2.13,4.36,6.85,6.52,2.54,1.29
1949-11,2.52,1.74,,4.43,2.09,2.53,0.13,-5.64,3.83,-0.77,,4.65,4.73,4.96,-0.34,0.6,4.31,3.2,2.57,,-0.46,3.96,4.49,-0.11,-1.22,,,-0.15,3.93,-3.05,3.2,1.59,0.31,-0.15,0.44,,4.0,8.03,1.09,2.66,0.81,1.02,2.1,3.08,3.97,0.7,5.01,2.74,3.78
1949-12,5.38,5.83,,4.26,2.37,16.09,9.86,6.52,5.75,4.85,,14.9,7.84,5.79,0.41,6.96,6.96,15.98,6.24,,5.79,9.25,8.74,8.97,4.82,,,1.57,-2.57,1.07,3.16,1.49,4.91,7.55,13.73,,3.55,3.54,7.77,8.6,8.13,4.23,4.72,5.43,3.25,10.49,1.81,7.39,2.8
1950-01,3.51,1.32,,3.56,-0.94,1.53,-0.94,3.14,2.47,-0.01,,1.08,0.96,0.84,10.08,3.12,-0.42,5.9,3.6,,1.55,5.35,1.57,5.21,4.76,,,4.1,3.46,-0.81,3.66,1.77,-0.31,2.5,4.16,,11.18,0.17,3.04,3.47,4.6,0.82,0.29,1.55,2.2,-1.74,-2.49,2.76,2.28
1950-02,2.94,1.4,,-1.16,1.33,5.67,-8.41,0.8,4.05,-5.13,,2.87,1.69,0.88,4.8,-4.66,1.62,0.95,3.29,,0.28,4.28,3.62,8.61,1.42,,,-0.6,-3.13,-0.58,2.31,0.57,-2.82,-3.34,0.55,,7.55,2.71,3.2,-0.63,1.6,1.52,2.33,1.96,5.14,1.15,0.38,2.45,4.99
1950-03,0.53,0.0,,-0.39,-0.76,-6.78,-1.25,-5.43,-0.43,-0.56,,0.11,-3.44,3.48,-7.34,-4.89,0.87,-1.55,-1.62,,-1.22,3.97,1.49,-3.19,-3.66,,,-2.35,0.86,4.82,0.46,4.5,3.92,-1.65,2.72,,-1.21,-4.25,-2.84,2.41,-0.91,-0.61,-0.27,-1.99,-0.73,1.27,-5.38,0.1,3.46
1950-04,0.34,-0.55,,2.61,-2.92,0.44,3.62,3.62,7.96,1.42,,-4.83,6.86,9.33,6.27,7.42,4.32,4.07,7.5,,2.66,6.62,10.31,15.92,1.99,,,4.04,-3.38,3.25,0.85,2.28,-1.68,1.71,-1.43,,14.51,3.26,9.54,7.4,0.97,-0.49,-0.44,6.31,-1.02,-9.38,7.08,3.79,-1.19
1950-05,6.78,1.61,,-0.29,0.39,5.13,-5.25,-1.25,5.13,6.41,,15.07,2.47,7.36,0.8,3.18,4.31,0.82,6.06,,4.02,0.25,6.87,-3.91,3.81,,,2.59,7.86,8.69,1.73,1.87,15.37,1.56,1.67,,-2.23,-2.14,3.54,7.33,0.18,5.16,2.93,-0.32,2.61,11.81,2.46,3.91,4.95
1950-06,-4.6,-7.11,,-2.27,-4.59,-10.0,-5.92,-7.91,-8.59,-5.43,,-8.73,-3.68,-6.8,-9.36,-5.0,-8.66,-13.27,-4.27,,-5.97,-7.9,-4.05,-3.15,-8.48,,,-6.34,-7.75,-4.48,-7.79,-4.44,-7.89,-6.2,-9.79,,-5.69,-7.04,-4.76,-11.16,-6.47,-7.45,-4.39,-4.55,-10.3,-4.87,-11.31,-6.41,-8.36
1950-07,-6.95,-1.85,,5.92,-2.0,-4.24,5.75,-5.41,-2.27,5.84,,-0.7,-7.89,-3.9,2.35,16.78,-7.3,-3.75,12.05,,4.84,-1.69,-1.2,15.82,20.0,,,3.25,20.49,8.54,-5.33,-1.43,4.58,-4.01,-6.96,,-4.66,-2.76,-3.71,0.78,16.09,3.71,-1.3,-0.45,-12.76,-9.05,0.5,2.61,-10.34
1950-08,18.22,3.34,,3.08,0.24,5.44,2.48,12.58,10.69,3.43,,1.86,3.82,7.65,3.03,2.7,6.58,7.09,4.65,,4.49,3.8,8.79,-3.23,-0.56,,,8.29,4.84,4.23,3.35,2.46,5.07,5.38,8.63,,3.83,6.83,5.31,10.9,-0.05,11.72,3.88,5.04,6.02,5.35,8.21,2.03,5.65
1950-09,2.42,3.95,,10.03,4.67,7.35,11.23,19.91,3.36,5.86,,10.45,5.46,4.11,6.67,4.43,8.57,6.31,3.13,,6.99,4.58,8.31,-1.95,1.79,,,9.27,3.11,3.44,4.43,-0.58,2.27,9.12,4.65,,6.72,6.47,12.79,5.95,4.16,5.16,8.65,6.41,11.47,11.09,5.46,4.46,6.89
1950-10,-0.45,-0.57,,-1.31,0.03,-1.1,-6.53,0.77,-0.96,-0.38,,-2.66,-1.78,-0.97,-0.37,-0.59,-1.67,-6.43,3.88,,-0.89,-1.51,0.28,-0.14,5.87,,,-2.08,-2.79,0.22,-0.87,0.09,-2.12,-1.33,-0.09,,-4.87,-3.44,-4.01,0.24,-0.88,-3.77,1.0,-1.9,-5.64,3.66,5.1,0.89,0.18
1950-11,-5.13,0.02,,3.06,-1.87,-2.35,-1.32,-4.55,0.94,3.23,,12.01,3.5,7.55,7.23,2.14,4.38,1.82,5.15,,3.03,0.41,-2.22,8.47,2.67,,,7.39,4.8,5.24,-1.3,-0.35,-2.38,-0.13,1.55,,7.84,12.38,7.37,6.83,4.06,3.49,0.88,1.44,0.03,2.76,4.37,5.06,-0.62
1950-12,-1.79,1.83,,6.3,-1.49,2.09,0.82,3.05,1.5,6.29,,9.21,5.49,6.09,3.46,12.38,2.86,6.62,7.54,,9.91,4.97,2.21,12.96,8.25,,,8.62,13.74,8.5,3.5,1.79,2.45,1.98,2.82,,3.24,0.55,4.7,6.14,15.85,4.04,2.6,3.69,-4.01,5.95,4.77,11.36,2.75
1951-01,14.03,2.98,,8.62,3.59,10.8,4.0,6.72,7.52,2.09,,3.84,2.83,4.19,6.64,3.59,7.93,10.05,8.35,,6.26,10.31,8.88,1.79,5.05,,,6.0,3.89,6.21,4.92,1.74,2.65,8.76,7.08,,4.57,-2.34,8.57,4.95,8.07,5.13,3.36,7.49,4.71,-8.24,13.76,4.31,10.71
1951-02,2.5,1.57,,-3.5,-0.89,0.4,4.95,-1.74,1.4,2.36,,-5.23,2.43,2.54,4.29,2.55,2.95,9.93,-2.44,,1.61,1.2,2.85,2.98,-0.72,,,0.1,0.16,0.87,3.03,4.01,0.53,0.64,-0.91,,7.01,0.04,3.1,1.62,-2.39,-1.63,3.32,2.6,5.61,2.76,-3.23,-0.67,0.58
1951-03,0.49,-1.68,,-4.86,-1.69,-2.83,-6.06,-3.41,-3.3,-5.05,,-2.91,2.27,-1.87,-2.6,-9.43,0.71,-7.58,-5.27,,-4.64,-0.41,0.8,-8.68,-6.88,,,-4.28,-6.14,-2.42,-1.51,-1.2,-1.13,-3.33,-1.83,,-1.08,-2.68,-3.5,-1.96,-3.78,0.38,-2.35,-3.89,1.61,2.48,-1.86,-1.47,0.16
1951-04,0.99,0.18,,4.9,-0.72,3.34,1.13,2.08,1.25,0.98,,5.83,10.92,8.17,4.79,2.12,3.73,2.63,6.44,,4.55,2.77,4.2,5.23,5.6,,,6.01,-2.65,10.91,0.09,0.71,-0.4,2.47,2.81,,8.11,3.33,5.95,8.86,3.47,-0.01,0.28,-1.7,0.92,0.35,-1.5,7.86,2.79
1951-05,0.04,-1.49,,-0.26,-2.25,-1.6,-4.87,-7.13,-2.2,-2.37,,-0.28,1.68,-0.44,-1.31,-0.75,-4.44,-0.38,-3.89,,-2.7,-3.51,-5.15,-3.42,-1.83,,,-3.21,-0.78,-3.2,-0.16,-0.52,1.04,-4.15,-0.16,,-3.87,-3.77,-1.1,-3.08,-4.04,7.42,-1.91,-5.52,-0.23,-1.26,0.52,-3.07,-1.0
1951-06,-4.1,-3.48,,-2.68,-3.8,-5.17,0.42,-8.01,-8.56,-2.72,,0.9,0.69,-0.81,-0.25,-5.44,-2.23,-7.61,-8.35,,-5.05,-1.8,-6.79,-9.06,-8.62,,,-4.82,-0.32,0.99,-0.54,-0.31,-2.93,0.03,-2.39,,4.99,-2.38,2.7,-2.28,-8.01,-7.41,-2.55,-5.16,-0.49,2.17,-0.73,-1.11,-2.27
1951-07,2.34,3.13,,5.13,2.94,3.91,7.48,2.54,7.21,0.93,,8.31,15.14,8.01,7.89,2.23,7.33,3.52,9.57,,6.46,4.89,4.23,10.56,8.42,,,6.66,5.1,11.33,5.18,2.67,-0.12,0.95,7.12,,4.95,6.34,1.1,6.84,8.37,11.31,2.24,3.68,7.05,2.02,-0.69,6.47,3.74
1951-08,6.58,2.88,,2.6,3.32,4.23,6.24,4.68,2.41,2.95,,4.58,-2.31,2.21,5.63,4.11,4.82,1.07,9.72,,4.6,7.16,7.05,4.86,1.95,,,9.7,7.9,5.61,2.0,2.51,0.73,3.02,4.11,,0.9,3.45,5.66,3.44,1.33,3.25,2.47,5.1,3.03,1.63,3.36,5.86,1.49
1951-09,-6.44,-0.06,,3.94,0.15,5.85,10.05,-2.39,0.25,-2.5,,-2.92,-1.82,-1.41,1.32,-2.37,0.84,9.55,1.18,,1.73,3.42,2.4,4.52,2.27,,,5.87,5.03,-0.97,1.21,-0.18,0.96,0.05,-0.73,,-1.3,9.57,7.79,-1.76,3.5,16.85,2.48,-0.45,0.73,3.77,-1.97,0.49,-0.45
1951-10,-7.69,-3.06,,-3.73,-2.52,-2.74,-3.85,-0.83,-2.92,-0.87,,-10.03,-5.63,-7.73,-2.92,-3.47,-2.12,-1.22,-1.66,,-2.53,-6.6,-2.19,-1.87,-1.49,,,-5.28,-1.72,1.05,0.54,-1.24,0.77,0.06,-4.22,,-6.37,-9.49,-3.3,-3.62,-4.27,-9.63,-2.87,0.35,0.9,-6.14,3.56,-3.28,-8.55
1951-11,-0.5,-0.14,,-1.78,0.22,1.4,-0.51,1.04,-0.72,-0.88,,-5.48,0.02,0.01,3.49,0.99,-0.63,-0.51,1.1,,1.6,1.81,1.41,-2.71,-0.33,,,1.96,4.01,-0.95,1.55,0.39,0.27,2.47,0.26,,1.46,8.78,2.26,1.49,2.1,0.86,1.47,1.64,4.94,-4.94,5.02,4.68,2.19
1951-12,5.45,1.75,,2.6,0.7,-0.33,-2.45,-1.9,2.28,1.13,,1.3,5.47,8.25,1.55,1.24,3.08,3.59,0.32,,3.67,4.69,3.42,1.83,0.14,,,-1.85,-0.89,4.68,3.16,0.75,0.81,-1.84,5.98,,8.91,2.71,5.3,3.08,1.55,-0.78,-0.38,0.48,3.33,9.36,-2.0,7.6,3.8
1952-01,-1.14,0.9,,-4.19,5.06,4.54,-0.93,0.98,0.34,1.18,,1.17,0.42,-3.48,0.65,-5.27,-0.07,2.82,2.89,,0.55,-1.24,-1.46,4.32,1.33,,,4.63,4.82,6.47,2.93,0.03,6.67,-1.88,-3.02,,-6.37,-1.44,-3.89,0.78,3.57,0.33,-0.76,3.46,-0.27,2.54,2.3,5.14,1.97
1952-02,-5.64,-0.74,,-3.48,-2.77,-0.1,-0.04,0.89,-0.45,-3.84,,-10.49,-3.67,-3.52,-5.47,-3.78,-2.2,3.07,-6.3,,-2.65,-3.98,-0.39,-4.61,-2.4,,,-5.2,1.18,-3.61,0.57,-0.74,-4.31,-3.57,-3.86,,-1.4,-0.87,-4.76,-2.28,-1.8,-3.39,-3.94,-0.05,2.49,-4.71,-0.74,-1.14,-5.72
1952-03,5.45,0.8,,-0.3,1.76,-1.17,0.92,3.11,2.09,2.86,,2.49,0.1,3.22,3.34,3.89,3.3,3.33,1.75,,3.05,7.64,8.74,0.95,1.82,,,1.89,0.27,8.73,2.12,1.16,-0.74,3.62,1.54,,4.15,-0.8,1.38,2.41,8.24,-1.07,2.68,4.93,4.36,3.44,7.27,3.39,3.31
1952-04,-2.76,-2.04,,-9.44,-3.95,-5.16,-6.12,-0.12,-5.52,-3.37,,-8.73,-5.28,-7.4,-4.99,-5.21,-4.13,-1.23,-7.94,,-4.58,-3.9,-3.99,-6.64,-0.5,,,-5.91,-8.15,-7.77,-1.92,-0.87,-2.78,-4.29,-2.15,,-5.0,-3.01,-9.4,-5.64,-3.51,-6.0,-1.72,-1.67,2.11,-0.75,-4.07,-5.17,-3.49
1952-05,4.67,1.98,,1.61,-0.6,5.14,-9.63,3.95,-0.61,1.69,,6.61,1.94,6.53,-1.07,4.91,3.6,3.67,2.4,,2.78,2.94,4.03,7.22,2.01,,,2.3,4.74,3.37,2.86,0.9,-0.47,1.61,3.57,,4.32,0.69,0.8,2.75,4.27,3.51,2.43,1.2,1.6,4.64,3.57,2.58,1.2
1952-06,1.44,2.22,,2.5,3.57,3.83,0.46,-1.43,2.17,2.54,,1.51,-1.4,3.82,-0.08,5.54,1.67,6.68,5.61,,1.71,6.52,6.06,7.15,2.63,,,4.1,1.96,5.35,0.95,1.92,-0.43,2.28,6.22,,7.29,1.02,3.65,4.38,4.93,2.35,2.95,0.97,3.0,4.47,4.05,1.34,-1.33
1952-07,-3.3,0.86,,5.51,-0.96,-0.04,-1.66,3.43,1.91,2.94,,-3.77,-4.64,1.12,2.99,-2.03,1.06,0.6,3.15,,3.74,1.29,2.26,0.29,1.02,,,1.4,0.36,-1.19,1.88,0.1,-3.57,0.86,0.25,,-2.42,3.67,4.51,3.5,0.54,-0.92,2.03,-0.69,5.0,-0.13,1.81,0.96,4.47
1952-08,3.7,0.89,,-0.08,1.38,6.55,4.86,-2.56,-0.07,-1.79,,3.0,-1.14,-1.75,2.62,-0.36,-1.21,2.04,-2.51,,-2.2,-0.22,1.38,1.06,-1.49,,,0.15,-1.03,-2.85,1.67,0.74,-2.89,0.38,-0.81,,1.14,-0.88,0.21,-1.58,-0.49,-2.0,-0.41,3.67,-1.15,0.29,11.39,-2.44,1.01
1952-09,-6.53,-1.24,,-12.77,-0.77,-3.04,-1.31,-1.01,-1.06,-1.2,,-1.75,-4.58,-1.86,-4.4,-5.75,-1.78,-6.46,-4.02,,-1.86,2.11,-1.11,-1.94,-1.46,,,-2.65,0.37,-4.53,0.17,-0.51,-0.37,-1.17,-1.42,,-4.26,-0.42,-6.33,-0.41,-2.06,-4.46,-0.73,1.05,0.94,1.41,3.74,-1.29,0.73
1952-10,-5.02,-1.41,,-2.5,7.05,-1.07,-7.32,-0.03,0.85,-3.32,,-5.39,-1.04,-2.22,-2.58,-7.3,-2.25,0.17,-1.7,,-2.14,-0.73,1.17,1.6,-1.32,,,-5.12,-2.27,0.27,0.2,0.78,2.74,0.27,-0.64,,3.9,-5.63,0.23,-1.94,0.4,1.22,-1.41,-0.72,-2.52,-3.17,-2.79,-4.43,-5.9
1952-11,2.65,4.94,,9.58,8.2,5.29,9.37,6.42,5.16,7.22,,4.6,7.46,10.04,7.36,5.73,7.24,3.03,7.75,,7.19,10.45,7.46,5.04,6.64,,,6.07,9.64,1.88,4.99,3.97,-3.03,1.54,5.55,,13.61,5.88,5.48,8.47,7.37,4.21,4.55,0.01,8.76,8.85,4.85,6.3,8.26
1952-12,1.7,1.36,,-0.62,0.26,4.7,6.8,1.97,1.01,0.41,,0.87,-2.48,1.52,-0.81,4.09,2.6,1.74,4.07,,2.2,2.37,6.9,3.08,0.53,,,1.96,-1.97,4.48,1.85,0.72,-2.1,2.39,5.52,,4.54,1.5,-0.7,3.08,3.6,1.93,1.08,4.97,1.59,-0.57,7.68,8.0,0.18
1953-01,-1.21,2.93,,0.14,4.58,1.78,-0.04,2.74,0.47,0.32,,-6.17,-5.17,0.04,2.02,-2.93,0.85,-0.64,1.26,,-0.32,-3.5,-0.6,7.66,3.92,,,-0.42,1.87,-3.22,0.76,0.84,1.59,2.77,-0.4,,-1.92,-0.11,-0.8,-1.58,1.59,-0.35,0.7,3.22,0.84,1.82,3.32,-1.93,2.13
1953-02,-5.68,1.18,,0.07,5.12,1.96,4.29,7.24,-0.81,3.57,,3.29,1.76,-2.77,-0.3,1.5,-0.1,0.18,-0.53,,-0.84,0.2,-1.32,1.33,1.79,,,3.17,-0.73,0.21,0.37,-0.54,-0.02,1.12,1.05,,-4.93,1.91,-4.18,1.49,-1.29,-1.69,-0.23,2.82,0.06,-2.62,0.1,0.09,-2.2
1953-03,3.86,-1.14,,-1.75,-4.65,6.89,4.34,-0.86,-0.76,-2.17,,0.9,-0.5,-0.12,-1.14,-5.1,-0.44,-1.82,-4.92,,-0.9,-1.83,-4.73,-5.9,-1.76,,,-4.14,-6.8,-0.65,-0.03,-0.62,4.23,0.1,0.22,,5.1,0.21,-5.93,-0.95,-2.58,-1.9,-0.65,1.12,-1.39,-1.22,2.46,3.16,2.62
1953-04,-3.7,-0.44,,-3.89,4.34,-2.8,-2.68,0.57,-3.46,-1.42,,-5.08,-5.56,-3.5,-1.15,-2.94,-2.23,-2.97,-2.2,,-1.93,0.65,-2.22,-4.39,-4.02,,,-2.22,-6.97,-5.32,-3.12,-1.2,0.29,-4.29,-4.82,,-3.27,0.8,-3.61,-2.16,-3.07,-3.45,-0.83,-1.06,-3.5,-3.42,-1.58,-6.43,-1.65
1953-05,-0.59,0.24,,0.63,-0.34,3.49,-1.01,-1.21,-0.09,0.39,,0.48,-0.31,-0.17,1.65,-0.56,-0.12,1.27,-0.15,,-0.57,0.82,-0.44,2.52,3.55,,,-1.98,-0.52,1.68,-0.31,0.2,9.45,1.42,3.05,,4.52,-2.25,-1.11,1.27,2.59,0.07,1.4,-0.28,1.27,-5.72,2.82,1.83,2.13
1953-06,2.28,-2.11,,-1.11,1.18,-5.57,-1.25,-4.82,-4.9,-1.71,,-1.41,-3.77,-1.44,1.06,-0.55,-4.65,-4.79,-2.98,,-4.34,-2.05,-3.17,-3.19,-4.17,,,-4.16,-3.63,-0.21,-3.0,0.33,2.67,-2.26,-3.08,,-4.66,-0.76,-4.21,-0.77,-1.44,-6.34,-2.13,-3.57,-3.84,-1.15,-3.24,-3.11,-2.37
1953-07,1.25,2.41,,3.51,4.53,2.99,3.02,-1.66,5.46,0.01,,6.42,3.11,2.6,1.83,1.21,2.26,1.67,3.2,,0.47,2.27,0.45,-0.47,0.5,,,1.01,0.26,3.83,3.26,0.79,-1.05,0.22,2.12,,2.3,1.59,0.64,3.38,1.32,0.04,1.94,1.17,0.27,0.6,1.82,2.24,0.1
1953-08,-3.21,-2.79,,-2.67,-5.86,-6.39,-6.58,-8.37,-3.91,-1.38,,2.14,-0.45,-2.96,-1.21,-5.42,-4.47,-4.25,-8.27,,-6.61,-6.2,-6.81,-2.41,-5.3,,,-6.94,-7.33,-6.6,-0.53,-1.01,-0.76,-2.29,-1.5,,-4.01,-0.86,-7.26,-5.39,-8.9,0.05,-2.6,-8.79,-0.45,-1.35,-2.58,-6.5,-1.25
1953-09,-4.08,0.3,,-2.85,3.51,-1.29,-3.34,2.57,-1.73,-1.82,,-1.26,0.49,1.64,-1.44,-2.46,0.67,1.72,-0.63,,0.27,4.87,-0.55,3.8,-4.17,,,-0.88,-3.62,-2.06,1.48,1.62,-0.06,-0.64,-1.9,,4.15,2.2,0.39,3.82,-1.85,-2.2,0.08,-0.72,1.87,3.1,-5.35,-2.11,-1.11
1953-10,-5.92,1.75,,2.95,-2.08,4.5,1.99,11.18,6.4,1.79,,4.28,2.27,4.38,11.86,0.24,5.95,4.2,8.14,,4.2,8.48,7.89,5.91,5.21,,,3.24,1.41,5.56,4.34,1.26,5.28,0.99,1.07,,8.83,8.19,6.68,6.88,3.49,1.18,0.72,0.09,5.24,-0.55,11.11,5.23,0.87
1953-11,-0.6,3.15,,4.54,-8.03,4.1,12.02,2.46,4.33,0.55,,7.57,8.0,4.69,0.99,-0.9,4.3,3.52,1.97,,3.0,6.82,0.77,5.53,3.86,,,-0.65,3.14,1.9,2.92,2.19,3.09,0.88,1.72,,3.02,0.47,0.51,7.06,1.92,1.54,3.45,2.14,4.57,8.08,-2.23,2.1,5.29
1953-12,-0.15,1.23,,-1.58,-4.7,-2.35,3.46,-0.54,-0.32,-1.33,,-3.51,-1.18,0.7,7.34,-3.33,1.42,-4.06,-1.0,,-0.37,-0.82,-0.89,3.01,-1.02,,,-3.67,-4.82,0.37,0.56,0.4,5.07,4.58,5.67,,0.38,1.23,-3.42,1.2,-3.89,-0.64,1.2,-1.02,1.71,-0.75,1.56,-1.37,3.56
1954-01,7.98,3.59,,6.43,1.96,3.42,3.1,8.4,4.04,2.69,,3.89,5.77,0.93,8.47,7.62,6.28,6.28,7.45,,7.98,7.04,5.54,8.15,7.26,,,8.08,9.38,8.52,3.21,1.78,-0.94,0.96,6.16,,3.67,6.84,15.34,3.68,7.82,7.55,2.98,6.02,5.34,-1.62,5.51,4.83,3.37
1954-02,0.6,-0.11,,-0.32,-3.51,-1.13,3.24,5.89,-0.47,1.86,,0.19,-0.32,0.02,-1.5,1.69,2.22,-0.41,0.24,,2.43,5.43,1.46,7.11,3.05,,,4.25,-6.88,2.85,1.52,2.51,-0.19,1.92,4.3,,2.59,3.95,-0.85,1.47,0.89,2.92,0.22,1.24,0.91,4.82,1.84,0.88,4.26
1954-03,1.68,2.88,,-3.59,0.2,2.79,5.05,1.66,5.06,1.69,,-1.71,0.47,4.46,0.99,-2.83,1.61,3.19,6.0,,1.67,7.05,3.66,16.17,3.49,,,3.34,0.72,4.23,2.88,1.64,3.96,2.72,17.5,,10.3,5.57,1.66,6.33,-0.35,-0.84,0.38,-2.3,4.85,3.39,-0.71,5.59,1.72
1954-04,3.82,0.73,,-0.58,3.94,4.79,-0.05,7.23,3.77,-0.55,,-3.71,1.77,6.56,12.38,-5.43,3.6,4.49,6.5,,5.28,12.36,3.48,-0.09,1.22,,,2.99,-2.08,6.13,1.16,1.87,0.05,2.66,1.51,,4.4,3.66,3.38,7.98,1.67,1.32,1.5,1.9,3.62,6.84,-0.74,6.74,0.64
1954-05,-6.98,2.15,,5.76,-0.53,0.31,4.25,3.92,6.13,3.98,,8.36,0.67,3.55,-0.64,12.91,3.1,3.32,6.94,,4.62,-3.5,4.25,7.35,6.04,,,7.51,8.16,2.9,2.59,1.18,5.38,0.91,5.97,,4.66,6.12,6.66,2.6,5.31,0.9,2.91,7.2,-0.09,0.36,-0.89,3.57,0.91
1954-06,11.44,2.35,,-2.29,-9.35,0.3,1.26,2.95,5.26,2.17,,3.4,-3.34,3.73,-2.28,2.56,5.65,2.74,1.35,,2.15,13.02,1.57,4.02,2.64,,,-0.84,3.43,-6.01,1.23,0.49,3.44,1.87,3.8,,9.57,0.59,8.29,5.45,1.16,5.03,2.34,8.8,3.31,4.26,4.23,1.22,0.98
1954-07,-1.01,5.93,,9.03,8.02,8.98,7.24,5.21,1.92,6.83,,-2.53,9.73,2.23,-0.52,8.42,5.57,5.79,7.91,,5.02,-1.38,10.15,15.92,6.99,,,5.38,0.9,4.16,5.37,4.31,1.56,4.14,2.35,,1.65,-0.75,9.21,5.58,6.59,5.9,4.07,9.69,10.41,7.83,13.15,3.67,4.37
1954-08,-3.03,-3.1,,0.13,-1.43,-5.6,8.78,-0.08,2.24,-4.03,,-1.73,-2.74,-3.46,-2.15,-4.29,-3.46,-7.08,-6.41,,-3.04,-5.29,-3.76,2.78,-2.23,,,-4.35,3.63,0.48,-1.78,-1.47,0.75,-0.29,-3.89,,-5.54,-2.41,-1.74,-4.65,-4.19,-1.46,-0.25,11.87,0.64,-3.18,-3.04,-0.39,0.61
1954-09,4.7,3.33,,2.15,5.56,3.95,6.04,4.4,5.44,2.56,,5.61,2.35,7.17,0.85,4.98,6.16,-1.28,7.58,,5.62,7.26,13.73,2.8,2.95,,,8.62,7.53,9.95,1.92,2.41,9.66,0.59,6.03,,-0.24,3.53,8.66,5.28,3.66,1.69,4.88,9.14,4.28,0.04,6.21,2.64,7.09
1954-10,-0.57,-2.63,,-1.28,-2.73,-6.0,-5.91,-3.69,-1.24,-0.31,,0.64,-2.01,-4.46,-1.31,-1.82,2.63,-1.12,0.19,,1.63,-2.84,-0.48,0.65,-0.92,,,-1.21,-5.35,-2.03,-3.88,-0.92,1.77,-0.03,2.97,,-2.25,-5.42,3.86,-0.6,2.59,-3.06,-2.59,-1.39,0.71,-7.53,2.9,-1.83,2.35
1954-11,7.9,6.16,,6.81,2.93,5.13,9.05,5.83,7.61,3.9,,11.72,12.66,14.79,8.41,10.22,15.04,5.31,15.43,,9.74,9.79,5.66,9.2,10.91,,,11.29,20.37,7.93,5.62,3.37,4.91,3.39,18.37,,20.82,22.33,13.98,11.79,11.66,8.13,8.39,4.18,9.69,10.46,1.92,12.06,5.44
1954-12,5.22,2.14,,8.21,7.43,6.4,10.93,3.47,2.83,4.83,,1.88,6.65,3.66,5.3,7.33,2.18,10.83,12.19,,6.12,4.16,7.59,17.49,8.25,,,3.68,10.12,6.36,3.46,1.5,8.05,6.72,-0.92,,0.99,3.99,3.25,5.51,12.04,5.2,1.93,14.06,2.54,8.94,11.92,8.87,2.63
1955-01,-5.77,0.78,,-4.06,1.25,2.89,-2.41,-1.24,-1.2,1.58,,-4.4,-2.78,-2.84,6.26,1.38,0.08,-0.75,3.32,,-0.07,4.32,0.69,8.99,7.87,,,3.21,-3.53,0.36,1.38,0.72,2.16,1.02,3.16,,-2.98,0.71,0.32,-4.18,0.77,-1.5,1.77,3.78,0.13,-1.32,6.93,0.35,-3.11
1955-02,3.66,1.52,,1.55,-1.0,11.5,0.1,5.44,4.38,2.69,,-2.89,3.5,4.42,12.75,1.32,3.03,4.15,4.34,,4.13,4.43,-1.08,2.63,6.25,,,-0.14,7.31,2.29,3.55,3.9,9.67,3.11,4.38,,5.38,3.4,8.2,4.43,5.69,0.57,1.2,1.82,-0.26,0.07,-8.75,5.37,3.97
1955-03,-0.86,-0.3,,-2.24,-0.25,-1.6,-3.57,-3.99,-2.05,1.0,,1.03,6.61,-1.2,-2.1,-5.36,0.62,-2.7,2.87,,0.42,-3.3,0.01,-7.47,9.84,,,8.69,0.13,-0.34,-0.84,-0.29,-4.54,-3.06,4.75,,-0.99,0.89,6.3,0.57,-0.1,-2.48,-1.46,-0.89,-0.22,4.08,1.14,1.28,-2.3
1955-04,4.16,4.1,,-1.51,8.69,3.26,6.51,0.49,2.1,-0.07,,3.63,-0.52,7.95,-2.76,2.54,4.94,-0.11,2.57,,1.57,4.15,5.28,-6.98,-8.87,,,-0.19,-2.24,0.48,2.46,1.87,-3.89,0.3,5.97,,6.51,9.95,-1.22,5.0,6.09,2.18,1.69,8.09,-0.7,-0.68,-2.65,-2.66,11.24
1955-05,3.33,-0.66,,2.82,-2.3,-5.44,1.98,-3.94,-0.02,0.57,,6.46,2.66,5.23,-0.83,0.05,2.18,-0.6,1.95,,-1.09,-0.53,-0.79,-0.52,-1.26,,,5.86,8.52,-0.83,-0.29,1.15,-5.15,2.42,-1.83,,10.15,2.51,5.14,3.5,0.46,0.19,3.11,0.32,5.77,-2.51,-3.33,0.2,-4.38
1955-06,1.82,2.72,,3.3,-1.39,1.67,3.94,8.35,2.26,3.15,,6.38,-0.62,12.18,1.85,5.72,3.9,-0.09,12.36,,4.72,3.1,9.37,-1.72,2.52,,,0.45,9.5,11.12,1.57,0.59,0.33,3.49,3.8,,-2.75,-0.17,17.79,11.18,1.61,0.44,4.6,0.24,-1.09,5.22,4.1,8.69,-2.11
1955-07,-3.39,1.17,,0.43,7.2,-0.08,-0.23,-0.41,1.8,3.19,,-0.34,0.07,-2.15,6.32,2.78,0.01,0.33,0.37,,-0.49,-3.13,17.36,-1.54,-3.03,,,-4.47,-2.77,2.72,3.58,2.51,2.45,0.92,-0.31,,-9.43,-2.86,-9.91,-3.3,-1.53,2.85,1.87,5.04,-0.52,-3.17,0.18,-0.54,-3.55
1955-08,-0.16,-1.43,,-0.43,1.51,0.65,-1.66,-4.46,1.25,-0.77,,-5.16,0.6,2.31,16.0,-1.62,0.98,2.64,6.08,,0.11,1.94,-3.5,9.37,1.42,,,6.26,5.63,-1.31,-0.11,-2.6,1.71,-0.75,-4.22,,3.62,2.34,0.83,-1.04,-0.73,-1.76,1.69,-1.99,1.84,-1.81,-3.68,0.27,-0.18
1955-09,-4.57,-3.0,,-0.97,3.07,-7.57,-4.97,-2.41,-3.25,0.05,,-8.52,-2.77,-2.8,0.41,-1.54,0.42,-1.99,0.51,,-0.31,-5.97,9.06,-2.6,-3.15,,,-3.96,-3.94,-0.51,-2.84,0.93,1.76,1.47,-2.78,,-3.07,0.64,-1.83,-0.27,-1.94,-4.57,3.71,-3.83,-3.77,-4.51,-0.03,-4.37,-1.7
1955-10,-2.12,-0.19,,-6.21,-0.55,-5.43,-3.02,0.69,-2.38,-1.49,,-3.72,1.09,-2.59,-3.29,-1.56,-3.12,4.39,-5.65,,-2.11,-6.37,-5.09,4.65,-1.71,,,-5.1,0.66,-1.18,-1.12,-1.33,-1.71,1.04,-4.6,,-2.88,-2.63,-0.66,-2.98,-3.15,1.57,-2.88,-4.29,0.01,-3.78,-7.58,-1.91,-0.1
1955-11,2.05,3.58,,3.09,3.65,5.6,1.83,9.45,3.03,0.18,,8.45,5.89,7.4,6.99,3.09,5.53,3.52,8.72,,8.94,12.08,9.25,11.65,10.68,,,10.38,10.84,8.43,3.23,1.46,1.21,2.58,6.89,,7.44,5.89,3.92,7.79,10.69,1.29,6.14,1.13,0.03,15.01,6.76,4.35,-0.23
1955-12,0.02,0.82,,1.92,1.53,2.52,-2.74,4.88,-0.27,1.15,,6.05,6.05,2.14,2.07,0.42,2.4,2.64,1.9,,3.86,6.23,-3.13,8.03,6.13,,,-2.36,7.78,3.47,-0.3,0.69,3.22,-2.26,4.05,,7.45,-2.44,7.98,3.11,-2.02,2.48,-1.17,4.27,1.76,0.51,2.7,2.48,1.95
1956-01,-2.98,-2.33,,0.15,-0.01,-5.47,-5.66,-0.8,-3.76,-1.99,,-12.78,-6.1,-4.84,-7.23,-1.53,-4.78,-0.07,-4.11,,-4.37,-5.93,-7.17,-7.06,-5.77,,,-2.89,5.64,0.27,-0.56,1.65,4.26,-2.61,-3.86,,-8.11,-4.63,-0.24,-4.98,-2.5,-0.71,-4.91,-4.08,-4.48,-3.95,-0.96,-3.13,-0.26
1956-02,3.46,2.05,,-0.12,-3.43,3.48,8.98,6.6,6.57,1.11,,11.29,7.79,3.84,1.33,0.15,5.17,-5.36,4.66,,5.41,5.92,5.23,4.44,1.71,,,6.67,11.91,4.01,1.75,-0.03,1.03,2.34,5.26,,10.87,6.94,4.62,7.57,2.18,5.66,2.47,-0.46,2.52,3.54,6.12,4.11,4.66
1956-03,0.26,1.73,,4.56,1.48,7.45,-1.51,3.8,4.12,0.11,,5.11,7.31,5.51,6.17,-0.64,11.82,0.95,9.79,,4.23,8.5,4.46,-0.83,3.12,,,1.52,9.26,11.31,3.62,1.28,9.11,1.32,17.3,,15.19,6.27,11.79,10.7,6.85,2.24,0.13,2.62,2.91,8.11,24.61,6.73,9.69
1956-04,-3.1,-0.24,,1.99,6.86,5.08,2.1,3.74,-0.89,-1.82,,-6.67,3.47,-0.97,-2.31,-3.59,-0.18,-0.4,3.44,,2.69,-2.75,-5.2,3.26,-0.59,,,-1.98,-6.44,3.54,-2.37,-1.07,-6.99,0.19,4.91,,-4.24,5.69,-3.23,2.04,1.47,0.2,-2.14,-0.91,-1.32,-8.44,-8.25,3.76,-4.96
1956-05,-2.78,-2.96,,-4.09,-4.31,-3.18,-4.01,3.62,-6.23,-4.06,,1.63,-1.74,-6.13,-2.83,-6.02,-3.8,-2.5,-9.68,,-3.0,-7.79,-5.04,-5.88,-3.81,,,-7.45,-3.42,-6.67,-0.96,-1.29,-5.69,-2.43,0.09,,-3.36,-5.75,-5.3,-4.35,-5.81,-2.98,-4.94,2.48,-3.06,-3.45,-7.13,-8.28,-2.72
1956-06,0.4,0.26,,1.68,0.46,1.29,0.85,5.7,0.65,1.24,,5.8,3.19,3.94,5.87,-0.78,4.32,4.21,4.79,,6.13,4.99,7.21,3.95,2.98,,,-0.33,10.2,2.45,2.16,1.08,5.2,0.39,11.9,,11.64,4.68,-0.88,4.23,1.39,0.36,2.11,1.72,4.24,-2.86,1.1,-0.23,2.51
1956-07,0.78,2.38,,0.22,1.6,-0.44,1.27,6.92,2.9,0.12,,-0.55,3.19,2.52,0.32,0.31,5.4,7.13,10.65,,8.47,5.11,4.37,4.29,8.77,,,0.75,2.03,5.87,5.02,2.43,-1.74,0.33,4.46,,6.57,5.54,11.83,4.32,1.94,3.32,4.49,4.39,2.13,2.4,6.97,2.41,-1.99
1956-08,0.62,-2.09,,1.72,-2.31,5.63,0.0,4.09,1.83,-1.16,,-4.99,-3.1,-3.85,-2.64,-2.79,-4.06,-4.01,-2.06,,-3.74,-3.21,0.3,8.33,-1.65,,,3.51,-6.04,-5.46,-2.66,-1.56,10.86,2.13,-5.2,,-6.3,-2.57,-7.59,-7.64,-5.44,-0.52,-3.0,-2.89,-0.56,-6.16,-5.57,-3.9,-4.42
1956-09,-4.57,-3.4,,-1.91,-4.35,2.46,-4.48,-9.5,-4.41,-3.75,,-4.35,-3.84,-6.93,6.43,-2.14,-6.47,-4.3,-4.83,,-3.32,-7.06,-2.55,-5.14,-4.44,,,-5.06,-2.27,-6.04,-4.05,-3.0,-6.26,-1.45,-7.02,,-6.63,-7.2,-13.4,-9.56,-4.26,-1.87,-4.76,-4.68,-5.28,-3.64,-1.05,-4.74,0.93
1956-10,-1.2,-0.52,,-2.25,2.47,6.84,-1.14,3.28,-2.33,-0.08,,-3.27,0.64,0.58,1.77,1.37,-1.73,1.83,0.43,,3.18,3.08,-0.39,4.21,1.71,,,-1.11,7.78,0.17,0.88,-1.65,0.87,1.36,2.97,,2.65,2.8,-4.99,1.4,1.73,2.07,1.03,1.29,-1.94,4.21,1.39,1.23,-6.31
1956-11,-1.5,-0.26,,-1.87,-1.28,8.67,-2.94,-1.23,-1.8,-1.2,,3.71,-1.99,-3.51,-2.78,-1.78,-3.79,5.66,2.19,,1.74,-1.58,-3.63,2.71,8.11,,,0.93,5.08,5.09,0.21,1.33,0.12,0.3,3.59,,8.21,2.46,-5.09,-2.84,-0.69,2.8,-2.69,0.37,1.18,-3.37,0.3,2.97,-1.76
1956-12,0.92,0.66,,5.43,2.17,-0.46,4.43,-4.87,5.28,1.01,,2.79,6.1,5.03,7.07,-1.21,5.18,5.9,3.79,,6.4,3.57,2.03,3.47,4.02,,,2.13,-1.25,3.95,1.58,2.34,1.95,0.8,8.24,,0.37,0.59,5.07,1.45,1.75,3.41,-0.94,-0.16,0.93,3.23,4.23,0.61,4.3
1957-01,4.17,0.8,,-0.4,4.32,-4.74,3.51,2.75,-4.31,1.07,,-2.3,-2.56,-5.91,-1.49,2.05,-4.85,0.48,-9.83,,-2.27,-8.04,-6.73,-3.64,1.52,,,0.49,-5.21,-4.38,2.36,2.63,2.62,1.2,-3.76,,-9.11,1.3,-6.34,-3.02,-2.46,4.65,-1.97,0.57,0.49,4.28,6.31,0.89,-5.18
1957-02,-2.3,-1.45,,1.13,-1.37,-0.8,-3.13,1.48,-2.68,0.23,,4.1,-0.99,-2.15,1.65,-7.54,-1.73,-1.94,-4.38,,-2.4,0.25,-2.34,-9.36,-1.14,,,0.95,-7.16,-2.44,-0.54,0.09,-0.27,-1.83,-2.05,,4.76,-5.57,-1.61,-1.36,-4.49,0.85,-1.32,-5.3,0.9,7.0,-3.43,-4.17,-0.54
1957-03,5.55,0.91,,1.59,0.88,4.1,1.9,1.75,4.89,1.52,,4.25,8.34,2.31,5.32,1.97,1.47,4.55,1.99,,1.66,5.15,0.43,-1.01,0.75,,,4.85,1.1,2.96,1.46,1.29,3.19,0.73,3.71,,9.05,1.86,-2.92,0.86,0.76,0.2,1.87,2.34,4.55,-2.78,-1.01,4.23,4.24
1957-04,1.12,1.48,,1.44,0.24,2.98,2.21,11.96,-0.73,-2.01,,1.39,5.51,5.23,-3.17,-0.23,0.65,7.66,4.16,,2.67,7.59,7.74,-0.36,5.8,,,-0.95,-2.02,6.81,2.91,0.19,-0.14,0.52,8.47,,7.68,10.38,-3.9,0.73,2.28,0.47,-0.16,3.06,3.16,5.53,3.85,7.03,0.25
1957-05,-0.79,0.81,,3.98,-1.15,6.63,3.03,8.05,-1.13,0.51,,0.29,4.9,3.28,1.8,4.55,5.2,1.84,1.92,,2.29,4.2,1.43,-0.2,-1.5,,,-0.88,5.17,7.41,1.99,0.78,-0.72,-0.7,7.8,,4.53,7.58,6.05,4.69,0.45,3.44,2.25,0.48,2.56,-1.91,4.91,3.77,-2.11
1957-06,2.19,-1.08,,0.64,-1.81,1.51,-0.23,3.47,-0.2,-1.88,,0.24,6.72,-0.35,0.1,-2.09,0.0,-4.43,1.12,,-2.57,2.58,0.03,-6.3,-5.01,,,-0.22,-2.71,-1.98,-5.36,-2.35,1.25,-0.63,8.92,,6.83,7.57,-0.97,4.31,0.17,-0.27,-2.31,-1.05,-3.59,-2.86,-4.23,-5.56,0.31
1957-07,-4.42,2.07,,-1.96,-0.78,5.58,-0.25,0.59,4.56,-1.6,,9.63,1.76,1.31,-0.89,-0.89,1.36,1.27,-0.62,,-2.16,0.84,3.43,-5.57,-0.33,,,0.6,-1.39,0.73,-0.29,-0.54,-0.11,-0.55,0.67,,4.77,-0.78,1.61,-1.0,1.9,-0.19,2.83,0.87,-0.13,-5.33,-0.02,-0.4,-0.89
1957-08,2.47,-2.61,,-4.25,2.66,-8.0,-4.07,-6.13,-2.33,-3.41,,-7.19,-2.91,-6.93,-6.23,-7.27,-7.31,-6.31,-7.27,,-5.94,-6.77,-3.68,-1.05,-2.82,,,-6.22,-7.22,-5.99,-2.83,-0.37,3.4,-0.95,-7.15,,-11.89,-8.28,-15.3,-5.82,-7.07,-9.42,-2.52,-3.9,-0.58,-6.62,-3.67,-5.11,-4.23
1957-09,-5.95,-1.6,,-5.49,5.1,-6.73,-5.39,-0.16,-2.02,-2.52,,-1.73,-3.42,-6.77,-4.09,-5.68,-5.38,-6.44,-9.02,,-7.55,-6.95,-7.65,-10.07,-9.76,,,-10.29,-9.66,-8.22,-2.0,-2.51,2.99,-0.75,-4.95,,-9.03,-8.2,-0.01,-4.6,-8.06,-4.36,0.47,-2.82,-0.93,-4.36,-5.24,-7.18,-3.47
1957-10,-5.2,-1.95,,-2.39,0.7,-5.32,-11.8,-10.64,-3.16,-3.87,,-2.71,-0.84,-3.78,-4.01,-8.05,-4.14,-7.39,-7.91,,-6.72,-2.59,-3.7,-4.95,-2.87,,,-7.0,-5.01,-6.07,-0.99,-2.39,-1.85,-1.73,-2.9,,-7.4,4.56,-8.69,-3.94,-7.57,-8.79,-3.92,-8.59,-1.63,-3.28,-11.38,-10.36,-4.47
1957-11,1.16,3.34,,4.98,3.61,4.87,3.53,1.39,3.51,-1.93,,5.34,8.58,4.66,1.74,2.3,4.31,11.37,-1.28,,-1.91,7.91,-4.22,15.85,4.82,,,-3.46,-1.74,2.2,4.12,1.21,4.95,0.13,3.69,,11.49,2.3,8.64,6.27,-2.14,1.9,1.43,-3.05,5.8,4.08,0.23,2.42,-2.12
1957-12,-7.83,1.76,,-3.19,2.94,-3.4,-5.11,-3.01,2.66,-2.74,,0.98,-0.85,-3.5,-5.3,-7.67,-2.86,-9.05,-9.1,,-7.68,-4.96,-6.76,-6.54,-5.05,,,-7.52,-8.09,-7.21,2.32,1.02,-1.59,2.91,-1.17,,-9.37,0.62,-5.35,-3.12,-6.86,-3.77,-1.86,-1.98,0.14,10.26,-5.99,-5.01,0.28
1958-01,9.44,6.4,,7.03,5.7,9.95,9.58,7.25,2.09,8.25,,8.33,-1.38,3.11,8.69,15.96,6.03,19.04,8.28,,10.38,3.23,3.36,3.97,7.05,,,8.45,8.78,1.21,5.78,3.98,3.67,2.3,5.25,,-0.04,3.98,10.05,4.38,12.73,4.35,7.39,11.53,7.56,2.08,4.66,11.2,4.05
1958-02,10.07,2.54,,2.77,0.22,-1.37,-0.44,-6.18,2.24,1.69,,-1.53,5.36,-3.9,-0.41,-1.8,-0.82,-4.04,0.29,,-3.52,-3.86,-2.35,-2.75,-0.98,,,-3.45,-2.83,-4.78,1.17,0.54,3.66,0.24,1.89,,-2.34,-0.52,-5.49,-1.95,-3.69,0.31,1.34,-0.16,3.79,5.13,-0.97,-2.8,3.47
1958-03,4.57,3.74,,2.87,6.24,5.52,0.44,5.31,4.24,3.24,,9.69,7.96,-0.4,1.93,2.27,2.9,7.75,1.96,,3.84,0.82,2.43,0.58,-0.27,,,8.51,0.99,7.93,1.98,1.08,5.21,0.48,5.1,,6.29,2.64,3.85,3.24,0.38,3.73,3.99,7.54,2.34,0.59,9.76,4.85,9.87
1958-04,7.31,2.8,,3.6,4.46,-2.01,3.71,5.17,2.06,2.82,,1.73,6.86,0.77,-3.9,5.04,1.28,-1.87,1.29,,2.69,-1.59,4.28,5.49,0.2,,,0.89,4.68,5.07,4.87,2.62,0.06,2.53,1.34,,-0.62,2.18,0.5,1.66,7.11,0.76,3.08,1.64,1.38,2.69,7.94,2.42,-0.95
1958-05,0.67,3.14,,3.33,0.46,1.09,7.15,2.42,-0.61,2.98,,-2.59,1.63,1.55,-0.55,5.03,1.92,0.0,6.75,,2.96,2.16,4.09,6.3,2.9,,,4.42,6.21,0.14,1.34,2.0,3.81,3.6,0.86,,5.58,-1.83,-0.14,4.86,3.93,2.6,3.58,8.37,3.2,-2.36,17.92,1.63,2.33
1958-06,5.49,2.59,,3.04,3.95,7.81,4.16,0.72,3.85,-4.3,,-2.02,3.93,3.02,3.09,0.14,2.67,1.83,0.9,,3.09,1.63,3.03,2.03,0.87,,,3.59,2.41,4.94,2.16,1.64,3.36,0.1,6.23,,1.16,6.36,10.84,1.32,2.55,1.76,2.14,1.91,0.58,4.28,0.55,5.31,7.51
1958-07,0.58,1.42,,3.23,-0.1,2.85,2.15,-4.6,9.94,2.65,,7.29,5.83,7.79,2.73,7.43,6.72,1.47,11.51,,8.37,4.77,10.16,5.67,6.44,,,3.76,12.38,0.43,1.05,0.83,-1.59,8.76,0.56,,6.82,5.44,10.69,5.39,8.33,4.2,1.63,3.09,2.8,1.67,9.32,0.85,0.99
1958-08,6.78,1.91,,5.03,2.25,8.61,6.26,12.23,-1.61,2.75,,1.31,1.98,2.52,3.21,4.3,2.43,-0.35,3.01,,3.65,2.1,-0.23,0.09,1.12,,,-0.49,2.57,1.87,-1.04,2.37,1.9,1.7,1.74,,2.35,2.34,2.38,2.87,2.14,3.49,5.83,6.4,5.89,-0.92,3.9,4.63,11.74
1958-09,-2.45,2.11,,6.01,7.82,13.97,5.4,9.59,4.34,3.85,,5.35,11.92,2.68,3.88,9.92,3.5,5.48,8.17,,4.01,5.48,9.3,-1.75,1.48,,,-1.06,-0.56,3.16,3.27,4.89,4.89,4.51,8.0,,-2.59,6.55,7.32,3.97,7.81,2.15,3.92,10.73,-3.14,-3.64,0.2,2.8,-3.94
1958-10,5.3,1.29,,5.83,1.52,15.45,3.68,5.42,9.04,-0.41,,7.38,0.5,0.62,3.97,3.26,0.85,9.0,4.73,,3.06,3.84,2.6,6.94,3.83,,,2.9,2.38,1.13,4.1,1.28,5.31,3.63,6.32,,1.23,2.63,-8.61,2.42,3.58,1.03,1.0,3.58,4.19,8.24,1.9,1.85,2.88
1958-11,0.87,5.04,,5.45,1.64,2.25,6.09,9.88,4.58,2.13,,7.29,7.97,3.29,2.03,2.57,3.78,7.98,0.49,,4.09,3.8,2.82,-1.15,2.76,,,1.58,-1.09,1.87,2.85,2.04,7.18,4.6,2.11,,14.39,7.74,8.39,3.33,5.65,3.99,5.9,14.33,-0.25,1.85,3.78,4.68,4.21
1958-12,-1.05,2.99,,0.5,3.55,-4.58,2.72,-4.15,1.77,3.95,,6.11,4.28,5.59,3.6,3.24,5.22,-3.19,6.52,,2.64,11.25,3.43,-0.12,4.09,,,3.94,3.79,0.99,5.72,13.18,8.92,2.34,20.0,,8.47,5.3,5.89,2.91,2.11,5.03,5.61,-1.91,3.92,14.2,-5.39,2.22,9.52
1959-01,-0.88,2.38,,2.3,8.55,5.78,3.49,2.52,1.84,7.93,,1.5,-0.97,-0.48,1.32,3.05,1.35,7.79,1.17,,1.06,-0.89,-0.63,1.27,-2.52,,,4.52,1.66,0.28,1.04,3.7,5.23,7.25,-5.51,,-2.8,-0.78,-1.35,0.6,3.52,-0.12,3.43,2.37,-5.8,-2.28,-0.62,-0.19,-2.42
1959-02,6.32,2.47,,2.82,0.57,12.11,2.58,-2.21,3.33,5.06,,-2.46,4.08,5.11,4.94,5.52,3.16,2.77,1.12,,2.8,4.35,-0.79,6.3,3.14,,,-1.62,-1.25,-7.73,1.07,4.67,-0.87,-0.87,5.11,,4.36,7.18,12.96,3.1,1.07,1.15,2.5,3.03,2.52,2.88,2.77,1.64,4.27
1959-03,0.55,-0.93,,-2.66,2.13,10.41,1.28,2.86,8.29,-0.97,,6.71,3.88,0.94,1.61,1.04,-0.15,-2.26,-3.9,,-0.44,2.93,-1.37,4.48,1.13,,,3.18,0.37,1.95,1.42,-0.74,15.28,-0.92,1.47,,1.54,0.62,-1.57,-0.93,-0.73,-0.17,-2.02,5.76,-3.84,-6.22,6.22,-2.22,0.36
1959-04,13.24,0.99,,1.3,3.75,23.69,2.93,-2.75,-1.45,1.94,,-9.14,12.99,6.98,0.14,3.99,4.27,-4.16,1.91,,3.81,6.86,8.88,2.92,-2.48,,,-7.08,-0.63,1.56,-1.33,4.41,2.58,1.01,7.15,,11.07,15.07,5.56,1.46,3.48,6.85,1.0,-1.17,3.26,-0.96,-4.87,0.44,3.03
1959-05,-4.25,4.49,,0.63,-6.12,-3.6,-0.37,-3.07,2.39,-0.19,,2.17,-1.46,5.59,6.11,2.21,3.66,-0.51,4.87,,4.33,0.99,4.38,2.77,-0.84,,,-1.56,-1.37,-1.17,-1.32,-1.23,-8.01,-0.56,15.84,,-4.28,-4.01,1.93,-1.23,0.88,-1.21,2.73,-0.64,2.69,-1.98,-2.07,-0.75,5.88
1959-06,10.28,-1.16,,0.11,4.35,8.7,0.39,0.67,-1.12,1.13,,23.86,5.47,-1.8,-2.31,6.39,1.21,-0.17,4.67,,4.1,-1.16,0.07,-5.66,-1.74,,,-4.26,1.92,-3.05,-2.47,-1.34,5.25,-0.94,-3.99,,6.87,3.3,-0.8,2.23,1.36,1.44,2.06,5.62,1.44,5.61,-0.7,1.2,0.57
1959-07,1.44,3.59,,10.03,0.5,1.36,6.26,11.88,2.07,-1.27,,-2.4,4.85,6.1,3.58,6.82,1.77,0.47,3.16,,1.87,0.32,6.96,-0.62,1.71,,,0.83,10.71,4.61,3.57,0.35,-0.75,1.51,-3.65,,4.89,7.61,1.03,2.85,-0.95,2.37,1.81,1.72,-1.84,2.98,10.42,4.51,-1.49
1959-08,-9.3,-0.29,,-2.62,2.97,-1.05,-3.33,4.32,3.09,-1.38,,5.53,-4.22,-3.56,0.36,-3.28,-2.74,-2.87,1.87,,-2.26,-2.52,0.59,-14.22,-3.23,,,-1.99,-0.23,-3.4,1.15,0.42,-2.61,1.84,-1.9,,-7.71,-3.41,-6.24,-0.55,-3.0,-1.31,0.74,2.78,-1.26,-6.8,-1.03,-0.89,0.15
1959-09,-5.33,-3.29,,-4.58,-3.34,-5.18,-5.61,-9.19,-6.7,-1.26,,-5.12,-5.27,-5.44,-6.81,-3.09,-4.47,-8.71,-5.49,,-7.47,-4.93,-4.68,-5.8,-5.61,,,-4.71,-6.23,-7.23,-4.66,-1.27,-4.13,-1.56,-3.1,,-8.67,-4.84,-7.59,-3.1,-3.76,-5.16,-2.26,-5.25,-3.13,-5.67,-4.86,-6.79,-4.16
1959-10,12.94,2.31,,0.73,5.7,14.18,1.4,6.53,4.2,5.24,,6.65,1.78,1.21,-0.43,-2.1,3.36,1.13,-1.6,,1.42,5.49,-0.38,6.25,-2.58,,,-1.65,4.97,0.78,0.59,1.0,0.87,2.21,0.86,,5.95,10.23,1.52,1.24,-1.09,5.75,0.27,7.01,-2.25,-5.07,3.54,3.97,4.23
1959-11,9.14,-0.17,,1.57,1.83,5.24,2.01,-2.19,3.0,0.18,,-2.16,5.79,2.04,-2.84,0.26,0.88,0.22,-0.62,,-0.22,10.11,-0.45,13.62,5.12,,,0.56,0.46,-0.69,0.14,-1.49,7.3,2.78,6.18,,4.75,12.21,1.81,6.01,-2.07,6.72,1.8,-1.2,2.16,6.93,-0.38,-0.93,9.47
1959-12,-4.73,2.67,,0.35,-3.02,-0.7,4.12,8.41,0.67,1.88,,-7.4,-1.73,3.08,1.24,0.74,0.55,4.92,2.18,,3.11,5.57,4.59,-6.82,0.15,,,4.42,2.07,3.93,1.8,4.0,-2.29,2.64,0.03,,3.98,1.02,5.98,1.36,2.03,-0.46,2.46,2.67,-3.15,11.33,2.98,1.35,-9.02
1960-01,-4.47,-4.49,,-5.74,-2.05,11.42,-9.28,-6.56,-7.86,-8.55,,-4.21,-6.83,-10.03,-3.93,-4.84,-6.83,-2.75,-9.38,,-4.43,-12.32,-11.55,-6.14,-2.3,,,-3.93,-7.91,-7.82,-2.41,0.62,-6.02,-4.09,-5.85,,-10.88,-11.05,-7.89,-9.46,-4.48,-5.34,-6.05,-10.03,-1.34,-10.53,-6.72,-6.65,-4.0
1960-02,5.32,3.19,,-2.15,2.31,7.1,0.58,3.01,9.3,1.45,,3.41,-0.15,-0.74,0.11,0.49,3.16,0.79,-2.05,,-2.13,5.09,-2.25,1.76,2.67,,,1.69,-2.97,-3.77,2.48,8.08,13.37,0.03,1.8,,10.04,10.41,-7.87,3.28,-1.02,1.5,4.16,1.72,-0.12,1.82,-0.88,-2.45,8.6
1960-03,2.42,-2.03,,-2.94,-0.18,-1.98,1.15,5.03,-0.56,-2.6,,-4.55,1.58,-2.74,0.55,-6.73,-0.76,-1.19,-5.58,,-3.58,-0.85,-6.03,-9.86,-4.45,,,-2.99,-5.48,-1.07,1.4,-0.18,2.42,-4.59,3.44,,-0.25,4.17,-2.3,-2.44,-4.96,-1.38,-0.2,-3.82,1.31,-1.08,-1.21,-1.05,-3.43
1960-04,4.2,0.85,,-2.19,1.35,12.76,-1.92,-0.66,-1.29,0.21,,0.1,1.52,-5.53,0.29,-1.09,-1.12,-9.6,-5.53,,-4.11,-1.25,-1.86,-0.75,-2.79,,,-0.81,-2.97,-4.48,1.19,-1.24,9.61,-2.1,2.1,,5.1,0.36,-7.48,0.57,-2.12,0.5,-0.56,8.83,1.73,-4.21,-7.2,-2.18,0.64
1960-05,16.81,7.36,,-0.52,2.46,10.75,1.99,17.03,7.73,1.76,,16.06,13.34,3.39,-1.44,2.02,3.59,-7.76,2.35,,0.92,6.39,0.26,10.26,7.11,,,-1.38,2.42,-3.89,1.23,3.05,0.09,-4.23,12.21,,11.3,11.46,-4.28,2.99,0.8,1.55,2.95,0.82,-0.73,1.79,6.28,-0.99,1.88
1960-06,-5.41,6.57,,0.47,4.74,-1.55,8.61,0.51,6.37,-1.59,,-0.07,-0.42,0.45,-2.81,4.11,2.57,1.4,1.32,,1.63,-0.18,-0.3,-0.08,1.47,,,-2.4,-1.33,3.38,5.53,-0.59,-10.09,-0.16,2.9,,-3.57,3.01,-4.74,3.65,2.14,5.44,3.49,1.1,5.18,7.95,-6.0,1.76,9.46
1960-07,-4.5,-1.84,,-0.79,4.59,-6.37,-2.33,1.28,-0.61,-1.06,,1.39,-4.32,-6.79,-2.72,-3.15,-5.26,-2.95,-2.38,,-3.88,-6.96,-1.49,3.58,-2.48,,,3.2,2.04,0.54,-1.2,-0.03,3.33,-0.86,-1.15,,-4.95,-2.93,-1.18,-4.15,-3.05,-6.26,-3.0,-1.25,0.78,1.32,-4.51,-0.83,-7.44
1960-08,-4.42,5.55,,3.2,5.22,5.53,9.4,3.53,5.08,2.96,,2.42,2.29,1.17,1.1,-0.85,0.59,0.17,0.63,,0.78,-1.05,3.13,10.45,-1.7,,,6.95,3.47,3.94,4.15,6.94,6.54,4.52,2.41,,2.33,3.36,3.63,1.15,2.0,4.43,2.84,2.06,4.78,2.2,3.86,2.64,4.66
1960-09,-13.99,-2.91,,-4.97,-2.11,-0.6,-4.6,-6.56,-9.19,-4.84,,-10.76,-8.76,-6.72,-7.29,-5.14,-5.04,-5.03,-8.25,,-5.71,-10.48,-6.3,-8.32,-9.84,,,-2.22,-5.2,-1.08,-4.65,-6.11,-3.36,-6.13,-5.21,,-15.83,-10.33,-9.04,-7.34,-6.89,-8.53,-8.55,-1.92,-4.67,-11.64,-4.3,-5.42,-2.79
1960-10,-10.09,1.99,,0.57,3.87,4.48,-6.0,2.78,6.47,-3.17,,4.33,-4.21,-1.58,-2.29,-3.18,-1.26,-5.05,-2.36,,-1.44,-3.57,-1.56,1.07,0.65,,,3.19,-1.63,2.28,-0.56,-0.08,6.38,0.44,-1.53,,-0.08,-7.93,-0.55,-1.87,-1.0,-4.31,0.33,-4.54,0.71,-0.27,-4.31,-1.57,1.56
1960-11,5.13,9.79,,6.51,5.46,16.42,10.03,12.92,9.12,2.5,,8.6,3.6,4.25,3.14,2.04,6.41,11.8,1.25,,8.28,5.2,-0.36,8.19,5.99,,,7.44,6.65,3.2,3.61,4.06,7.21,4.18,9.18,,-0.37,8.1,5.28,5.31,5.26,9.6,6.51,4.4,8.67,9.39,8.61,5.54,4.42
1960-12,3.28,4.6,,-0.29,3.54,9.73,4.54,7.66,1.77,3.46,,4.2,6.2,2.87,5.08,0.47,4.45,4.65,4.79,,4.78,1.01,-0.53,2.82,1.25,,,5.95,1.57,5.22,6.2,12.4,8.68,7.88,6.45,,6.85,-1.08,5.15,5.59,2.39,2.13,2.06,2.08,3.93,9.56,3.54,6.35,3.27
1961-01,6.75,4.55,,5.15,8.77,-3.59,7.67,9.59,4.37,5.39,,15.92,5.13,6.46,6.08,11.17,5.07,15.14,8.3,,5.92,-0.6,8.33,5.4,9.43,,,5.95,10.86,9.54,4.77,7.7,3.24,6.41,6.5,,6.11,1.48,8.76,4.48,8.28,7.94,2.33,4.08,8.36,2.71,5.24,7.16,9.39
1961-02,0.98,4.44,,8.17,5.43,28.51,12.84,1.45,5.9,6.86,,15.03,4.29,2.13,9.98,6.79,4.7,7.04,5.77,,9.03,-0.29,3.86,7.94,0.7,,,-1.75,9.25,0.43,3.49,0.61,1.61,1.23,6.42,,3.15,0.23,9.34,6.81,4.35,3.35,4.84,8.26,9.04,2.53,12.5,4.95,4.11
1961-03,4.29,4.67,,2.52,5.6,3.15,14.29,4.75,6.34,3.51,,1.84,3.75,0.94,11.5,5.96,2.24,7.78,1.85,,1.5,2.98,2.65,2.12,-0.43,,,2.43,-0.75,1.24,1.82,7.28,-1.55,5.17,3.07,,-1.56,1.27,-2.67,-0.66,0.9,4.58,5.83,4.05,5.73,0.54,10.45,3.67,5.13
1961-04,-2.03,-1.35,,1.45,-0.23,-4.48,1.4,-8.48,2.64,2.88,,-8.87,0.22,-1.48,0.36,-5.32,-3.79,2.09,-1.61,,-2.32,-2.53,-2.53,3.08,-1.59,,,0.97,0.51,4.66,1.69,0.63,-1.94,3.46,2.71,,-3.53,2.2,0.38,-0.39,-1.51,3.13,0.2,4.23,2.67,2.34,7.86,-1.19,-5.57
1961-05,-0.36,4.53,,5.28,3.38,-5.1,-2.13,2.5,-0.01,7.11,,0.23,2.25,5.52,5.11,5.47,1.87,6.51,5.9,,4.63,4.47,3.31,2.51,0.97,,,8.5,7.64,-0.19,2.21,-1.22,-1.45,2.52,2.54,,7.27,-2.44,0.94,1.39,4.89,0.02,4.3,-1.92,3.65,-1.52,5.43,5.81,2.44
1961-06,-9.86,-1.65,,-3.09,3.97,-6.91,-4.34,-4.84,3.42,-5.12,,-2.12,-3.75,-1.34,-4.85,-3.37,-2.68,-7.82,-7.67,,-3.16,-3.91,-0.88,-4.07,-1.09,,,-5.96,-4.42,-4.22,-2.07,-4.22,1.48,-1.74,-2.59,,-6.2,-4.69,-2.72,-4.5,-4.35,-4.95,0.86,-5.62,-2.75,-1.82,-4.01,-3.05,3.03
1961-07,-0.31,2.9,,0.87,5.95,-2.26,0.31,-2.34,2.02,1.46,,-2.77,3.79,2.95,-1.4,1.53,-0.21,0.57,4.14,,1.11,3.18,5.74,4.46,1.64,,,2.58,3.23,2.08,2.69,6.25,-9.39,-3.45,1.79,,-1.88,-2.28,3.21,-0.55,-0.36,-0.02,2.45,2.83,2.73,0.29,-2.69,5.58,8.68
1961-08,-9.0,5.76,,3.21,7.76,0.24,1.79,0.75,10.48,4.89,,5.51,3.6,2.34,3.32,5.81,0.73,2.6,0.18,,1.56,3.24,1.36,-0.84,-0.89,,,4.56,1.63,-0.01,3.67,0.07,10.93,1.99,6.38,,3.09,1.87,7.23,5.33,3.39,2.7,3.05,0.35,9.81,17.1,-5.99,4.83,0.9
1961-09,-14.54,0.1,,-1.5,-0.06,7.62,-8.03,1.28,-3.04,-0.8,,-5.79,-1.08,-4.45,-2.12,-4.26,-2.12,-6.21,-7.93,,-4.53,-1.39,3.69,-7.07,-4.12,,,-6.28,1.15,-6.77,1.24,-2.9,-6.1,-3.35,3.05,,-4.47,-3.82,-5.05,-2.7,-1.21,-4.28,0.56,-6.04,3.44,-6.29,-6.31,-3.71,5.53
1961-10,-7.79,4.24,,-0.84,7.05,-12.12,6.1,1.08,-0.75,8.25,,4.36,3.41,0.05,1.56,3.16,0.56,4.35,-1.83,,0.56,-1.95,0.22,-5.64,-4.07,,,-2.23,4.61,6.53,5.12,0.01,1.65,2.29,7.84,,-8.05,6.33,-2.54,1.82,2.27,4.44,9.41,0.73,2.34,-2.12,16.06,2.28,-0.12
1961-11,2.47,5.39,,4.46,8.05,-2.59,4.32,2.73,4.42,5.28,,6.56,2.73,2.46,4.03,7.38,6.11,5.05,1.69,,2.74,5.74,8.31,2.8,4.34,,,3.55,6.13,5.27,3.27,8.35,7.61,10.27,0.48,,5.54,1.56,1.72,2.06,0.2,5.71,4.96,1.09,6.25,12.25,5.57,7.28,0.68
1961-12,9.19,-4.18,,1.42,-6.12,2.71,1.07,-3.69,-3.76,0.0,,-5.83,-1.91,-0.16,-1.15,-1.11,0.26,-1.66,3.09,,0.13,-1.37,2.39,0.37,-0.29,,,-3.08,0.11,3.75,-4.39,3.13,-0.75,-3.07,-0.76,,-2.85,0.76,-1.02,-2.68,-0.16,0.43,-0.63,-2.2,-6.4,-0.88,-0.81,-2.86,-0.63
1962-01,-3.64,-6.8,,-3.45,-4.28,-20.24,-3.47,-3.8,-7.34,-6.07,,-3.41,-5.14,-4.76,-5.9,0.5,-5.72,-1.32,-3.99,,-0.62,-2.47,-0.57,6.78,5.52,,,-1.58,4.68,-0.22,-2.83,-6.31,-5.27,-1.45,-6.86,,-4.53,-7.63,4.15,-5.39,2.43,-0.68,-9.53,-4.18,-6.09,-6.89,-1.04,-2.78,-2.61
1962-02,-4.2,-0.07,,0.27,0.67,-2.36,-1.65,-0.94,-1.03,2.0,,3.73,3.53,3.28,4.5,2.05,0.99,2.91,-1.05,,1.62,-0.45,-1.47,-3.55,-2.71,,,-3.31,0.46,5.23,2.43,3.91,-1.11,-0.68,-0.97,,2.64,2.3,7.3,3.81,0.35,-0.08,1.6,-0.6,4.44,8.03,-2.72,1.26,4.09
1962-03,-13.01,1.58,,-0.35,-6.68,-6.76,-3.77,0.12,4.34,-1.22,,-0.27,0.24,-2.73,-4.49,-0.75,-0.42,-2.84,0.74,,-1.83,1.24,0.37,-3.73,-2.95,,,-1.48,-4.68,-1.81,1.76,-3.14,-3.98,3.71,-1.18,,-2.13,0.97,2.67,1.13,-1.59,-2.34,0.95,-4.02,-2.25,3.64,4.85,-3.64,-0.69
1962-04,-1.98,-4.69,,-3.6,-12.99,-10.61,-11.49,-9.6,-7.07,-8.18,,-10.28,-11.65,-6.23,-7.62,-8.02,-7.34,-10.7,-10.66,,-7.93,-10.21,-6.4,-10.59,-9.08,,,-7.73,-10.11,-3.64,-3.01,-4.9,-1.25,-6.23,-14.87,,-12.22,-2.76,-3.68,-8.03,-6.23,-5.88,-4.56,-9.02,-6.24,-11.31,-14.04,-8.17,0.13
1962-05,-11.47,-11.26,,-9.06,-14.22,-8.14,-15.05,-16.21,-10.07,-10.32,,-8.78,-11.21,-8.27,-13.06,-8.06,-8.72,-14.68,-7.47,,-8.15,-8.77,-4.98,-4.23,-9.57,,,-4.66,-9.4,-5.1,-10.71,-7.3,-11.64,-7.85,-13.14,,-10.94,-13.89,-15.3,-10.99,-4.97,-11.28,-9.16,-7.42,-12.58,-7.44,-10.82,-6.94,-11.42
1962-06,-10.68,-8.69,,-6.16,-8.33,-16.95,-14.37,-18.75,-12.35,-8.98,,-2.99,-13.85,-8.93,-6.89,-4.81,-11.55,-7.76,-10.21,,-8.39,-10.6,-6.86,-7.03,-8.78,,,-4.29,-7.17,-5.0,-5.31,-8.72,-15.13,-5.31,-13.27,,-13.88,-10.4,-4.61,-9.72,-7.72,-11.11,-10.4,-13.03,-11.67,-8.23,-13.76,-11.04,-17.01
1962-07,7.98,6.91,,2.63,0.69,-8.12,4.33,7.4,9.9,7.77,,-2.78,8.33,6.31,7.54,5.45,5.11,10.25,2.96,,4.04,9.46,6.5,11.22,4.02,,,2.99,10.26,4.52,7.12,6.96,11.27,2.86,13.5,,3.3,10.47,3.51,3.35,3.24,5.16,3.92,4.93,8.02,7.05,6.75,8.63,9.25
1962-08,-0.15,-0.18,,4.23,1.43,2.26,9.64,4.99,1.14,2.9,,-4.07,-8.45,4.2,2.66,-0.99,2.34,2.19,-0.62,,1.98,3.69,2.8,5.95,-1.17,,,3.3,1.25,1.62,2.92,1.35,-1.98,3.53,1.97,,1.97,5.1,2.54,2.67,3.17,4.21,4.19,0.33,4.24,1.85,-1.03,3.1,6.84
1962-09,-6.15,-4.84,,-6.16,-7.78,-12.88,-8.09,-5.55,-9.19,-6.57,,-4.0,-4.28,-2.22,-4.32,-4.6,-7.21,-5.83,-8.63,,-6.4,-8.05,-3.25,-6.84,-3.54,,,-6.16,-4.08,-1.94,-3.08,-6.27,-9.84,-1.01,-11.18,,-8.91,-6.43,-3.31,-6.51,-5.62,-7.64,-6.77,-8.76,-5.86,-12.02,2.13,-4.36,-5.22
1962-10,-13.98,-2.59,,-2.56,-6.9,-11.33,-6.64,1.23,0.95,-1.26,,-0.79,2.43,4.5,-3.3,0.93,-1.79,-6.65,0.58,,-0.29,2.17,2.17,0.75,2.27,,,0.13,-2.29,-0.52,-1.35,2.51,0.75,-7.24,-2.49,,-4.25,-1.14,-0.86,-1.27,2.91,-1.03,-1.6,-5.42,-1.39,4.08,-10.17,-1.53,-3.6
1962-11,15.15,11.99,,11.14,11.29,19.08,12.27,12.19,14.03,9.27,,10.36,17.94,11.66,15.04,10.64,13.52,10.72,14.94,,13.1,13.98,7.11,9.4,17.07,,,8.77,10.44,10.55,7.45,6.97,14.71,9.69,15.4,,13.57,13.14,16.65,13.04,16.66,13.27,10.8,13.46,12.28,14.86,29.4,15.62,15.8
1962-12,0.55,2.67,,2.25,-2.4,1.04,2.61,-5.19,0.58,-0.53,,-2.48,0.86,0.75,-2.35,0.53,-2.55,-0.34,-4.75,,0.38,0.52,2.89,-2.73,-0.73,,,-2.98,0.33,4.54,3.25,0.85,0.76,1.91,-2.47,,-1.21,2.36,-2.8,-1.6,1.14,-0.04,-0.15,-2.52,1.58,0.08,-13.24,2.02,3.75
1963-01,10.49,6.27,,3.77,1.47,9.3,7.62,6.96,5.21,6.21,,10.1,5.1,4.33,8.78,8.53,4.27,5.11,7.6,,7.36,4.72,7.09,0.81,1.36,,,10.41,7.92,2.33,5.0,3.88,0.57,2.72,7.14,,5.68,2.99,11.3,7.89,5.74,3.44,3.87,7.42,2.7,5.77,9.57,3.47,8.27
1963-02,-6.08,-2.85,,-5.29,-3.62,-10.02,-3.88,-2.29,-3.49,-3.51,,1.32,-3.1,-4.11,-0.93,0.42,-0.84,-2.95,-2.36,,-2.82,-6.6,-3.05,-1.99,1.06,,,-2.03,-0.76,-1.57,-1.69,-1.34,1.13,-2.46,-6.16,,3.92,-1.38,3.67,-2.6,-0.25,-2.14,-0.79,-4.14,0.4,-3.96,-5.72,-0.69,0.43
1963-03,-2.18,1.61,,4.4,7.51,-2.08,3.6,-0.57,3.73,1.2,,-0.16,1.03,3.48,3.48,0.54,3.38,0.31,2.04,,2.68,1.2,6.18,-1.76,4.88,,,2.49,6.06,6.77,1.56,1.71,4.38,-3.14,4.56,,0.42,1.5,6.01,2.68,3.23,0.15,1.95,-5.98,1.83,1.85,0.12,2.68,5.65
1963-04,12.45,0.51,,0.41,6.05,-2.63,0.31,9.01,5.73,1.44,,1.96,7.76,4.15,5.57,7.48,3.46,9.53,5.16,,3.13,5.67,5.77,3.56,1.99,,,4.64,4.11,5.83,2.12,3.48,3.61,0.7,8.69,,6.24,1.45,10.1,4.43,8.5,5.38,5.24,0.08,2.4,-1.47,-3.68,6.36,5.98
1963-05,18.17,2.72,,0.96,-3.29,-0.89,8.5,0.07,0.67,0.24,,4.71,-0.84,1.05,1.36,2.22,1.09,-1.74,6.41,,5.85,4.47,6.99,-1.84,0.66,,,2.04,3.56,-0.42,0.8,-0.88,4.12,0.71,3.5,,3.92,3.8,-0.36,-1.41,6.16,0.72,2.48,3.04,-0.5,-2.44,3.93,1.95,-0.86
1963-06,-8.9,-0.35,,-2.06,-6.5,2.8,-4.87,1.13,-0.45,-2.07,,0.03,-1.41,-3.44,-2.87,-1.21,-1.44,-4.77,-3.98,,-1.72,-2.88,-3.91,-1.19,-1.33,,,-2.58,-1.97,1.04,-1.36,-2.17,-3.03,0.94,-7.42,,-7.29,-4.88,-2.17,-2.2,-1.29,-3.38,-1.49,-0.78,-0.18,-3.63,4.55,-2.17,-2.2
1963-07,2.77,-0.74,2.3,-2.47,-2.81,-5.16,-1.17,-0.33,-0.41,-0.85,,-1.53,0.48,-1.28,-0.75,3.25,-1.13,1.28,-1.86,-4.13,-3.27,-2.71,-0.23,-3.87,-2.98,-5.82,0.69,-4.37,0.27,2.07,0.54,-0.52,-5.98,-2.27,-0.52,,-1.2,-3.45,-3.17,0.15,-2.66,-0.13,-1.35,-4.57,-1.85,-2.02,-5.32,1.37,3.41
1963-08,-0.57,4.49,5.24,2.08,6.93,4.56,7.78,5.01,5.96,4.29,,8.53,9.39,4.37,7.1,4.05,5.88,3.29,8.1,-1.8,4.65,4.93,7.06,2.56,3.15,4.03,2.24,4.23,7.86,3.6,3.87,4.04,-0.98,3.34,4.2,,7.03,4.93,9.46,5.32,6.89,3.83,6.4,0.89,3.9,2.63,3.24,4.97,9.49
1963-09,-2.21,-1.8,-1.17,0.03,-4.51,-5.57,-2.53,2.69,-1.66,-4.42,,-3.72,-4.4,-1.14,-3.64,-1.4,-1.43,-4.5,0.0,-2.35,-3.0,-2.03,0.11,-5.49,-2.83,-6.24,-3.0,-0.65,-5.25,-3.89,-2.76,2.09,-2.25,-1.73,1.58,,-3.71,-0.43,4.32,-2.28,-4.15,-1.97,0.84,-2.81,-3.4,-1.62,-4.09,-4.33,2.56
1963-10,-0.42,2.41,0.81,-1.57,5.5,15.09,1.64,-2.25,3.96,2.34,,9.27,2.51,3.24,0.33,5.45,-0.8,-0.93,1.29,2.7,3.73,-0.75,11.11,2.52,0.24,3.26,-2.53,4.52,8.96,-0.81,-0.96,3.14,2.07,0.88,8.21,,9.48,1.08,-0.14,3.1,1.52,1.08,0.16,0.86,-1.58,1.2,4.58,1.1,3.16
1963-11,-3.33,-0.67,-0.89,-0.99,-5.93,-1.44,-4.73,-0.83,-0.45,-1.63,,0.63,-2.17,1.98,-5.21,1.75,-1.29,-2.41,-2.1,-2.37,-0.91,-1.96,-6.17,5.32,3.77,3.75,-4.21,2.86,0.59,-1.45,-1.33,3.87,-3.62,-2.66,-1.44,,1.61,0.84,-1.83,-0.5,3.36,-4.39,-1.35,-3.81,-3.58,-4.43,-5.21,-0.28,0.45
1963-12,2.96,2.15,5.57,0.92,5.7,-2.63,-1.93,-3.1,4.18,-0.59,,-3.1,1.7,4.19,0.04,3.04,0.62,-2.92,1.22,0.68,1.64,-2.82,-1.27,-6.56,0.01,-8.66,3.28,6.43,5.12,4.36,2.12,-0.38,-1.73,2.61,3.9,,1.42,-3.79,0.53,-0.57,3.56,-0.96,0.05,1.42,2.55,1.25,0.7,0.39,5.8
1964-01,0.37,0.61,2.01,0.69,-1.99,-1.19,-1.56,5.67,1.23,-1.41,,4.34,3.3,2.96,-0.28,1.97,1.73,1.72,4.13,7.19,3.23,-3.19,0.82,3.43,3.59,-5.94,-0.17,-0.39,4.2,4.56,1.09,3.02,-2.26,2.37,2.87,,2.88,-0.73,-0.36,3.72,3.48,-2.06,2.49,-0.65,-3.85,0.25,-4.71,0.51,1.28
1964-02,-1.25,1.31,0.62,-0.46,2.39,2.09,2.43,7.05,0.68,1.39,,4.2,1.11,1.97,-0.58,3.47,4.64,2.07,2.64,0.78,3.18,4.71,2.93,5.91,0.79,0.54,1.49,6.53,0.12,0.83,0.61,-0.54,7.79,2.44,3.35,,-2.45,0.86,-0.57,-0.61,6.51,1.51,1.32,6.71,3.96,2.77,-1.56,4.35,1.7
1964-03,-3.67,0.77,6.2,6.55,10.07,3.4,0.27,-1.91,1.99,0.66,,-4.49,-2.01,2.33,5.51,0.15,4.45,4.93,6.66,12.1,6.09,3.25,0.48,1.64,1.45,2.51,3.66,5.27,-2.36,1.14,-1.05,-1.21,-3.73,2.82,2.35,,5.61,0.57,2.51,-0.77,2.92,4.23,1.97,3.69,0.44,-1.27,-0.17,1.15,-7.86
1964-04,1.07,-2.07,1.85,-1.91,1.54,-6.04,-2.22,1.39,-1.87,-0.69,,-5.68,-1.31,-1.48,1.42,-0.8,-0.83,0.36,-3.86,-5.68,-0.38,-4.76,2.62,-4.99,-1.68,-9.34,-0.13,15.95,-4.78,3.95,0.76,0.54,-4.2,1.3,-3.85,,-4.83,0.45,-1.08,-1.84,-1.49,-0.34,2.78,1.45,-2.4,-1.31,-4.21,0.13,2.41
1964-05,1.23,1.47,1.19,1.2,-0.49,-6.26,-0.14,1.09,1.96,1.55,,0.53,0.23,2.08,7.33,5.47,-0.09,2.39,0.91,-0.9,1.95,-1.7,2.07,6.9,2.11,-2.19,-0.69,1.05,0.65,1.91,0.58,-0.65,-12.51,-0.23,4.53,,-2.43,0.05,-1.47,-0.88,5.7,-0.32,3.93,-0.37,-0.99,-0.67,-1.52,0.72,-1.37
1964-06,6.2,1.97,2.2,1.24,-1.84,-1.44,-1.64,1.94,-0.12,3.78,,-1.21,0.43,-0.87,3.85,-0.67,-0.13,3.3,0.61,12.13,3.23,-0.4,1.43,2.37,2.16,-3.42,-1.81,-1.28,-2.63,0.42,1.91,4.39,4.94,6.18,-0.61,,2.29,0.2,0.49,0.89,3.44,3.19,3.62,2.16,-2.35,-0.34,-2.74,-1.1,-2.23
1964-07,0.63,0.51,2.96,7.56,0.11,-0.47,0.98,-0.12,0.42,3.71,,1.78,4.71,1.87,4.15,5.52,1.13,0.41,0.32,1.92,1.65,7.31,5.57,4.29,9.21,1.76,4.74,1.79,1.16,3.07,4.63,-2.31,-1.55,1.86,-3.02,,-0.04,-1.82,0.56,0.0,-0.2,1.99,0.79,0.64,0.33,4.33,6.16,0.72,3.87
1964-08,3.62,-1.4,-2.61,-2.14,6.39,-6.42,1.21,-1.18,-1.75,-1.2,,-1.22,-4.8,-2.55,-1.16,-2.21,-2.02,1.23,-0.36,-1.47,-1.07,2.42,1.66,5.23,-2.19,1.29,1.96,-0.38,-0.78,-2.17,-0.32,-1.84,3.33,1.13,-3.73,,-2.18,0.53,-2.3,-2.46,-6.17,-4.89,0.31,-3.86,-2.49,-3.57,-3.48,-1.69,-0.8
1964-09,-3.47,2.07,0.23,1.37,-2.25,6.85,2.31,1.32,5.47,3.55,,2.8,2.43,5.07,3.3,4.1,-0.39,3.09,5.23,6.57,2.92,3.81,4.46,5.14,3.29,4.24,17.02,8.96,5.05,2.75,1.6,-1.31,10.41,0.51,-0.43,,4.2,2.45,7.11,0.01,4.19,2.21,3.21,3.48,1.89,0.7,0.84,3.42,3.47
1964-10,8.79,-1.17,-3.25,2.12,-2.35,1.98,-2.0,2.25,-1.43,0.32,,0.6,2.77,0.63,0.91,7.05,2.01,-1.35,-2.92,1.76,1.9,5.77,-0.31,-1.05,3.89,-1.41,-2.27,0.35,-0.25,2.83,0.66,-1.18,8.65,1.83,-2.93,,2.3,1.91,2.1,3.38,3.85,1.03,2.01,5.48,-2.46,-2.18,0.41,0.6,-0.36
1964-11,3.19,0.64,2.25,-1.71,-1.93,-2.94,-0.9,1.53,0.7,2.59,,4.05,1.67,2.05,-1.25,0.06,-1.1,1.06,-5.19,2.6,1.08,0.42,-2.81,0.27,-0.17,0.2,4.64,-1.05,0.67,2.3,1.08,-2.52,3.67,-2.13,-1.87,,2.68,0.57,-3.72,-2.41,-3.56,1.53,3.03,0.82,-1.63,2.14,-2.83,-1.92,5.64
1964-12,-2.54,0.75,1.61,-0.5,-4.99,-1.36,-2.09,2.05,0.36,-0.7,,4.69,4.01,0.16,-0.32,0.3,-1.33,-1.09,-1.97,-4.42,-3.05,-3.05,1.92,0.66,-4.43,-5.88,8.11,-3.75,1.46,-0.55,0.18,2.81,-4.99,-1.53,-1.26,,0.93,6.61,-0.92,-2.68,-2.74,0.26,-0.19,-0.63,-1.33,0.25,-0.37,-2.6,-2.35
1965-01,11.12,3.87,8.61,11.9,5.09,8.92,7.36,9.81,6.28,7.05,,4.32,7.69,5.35,9.99,8.2,5.19,4.71,4.63,6.16,3.87,9.53,2.62,2.72,2.32,1.36,-5.94,11.68,3.46,0.0,3.68,-0.03,9.78,5.76,9.3,,2.22,7.71,2.66,8.81,4.51,5.28,2.46,9.19,1.66,2.3,5.96,2.52,11.55
1965-02,2.95,0.47,3.43,1.61,-0.36,6.72,1.47,0.46,2.49,6.15,,2.36,2.1,0.61,0.2,1.76,2.9,4.72,2.68,14.49,5.25,4.87,-1.41,4.8,-0.87,9.01,1.59,5.13,-0.81,-3.75,0.13,0.5,-2.5,3.91,2.37,,0.66,1.54,0.42,-0.94,2.28,2.75,1.05,2.74,2.18,0.72,3.19,-0.14,0.36
1965-03,5.88,-1.58,-3.24,0.23,-1.26,4.07,2.4,0.89,-2.26,0.48,,0.34,-1.44,-3.37,0.32,0.67,-0.04,-2.6,-0.32,-6.81,-2.67,-1.08,1.43,0.34,2.43,5.96,1.44,-1.54,-0.46,-3.46,-0.88,-2.04,3.42,4.49,-1.27,,0.48,-1.85,0.68,0.53,-1.14,0.33,-1.31,-0.02,-0.31,0.85,-2.14,-1.39,3.47
1965-04,0.97,2.02,4.96,5.21,5.3,4.24,2.51,7.71,5.47,4.53,,2.9,2.64,1.62,-0.72,8.67,2.45,2.28,4.89,1.01,4.99,4.81,6.73,7.91,4.18,2.31,-2.13,5.09,-2.38,0.6,0.35,2.02,6.23,1.45,5.33,,3.87,5.09,3.72,2.21,0.78,5.49,6.71,2.79,3.22,2.04,0.93,2.01,6.47
1965-05,-2.77,-1.16,-1.34,-0.63,-1.99,3.58,-1.46,0.2,-0.82,0.47,,-0.27,-1.69,0.21,-2.41,-1.52,-1.03,-2.86,-1.06,-7.02,-2.63,0.52,-4.37,1.22,-4.86,-1.66,-5.34,-1.77,-2.8,0.62,-1.28,2.46,-8.9,-1.36,-0.74,,2.43,2.25,-1.89,-2.54,-0.6,-1.25,0.03,-3.35,-1.69,-4.44,-2.86,-2.52,-2.42
1965-06,-11.17,-4.9,-3.29,-4.92,-3.76,-9.39,-12.66,-7.08,-5.73,-9.49,,-7.01,-5.53,-6.11,-9.66,-8.28,-7.46,-7.66,-7.22,-5.71,-6.65,-8.28,-7.49,-7.06,-7.44,-12.76,-6.58,-11.1,-6.35,-2.31,-4.01,-4.53,-6.61,-8.48,-6.02,,-5.6,-8.5,-8.1,-4.44,-7.31,-9.79,-6.48,-7.08,-6.39,-5.6,-8.16,-3.71,-13.78
1965-07,7.26,0.93,0.3,-0.67,1.43,7.16,1.69,3.92,4.14,2.12,,8.4,3.16,-0.26,2.5,2.66,0.23,1.52,2.81,0.84,1.37,4.35,1.26,9.97,3.54,9.75,7.82,7.33,1.6,1.55,0.75,-0.68,1.79,3.2,3.39,-1.56,2.28,5.48,-0.03,-1.15,4.19,5.14,-2.15,0.99,1.97,-0.35,1.4,0.14,2.8
1965-08,7.73,1.21,2.12,3.45,9.21,8.62,1.54,7.59,6.17,6.12,,7.8,5.77,1.21,5.9,5.74,2.14,6.8,2.46,6.63,3.62,6.22,2.42,1.95,3.13,4.57,1.69,3.32,2.93,1.18,0.6,1.0,6.75,2.85,4.72,-7.29,7.46,9.45,1.67,3.25,6.28,4.72,1.77,4.87,5.91,0.88,2.65,4.22,4.26
1965-09,0.05,-0.05,-0.14,-0.63,-2.97,13.53,5.9,2.09,5.58,1.75,,8.51,1.21,3.66,2.64,4.73,2.04,4.1,1.76,2.97,5.86,4.88,4.57,12.16,2.84,4.75,-5.59,1.6,0.0,4.14,1.08,0.79,5.86,2.84,3.73,24.18,7.83,7.81,1.25,5.49,2.81,7.11,-1.48,4.04,-1.46,-3.17,5.91,1.02,1.2
1965-10,5.29,0.72,0.11,2.17,4.11,13.49,5.55,6.25,4.02,4.18,,-0.37,3.31,2.56,3.12,4.94,3.8,12.88,4.96,6.46,5.11,5.3,6.06,8.33,3.83,0.41,1.56,4.63,15.25,1.27,0.74,-2.58,7.48,3.27,4.33,-1.95,6.56,3.05,0.67,4.28,6.19,3.22,-0.25,4.95,-1.76,-0.34,2.28,3.05,9.37
1965-11,2.56,-0.7,2.33,0.59,-5.03,13.11,6.08,7.49,0.57,1.85,,4.19,3.35,-2.26,2.22,7.29,-0.07,18.14,-4.75,2.27,5.19,7.97,-5.18,17.07,3.66,11.47,-1.97,2.82,-1.15,0.38,-1.36,-4.66,7.08,2.22,-0.32,-13.13,6.45,7.02,-1.38,4.88,6.74,5.45,0.76,1.74,-1.28,1.32,3.96,2.6,9.42
1965-12,16.2,-0.24,3.76,2.3,-1.35,1.53,10.14,3.67,4.09,1.73,,2.8,3.56,2.03,7.21,1.38,1.59,6.17,7.78,2.39,1.59,-0.65,0.83,-4.22,6.87,-5.37,0.12,10.14,0.36,-0.16,-0.66,-1.18,10.54,6.18,-3.13,29.61,-0.42,4.2,2.38,0.77,1.46,2.38,0.84,3.66,-1.72,10.11,3.7,0.91,4.33
1966-01,8.25,-0.03,-1.28,0.86,2.52,13.7,0.79,1.53,1.68,3.96,,5.37,2.06,-1.12,12.58,8.05,3.07,6.96,3.81,-4.84,2.59,3.62,-0.01,9.95,3.0,2.52,12.77,11.54,0.74,0.64,-3.39,-1.67,0.65,1.76,-1.2,-18.52,3.86,3.98,6.49,1.83,6.72,6.54,-5.54,2.71,-1.35,-0.64,4.46,1.48,3.32
1966-02,7.1,-0.63,-4.11,-3.2,-2.69,8.29,2.94,1.56,-1.03,2.65,,2.88,-2.47,-2.27,12.07,0.14,-1.08,-3.23,-2.08,-6.2,-1.12,0.95,-1.97,-0.49,-2.78,-3.97,1.15,10.49,-0.37,-3.91,-4.53,0.12,-1.74,0.24,5.55,5.04,3.92,5.45,-0.74,-0.8,3.01,1.94,-2.5,-1.75,-4.24,-2.58,5.12,-1.82,2.44
1966-03,-4.48,-4.12,3.06,-4.54,-3.76,4.62,-2.99,0.53,2.22,-3.74,,-3.09,-1.84,-4.93,-2.47,-4.92,-3.42,-2.76,-2.66,-5.35,-1.92,0.42,-5.71,-0.16,-5.92,-3.93,-2.32,-4.97,-0.19,-2.67,-0.52,-5.23,2.74,0.01,-0.22,-10.61,-3.45,-0.27,-5.29,-2.8,-1.57,-3.17,-2.67,2.8,-4.83,-4.75,-1.61,-4.44,-2.15
1966-04,2.28,-0.11,-5.79,2.85,-1.41,5.64,4.73,5.25,5.14,2.27,,4.75,-0.98,-0.02,4.3,0.34,1.32,1.66,1.39,6.28,0.8,3.63,-1.77,4.03,0.0,12.98,0.89,3.09,0.58,2.86,0.84,0.93,8.56,-0.23,6.99,10.42,8.1,6.14,0.81,7.56,4.19,11.82,2.14,6.57,-2.08,3.81,2.04,2.35,2.1
1966-05,-10.64,-4.47,-2.13,-6.7,-4.31,-14.7,-12.36,-4.73,-6.28,-8.35,,-7.88,-5.39,-5.01,-16.33,-9.0,-5.9,-14.24,-8.36,-9.97,-6.25,-9.15,-7.36,-8.84,-4.16,-8.14,14.6,-12.33,-2.95,-4.2,-3.15,-3.4,-16.14,-10.43,-4.12,-15.84,-10.05,-11.79,-9.23,-1.47,-9.94,-10.01,-2.9,-4.79,-1.69,-6.2,-10.48,-4.56,-16.49
1966-06,5.4,-2.98,-5.8,2.9,-2.39,-6.6,-0.22,1.91,0.54,-2.28,,6.39,-0.13,-4.26,-2.97,-2.37,-2.51,-0.33,-1.23,3.61,-1.84,-3.02,-1.72,0.72,-0.34,-1.37,-3.5,0.16,-8.9,-2.52,-2.17,0.09,-2.19,0.51,-0.86,-4.43,0.1,-0.12,-1.18,-0.91,2.96,0.62,-3.03,0.33,-2.03,-1.63,0.29,-3.86,2.02
1966-07,4.15,-1.89,3.13,-4.27,-0.8,-4.64,-0.26,-0.11,-2.73,-2.07,,-4.86,-1.66,-1.51,-4.5,-5.58,-1.69,-3.72,-4.41,3.45,-4.0,-5.58,0.08,-8.3,-3.22,-6.79,8.01,-2.47,2.98,0.0,-0.53,-1.51,-6.78,-3.71,-3.01,-4.58,-0.72,1.59,-2.66,4.68,-2.52,-3.78,-2.18,-2.96,-2.71,1.06,-5.97,-3.08,-0.07
1966-08,-13.27,-6.61,-5.61,-7.34,-5.91,-0.37,-13.0,-9.08,-8.69,-11.22,,-7.86,-8.61,-9.52,-12.36,-10.17,-10.61,-11.01,-7.92,-11.27,-7.56,-9.63,-8.31,-7.92,-10.78,-7.7,-17.03,-12.76,2.8,-7.02,-9.02,-4.98,-12.89,-9.84,-6.33,-15.85,-6.19,-8.31,-5.3,-6.64,-13.92,-11.24,-6.41,-10.64,-9.83,-5.3,-10.42,-10.41,-15.75
1966-09,-4.31,-1.75,-0.19,-3.84,-0.04,-16.01,0.84,0.63,-3.14,-1.71,,-2.65,-1.39,-7.65,-1.94,-7.32,-2.76,-2.38,-2.7,-1.11,-6.0,-0.42,0.59,-3.32,-6.41,-5.54,-1.63,-3.6,2.41,3.56,3.96,-0.96,-2.78,-2.96,-1.74,-12.57,-2.92,-4.83,-4.43,0.97,-2.72,-2.8,-2.11,-9.49,-0.62,5.02,-0.65,-2.94,-7.57
1966-10,0.82,7.76,8.4,3.95,6.39,-13.18,10.08,-1.86,3.39,-3.02,,4.05,4.47,1.43,-1.28,-6.54,0.88,-3.91,6.33,-3.38,2.44,1.89,-0.6,-4.25,8.78,-1.63,-11.53,-0.13,-1.89,8.13,9.51,8.73,4.88,-2.41,0.84,-30.15,-0.79,-5.39,3.78,-1.56,-1.15,0.66,-1.92,-4.4,10.99,12.96,-0.49,9.13,-1.37
1966-11,13.05,0.87,5.11,6.36,-4.4,1.71,7.15,9.32,6.93,3.65,,5.64,6.63,-2.08,7.55,-2.92,3.86,14.6,-0.7,0.35,0.98,7.47,-7.41,18.51,-6.31,7.04,6.38,10.27,5.75,-1.66,-1.77,-3.24,1.6,7.44,13.05,-1.81,5.53,14.04,0.45,1.01,10.56,7.79,-0.1,1.77,3.44,1.05,5.04,2.38,-2.08
1966-12,-8.4,-1.65,1.91,2.84,-1.95,-7.12,0.53,3.0,-1.65,-1.14,,2.4,-0.99,1.76,2.08,2.11,1.72,3.67,2.88,11.82,0.33,-3.08,-0.9,1.39,1.29,13.93,3.55,1.39,6.81,-1.15,1.69,2.56,3.37,2.16,-0.08,65.31,-0.12,1.49,0.21,-1.35,0.28,1.04,-5.19,5.44,5.0,0.01,-2.7,3.87,3.72
1967-01,8.03,5.83,6.15,8.75,16.0,19.91,14.27,10.92,5.73,10.99,,11.83,5.2,11.43,15.43,12.6,14.38,19.89,14.99,4.99,13.23,15.37,13.12,10.09,12.56,2.17,7.85,13.27,6.6,3.09,2.41,5.81,15.94,17.51,7.53,23.71,12.57,16.56,9.42,7.73,12.06,16.25,11.09,14.85,11.75,0.97,12.93,8.91,19.45
1967-02,-6.82,0.45,4.34,3.36,-3.71,0.24,2.74,4.95,4.12,3.05,,5.5,0.37,-1.11,9.08,3.5,2.08,3.64,-3.81,4.39,-2.12,4.65,-1.51,2.47,-1.85,3.66,-0.72,-2.19,2.74,-0.51,-2.09,1.77,5.38,0.06,7.83,-8.69,2.42,5.08,-0.08,1.85,-1.64,10.88,2.2,5.5,-2.73,-2.58,4.2,2.87,2.49
1967-03,-5.19,3.25,3.41,7.92,4.52,-5.31,10.62,8.16,3.6,3.66,,8.18,7.35,3.44,3.23,1.7,7.97,14.39,4.8,18.16,10.78,3.99,5.01,6.71,7.38,1.28,0.05,4.61,9.44,3.12,1.15,2.57,-1.04,4.19,5.12,10.97,3.88,9.14,6.14,6.77,3.86,3.83,1.55,15.07,0.76,-4.34,4.98,2.81,6.35
1967-04,0.25,2.83,7.06,5.81,3.16,12.23,6.05,5.62,4.34,2.55,,6.23,3.8,5.4,5.52,6.65,3.61,2.2,2.91,16.65,4.16,4.72,9.16,5.64,0.16,-1.09,-0.14,6.43,5.45,1.31,1.56,-0.1,12.69,5.87,8.42,20.77,5.97,9.42,5.46,-1.76,0.43,2.1,9.47,8.63,0.22,-0.76,3.18,-0.1,5.47
1967-05,1.05,-2.29,-1.69,-5.71,-7.93,-11.03,0.21,-3.84,-5.89,-0.13,,-4.21,-5.86,-6.03,0.93,-2.5,-5.9,-1.33,-2.28,-11.77,-2.5,-3.87,-6.81,0.5,-0.46,-0.37,12.79,-0.81,-0.83,-2.81,-4.45,-5.99,0.55,-2.28,-4.13,-6.51,-7.15,-2.3,-5.53,-1.34,-2.47,3.23,-5.73,1.23,-6.42,-2.28,12.58,-2.39,1.31
1967-06,8.06,2.27,7.93,4.0,6.38,8.6,13.83,-6.53,1.27,4.59,,2.61,5.57,-0.54,13.25,-1.16,3.9,8.95,1.2,8.75,3.84,7.04,0.62,10.7,5.84,5.26,4.25,5.71,6.35,1.94,-1.58,2.46,10.72,4.59,7.11,8.71,3.57,4.95,-0.28,-2.82,0.2,7.32,3.1,12.73,0.8,1.9,1.02,6.92,-1.69
1967-07,13.62,6.53,2.32,2.34,8.01,7.43,3.72,4.35,6.14,4.67,,1.79,3.76,3.84,6.72,8.01,7.16,3.17,7.42,2.13,5.62,8.17,8.76,4.15,1.33,7.76,4.13,15.13,2.92,6.66,2.01,-6.9,14.34,5.16,2.93,-6.91,4.56,6.24,2.32,5.29,6.93,5.14,5.91,1.39,10.45,-2.48,7.6,7.13,16.69
1967-08,-8.73,-0.47,-5.86,0.23,-5.24,-0.06,1.41,-0.52,-0.76,5.02,,3.07,-0.12,-0.64,0.26,2.16,2.48,4.0,0.41,1.52,-0.22,2.44,-0.98,-4.76,-1.86,-10.32,-6.8,-3.41,0.18,-1.83,-0.96,-1.55,-6.19,2.0,-0.72,-2.66,-1.52,-4.69,0.01,-2.65,-2.78,-0.38,0.16,-0.67,1.7,0.71,-0.31,2.9,0.39
1967-09,4.85,2.18,2.37,-1.79,-2.14,5.16,6.6,1.58,3.04,7.43,,5.33,2.1,5.31,8.34,10.04,2.85,5.68,-0.06,-0.53,4.18,5.54,4.95,-3.03,-1.74,3.99,4.13,6.51,4.67,3.91,-0.42,0.9,10.54,6.6,10.11,34.62,4.48,6.11,0.61,4.17,-4.14,8.24,1.46,8.81,1.82,1.01,2.83,4.07,3.15
1967-10,-2.74,-4.64,-1.33,-3.6,3.0,-2.67,4.05,-7.91,-0.04,0.7,,-1.27,-6.16,-6.9,-1.37,-3.19,-5.53,-5.63,-10.43,-10.23,-6.37,-3.27,-5.88,-4.51,-3.64,-9.37,-2.32,-7.68,-0.6,-1.38,-5.76,-3.88,1.4,2.95,7.31,21.93,0.2,-1.31,-7.07,-3.81,-9.73,-0.86,0.19,9.03,-5.42,-6.33,2.51,-3.16,-1.55
1967-11,-3.99,-1.84,7.07,-1.15,-5.56,-5.62,-2.43,3.8,2.3,1.87,,1.88,0.8,-3.2,-2.53,-1.13,-2.58,3.98,-0.53,4.04,-0.71,0.67,0.2,2.54,-2.95,-0.63,9.79,0.0,-3.37,0.48,2.83,-0.28,5.07,-0.34,2.79,13.14,-3.01,-1.12,-2.46,0.92,-0.5,0.0,0.26,7.47,-2.73,-3.42,-2.97,0.72,-6.0
1967-12,4.3,3.99,-2.04,-0.63,6.79,0.68,7.68,-1.66,1.86,7.17,,5.88,0.51,5.62,11.35,1.52,5.29,10.69,4.47,2.75,3.79,4.89,3.84,3.89,7.5,0.11,11.57,4.15,6.22,2.69,2.96,-0.21,15.54,13.53,2.16,8.99,-0.44,-2.08,8.34,3.88,1.78,11.57,2.39,7.41,3.47,5.46,16.78,7.83,8.31
1968-01,-5.14,-0.75,-2.71,-1.29,0.4,-4.83,-1.82,-3.55,-10.74,0.45,,-6.05,-7.16,-5.27,2.47,2.02,-0.33,-0.44,-5.16,-4.25,-3.72,-9.3,-4.78,-12.48,-1.73,-2.63,5.07,-5.22,1.32,-1.35,-0.22,2.27,-1.65,-3.43,-9.22,-29.22,-8.39,-12.24,-2.0,-5.55,-7.35,1.47,0.89,-3.98,5.16,2.14,5.8,0.01,-2.53
1968-02,-13.15,-3.09,-1.35,-1.86,0.77,-2.22,-12.17,-5.35,-3.22,-5.96,,-5.52,-4.45,-4.75,-10.49,-2.44,-3.91,-8.52,-4.61,-7.34,-6.73,-5.06,-3.5,-4.06,-4.62,-6.16,19.14,-4.8,-7.37,-3.01,-1.88,-2.81,-9.04,-7.34,-3.37,-22.29,-7.91,-7.42,-5.94,-3.65,-3.48,-11.59,-0.34,-7.36,0.46,-6.51,-8.37,-4.77,-7.84
1968-03,-1.9,-1.5,4.21,1.87,-2.17,4.33,5.35,1.72,3.11,2.36,,-0.15,-0.3,-0.91,-3.41,-1.58,0.06,-3.22,-1.07,-0.4,-1.24,-1.31,-0.7,0.35,1.68,0.24,-11.17,0.96,3.63,0.31,-4.32,-1.5,-7.82,0.51,5.21,-3.03,0.57,6.57,1.73,1.14,-2.45,-1.75,2.77,1.96,1.43,-0.66,3.57,-0.19,-2.09
1968-04,6.87,10.25,9.95,5.14,5.12,14.27,21.95,14.87,10.7,12.82,,7.52,12.28,7.52,19.0,12.15,14.8,12.57,6.78,9.16,11.59,14.41,10.9,10.15,10.3,11.78,6.62,6.14,7.01,5.19,1.99,1.78,26.59,15.64,11.54,26.74,12.84,11.85,10.28,13.78,10.83,15.9,11.37,17.99,9.38,6.96,19.26,12.74,20.26
1968-05,-0.04,5.8,2.25,3.41,0.06,5.61,6.03,4.06,1.79,6.33,,7.41,2.02,-1.15,4.9,4.96,4.46,15.78,4.74,3.16,2.88,1.33,0.27,-0.07,5.42,5.92,9.47,1.55,10.56,0.68,-0.01,-1.18,13.03,1.98,4.79,-6.43,-1.51,5.71,2.24,7.0,5.71,8.11,2.26,13.26,5.43,13.73,6.64,4.72,8.41
1968-06,-1.03,0.32,0.86,1.69,3.87,-6.4,-3.55,-0.86,-2.61,3.24,,-1.3,2.45,0.24,-1.19,-2.72,-1.86,7.0,0.21,1.07,0.03,-1.76,-0.41,-3.96,9.8,-4.9,-3.29,-0.01,0.05,1.45,8.02,3.75,4.46,0.1,-2.11,-14.07,-2.73,-5.01,4.84,-1.72,0.91,0.6,0.19,0.01,8.01,18.65,7.89,2.94,-1.14
1968-07,-0.09,-3.98,-6.06,0.22,-1.86,-5.23,-3.54,-6.95,-5.84,-3.26,,-4.89,-4.54,-1.3,-6.03,-4.51,0.12,-6.99,-7.09,-10.2,-4.75,-4.19,-2.89,-7.31,-5.19,-6.21,-8.9,-6.67,-2.5,4.87,-0.3,-0.68,-5.04,-5.4,-5.4,-3.64,-7.67,-4.92,0.6,-4.98,-5.15,-8.82,-5.49,-7.06,3.01,-5.8,0.88,-1.77,-3.0
1968-08,-1.38,0.75,4.21,7.31,-3.65,1.93,7.88,-0.28,1.72,4.26,,-1.56,0.62,2.12,-0.65,8.19,8.02,2.84,1.11,-2.42,3.83,1.16,1.26,-0.02,1.79,12.62,2.48,-3.9,-1.9,0.88,-1.29,0.87,6.36,-1.51,-1.12,-10.2,3.08,2.6,8.19,4.27,-0.06,-0.25,1.91,5.58,3.79,5.79,8.6,3.78,-1.06
1968-09,9.25,5.21,-1.45,4.59,5.28,10.71,14.98,4.55,1.49,3.36,,-0.88,0.66,6.56,5.78,7.15,4.32,7.34,7.35,1.1,4.83,4.02,6.38,1.42,4.99,10.67,0.43,4.57,6.61,3.06,-0.17,2.54,11.29,9.15,0.94,10.41,5.34,7.42,6.68,1.51,11.0,8.12,7.21,7.58,7.27,22.31,13.06,5.44,15.48
1968-10,5.45,0.57,0.43,-5.47,1.12,-0.87,-1.4,2.09,0.39,1.4,,-1.65,-0.26,1.79,-1.37,1.67,-2.39,-2.56,2.38,-1.45,1.06,-1.62,3.44,-2.25,-0.04,-3.21,-2.21,-1.22,-5.41,2.21,0.05,2.73,1.5,0.31,-7.3,-8.05,-1.62,-0.19,6.27,3.22,-0.39,3.31,-0.11,6.21,2.29,-1.6,1.63,3.93,-4.59
1968-11,5.86,5.28,4.59,4.81,2.64,5.1,7.85,0.39,6.55,4.53,,10.88,7.1,4.25,3.68,4.7,6.15,4.7,4.96,3.95,4.43,4.77,-2.51,6.8,11.61,15.66,9.32,9.31,8.96,5.21,8.39,4.97,-3.25,7.78,8.96,-3.36,6.24,9.72,3.89,6.57,7.62,10.72,4.17,8.96,2.41,0.33,12.92,9.53,6.16
1968-12,-1.97,-1.8,-3.15,-0.99,8.69,-4.53,-4.71,-5.26,-7.41,-1.67,,3.18,-2.35,-3.03,2.31,-3.81,-2.0,-5.03,0.5,-0.68,-3.01,-4.84,-4.43,-3.7,1.18,-4.31,5.3,1.68,-0.27,-2.99,-3.35,-7.1,-2.82,-5.12,-6.64,-5.88,-4.37,-4.01,-1.36,-4.74,-4.46,-1.68,-5.4,1.0,-9.11,-1.8,0.77,-6.96,11.78
1969-01,5.14,-1.5,-0.67,-0.98,3.12,-3.79,-1.23,-6.05,-0.44,-1.28,,-1.67,-0.57,-2.27,-5.31,-4.84,-2.08,-0.73,2.19,-3.24,-1.08,-2.7,-1.75,-3.37,-4.07,-3.9,0.6,-4.57,0.44,-1.7,1.91,0.64,-5.94,2.63,-5.56,-3.09,-5.37,-1.71,-1.26,-3.1,2.27,-1.81,-1.23,-1.7,-0.09,-4.06,1.04,-0.27,12.21
1969-02,-9.82,-6.23,-5.45,-5.5,-10.03,-7.58,-8.07,-6.75,-5.11,-10.27,,-3.28,-6.11,-6.0,-10.33,-8.44,-5.8,-13.04,-8.9,-7.61,-6.75,-4.42,-3.18,-7.75,-9.06,-9.4,-5.66,-8.07,-7.74,-5.39,-5.68,-3.8,-7.27,-11.01,-2.1,-13.62,-7.55,-7.92,-3.95,-5.42,-8.59,-14.05,-3.34,-12.22,-7.65,-10.08,-13.26,-9.57,-17.26
1969-03,5.66,-0.53,3.46,1.23,-2.18,3.42,-4.74,3.51,1.74,0.29,,7.53,1.91,-0.32,-0.7,-3.65,3.94,4.78,2.42,-0.27,2.78,3.11,4.46,-2.36,2.96,2.94,2.42,-2.76,-6.35,7.01,-1.75,-0.88,-7.1,3.31,6.87,1.06,1.16,2.88,9.91,6.2,-3.35,2.6,5.13,2.27,3.73,-7.76,8.69,4.12,1.37
1969-04,-5.18,1.87,1.3,0.61,-2.51,6.22,3.87,-0.69,4.5,-1.99,,4.16,4.52,-1.75,-1.3,-0.7,1.94,0.73,0.09,-6.42,-1.05,-1.38,-0.72,-3.84,-7.34,0.06,2.74,-0.2,-11.12,-0.81,0.81,7.15,-6.97,2.09,4.31,-13.22,1.99,-0.99,5.1,1.36,-1.96,4.32,3.32,7.02,3.3,1.8,12.9,-0.13,-3.85
1969-05,-2.94,1.03,1.82,2.48,1.23,-3.13,-5.7,1.58,-0.32,-2.27,,1.18,1.2,-0.99,1.59,0.37,-1.2,0.13,-3.22,-3.86,-1.12,-1.46,0.4,-8.71,1.13,-3.16,3.21,0.66,-0.08,3.55,-0.46,0.59,-8.18,-1.66,-2.74,5.5,-1.04,2.47,-3.72,2.2,-2.64,-6.3,0.43,2.82,-4.67,-0.9,1.02,-0.24,2.24
1969-06,-8.95,-6.4,-7.07,-8.58,-6.02,-11.5,-15.86,-11.81,-2.21,-9.11,,-6.33,-5.38,-8.0,-10.52,-10.75,-12.45,-12.77,-10.65,-14.09,-9.32,-6.17,-6.5,-9.14,-11.89,-14.33,-11.63,-13.91,-10.86,-10.44,-6.25,-4.51,-9.03,-10.56,3.52,-14.22,-9.4,-9.07,-13.86,-7.66,-8.56,-17.58,-4.75,-10.46,-7.36,-9.47,-14.36,-11.62,-16.78
1969-07,-8.86,-7.45,-4.06,-2.64,-5.27,-8.41,-10.55,-11.6,-3.96,-12.46,-2.37,-0.52,-3.9,-4.75,-12.16,-6.67,-7.33,-10.05,-7.06,-10.73,-6.98,-9.05,-8.29,-14.29,-9.17,-9.9,-21.3,-6.85,5.07,-10.26,-3.51,-5.03,-11.36,-7.95,-5.46,-26.7,-6.9,-5.91,-2.19,-3.68,-13.04,-10.62,-8.73,-10.46,-7.15,-10.71,-13.65,-9.64,-15.2
1969-08,3.72,4.02,4.95,6.12,3.53,5.92,11.06,9.29,4.27,1.83,14.46,13.16,7.73,2.79,4.73,3.66,7.95,8.19,-0.14,3.09,2.49,4.27,1.92,4.59,9.1,-0.68,9.66,3.22,4.28,6.14,-1.79,1.15,1.62,9.36,7.2,15.96,4.81,4.89,4.83,5.59,5.1,5.88,7.71,8.48,12.26,7.78,14.56,8.39,7.88
1969-09,0.97,-1.2,4.68,-1.55,3.52,1.52,0.47,-1.23,-1.14,-3.17,4.5,1.41,1.46,-6.07,0.04,-3.65,-4.17,-3.05,-1.65,-4.13,-3.61,-2.45,-1.15,-6.04,-0.61,-3.42,4.46,0.49,-1.16,-10.33,-4.77,-4.62,2.88,1.26,-0.81,-12.58,0.94,1.76,-2.2,0.61,-2.18,-0.42,-1.35,-1.96,-3.56,6.77,-4.41,-3.13,-7.29
1969-10,16.37,7.37,6.24,11.05,11.81,5.69,12.39,6.99,5.81,6.12,21.58,7.79,8.42,3.9,6.87,6.18,8.02,9.08,7.57,4.0,4.12,9.78,4.38,5.52,5.31,9.1,-10.65,4.11,10.19,-1.73,7.7,2.9,10.0,10.8,3.64,42.61,7.87,9.86,7.98,2.91,4.34,10.37,5.66,8.43,10.15,5.11,3.94,9.72,3.11
1969-11,-2.41,-1.19,-5.44,-3.37,0.22,-8.91,-3.79,-4.49,-2.94,-3.43,-3.87,1.05,-0.49,-5.1,-6.55,-4.75,-3.64,-10.27,-5.1,-4.95,-3.81,-4.06,-4.69,-9.64,-5.61,-8.33,-3.69,0.35,3.0,-5.13,-5.8,0.64,-5.0,-3.47,-1.36,-14.31,-4.48,-5.1,-1.81,-2.5,-8.53,-6.66,-4.59,-2.42,-9.51,-5.43,-6.76,-6.44,-2.77
1969-12,-0.76,-2.64,3.17,-1.27,-2.65,-7.05,-3.91,-3.92,0.3,-7.01,5.99,7.13,2.76,-4.29,-6.55,-6.2,-3.49,-8.71,-1.93,11.41,-3.46,-3.46,-3.82,-7.01,-4.48,-4.41,-10.78,-3.13,4.47,-3.71,-1.27,-6.15,0.84,-0.91,-0.35,-15.64,-4.52,1.16,-4.07,-3.3,-8.66,-4.63,-3.45,-4.98,-1.36,-3.5,-4.96,-3.75,-14.54
1970-01,0.41,-3.37,-3.39,-1.96,-7.59,-8.62,-6.23,-12.0,-7.5,-5.4,-5.29,-11.62,-6.7,-7.37,-2.98,-5.28,-9.57,-12.7,-6.3,-4.73,-7.1,-6.81,-9.39,-14.13,-3.92,-10.09,0.85,-3.1,-0.77,-12.18,-4.84,-3.17,-25.46,-9.66,-9.48,-30.01,-10.9,-8.05,-10.06,-9.07,-8.42,-8.57,-6.49,-12.52,-8.12,-9.56,-11.96,-11.3,-5.71
1970-02,9.31,5.39,3.26,6.25,-0.34,5.42,7.6,-0.1,-0.35,2.07,-23.95,5.39,5.14,3.16,3.05,4.45,8.94,-0.65,10.16,3.51,5.8,7.81,6.8,3.61,10.3,5.35,-1.42,6.94,16.2,4.62,7.76,7.35,-3.18,2.53,1.24,16.05,5.89,1.24,9.79,6.19,9.87,3.2,5.43,4.75,14.93,9.87,0.89,8.49,-5.88
1970-03,-13.96,-1.13,-1.67,-1.19,0.85,-3.39,-3.15,-3.27,-1.53,-1.14,-1.88,-6.96,-5.35,0.26,-1.32,0.55,-1.77,-0.13,0.23,0.33,2.05,1.76,4.01,-3.34,-0.45,-4.74,-1.69,-2.08,-3.85,-0.97,2.34,1.72,-11.6,-5.02,-2.15,-9.14,-4.88,-8.41,3.74,-2.89,-3.75,-6.19,-1.49,-8.14,-1.79,-0.79,-1.58,-1.14,-0.5
1970-04,-18.19,-11.05,-9.17,-9.9,-3.31,-20.38,-22.0,-15.55,-8.42,-14.64,-41.57,-11.94,-10.07,-4.78,-15.68,-8.22,-10.71,-17.64,-9.93,-24.67,-11.4,-8.88,-9.69,-16.51,-7.39,-11.53,-14.05,-14.72,-15.2,-9.59,-8.57,-9.29,-24.8,-21.72,-13.71,-36.44,-18.41,-13.85,-7.24,-11.28,-12.5,-21.16,-10.51,-18.91,-11.43,-15.79,-19.15,-12.98,-29.19
1970-05,-10.41,-9.16,-4.18,-6.62,3.02,-8.44,-13.76,-18.12,-8.75,-10.83,-29.59,-8.64,-8.13,-3.35,-13.77,-10.65,-9.76,-11.53,-9.93,-10.48,-10.0,-9.07,-5.78,-8.85,-10.59,-9.0,-8.21,-1.97,5.34,2.11,-5.88,-4.24,-16.61,-10.6,-8.39,-32.24,-13.39,-22.81,-3.96,-10.92,-7.42,-12.58,-9.92,-12.62,-7.02,-9.27,-15.7,-9.97,-5.99
1970-06,-1.4,-0.75,-2.17,-3.23,6.08,-12.25,-5.94,-9.95,-5.62,-7.48,-5.15,-4.8,-0.17,-2.14,-7.69,-3.15,-5.81,-13.94,-7.07,-12.56,-5.05,0.25,-4.02,-12.87,-5.47,-11.44,7.4,-3.6,-3.61,-2.99,-5.29,-9.07,-18.4,-8.5,-12.27,-11.29,-12.6,-14.59,-7.91,-5.62,-15.97,-6.98,-4.28,-7.73,0.03,-4.12,-3.84,-11.8,-23.15
1970-07,-1.34,5.06,5.32,6.24,2.98,12.0,0.01,12.75,4.07,7.78,-6.8,1.36,1.78,8.0,5.71,10.11,9.56,6.35,3.01,12.13,2.79,4.63,8.41,3.89,3.54,14.26,9.8,-0.05,5.81,12.32,8.19,9.74,12.02,6.5,0.28,-12.54,6.2,3.94,8.28,6.06,7.87,3.84,11.26,0.48,6.07,10.07,9.15,9.84,-0.36
1970-08,-0.84,-0.16,-2.24,-3.24,0.15,10.93,2.7,5.98,3.7,6.74,8.43,1.67,1.14,4.83,3.95,3.85,3.31,6.92,-0.55,8.88,3.73,2.01,8.59,11.71,1.01,6.69,9.98,2.52,-3.47,6.16,4.16,1.91,2.35,3.22,6.61,-8.49,9.55,12.81,6.27,7.27,7.94,6.09,4.55,6.4,5.87,1.09,3.61,5.15,13.92
1970-09,13.91,4.47,3.5,3.95,-0.02,5.69,18.64,6.76,5.84,11.45,35.87,7.69,7.19,-1.84,7.02,5.33,6.27,15.85,3.64,12.52,7.27,2.61,0.82,8.52,8.23,5.47,5.14,8.32,23.56,2.45,-1.06,-1.42,20.19,10.91,9.99,71.91,7.88,9.21,1.14,-0.38,8.44,15.83,6.28,15.55,-0.94,8.19,14.32,8.03,5.21
1970-10,-4.04,-0.48,3.85,-1.48,9.89,-4.81,-4.21,-3.37,-0.62,-4.15,-19.79,0.76,-0.4,-4.51,-7.68,-2.38,-3.91,-12.1,-5.51,-9.63,-3.73,-0.23,-3.28,-11.65,-5.22,-9.3,1.72,-7.09,5.87,2.46,-1.29,-4.21,-6.93,-4.27,-2.05,-33.92,-9.88,-5.01,-5.61,-3.06,-5.42,-8.05,-1.35,-4.41,-5.69,-10.45,-9.85,-7.85,-19.76
1970-11,-2.26,4.83,6.23,-1.31,9.63,6.08,10.84,3.31,4.42,2.01,-0.26,0.78,3.09,4.14,-0.54,2.27,1.45,0.99,1.48,8.36,2.67,3.2,7.96,2.27,11.24,14.99,-4.63,-1.5,8.42,4.45,8.95,5.7,-5.38,2.12,2.99,9.48,6.15,1.57,-1.02,0.91,3.1,-1.5,7.31,3.7,4.24,5.59,6.91,6.63,-9.28
1970-12,0.5,7.79,1.86,3.86,2.25,4.78,2.33,11.81,5.26,13.7,9.64,1.09,5.81,9.41,10.93,12.93,8.84,9.61,7.07,6.94,11.92,3.2,5.64,5.1,5.5,4.68,-3.66,7.86,5.17,1.78,6.76,6.43,4.64,4.79,2.91,-8.4,8.21,2.64,8.0,9.8,10.11,10.68,4.46,6.51,7.8,12.34,9.44,8.63,10.75
1971-01,5.28,1.74,3.69,4.14,5.36,10.03,12.72,4.68,4.76,12.34,4.42,10.56,3.13,6.61,6.49,5.56,5.38,11.64,3.88,10.05,7.53,7.18,1.64,21.88,2.9,21.57,3.75,5.96,2.99,-0.12,2.55,9.39,9.79,7.87,3.39,19.27,8.7,10.14,5.7,3.11,15.37,13.56,7.46,7.44,0.14,8.57,7.91,7.13,17.41
1971-02,8.92,2.07,1.47,1.33,4.78,5.46,5.69,5.9,1.36,5.63,27.51,3.26,0.26,1.46,3.44,5.98,0.04,1.75,-0.46,12.16,0.31,6.77,-0.27,3.72,3.55,0.43,7.38,1.91,3.42,4.52,-2.93,-5.62,7.53,4.55,3.16,-8.06,0.34,1.59,-0.22,3.51,2.45,1.55,3.24,5.74,0.75,3.26,6.7,0.67,12.12
1971-03,0.94,2.32,7.3,2.36,9.3,9.09,14.42,4.26,6.05,3.86,12.97,7.81,2.12,2.91,5.29,-0.73,0.08,6.44,3.7,0.14,3.65,1.73,2.16,2.21,6.54,-2.79,5.62,6.38,8.58,2.36,2.11,0.41,-1.58,7.96,6.77,16.45,12.08,3.9,-0.63,6.05,2.7,9.1,5.97,9.7,9.94,4.01,6.04,5.83,6.42
1971-04,4.78,0.77,2.58,1.22,1.44,8.19,3.38,6.25,3.56,2.48,-1.62,4.6,3.87,6.15,2.36,-0.32,4.02,5.05,2.53,15.19,4.56,8.63,8.34,6.23,6.05,11.78,4.81,3.68,2.55,4.06,-3.83,0.53,-6.65,2.34,1.05,8.24,4.95,1.18,2.72,0.86,11.34,1.51,5.29,2.51,-2.4,7.06,3.55,3.19,-8.44
1971-05,-7.78,-3.14,1.58,-1.72,-8.04,-1.51,0.42,-6.12,-1.34,-4.23,-6.89,0.33,-3.08,-1.12,-6.54,-3.87,-5.6,-2.07,-3.98,-3.37,-4.56,-3.29,-5.12,-4.39,-2.28,-7.68,-4.43,-2.18,-8.1,-5.01,-4.0,-5.45,-6.27,-5.49,-7.29,10.45,-4.97,-3.9,-3.9,-2.89,-4.55,-3.37,-2.3,2.01,-7.43,-3.51,-5.86,-5.45,-13.64
1971-06,-1.06,0.33,1.49,0.41,-0.31,1.78,-1.7,-1.46,3.0,-2.15,-1.82,5.38,0.64,-0.64,-2.33,-6.86,-2.85,-3.21,-5.1,0.56,-0.22,1.31,-1.87,-2.34,0.99,-5.15,-3.47,-1.48,5.06,0.61,3.95,0.67,0.62,0.42,-3.29,-0.37,-1.7,-0.17,-4.67,0.43,-2.61,1.68,-0.48,2.68,-2.43,1.7,2.73,-0.05,-0.35
1971-07,-7.36,-0.71,-2.33,-3.53,0.13,-11.2,-8.63,-3.41,-6.24,-6.91,-12.71,-3.46,-2.2,-4.43,-7.02,-4.89,-3.2,-10.0,-8.1,-8.56,-4.96,-7.24,-3.81,-10.17,-1.46,-8.02,1.05,-6.15,-11.6,-2.41,-2.54,-4.01,-13.0,-7.9,-9.88,-24.28,-7.79,-5.41,-3.67,-4.53,-6.42,-6.38,-3.28,-6.73,-2.44,0.03,-10.53,-2.57,-16.95
1971-08,-1.73,-0.62,6.71,0.88,2.02,9.0,6.72,3.52,6.29,6.0,4.39,-0.92,3.71,7.46,3.97,7.2,6.11,10.94,8.34,5.71,8.81,8.74,9.4,3.08,9.16,2.88,-6.9,-3.28,3.72,-1.78,-2.8,-0.81,7.46,2.4,6.13,3.94,2.5,6.42,0.24,2.35,15.8,3.77,5.82,4.49,5.17,6.19,7.41,7.26,1.44
1971-09,-4.45,-0.49,1.55,-1.14,-3.25,-3.95,-3.18,1.52,1.22,-0.66,0.62,0.68,0.18,-0.28,0.65,-0.77,1.67,-1.35,-7.76,0.94,-1.65,0.78,-0.16,-0.42,-1.23,6.0,-3.02,-3.04,-8.5,-1.93,-1.88,-0.14,6.42,-1.86,-1.96,-12.11,-3.06,2.17,-4.03,-0.63,-0.85,-0.69,0.16,0.29,1.2,-2.81,5.98,-1.86,-4.33
1971-10,-7.26,-4.48,-1.77,0.62,-9.17,-7.15,-5.97,-3.74,-4.58,-4.64,-8.95,-2.28,-2.88,-7.08,-0.52,-8.98,-6.15,-7.93,-10.59,-12.84,-8.58,-7.03,-6.25,-6.4,-7.64,-8.5,-19.05,-12.6,-9.99,-4.65,1.68,-2.11,-4.64,-5.43,-2.78,-17.92,-8.83,-9.68,-5.49,-4.42,-2.27,-3.95,-3.91,-2.9,1.11,-4.75,-6.57,-4.55,-0.5
1971-11,-3.47,0.6,-0.43,0.33,1.35,-0.19,2.26,-4.68,1.34,-2.33,-7.13,0.94,0.19,-1.8,-4.55,-5.57,-4.15,-6.16,-2.89,-6.39,-2.55,-2.48,-0.77,-0.06,-7.32,-1.48,1.4,-5.62,-4.1,-0.27,-1.57,0.02,0.59,-1.67,1.8,-12.63,2.87,-7.86,-3.33,-1.04,-0.8,-3.16,-0.01,0.36,1.84,-0.33,-2.89,1.42,-2.93
1971-12,9.26,7.01,12.17,12.99,8.18,11.42,17.96,12.95,8.12,10.34,16.89,6.91,7.51,6.52,11.68,14.53,8.0,9.45,13.58,15.02,12.28,11.34,5.83,12.85,12.0,14.31,3.66,13.41,16.53,8.38,7.74,7.0,14.11,13.03,10.4,19.48,11.23,12.96,8.66,9.31,9.47,13.79,9.38,11.29,5.91,1.6,3.49,8.23,14.35
1972-01,13.93,0.8,-1.81,2.57,5.58,6.98,15.33,0.1,2.91,4.86,6.44,2.37,2.21,4.12,10.48,6.69,0.85,6.51,4.04,1.79,2.84,2.1,2.55,18.63,-3.78,9.76,15.38,5.65,8.91,-0.25,-0.59,0.65,5.65,5.07,9.06,9.53,6.74,4.0,-3.68,-0.35,6.04,6.76,-1.21,10.64,0.05,-1.27,2.42,2.04,17.56
1972-02,3.91,3.24,4.13,6.23,8.12,7.11,6.51,6.42,6.34,2.12,10.25,6.48,6.91,2.38,6.34,1.68,2.9,2.83,6.6,2.27,3.48,2.89,-0.12,2.48,-1.94,-0.03,2.78,7.4,-3.86,2.44,-2.75,-0.09,2.37,2.63,1.05,-10.31,2.1,6.67,3.64,5.3,2.98,4.65,5.38,6.65,-1.04,-0.53,5.53,0.1,5.83
1972-03,6.57,-1.34,1.79,-2.58,2.74,-0.21,-3.38,-2.4,3.87,-2.67,-2.61,4.45,-0.79,2.19,-0.45,-0.51,0.72,-0.21,-0.01,-0.39,1.52,3.02,4.45,-0.91,-2.59,1.24,-0.25,0.0,-12.77,-5.65,-0.43,-0.59,-12.1,-1.63,1.81,-0.27,-3.42,5.25,2.65,2.22,-0.47,0.78,1.91,1.79,5.57,5.58,4.26,3.75,4.76
1972-04,3.5,0.68,3.85,2.12,5.99,-0.91,2.49,3.04,2.05,-1.73,-3.44,2.4,0.47,1.85,2.9,-1.91,1.73,0.99,-0.11,0.54,3.77,5.83,-2.89,-1.26,-4.67,5.5,-2.93,0.01,3.91,-1.06,-3.11,-1.34,-5.74,-1.3,0.72,16.48,-0.17,0.54,7.2,-2.04,1.84,2.93,-1.56,1.72,2.09,5.15,-1.99,1.07,-13.12
1972-05,-4.71,-0.69,1.48,4.66,2.5,4.58,6.66,0.69,3.72,-6.01,0.62,2.39,3.5,1.05,-0.26,-3.24,-3.33,-5.08,-1.78,-6.66,2.36,1.63,-3.17,2.24,-1.5,-2.53,5.77,2.23,-8.75,3.51,-0.48,0.87,-8.06,1.0,3.78,-7.21,1.48,9.04,-3.74,3.84,1.33,0.85,1.15,4.77,-2.69,-2.98,1.14,-1.3,-3.83
1972-06,-0.68,-2.26,-0.68,5.83,-1.04,-3.63,-0.22,-3.44,-1.31,-3.85,-8.34,1.84,2.54,-4.21,-2.79,0.37,-3.39,-5.03,-5.7,-4.32,-1.76,-1.77,-3.0,-5.25,-2.27,-11.83,-1.59,-0.92,-13.62,-1.04,-1.84,-3.04,-5.53,-5.16,-1.89,-17.43,-5.96,-1.78,-4.83,-1.26,-9.99,-5.61,-4.73,-1.2,-0.79,-9.09,-9.37,-3.15,-8.33
1972-07,-5.03,-1.2,4.95,-2.24,-5.56,-5.31,-2.42,-4.8,0.67,-4.36,-0.41,-0.94,3.95,-0.63,-5.31,-3.06,-2.35,-6.4,-4.18,-1.37,-1.02,-4.37,-1.42,1.37,-3.85,6.1,3.12,-5.9,-11.32,-1.23,-0.27,0.44,-7.51,-4.08,1.85,-13.41,-2.59,-0.87,-1.62,4.75,-4.57,-5.31,-2.37,-8.0,3.13,-5.27,-12.41,-2.23,-11.06
1972-08,-1.23,1.6,-0.9,4.86,-3.02,-3.24,-2.09,-0.32,-1.08,-0.4,5.62,1.04,0.55,7.31,2.16,-2.59,0.58,1.11,8.15,3.96,4.47,0.23,4.03,1.02,9.01,6.91,-1.81,4.23,10.95,12.2,5.68,4.86,-3.45,1.12,2.47,-14.58,4.42,-1.63,5.39,-0.85,0.56,1.8,-0.9,-1.9,7.37,6.5,-2.77,4.74,5.74
1972-09,-0.72,-1.86,-1.31,-0.74,-7.91,-2.95,-3.71,-2.38,1.44,-3.57,-8.67,-0.85,-0.55,-4.93,-1.76,-3.91,-3.8,1.64,-4.28,-8.5,-1.5,-2.47,-1.45,-2.32,-3.5,-5.64,-6.85,-2.24,-15.65,-0.43,-0.14,3.97,-3.38,-2.98,-1.25,4.29,-1.86,-3.02,-5.15,-1.43,-6.69,-3.87,-0.55,0.25,0.83,-2.75,-5.76,-0.14,-7.45
1972-10,4.49,1.98,0.78,-4.3,-1.47,-2.38,2.46,-3.73,1.69,-1.63,-4.06,0.23,1.47,-0.29,-4.61,0.53,-1.04,-1.98,-2.29,-1.14,-1.23,2.06,-4.02,-2.89,2.37,-2.35,-3.8,0.03,-5.3,2.77,6.37,1.9,-8.34,-2.24,-5.05,-24.29,0.25,-4.57,4.67,1.71,2.48,-1.14,0.33,3.14,0.26,4.94,-7.46,1.29,-0.05
1972-11,0.56,8.39,0.7,4.42,9.83,6.16,1.62,4.31,-0.08,9.62,-13.52,-2.77,-0.16,5.65,2.08,8.66,7.86,5.11,12.99,2.34,5.87,2.31,9.84,8.71,2.16,7.16,2.22,4.26,15.34,5.76,6.03,6.69,12.33,3.85,0.79,-1.53,6.1,5.91,7.56,3.42,5.35,3.58,5.67,5.9,-1.13,7.6,9.48,8.47,6.03
1972-12,-1.85,1.28,2.82,-1.19,-3.74,1.46,11.47,2.03,4.06,-3.34,0.68,3.12,3.49,0.6,-2.65,-1.43,-2.77,1.93,-6.01,2.29,-0.94,0.01,-0.86,-4.09,-2.59,-4.36,3.57,2.49,-3.73,0.74,-1.91,1.08,-3.74,-1.01,2.23,-10.96,-0.95,5.61,2.44,-0.33,-4.26,-0.66,1.03,2.54,0.88,-4.58,-5.46,-0.81,-0.78
1973-01,-0.17,-3.76,-2.64,-5.69,-0.3,-15.26,-11.19,-9.38,-4.59,-7.29,-22.69,-4.72,-0.43,-3.01,0.04,-8.43,-8.69,-7.47,-1.4,-8.98,-4.79,-6.17,-6.33,-8.95,-2.2,-4.19,7.7,1.68,13.41,4.57,-4.71,-2.56,-12.55,-5.47,5.4,-14.91,-8.54,-1.4,-6.05,-3.47,-10.76,-7.47,-4.36,-5.12,-5.83,-9.45,-9.65,-9.28,-6.41
1973-02,-2.83,-4.29,-4.11,1.52,-1.68,-13.77,-9.91,-5.55,-1.27,-10.14,-12.94,-5.67,0.16,-0.79,-6.06,-8.66,-7.26,-12.54,-1.97,-5.29,-4.3,-6.54,-6.92,-6.29,-0.88,-6.46,4.21,4.66,-0.51,-7.86,-2.4,-5.06,-11.56,-8.58,-2.09,19.58,-6.38,-7.11,-5.6,-4.34,-6.59,-6.75,-6.21,-12.62,-6.39,-5.69,-11.46,-6.71,-9.23
1973-03,-3.94,-2.51,-0.11,0.32,0.56,-4.7,-4.68,-2.13,-1.83,-5.07,-16.39,-0.65,0.77,0.27,-3.36,0.08,-2.09,0.37,3.21,2.85,-4.53,-0.48,-2.66,-1.97,-1.78,2.43,-1.02,-2.03,0.18,2.64,-2.61,0.07,-4.62,-3.29,-0.22,0.82,-6.58,-3.86,2.22,2.02,2.82,-6.47,-6.86,0.65,-0.48,-0.65,-3.4,-1.12,-4.4
1973-04,-7.09,-5.68,-2.45,-5.61,-9.58,-10.75,-7.31,-13.75,-5.97,-8.49,-14.18,-6.1,-5.9,-4.16,-7.95,-7.31,-3.52,-10.68,-1.67,-6.05,-6.49,-10.58,-3.65,-9.73,-0.09,-6.88,6.38,-3.63,-10.05,-1.47,-1.12,0.36,-13.66,-7.22,-6.35,-28.37,-10.45,-6.88,-1.04,-6.84,-9.09,-8.26,-8.42,-17.85,-6.6,-7.44,-11.9,-11.17,-16.63
1973-05,-6.94,-1.75,-0.61,-1.04,-2.43,-6.88,-5.97,-2.7,-0.93,-7.64,-12.3,-3.83,1.68,-1.62,-4.12,-6.19,-4.15,-8.4,-5.69,-6.75,-3.57,1.29,-6.52,-6.96,2.26,-4.12,3.6,-4.46,-2.57,-4.07,-0.16,-1.35,-19.2,-8.46,-3.31,-28.58,-0.91,-4.66,0.46,2.86,-10.94,-7.87,-2.09,-6.05,-2.8,-3.9,-12.39,-4.0,-23.04
1973-06,4.17,-6.85,0.98,-1.75,3.02,-9.21,-12.21,-6.28,0.85,-13.36,-19.53,-3.72,0.36,-2.06,-5.02,-5.76,-3.25,-0.77,-3.18,-5.41,-2.28,2.82,-3.44,-11.61,1.89,-4.16,1.12,2.98,-10.59,1.17,-3.01,-0.83,-0.68,-7.05,0.48,-10.27,-4.06,-2.52,-1.31,-0.28,-5.78,-5.87,-5.97,-9.73,3.32,1.23,-1.18,1.18,5.0
1973-07,15.43,6.54,2.56,4.78,4.74,16.5,13.06,10.67,4.0,12.07,26.85,7.68,5.73,6.57,11.81,8.8,12.3,16.1,6.43,8.5,11.94,8.06,5.16,14.56,10.33,6.64,1.01,8.6,-4.5,-0.3,-3.04,-0.96,22.95,14.92,0.43,21.05,14.08,15.73,9.39,2.62,7.34,15.39,9.28,16.78,8.29,10.39,10.46,7.28,6.95
1973-08,2.11,-2.18,-3.61,-2.41,-8.09,-1.27,-4.37,-4.87,-5.15,-8.65,-10.92,-1.19,-8.98,-2.51,-7.92,-5.46,-3.06,-1.82,0.41,2.24,1.55,-5.96,-3.96,-5.41,-2.64,1.79,-9.62,2.36,-11.66,-4.46,-2.8,-4.59,-7.84,-2.41,-4.4,-14.64,-4.07,-6.14,8.58,-0.11,-4.68,-2.52,-5.45,-2.12,-1.7,-2.12,-9.75,-4.04,-3.54
1973-09,12.2,7.07,4.5,-1.58,0.85,10.92,-4.93,7.01,-1.76,9.4,18.84,1.71,-0.48,9.67,9.83,5.72,8.38,13.04,9.19,5.11,8.24,8.95,6.69,6.22,12.97,2.97,2.09,11.55,28.44,8.4,7.23,6.96,5.73,8.83,-10.14,7.63,12.37,12.08,4.41,4.69,11.61,9.15,6.03,8.19,6.13,7.34,6.83,6.82,4.5
1973-10,-4.37,-2.68,-3.36,1.08,-1.19,-7.49,-8.42,-5.01,-1.53,-7.62,-9.31,0.82,1.39,1.95,-9.27,0.92,-1.2,1.87,6.76,8.8,1.21,-3.74,-7.68,-1.79,1.21,-0.7,7.78,5.94,10.97,4.48,-4.06,-6.21,-9.85,-3.92,6.12,4.5,-3.74,3.98,2.89,-2.81,-0.52,-0.79,-4.53,-7.64,0.35,-5.55,-10.23,-2.62,-1.28
1973-11,-16.86,-12.58,-12.9,-14.47,-8.6,-23.46,-31.15,-17.53,-12.61,-25.76,-18.06,-8.39,-8.2,-18.47,-18.59,-21.34,-17.48,-16.22,-14.77,-5.06,-14.12,-10.4,-22.1,-21.67,-2.87,-15.76,6.16,-8.09,-12.61,-6.74,-12.2,-4.89,-22.95,-17.45,-8.63,-30.28,-18.88,-20.23,-12.08,-13.43,-15.18,-19.03,-17.81,-32.24,-14.32,-8.15,-24.07,-13.48,-13.85
1973-12,3.54,-1.12,-3.2,1.19,1.61,-6.89,0.48,-4.86,-3.65,-9.28,1.47,-3.26,-5.63,5.1,-3.76,-7.78,-1.6,3.68,9.86,7.59,2.35,-11.37,-4.2,-8.73,17.63,-4.61,19.56,4.61,9.72,8.0,2.79,3.53,-2.29,-1.03,-6.71,-19.43,-0.81,0.24,9.62,-0.51,6.42,-3.6,-1.44,5.82,1.19,1.48,-9.46,2.18,-0.41
1974-01,1.45,5.66,-6.05,-1.47,2.51,8.24,8.2,-2.26,-3.22,9.12,-2.57,-4.16,-2.95,1.56,9.12,10.28,5.18,-0.37,4.27,-7.22,-3.58,-1.55,10.96,9.71,-0.94,15.89,10.52,2.26,5.12,-8.21,3.92,1.46,6.02,0.57,-0.94,36.4,4.31,2.5,-0.78,0.05,-0.16,4.69,7.19,0.17,-0.47,-2.16,14.04,0.15,0.53
1974-02,13.55,0.9,-2.96,-2.28,1.37,-3.07,-0.89,-4.92,-3.99,1.71,-4.09,-4.79,-1.04,1.38,-3.6,-0.2,3.87,1.42,2.88,-3.6,-0.03,-2.38,-1.02,8.45,-2.57,8.26,-0.77,1.83,4.97,-2.21,-0.29,4.13,-2.01,-1.38,-1.82,1.05,1.22,-0.93,0.32,0.98,7.34,1.72,0.78,-5.65,1.06,-2.81,-3.94,0.67,-1.66
1974-03,-2.23,-2.27,-4.62,-2.74,-6.53,4.48,2.92,5.26,-0.81,-2.17,-3.09,4.61,-0.25,0.89,0.91,2.33,-0.33,-5.76,-3.22,-8.17,-5.39,-2.76,-0.59,-5.17,-8.49,-4.3,4.1,-10.11,4.05,-3.88,-4.22,-5.14,1.74,-3.26,-1.73,0.52,-9.01,1.33,1.67,-1.96,-5.46,1.04,-5.09,4.47,-4.97,-5.09,0.92,-4.55,-3.6
1974-04,-10.4,-3.29,-4.88,-4.41,-3.54,-8.01,-8.68,-6.96,-4.93,-5.45,-13.33,-2.71,-2.01,0.21,-5.77,-1.19,-5.23,-7.39,-0.58,-7.8,-5.25,-4.78,-3.01,-0.89,-11.02,0.84,-13.01,-7.14,1.79,-7.14,-12.98,-6.07,-10.0,-9.75,-3.84,-13.31,-5.03,-5.75,-0.44,-3.25,-4.67,-2.7,-2.75,-3.77,-5.87,-9.78,-11.4,-7.55,-6.1
1974-05,-7.64,-5.7,-1.89,-5.27,4.63,1.51,-1.68,-2.24,0.26,-7.75,-9.5,2.04,-1.51,-0.86,-0.53,-7.64,-8.98,-9.72,-9.68,-13.19,-4.93,-6.77,1.62,-3.76,-14.17,-3.24,-9.3,-8.63,-8.98,-8.25,-5.68,-2.3,-8.91,-9.91,-5.99,-7.09,-2.09,-2.25,-10.59,-2.2,-5.48,-4.64,1.41,-2.85,-11.64,-9.58,-12.19,-10.77,-7.63
1974-06,-12.12,-1.52,1.98,-3.86,-1.09,-8.9,-3.26,0.96,-1.11,-3.6,-9.33,-2.31,-2.14,-0.19,-0.58,-2.7,-5.4,-2.81,2.34,-2.2,-1.37,-8.63,-4.05,-3.59,5.85,-2.31,3.0,1.51,-6.89,-0.79,-6.82,-0.33,-11.6,-3.55,-1.91,-9.05,-7.62,-4.91,-1.35,1.61,-2.0,-4.8,-2.68,-7.4,-11.0,-4.7,-11.65,-5.68,-7.58
1974-07,-1.33,-9.77,-20.73,-11.97,-7.4,-13.8,-13.68,-6.8,-14.19,-4.77,-3.66,-13.76,-15.2,-4.99,-6.71,-3.34,-6.16,-13.04,3.27,-8.98,-7.88,-8.51,-11.65,-6.66,-8.17,-4.05,20.46,0.16,-9.66,-1.14,0.04,-8.33,-4.86,-7.89,-8.0,-15.98,-12.02,-13.6,-1.65,-9.86,-7.65,-4.42,-14.31,-15.32,-7.72,-10.81,-7.86,-6.77,-8.62
1974-08,-2.51,-11.05,-14.84,-18.09,-3.43,1.23,-6.24,-13.06,-12.57,-5.64,-12.93,-12.31,-7.68,-11.63,-11.47,-7.92,-11.92,-3.41,-8.69,-10.53,-10.27,-11.02,-5.16,-9.05,-14.23,1.38,-8.25,-12.22,-2.25,-9.31,-9.29,-0.63,-7.53,-12.1,-5.84,-11.14,-4.3,-5.01,-10.56,-7.87,-10.31,-10.4,-14.61,-8.43,-12.13,-13.26,-14.86,-12.11,-9.78
1974-09,-9.89,-7.96,-27.25,-17.43,-12.82,-19.41,-23.81,-8.07,-18.22,-10.6,-8.22,-15.47,-16.66,-11.05,-14.38,-7.95,-12.48,-12.93,-8.96,-11.22,-12.78,-13.7,-10.31,-6.42,-14.66,-10.42,-26.96,-8.04,-6.89,-8.82,-2.13,-4.62,-9.79,-8.03,-18.32,-7.68,-16.2,-18.8,-16.63,-15.77,-9.88,-11.52,-12.09,-22.36,-9.88,-4.94,-6.27,-7.75,-12.42
1974-10,19.89,18.61,23.27,9.11,21.88,8.56,9.41,0.81,16.19,3.47,13.2,20.59,31.34,17.42,5.61,5.32,13.13,20.92,9.22,16.68,22.57,16.91,-2.78,6.34,18.29,5.01,26.02,16.92,45.99,20.0,12.51,10.34,21.46,14.5,16.37,-3.93,7.69,12.57,13.47,20.23,18.69,16.77,7.46,14.69,24.47,26.07,0.99,15.81,20.68
1974-11,-2.65,-1.21,-11.6,-4.73,0.38,-4.59,-2.84,-4.23,-5.78,-12.21,0.39,-4.75,-1.11,-10.52,3.29,-13.99,-4.82,-6.65,-1.85,2.27,-3.98,-7.72,-6.93,-0.72,-1.15,-3.66,-7.48,-2.11,3.48,-4.94,-0.69,-3.61,-1.42,-5.85,-5.58,-8.62,-3.83,-8.14,-3.89,-11.01,-7.61,-5.1,-6.5,-7.09,-3.65,-0.48,-9.62,-2.7,-1.89
1974-12,-6.93,0.82,-1.13,-8.14,1.21,-17.18,-1.17,-3.84,-6.06,-3.69,-7.7,-5.36,-3.69,-4.43,-9.61,-3.06,-6.17,-10.47,-4.53,-4.08,-4.54,-5.13,-0.94,-5.79,-9.52,-11.36,-15.57,-5.57,-0.19,0.16,-1.53,0.87,1.88,-4.67,-6.47,-12.06,-4.53,-5.3,-5.67,-7.73,-6.43,-2.66,-3.42,-10.72,-5.18,-1.5,-13.12,-2.45,-6.83
1975-01,8.89,16.87,25.63,25.24,4.98,27.12,35.79,22.73,16.75,31.97,36.43,4.54,-2.89,9.78,18.39,19.17,27.36,11.86,17.15,10.61,11.25,18.45,21.98,18.26,13.91,19.91,5.9,14.08,17.69,5.97,18.25,10.51,14.6,24.84,12.06,39.16,22.98,16.9,14.32,5.69,16.98,16.98,26.56,28.16,21.58,9.55,44.77,15.73,15.06
1975-02,2.05,3.83,5.77,10.34,-3.76,5.48,21.33,10.54,11.09,-0.52,25.76,14.17,15.87,8.52,4.64,2.68,2.87,8.5,1.18,9.86,7.34,11.92,0.15,7.65,6.45,2.78,11.75,4.58,-3.05,1.93,0.45,4.72,7.47,4.94,14.28,1.38,6.13,19.43,4.96,10.91,5.12,5.98,3.39,16.01,-2.47,3.49,-0.71,0.02,3.63
1975-03,-0.7,2.27,13.79,4.4,5.37,13.32,16.14,9.76,3.09,22.14,3.8,-0.15,1.08,5.56,12.24,8.3,7.45,12.71,11.22,2.53,5.32,3.82,6.45,12.96,-1.38,-1.07,5.27,9.15,17.16,-3.06,-1.74,-1.29,2.8,3.83,-2.28,33.13,6.49,10.28,4.94,-3.03,3.64,7.24,10.61,14.45,1.45,2.68,15.69,1.86,2.27
1975-04,6.41,-0.07,3.34,-4.3,4.52,10.24,5.83,7.17,6.26,5.03,12.81,2.11,-0.38,15.56,7.87,8.85,3.42,6.93,9.08,-0.33,5.8,8.04,2.81,11.61,3.73,5.61,-5.43,12.26,21.57,6.54,-2.07,-1.4,1.38,1.64,3.44,-10.63,8.92,9.89,11.55,10.59,4.0,4.45,0.44,13.23,1.47,-2.98,-9.95,2.79,4.02
1975-05,1.95,5.61,8.66,4.82,1.54,-0.07,6.36,3.36,1.89,1.67,13.93,3.52,6.58,-0.2,7.77,3.24,5.0,4.87,-5.39,3.95,4.53,12.21,3.34,11.38,6.69,2.91,9.31,5.34,22.88,11.4,8.1,3.11,6.64,6.78,3.6,3.44,10.66,6.56,2.77,7.21,-0.92,2.88,4.1,1.59,5.21,10.6,4.08,4.46,5.2
1975-06,10.29,6.32,0.16,2.86,4.46,4.21,6.74,3.52,2.83,9.89,1.25,1.69,0.28,3.98,2.08,6.31,3.98,13.25,5.73,13.71,4.72,1.93,9.14,9.75,0.2,12.56,5.31,4.25,-3.51,6.31,10.33,3.64,2.71,7.29,-0.91,5.56,8.2,5.01,1.87,2.19,3.52,5.99,7.35,5.3,7.2,5.35,8.16,5.14,5.35
1975-07,-4.13,-4.55,-10.05,-5.0,-7.12,-6.58,-7.44,-6.17,-8.47,-4.1,-9.54,-9.54,-13.26,-4.9,-5.08,-3.94,-5.1,-10.68,-7.06,-3.33,-5.16,-6.88,0.73,-8.39,-1.15,-4.41,-7.85,-4.03,-3.71,-4.75,-5.28,-4.69,-2.77,-7.66,-10.21,15.79,-9.07,-10.21,-3.44,-10.61,-3.18,-1.93,-8.66,-8.97,-7.2,-9.14,-9.03,-7.59,-5.24
1975-08,-9.83,-1.38,-4.73,-5.2,-5.06,-5.04,-0.73,-3.59,-4.92,-6.34,-8.24,-4.11,-3.64,1.34,-1.35,-3.14,-1.67,-3.16,3.34,-5.47,-2.27,-6.03,-3.11,0.35,-9.55,-8.17,-14.14,-8.15,-4.26,-1.29,-1.71,-4.02,-4.89,-5.36,-2.13,-19.74,-4.09,-10.43,3.85,-2.11,-3.61,-3.76,0.05,-4.36,-8.72,-6.22,-7.91,-5.0,-5.2
1975-09,-5.4,-2.2,-6.29,-6.2,1.03,-5.88,-0.1,-6.19,-4.61,1.11,-7.88,-6.98,-7.05,-9.07,-3.82,-0.97,-7.64,-5.18,-5.88,-7.0,-4.44,-7.95,-1.7,-3.73,-8.88,-6.79,-8.15,-3.3,1.06,-1.75,-1.51,-1.8,-0.96,-7.6,-0.83,-7.61,-2.68,-0.05,-8.74,-6.16,-4.21,-4.1,-4.16,-3.65,-11.3,-5.6,-10.83,-6.57,-6.65
1975-10,11.46,12.27,15.02,0.33,5.73,-1.47,1.46,7.05,8.89,12.05,3.48,10.89,10.05,6.05,4.18,7.97,5.29,-3.2,-3.38,-2.2,2.61,-0.08,8.97,1.97,-3.37,5.86,-4.15,-3.25,-16.45,-1.61,5.99,6.26,3.05,3.28,10.07,8.02,3.0,3.94,6.96,10.09,4.31,2.63,10.05,11.38,2.97,6.14,-3.32,5.02,3.56
1975-11,-2.85,1.89,6.53,2.26,5.5,5.9,0.66,2.68,3.41,8.04,6.6,4.9,4.65,1.69,3.79,4.1,4.39,-5.79,1.23,-8.1,0.13,6.18,3.72,-2.28,7.97,6.75,-8.83,-1.39,2.54,-2.18,2.75,3.87,1.3,3.72,5.52,-5.71,3.83,-0.85,1.2,6.34,4.33,0.99,4.01,10.62,4.49,8.37,-1.76,2.66,2.36
1975-12,-2.38,-1.96,-4.62,-0.02,-0.81,-3.3,-3.66,-0.49,-3.83,-1.48,-4.19,-5.55,-7.2,-0.52,-3.09,-1.52,-0.27,3.21,1.66,-3.21,-0.16,-7.05,0.64,-3.7,-4.47,-3.37,4.68,0.4,2.64,-0.45,0.87,-0.6,-2.43,-2.06,-1.6,-9.12,-1.19,-4.12,0.3,-6.6,1.79,0.15,-4.24,-2.63,0.28,-4.63,3.25,0.0,-1.84
1976-01,9.74,5.8,11.61,15.6,6.97,22.84,17.85,15.1,11.87,22.13,17.55,9.05,6.64,19.56,19.1,19.79,18.8,9.85,20.76,24.39,18.23,16.93,13.42,18.28,13.23,16.89,5.99,13.56,21.03,7.74,7.84,9.02,10.84,14.91,16.85,40.41,20.38,19.3,20.2,12.79,13.83,15.83,7.44,11.21,12.72,5.73,20.35,13.65,10.83
1976-02,-1.07,-3.51,-6.33,1.38,-1.43,5.38,-0.08,2.58,-2.46,4.51,8.1,-5.52,-7.54,2.29,9.22,3.94,4.76,4.72,4.88,5.2,4.05,2.18,3.98,4.06,5.81,7.45,8.43,0.9,0.84,-3.64,-3.89,3.2,5.03,4.6,-0.12,21.43,3.72,0.08,3.95,-2.83,6.05,7.07,4.03,4.46,-1.83,4.03,13.37,2.74,3.53
1976-03,-1.94,-0.58,3.12,-0.16,0.33,-2.53,0.69,-2.51,2.71,4.77,-6.14,2.4,7.39,-3.98,-1.78,0.41,2.71,1.78,-0.44,-2.8,0.15,-0.44,4.34,6.01,4.73,0.65,-3.3,6.54,-4.47,7.08,1.05,0.17,-3.3,-2.85,2.35,-3.84,2.41,5.52,2.36,5.96,-2.04,0.13,3.92,-0.49,4.82,2.03,3.84,1.81,0.41
1976-04,-1.54,-0.17,-4.51,-4.66,-1.82,3.36,-7.39,-2.28,-4.77,-2.52,-2.81,-2.4,-5.35,-0.41,1.36,-4.57,-0.08,-4.29,0.96,-0.39,-0.51,1.06,0.95,4.1,-5.19,1.85,5.5,0.69,11.35,1.51,0.21,1.3,-2.24,-4.1,-3.38,-3.18,-4.3,-6.59,-1.94,-2.22,0.09,-1.63,-5.6,-6.02,-3.43,-4.55,-2.05,-2.11,-0.33
1976-05,-5.35,-0.2,-1.51,-5.75,-2.74,0.33,-4.06,-3.37,-3.27,-9.0,-2.33,-2.5,-3.38,-2.95,-1.78,-5.66,-4.35,-4.8,0.12,4.58,2.13,-1.64,-3.29,2.16,-4.18,6.97,-2.92,-0.05,9.75,5.09,-1.84,-3.27,-0.25,-2.15,0.3,-16.18,-0.04,-0.34,0.4,-6.2,1.33,0.61,-6.76,-7.85,-1.6,-4.85,-8.87,-1.98,-1.96
1976-06,1.89,5.71,3.75,5.33,-3.18,3.44,5.05,3.01,5.81,0.7,4.07,-0.73,4.26,-0.7,1.94,0.23,2.22,9.79,4.28,11.63,6.03,5.27,2.76,11.45,8.54,5.15,-5.48,6.17,4.74,4.67,3.83,3.16,5.74,8.09,7.64,-10.5,8.33,7.7,-1.38,2.17,4.47,1.5,0.36,5.44,7.34,7.78,4.52,4.44,2.77
1976-07,1.7,0.95,3.4,-0.86,2.26,0.93,-10.19,1.24,-2.75,-2.04,-0.76,1.52,-1.45,-2.72,-0.03,-2.14,-2.71,-3.56,-2.93,-5.6,-2.29,-1.67,-0.83,-5.27,-1.25,2.81,-6.17,-3.76,-7.24,-0.93,2.35,0.78,-0.63,-2.06,-3.05,-8.84,-1.38,-4.29,-4.04,3.47,-0.43,-2.73,-2.15,-6.02,-0.92,6.52,-0.95,-0.33,0.75
1976-08,-4.47,-0.7,-0.71,-1.53,3.43,-5.88,-1.38,-1.4,-0.95,-3.8,-3.89,1.09,2.04,-3.66,-4.13,-3.12,-2.0,-0.81,-4.08,-3.27,-2.85,-2.09,-0.66,-0.16,1.13,-0.46,-11.02,-1.97,-9.03,-1.12,2.55,4.32,-1.87,-2.81,-0.17,-18.46,-0.83,-11.77,-2.8,0.29,-4.37,-3.16,4.31,-3.88,-2.31,3.16,-2.49,-0.75,-2.46
1976-09,1.65,-0.12,0.11,-2.51,6.23,-0.55,-0.68,5.05,-0.9,1.86,7.75,1.98,3.41,-0.04,0.09,-1.08,2.97,1.86,1.25,2.18,-0.17,3.98,5.42,4.0,1.11,-3.45,5.91,0.3,6.95,5.45,3.64,1.16,5.2,2.14,2.25,-4.39,2.59,3.75,2.14,3.5,-0.8,0.36,-0.07,-0.67,-1.98,1.41,6.41,1.09,0.93
1976-10,-0.25,-2.06,-4.45,-3.23,-0.27,-4.05,2.3,-0.8,-3.12,-1.36,-4.08,-5.27,-3.87,-2.9,-1.86,-1.43,0.93,-3.98,-6.39,-8.33,-3.69,-5.53,-2.15,-6.44,-7.32,-1.42,4.24,-2.42,-4.76,-2.79,-1.22,0.88,-3.54,-3.32,-3.94,2.02,-6.78,-8.15,0.28,-5.68,-4.27,-4.67,-0.64,-3.25,0.35,0.55,-2.68,0.06,-2.37
1976-11,2.64,2.0,-2.53,-8.62,2.02,-0.22,-2.48,4.2,-1.6,7.88,1.51,-6.27,-11.39,-5.4,2.65,4.89,3.69,0.07,-0.52,-0.89,1.14,-0.77,0.18,3.58,0.29,5.45,4.28,-2.06,0.12,0.43,2.75,2.75,2.93,1.82,0.21,-10.65,2.4,6.76,1.73,-2.2,4.34,2.26,5.13,2.36,-0.08,1.84,2.68,2.31,1.87
1976-12,9.14,4.51,0.26,8.94,3.58,9.41,15.0,8.4,3.37,6.6,12.43,2.48,6.64,9.74,5.91,4.9,7.23,8.59,6.74,7.87,5.64,2.75,9.56,4.93,9.41,5.04,1.11,6.67,6.09,5.92,6.1,3.05,8.58,10.12,2.76,17.77,5.42,1.42,4.11,2.91,4.45,6.83,1.2,3.68,10.71,6.22,10.77,7.7,7.71
1977-01,-3.68,-4.41,-5.8,-12.14,-5.27,-7.11,-3.98,-2.78,-8.72,-0.64,5.37,-11.26,-9.03,-5.91,2.05,-1.5,-5.7,-4.66,-3.61,0.87,-5.13,-3.68,-3.44,-3.27,2.82,2.27,0.2,-3.8,-1.67,-0.04,0.48,-0.24,0.35,-1.34,-3.65,4.04,-4.83,-8.66,-10.88,-6.94,-3.77,-1.1,-7.79,-11.71,-5.48,-6.59,-0.8,-3.85,-3.29
1977-02,5.5,-2.26,1.34,0.7,-0.74,-5.25,-5.48,-2.79,-2.53,-5.0,-9.66,-0.98,-0.19,-1.12,-2.07,-4.99,-1.69,1.78,-0.92,-5.04,-0.81,-0.86,-3.46,-0.79,-2.57,-3.68,15.64,-5.23,2.79,-3.5,-3.77,0.63,-6.57,-2.35,-0.27,1.42,-2.21,-2.93,0.87,1.38,-3.48,-2.87,-1.91,-2.69,-2.67,-0.62,-2.32,-2.03,-1.81
1977-03,-4.89,-1.47,-0.67,-3.75,-3.16,-0.53,-1.36,-1.64,-3.62,-1.36,-0.9,0.22,-2.78,-0.88,-1.84,-1.39,0.63,-1.12,0.22,5.02,3.75,3.63,-5.49,-1.07,2.28,0.66,-0.52,2.21,0.93,-2.52,-0.2,-1.42,-1.66,0.55,-1.0,-7.67,0.66,2.25,-1.66,-0.49,-0.31,1.23,-3.44,-5.78,-1.18,-1.33,1.26,-0.54,0.46
1977-04,0.12,0.6,-3.57,-2.25,1.68,-5.32,0.61,0.44,-0.91,2.08,1.32,-5.76,-5.74,-0.86,-2.49,1.77,1.59,5.14,0.53,6.64,3.3,3.97,1.82,1.88,3.53,7.99,-4.7,0.47,-4.22,2.29,1.56,0.28,-0.72,0.37,-6.33,2.95,2.23,-2.45,0.67,-1.43,4.87,-2.87,-4.39,0.33,-0.48,6.44,4.05,1.78,1.03
1977-05,4.66,-0.82,-2.4,-2.83,0.92,-6.63,1.54,0.08,-3.42,-5.22,-1.84,-0.78,-2.65,-4.03,-1.21,-4.77,-3.59,-0.72,-6.19,1.55,-0.47,-2.35,-0.83,2.0,-3.41,4.39,-4.94,-8.32,-11.05,-0.58,1.3,1.06,1.56,-0.61,-3.58,0.84,1.14,4.14,-7.42,-1.03,0.9,-0.12,-4.11,1.49,-3.17,-0.03,-0.59,0.19,-0.46
1977-06,-1.47,4.22,3.52,1.22,2.03,3.63,10.88,8.23,5.54,6.1,15.38,8.67,8.43,-0.19,9.03,5.05,3.64,4.39,-0.44,3.29,2.81,5.57,4.18,10.37,1.04,1.51,1.39,-2.45,9.83,5.61,5.31,1.54,16.46,9.94,7.77,-1.21,6.46,7.58,2.17,2.21,1.87,2.41,5.47,10.82,5.53,5.99,6.08,5.45,4.59
1977-07,-1.2,1.53,4.23,-4.29,1.45,2.48,-3.61,-0.98,-2.11,-1.62,2.76,-4.21,-2.42,-3.85,-3.47,-1.84,-3.98,-1.14,-7.83,-2.05,-7.26,-0.9,-3.0,-2.67,-0.32,1.4,2.37,-6.89,-9.44,-2.08,0.45,-1.27,-1.06,-0.28,1.04,1.44,-4.07,-2.44,-5.35,-2.13,-2.66,-2.96,-0.27,-0.29,0.72,0.61,-0.41,-0.82,0.39
1977-08,-2.41,-1.49,2.3,1.36,1.87,-3.29,2.17,-1.82,2.08,0.02,-1.08,3.55,3.53,-3.38,-3.53,-1.72,-2.38,-1.82,-5.71,5.65,-2.61,-1.11,-1.6,-3.79,-1.44,-6.76,-3.58,-1.18,-5.47,-6.3,-3.69,-2.72,-0.56,-1.01,1.07,-2.06,-2.74,-0.2,-3.55,0.41,-4.17,0.21,4.5,4.87,-1.1,-1.28,0.18,-2.25,-0.39
1977-09,-4.58,0.01,0.64,1.0,-1.48,-2.25,-2.47,-0.97,-1.25,2.26,11.84,0.85,-2.34,-0.87,1.98,-0.42,-1.64,1.35,-6.18,0.25,1.34,-2.86,2.51,-3.96,-2.31,-0.34,7.76,-4.36,-0.47,0.33,1.58,3.05,2.2,-0.73,-3.02,2.84,-0.63,-0.51,-1.79,-1.06,-2.15,-1.01,-1.69,2.06,-1.32,0.43,-2.3,-0.17,0.6
1977-10,-4.21,-5.49,-3.85,-4.81,-2.78,-10.64,-3.38,1.05,-7.1,-2.33,-4.43,1.58,-3.2,-3.67,-3.93,-4.2,-2.04,-6.02,-0.5,-3.37,-5.95,-2.15,-5.07,-3.53,-3.82,-9.9,-5.36,-8.32,-2.8,-4.07,-3.64,-5.54,-3.29,-3.6,-2.87,-1.73,-5.67,-5.65,-7.8,-4.94,-4.38,-4.39,-3.44,-4.69,-6.46,-5.31,-4.93,-4.39,-4.43
1977-11,6.6,2.75,2.65,5.04,2.21,6.1,11.13,6.79,1.92,8.32,9.41,3.23,6.13,2.42,6.42,6.42,6.84,4.65,0.99,3.96,6.72,4.41,1.42,7.7,3.03,7.08,2.86,4.3,3.89,2.95,3.79,1.66,8.46,7.69,4.04,6.39,6.12,6.57,5.82,2.06,6.73,5.86,4.72,8.8,4.73,7.95,9.53,4.35,5.63
1977-12,3.18,-0.92,0.1,-3.03,-2.34,-1.44,2.76,3.76,-1.02,0.14,11.88,1.17,-0.59,0.86,0.44,-1.55,-0.77,0.78,3.93,-0.3,0.78,-2.05,-1.6,1.27,-3.34,1.22,-1.19,1.47,-3.16,1.48,-0.82,1.66,1.9,1.48,2.99,0.63,-0.36,0.12,-0.81,0.05,0.91,2.67,-2.8,1.65,-2.36,-1.32,1.27,1.1,1.26
1978-01,-5.97,-5.83,-5.08,-0.82,-6.69,-3.5,-10.63,-9.13,-7.87,-6.28,-5.78,-5.91,-1.24,-6.85,-3.66,-1.6,-6.48,-8.45,-5.05,-0.8,-7.6,-3.39,-6.75,-7.21,-6.63,-3.61,3.85,-7.79,-5.68,-7.45,-5.03,-4.65,-5.28,-6.05,-4.3,-5.46,-7.08,-7.82,-8.11,-4.93,-1.87,-5.7,-7.35,-8.3,-6.16,-7.3,-2.78,-6.51,-4.15
1978-02,0.11,-0.22,-1.35,-0.4,0.22,-1.69,-0.73,-1.58,-3.58,1.54,2.88,-3.65,-3.69,-5.31,1.28,-0.49,-0.75,-0.11,-4.28,1.33,-1.02,-2.88,0.72,3.92,-3.78,-0.66,-5.92,-1.77,1.8,-1.62,-0.88,3.7,1.03,1.19,-4.68,6.16,-2.44,-2.06,-6.36,-2.34,-1.91,1.1,-1.8,3.47,-1.87,1.9,1.31,-0.49,-0.7
1978-03,8.5,0.56,5.93,2.64,3.46,8.09,9.18,9.55,1.87,6.88,9.5,1.98,3.82,3.5,7.29,2.77,5.09,5.62,5.62,3.48,2.86,2.57,5.46,9.36,6.29,13.34,2.61,4.95,-6.63,1.68,1.95,2.09,6.79,6.97,-4.25,11.46,6.03,2.05,4.16,0.58,4.33,5.86,1.16,6.62,4.95,4.56,11.63,4.18,4.93
1978-04,1.37,4.49,9.96,3.79,8.04,8.25,14.02,9.05,13.17,6.35,6.52,11.15,8.16,10.27,7.18,5.01,9.36,12.48,8.34,3.53,11.22,11.81,7.56,12.67,12.48,4.76,-5.27,4.39,12.71,6.05,-0.36,2.39,5.33,6.85,13.17,13.82,11.41,15.09,10.89,11.04,8.94,7.17,11.03,9.98,9.55,9.83,9.5,9.16,7.79
1978-05,13.88,3.27,4.26,4.5,2.05,6.64,6.87,4.2,3.87,2.84,7.56,1.08,5.48,-0.15,5.38,3.11,2.2,2.07,2.9,5.27,4.67,8.35,-1.69,11.5,4.31,1.64,11.65,2.79,-3.89,0.43,0.2,-0.9,6.91,5.97,-0.12,6.39,3.12,3.7,2.09,3.62,2.04,3.71,-0.84,7.45,0.7,0.64,5.02,0.8,3.86
1978-06,-2.19,1.16,-2.4,-2.25,-0.52,-2.85,-0.43,-1.15,-2.49,-3.76,3.03,2.45,0.02,-3.0,0.62,-1.74,-1.87,-3.34,-6.7,-1.36,-1.53,-3.03,-3.37,2.98,3.14,3.14,-2.22,-5.79,-1.61,-4.33,0.29,-2.08,1.7,-0.97,-0.79,2.2,-1.77,1.15,-3.49,1.77,-1.14,-1.63,-2.74,1.92,-1.47,0.37,3.22,-1.7,0.29
1978-07,1.6,1.67,1.91,5.48,3.95,6.67,7.06,6.58,6.82,1.15,16.93,5.14,8.76,4.86,3.64,3.04,7.91,2.23,7.58,3.47,5.45,8.26,3.36,15.64,9.28,12.75,10.09,7.33,1.85,2.8,2.26,0.87,5.3,7.16,9.34,18.75,5.75,5.73,10.9,7.28,11.54,5.02,4.68,5.32,4.92,3.81,4.01,4.89,5.24
1978-08,4.72,2.78,3.45,-0.93,0.78,2.24,10.58,6.56,2.18,5.39,6.53,2.86,-0.54,4.26,2.67,9.96,7.55,10.47,-0.09,5.49,3.69,0.89,1.83,3.95,3.54,3.05,-2.09,6.75,-1.37,4.68,-0.11,2.97,10.62,4.54,5.49,19.28,5.6,3.43,5.33,4.34,3.42,7.16,4.92,13.44,4.28,4.97,8.81,5.46,6.77
1978-09,0.23,-0.58,-3.55,0.79,1.44,-3.2,-7.75,-3.55,-3.76,-2.1,-1.06,-3.37,-3.45,-0.99,-4.78,2.03,-3.26,1.37,0.64,-2.7,-1.31,-5.4,0.23,-8.51,-3.11,-4.47,1.36,2.7,0.1,4.22,-0.87,0.6,-6.71,-3.44,-5.92,-8.51,-3.26,-0.07,-2.34,-5.3,-4.26,-2.64,-2.98,-3.43,-0.7,-2.84,1.23,-1.53,-1.96
1978-10,-22.02,-10.63,-10.23,-15.26,-8.92,-17.82,-19.43,-13.86,-9.97,-16.1,-25.06,-15.78,-12.36,-10.31,-15.81,-19.24,-16.38,-20.87,-12.64,-16.98,-14.59,-13.3,-11.23,-16.01,-18.9,-11.58,-9.26,-11.73,-18.65,-11.17,-7.78,-5.18,-18.49,-17.93,-8.18,-28.42,-16.81,-18.59,-10.65,-6.98,-18.62,-17.4,-13.64,-24.07,-11.06,-13.58,-25.97,-11.59,-17.81
1978-11,9.37,-0.32,2.15,3.72,1.86,-0.26,10.73,1.57,2.52,2.56,10.35,5.13,4.07,0.45,3.15,3.66,-0.27,1.96,0.54,2.36,2.83,1.93,-0.25,9.59,4.24,7.16,-13.97,2.19,5.89,5.47,2.3,2.32,2.39,5.25,3.32,12.05,6.35,8.15,-0.83,2.32,2.92,5.29,1.27,4.2,-0.89,3.73,3.61,1.09,3.25
1978-12,0.72,-0.23,3.05,2.58,1.7,-1.59,3.03,2.31,0.13,0.63,14.75,-1.96,3.32,-0.71,0.76,-2.19,0.44,0.33,-0.57,-2.12,2.33,-1.03,-1.19,1.65,2.51,4.5,5.69,3.15,-2.83,2.11,-2.03,-0.68,2.19,-0.41,8.3,2.01,-0.98,6.58,-2.17,2.56,-1.83,1.93,-2.36,-3.67,-0.05,1.92,3.6,0.28,2.1
1979-01,4.56,3.4,-0.88,5.85,-0.23,5.49,4.15,5.65,2.58,9.6,-3.23,3.6,0.11,5.71,5.89,7.42,7.97,6.21,12.74,7.58,4.67,5.93,5.06,4.2,2.33,3.24,9.72,10.41,8.0,2.23,5.6,2.89,3.36,4.69,2.6,10.63,6.43,1.46,11.83,1.74,2.93,5.03,5.57,6.06,2.2,5.54,6.05,5.65,6.59
1979-02,-5.01,-4.64,-4.98,-4.64,-3.75,-8.17,-6.74,-4.09,-5.96,-3.74,-5.78,-9.05,-4.26,-3.02,-4.7,-0.75,-3.88,-3.32,-4.3,-5.99,-3.73,-6.2,-4.44,-13.63,-6.81,-5.99,6.46,-0.92,-0.12,-0.12,-2.37,-1.38,-10.21,-5.46,-3.5,-11.18,-5.45,-4.25,-3.06,-6.4,-6.31,-2.6,-5.04,-5.3,-4.86,-3.21,-2.94,-4.0,-3.33
1979-03,6.17,1.63,1.22,7.29,4.44,7.64,6.22,2.23,3.95,8.72,11.58,3.38,4.09,8.9,5.69,7.11,7.15,13.86,8.12,3.6,6.48,4.2,5.87,6.19,6.28,4.59,2.27,8.88,15.82,8.37,1.51,-0.65,10.79,6.93,6.23,22.25,7.16,11.31,9.26,4.05,8.92,6.64,4.99,8.66,5.24,9.15,12.34,6.07,8.12
1979-04,4.93,-0.66,-3.61,1.41,-1.01,6.34,-1.15,1.09,-0.03,-1.16,-2.06,0.27,-0.44,-2.76,7.06,0.58,1.98,2.13,-1.49,0.15,-1.24,-0.82,1.62,-1.65,-2.27,0.12,3.21,-3.15,-8.12,3.71,-3.55,-2.95,2.87,2.63,-0.75,1.5,-0.47,0.12,-3.43,-2.4,-0.45,-1.22,0.01,6.01,1.23,-0.65,1.27,0.86,1.37
1979-05,-0.48,-2.27,-2.28,-5.52,-3.63,-0.27,-4.46,-3.49,-3.53,-0.4,-5.3,-0.08,-4.19,-3.74,-1.77,-2.4,-2.69,-1.29,-3.42,-0.94,-1.56,-1.79,-2.28,-6.66,-2.27,0.02,6.78,0.7,5.84,-3.41,0.62,-0.73,-2.66,-0.99,-2.88,-4.7,-2.09,-4.22,-1.66,-1.57,0.1,-2.2,-3.57,-3.95,0.23,-1.83,-2.47,-0.5,-2.43
1979-06,5.67,2.58,1.59,5.31,4.73,2.64,0.63,0.94,0.12,0.16,8.7,3.69,3.88,3.07,6.06,2.92,2.33,13.02,1.35,12.88,5.05,9.46,1.86,3.09,9.23,2.59,1.39,9.85,13.56,8.38,4.16,1.12,1.73,4.21,-2.72,4.48,4.77,3.9,1.34,1.17,1.85,2.75,1.66,1.64,8.23,9.32,7.44,6.96,5.75
1979-07,0.05,-0.08,0.67,-0.02,4.02,0.53,4.99,2.94,-0.25,0.95,8.15,0.08,-1.29,3.32,-1.56,0.08,2.93,3.24,3.68,5.7,2.15,1.62,0.0,3.05,2.98,1.63,-3.05,3.29,-4.11,0.88,1.3,-0.88,3.69,3.17,-4.07,-2.12,1.12,-0.85,-1.22,-2.71,7.19,0.4,0.2,2.34,1.96,1.39,9.02,3.13,0.42
1979-08,5.47,6.99,3.43,11.17,7.99,8.23,3.13,7.48,5.9,8.27,10.62,7.37,7.75,6.24,6.67,3.35,8.37,4.32,6.44,6.74,5.23,4.79,4.36,11.92,16.69,14.35,13.41,5.8,2.47,7.23,1.28,0.75,8.29,6.8,3.46,10.04,6.9,11.99,7.55,5.78,4.9,6.97,8.47,5.41,4.62,3.66,13.48,3.94,5.03
1979-09,-2.4,-1.93,-4.56,-1.67,-5.81,0.73,1.72,-0.1,-4.66,-2.01,-1.68,-3.43,-0.83,1.78,-0.69,-3.24,-1.29,2.04,1.68,-5.74,-1.86,-4.85,1.12,-1.07,2.27,-3.47,13.11,4.12,2.37,5.14,-3.02,-3.21,-1.23,-1.14,-3.2,-3.27,-2.15,0.18,-0.58,-4.55,-4.68,2.64,-2.84,-4.81,-3.43,-0.71,-2.96,-1.46,-1.0
1979-10,-10.16,-8.69,-10.56,-10.48,-4.64,-10.47,-9.33,-8.0,-8.39,-10.1,-7.03,-8.53,-4.27,-8.8,-11.28,-10.13,-11.43,-5.91,-12.49,-3.95,-9.65,-7.57,-12.04,-9.84,-4.98,-9.51,-11.96,-12.11,-17.16,-3.23,-6.7,-5.94,-11.5,-10.34,-8.76,-12.39,-7.85,-9.53,-10.66,-8.09,-12.16,-9.77,-9.47,-12.75,-11.78,-9.65,-13.85,-10.88,-10.21
1979-11,12.78,4.07,2.27,7.28,5.62,1.36,9.44,1.85,0.24,6.67,17.89,7.49,7.27,5.63,-0.19,2.95,3.77,8.67,-0.25,6.22,6.49,3.82,-4.54,10.07,15.9,10.91,10.96,8.68,17.32,7.82,6.79,3.07,8.19,8.58,7.24,15.94,6.57,9.46,-1.1,0.13,5.71,8.25,2.29,-0.23,2.99,7.25,9.13,5.81,6.61
1979-12,7.51,1.32,-0.25,3.16,2.12,3.95,9.93,4.17,1.95,4.07,8.52,3.46,0.08,4.39,3.23,7.04,3.25,6.23,7.3,4.61,1.98,3.65,0.2,8.68,2.51,8.48,28.66,12.33,4.88,1.5,-1.96,-2.47,-0.02,3.71,-0.28,13.29,1.75,5.8,3.83,0.57,2.8,8.9,0.19,4.79,1.08,0.76,7.79,0.43,4.8
1980-01,-0.73,2.85,0.84,10.09,-1.43,9.95,3.48,3.23,0.48,0.59,6.74,-0.12,-3.22,3.53,8.17,4.08,6.04,15.37,16.78,10.08,6.95,7.29,9.07,24.61,19.08,8.86,16.98,14.6,7.3,13.33,0.75,-2.87,4.96,5.87,5.87,6.16,6.82,9.24,6.55,1.58,8.51,4.66,-1.25,4.3,-2.84,2.54,7.7,3.06,6.66
1980-02,1.25,-6.09,-9.67,-3.23,-5.75,-3.16,-4.92,-8.03,-5.56,-1.69,-3.92,-8.43,-4.91,-2.15,-6.21,-2.04,-2.87,-4.88,-0.6,-6.42,-4.14,-5.2,-7.3,-8.7,-9.95,-4.09,8.07,3.01,-1.79,12.29,-4.31,-2.29,-9.14,-3.18,-5.02,2.14,-2.9,-5.41,-0.59,-0.83,-5.43,-3.45,-6.41,-6.53,-8.24,-9.6,-3.52,-2.83,-2.73
1980-03,-22.2,-11.19,-1.58,-15.35,-1.88,-12.72,-8.27,-12.38,-5.67,-6.7,-5.92,-3.54,-4.04,-13.35,-15.12,-15.73,-15.85,-16.33,-19.7,-20.48,-13.45,-10.14,-11.2,-13.7,-12.34,-16.6,-28.19,-20.46,-22.31,-19.09,-7.81,-3.87,-12.98,-17.19,-14.95,-19.01,-12.73,-10.84,-15.41,-8.19,-15.12,-16.02,-9.05,-14.5,-5.59,-8.77,-24.49,-12.61,-17.37
1980-04,4.49,7.67,2.32,2.89,8.3,-5.29,7.85,1.54,3.05,1.15,11.0,5.75,1.71,3.78,-3.31,3.67,2.23,3.63,1.04,1.09,-1.0,1.16,-3.75,-4.29,0.59,0.67,5.32,-1.73,0.07,5.66,10.78,6.07,6.72,7.47,-1.55,6.23,2.41,-4.24,0.8,4.22,-1.02,2.68,3.55,5.39,7.36,5.28,9.64,4.58,7.84
1980-05,6.35,7.97,4.58,8.66,8.22,5.1,3.25,8.88,5.6,0.98,2.66,5.36,6.67,6.76,9.35,6.44,8.56,2.72,4.39,5.68,5.06,7.12,2.44,-0.22,-1.14,2.91,10.05,5.95,15.74,3.2,3.79,4.19,4.01,7.6,2.49,8.68,6.32,6.09,6.44,5.64,10.65,11.42,8.77,11.04,5.7,5.6,8.89,8.46,6.63
1980-06,6.68,2.4,-2.38,3.1,5.06,2.1,-1.69,1.95,0.56,3.64,6.38,-0.61,-0.91,1.66,2.0,1.2,2.63,15.2,1.8,11.41,5.41,0.03,1.2,-0.72,1.27,1.64,33.14,5.95,5.73,5.22,3.94,-1.18,5.04,3.36,3.34,1.8,1.03,1.89,1.92,-1.53,1.01,1.42,1.84,3.41,4.33,3.92,6.27,4.26,4.58
1980-07,8.59,2.7,10.83,8.49,6.77,11.98,5.8,10.4,9.88,14.5,21.13,8.33,7.07,8.04,4.25,10.95,11.06,19.31,12.21,9.29,11.36,14.08,12.32,11.41,8.58,15.73,6.04,8.3,5.9,1.43,-0.65,0.47,13.5,10.91,13.97,29.8,13.92,21.1,10.5,7.4,15.96,11.42,10.42,9.02,1.08,0.86,8.69,4.09,9.43
1980-08,9.67,-0.21,-2.36,0.6,-1.35,6.93,1.08,4.42,0.21,1.08,2.71,1.52,-1.22,2.51,3.39,4.28,-0.03,3.68,0.48,3.92,0.23,-1.48,2.65,0.92,2.95,-0.41,9.02,4.15,-0.53,3.06,-1.81,5.66,3.29,5.88,2.32,17.97,5.13,0.38,-1.01,-0.43,-0.35,6.32,-0.39,-0.06,-1.14,1.66,2.81,2.28,4.98
1980-09,1.87,-0.59,-5.21,0.32,-2.32,6.45,0.51,3.52,-0.26,2.01,4.93,3.43,2.47,1.32,-0.28,-0.85,0.07,5.58,3.83,5.34,5.15,1.02,1.06,3.59,3.72,2.74,20.34,8.01,6.45,5.77,-0.63,-2.37,2.54,5.02,-0.87,9.36,4.28,4.58,-1.82,0.31,0.82,6.48,-1.48,2.66,-1.88,2.59,3.9,3.45,4.52
1980-10,5.02,-1.84,-4.41,-0.47,2.94,2.78,-2.76,-1.9,-0.44,-0.15,0.58,2.5,-3.79,-1.91,1.34,0.87,0.78,12.94,-1.98,5.99,2.46,1.52,-5.18,-4.09,-2.35,-0.99,-4.63,0.13,-0.2,6.89,0.97,-4.16,0.56,2.83,0.93,10.4,0.95,0.16,0.9,-2.25,4.7,-1.25,-2.75,-2.3,-1.94,-5.38,1.12,1.47,3.31
1980-11,11.73,-2.34,-0.62,-0.81,1.53,13.74,18.49,1.79,4.48,1.85,10.45,8.57,7.41,8.32,2.11,-2.66,4.75,10.21,4.65,12.32,11.64,10.99,-1.93,16.56,17.49,15.65,-1.03,9.43,13.66,23.44,6.43,-1.42,3.6,9.14,6.01,12.33,11.24,17.16,5.17,4.65,12.12,8.13,-0.35,-2.05,1.75,-2.55,3.27,8.96,9.62
1980-12,-7.29,0.74,6.99,-5.36,-0.48,-9.91,-1.65,0.41,-2.13,-2.77,1.74,0.74,4.25,-3.27,-6.11,-4.01,-4.45,-9.78,-5.66,-7.97,-5.35,-5.93,-1.38,4.62,0.87,3.81,-18.75,-5.31,-11.0,-11.91,-3.23,-0.09,-6.46,-3.92,-0.52,-1.83,-5.73,-3.69,-4.01,-3.99,-6.96,-8.08,-1.01,-1.19,8.46,1.97,-0.47,-1.27,0.63
1981-01,1.31,0.55,3.52,3.54,-2.11,-9.58,-2.48,-1.87,-2.03,6.79,-0.69,-4.37,-2.43,-0.27,0.54,6.21,-1.05,-12.6,-0.33,-5.17,-7.8,-3.52,-2.23,-7.87,-12.87,-10.01,-12.06,-8.13,-9.07,-11.22,-3.6,4.51,-0.77,-2.7,-9.24,-11.05,-8.81,-10.7,0.89,-0.68,1.16,-4.1,-0.62,-0.18,-1.9,-2.64,-1.54,-5.27,-7.71
1981-02,-6.91,0.17,5.92,2.1,2.17,-0.36,4.16,1.53,7.92,1.32,-4.05,2.71,0.79,2.89,-2.66,0.12,3.08,-1.04,1.53,-2.51,2.48,0.99,5.85,-4.9,-2.55,-1.73,-7.03,-3.92,-1.74,-1.38,-2.34,1.06,5.69,-0.75,-0.79,-7.74,-0.11,-0.65,5.85,6.91,0.94,-2.49,2.2,6.2,1.35,0.62,-2.67,0.75,0.58
1981-03,3.17,6.97,2.9,6.77,4.25,11.52,12.95,6.22,1.8,7.56,15.04,2.67,3.96,1.35,9.11,3.59,7.65,4.14,18.73,9.16,4.15,8.15,6.51,1.72,0.41,4.04,12.77,26.54,3.18,-3.33,1.79,-0.04,4.74,9.45,0.47,11.35,8.27,5.75,6.46,3.81,10.57,11.69,12.46,8.42,1.49,10.88,14.28,5.73,4.36
1981-04,3.18,-0.69,-3.01,-3.13,-0.08,3.46,-0.33,4.92,-1.56,-4.37,3.38,1.09,2.0,-3.4,3.26,9.58,-2.03,-8.7,-2.69,-0.3,-1.13,3.83,0.64,-0.02,-0.73,-2.29,-0.52,-9.56,-7.57,-8.89,-3.77,5.12,5.22,2.7,-3.24,5.56,1.07,2.77,-5.53,-3.83,0.89,-2.39,2.98,3.34,-0.71,1.32,-2.27,-0.91,1.57
1981-05,3.87,0.27,5.03,0.16,0.72,4.66,4.71,4.39,-1.32,0.51,10.91,3.9,0.67,-2.49,2.39,-0.51,-0.28,-5.01,-1.65,2.54,-2.25,2.25,1.76,-1.84,-3.06,-0.65,0.72,-2.01,-0.81,-5.15,0.69,6.06,-1.28,1.66,2.27,11.47,3.49,6.03,-1.15,-2.18,4.12,0.82,1.46,2.0,4.09,0.37,-1.98,0.94,3.49
1981-06,-1.58,-1.93,-3.07,-0.76,-0.02,-10.93,-5.57,-2.18,-2.98,0.24,-10.59,-8.6,-5.92,0.92,-3.86,-1.68,-2.52,-5.59,-6.75,-2.96,-4.47,-5.98,-4.09,-4.15,-2.85,-7.95,-21.06,2.41,-0.19,3.4,2.11,-3.26,0.75,-5.89,-7.17,-12.13,-8.81,-10.76,-1.58,-0.88,-8.37,-3.9,-2.52,-2.6,1.33,1.22,-0.2,-0.49,-6.88
1981-07,-1.52,-2.27,-3.7,-2.33,0.98,-7.83,-8.18,-2.75,-4.1,-0.69,-4.22,-4.67,-5.42,-5.13,-2.35,-4.24,-6.84,-5.13,-1.1,3.42,-0.63,-6.69,-4.68,-7.88,-9.71,-5.16,4.92,3.13,7.85,6.69,1.56,-0.9,-5.62,-5.08,-5.73,-2.88,-4.16,-3.44,-4.52,-5.38,-5.74,-4.92,-4.08,-7.42,-4.95,-6.03,-3.7,-3.34,-2.39
1981-08,-7.25,-6.24,-4.71,-7.03,-7.0,-4.44,-9.26,-5.27,-7.5,-6.68,-17.14,-12.1,-6.86,-7.74,-10.44,-7.6,-7.66,-7.1,-8.68,-7.06,-8.1,-5.79,-10.25,-12.27,-16.09,-9.56,7.57,-2.87,-13.65,-7.55,-2.13,-2.05,-7.3,-7.68,-6.42,-5.42,-10.8,-11.29,-9.84,-6.47,-9.16,-4.52,-7.42,-11.61,-6.65,-5.99,-7.82,-6.49,-8.94
1981-09,-3.92,-4.55,0.16,-1.81,-0.98,-3.31,-2.9,-6.38,-3.57,-4.44,-2.17,0.45,-3.42,-10.21,-7.9,-3.48,-9.51,-14.21,-10.68,-12.68,-10.93,-6.61,-5.19,-5.95,-6.45,-7.44,-15.48,-12.86,-10.0,-13.58,-6.78,1.6,-3.75,-8.29,-4.63,-9.53,-5.04,-6.09,-9.1,-6.41,-6.92,-9.73,-3.99,-4.29,-2.24,-1.29,-10.73,-5.22,-10.05
1981-10,5.45,6.94,10.32,7.09,4.66,10.07,10.45,7.32,0.34,0.07,13.67,8.27,5.34,4.99,5.68,4.65,-0.16,-4.87,0.16,13.49,2.52,2.76,-9.91,5.7,10.46,6.38,-7.53,0.6,12.69,8.35,3.68,4.81,4.29,9.64,0.66,15.42,7.15,6.6,-0.5,1.72,7.77,7.32,4.36,9.71,4.71,7.16,5.56,6.69,8.46
1981-11,2.75,0.91,-0.37,2.28,2.68,-4.92,2.23,4.62,4.87,-0.84,-5.74,5.97,3.24,2.83,1.33,-0.79,4.43,9.05,3.33,0.51,5.67,2.45,1.81,-2.71,-6.4,-8.22,-2.43,3.24,4.34,5.8,4.88,1.63,4.65,3.03,1.83,-6.94,0.64,-4.7,9.42,6.37,3.73,0.54,0.09,0.45,4.0,4.57,4.73,4.89,1.36
1981-12,1.06,0.67,-3.8,-3.0,-6.82,-1.18,-2.98,-4.3,-2.15,-3.51,-6.47,-1.99,-0.82,-3.37,-3.36,0.2,-2.68,-2.76,-3.55,-0.22,-3.68,-1.41,2.36,-1.25,1.81,-0.51,-9.81,-6.77,-6.77,-7.29,-3.22,-2.32,-1.62,-2.74,1.22,-3.99,-3.18,-2.68,-4.07,-0.92,-4.77,-3.52,-2.58,-4.29,-6.33,-5.34,-2.33,-3.77,-4.33
1982-01,-8.5,-0.03,-3.01,1.05,-0.11,-1.15,6.42,-5.39,3.92,-2.36,-4.1,1.11,1.12,-5.62,-4.51,1.48,-6.9,-9.0,-9.66,-7.5,-6.21,-2.92,-1.79,-5.2,1.74,-3.68,-12.14,-16.97,-8.29,-9.28,-1.47,-0.13,-4.06,-5.36,5.47,-0.13,-3.51,3.41,-5.81,-2.01,-4.29,-2.96,0.41,-1.47,-1.82,-0.1,-4.52,-4.54,-4.78
1982-02,-4.58,0.95,-7.8,-2.47,-4.58,-9.76,-5.67,-2.14,-4.26,-4.98,-6.19,-2.34,-2.31,-8.2,-1.23,-5.35,-6.07,-10.68,-5.64,-7.41,-9.17,-4.85,-4.23,-6.57,-9.85,-0.38,-9.27,-8.83,-13.85,-12.1,-1.26,-6.61,-3.44,-5.91,-5.1,-10.32,-6.39,-9.71,-3.42,-3.47,-5.72,-4.45,-1.5,-3.67,-3.09,-0.88,-5.34,-5.5,-5.88
1982-03,-6.37,1.14,7.15,3.75,2.67,5.16,3.76,-0.84,0.02,-0.38,-3.5,-2.46,-3.87,-2.3,-2.9,-0.54,-3.33,-7.64,-6.13,-11.69,-4.84,1.44,3.48,-0.53,-0.31,-10.09,-7.07,-15.21,-7.55,-4.36,0.68,1.07,0.65,-3.51,-6.55,-7.28,-1.77,-3.74,-3.5,-1.58,-0.03,-1.35,4.05,6.23,-1.93,0.57,-1.64,-3.17,-1.67
1982-04,8.75,5.21,4.72,8.8,6.0,6.58,0.97,3.86,0.95,5.45,9.36,7.09,5.64,3.79,1.63,9.09,2.27,0.08,0.47,2.8,-0.74,5.52,3.95,3.96,12.92,6.44,-3.59,-0.64,2.2,3.2,2.72,-2.49,6.42,5.88,5.44,11.67,6.63,9.22,3.52,1.13,2.54,2.19,4.82,4.07,2.56,-1.08,2.36,3.24,5.22
1982-05,-6.62,-3.82,-2.24,-3.62,-5.8,-7.7,-6.84,-6.8,-3.05,-1.26,-7.92,-2.93,-3.98,-5.52,-4.2,-3.98,-6.63,-7.92,-8.06,-3.46,-9.49,-4.55,-1.17,-5.41,-10.24,-4.13,-11.54,-6.82,-11.19,1.42,-1.6,-0.86,-9.96,-5.15,-6.32,-6.01,-7.21,-4.94,-7.79,-5.01,-7.48,-3.33,-3.7,-5.48,-8.37,-7.25,-1.54,-5.5,-5.32
1982-06,-4.48,0.94,2.59,1.09,1.74,-2.06,3.2,-1.03,0.6,1.87,-0.94,0.77,-2.55,-5.83,-4.04,-4.04,-3.5,-5.65,-7.83,-18.22,-6.43,-2.97,2.9,-2.79,2.52,-4.87,-13.71,-8.1,-6.83,-7.23,-3.17,-3.41,-4.07,-2.82,-3.07,-8.56,-2.66,-5.61,-1.49,0.27,-0.42,-2.1,2.47,0.84,-3.11,-3.71,-9.03,-3.56,-4.3
1982-07,-6.51,-1.38,3.63,7.48,-6.55,3.56,-5.04,-3.24,0.6,-2.62,7.35,-2.02,-0.77,-5.44,-4.58,0.51,-2.32,-9.08,-5.62,-4.67,-7.04,-2.77,-4.76,2.85,-0.02,0.41,3.13,-12.31,-11.83,-9.14,-3.64,0.15,-0.57,-0.55,2.83,-10.71,-0.95,-3.13,-4.42,-1.59,-6.97,-2.72,-0.48,-1.18,-4.82,-4.49,-5.37,-3.63,-1.19
1982-08,0.18,6.46,7.08,3.36,12.83,7.26,-0.88,11.52,11.69,10.69,17.75,13.1,10.32,14.55,4.72,8.43,13.25,18.44,12.73,0.88,10.97,14.68,15.05,19.75,13.59,29.88,38.88,12.75,10.01,9.28,11.32,10.09,13.29,9.44,11.78,16.74,10.29,18.85,14.78,14.11,10.99,15.52,10.92,11.03,10.33,7.38,8.01,12.03,4.93
1982-09,7.19,1.81,5.48,3.93,3.88,-0.75,-0.88,8.51,-0.21,10.47,2.52,-2.41,1.62,-0.93,3.0,2.14,0.08,1.76,-5.74,-6.2,-5.24,-3.01,-2.03,0.24,-2.48,0.0,7.03,-3.59,-3.14,1.38,0.56,0.49,6.79,4.61,1.12,7.52,-0.5,-1.09,-1.91,1.43,-3.54,3.39,5.19,0.76,6.02,7.62,2.13,4.72,2.95
1982-10,10.39,7.95,1.2,6.88,11.57,18.78,20.55,16.24,11.36,12.17,16.42,6.38,6.59,11.92,11.14,16.2,18.0,23.67,8.7,9.16,10.81,17.35,16.62,15.65,1.57,14.53,17.52,9.75,8.6,4.87,4.14,7.53,11.43,15.17,14.34,32.65,18.28,17.13,17.3,12.67,17.82,17.25,16.63,11.81,19.85,9.99,18.99,14.0,14.81
1982-11,3.99,3.44,6.44,6.44,-2.72,10.83,5.15,10.36,8.07,9.27,11.47,7.08,2.54,2.42,8.07,3.36,10.42,13.35,3.01,2.59,4.21,6.67,7.82,3.7,-4.2,5.3,11.48,-1.65,-1.03,-5.25,-0.51,5.37,6.78,10.7,9.69,7.04,8.67,13.93,5.07,3.66,10.87,10.54,11.35,5.62,5.71,6.98,15.25,5.31,8.69
1982-12,2.5,1.12,-1.43,-4.64,-1.08,-9.1,-17.99,2.99,-1.9,0.06,3.25,1.39,-1.21,-2.69,1.96,3.88,3.36,-2.32,5.05,3.85,3.97,0.87,5.26,1.42,3.67,-4.77,22.37,5.47,0.73,4.9,3.67,-1.9,-1.4,0.98,5.1,-8.44,-1.77,-0.05,-0.8,1.08,-1.47,-0.53,-3.65,-2.09,-5.52,-1.41,1.56,-2.74,0.47
1983-01,0.21,-0.62,-3.75,0.82,-2.1,9.61,0.73,-4.66,3.11,-2.42,-3.83,0.11,1.85,8.48,6.16,3.53,1.95,5.96,7.45,4.51,5.35,5.56,1.66,7.0,12.55,1.17,22.33,11.36,6.41,2.91,2.98,11.75,1.47,5.4,6.98,21.57,7.93,9.79,1.69,-0.07,5.95,3.9,0.04,-0.7,1.22,-1.55,2.94,-0.29,6.23
1983-02,7.14,0.37,-0.46,3.53,1.38,12.01,6.09,7.22,3.89,9.17,7.17,1.58,1.47,3.56,10.7,5.3,4.8,-0.8,3.25,-0.88,0.07,4.57,-0.12,4.74,6.95,1.63,-26.12,-6.65,-8.58,-1.13,0.97,-0.99,6.9,7.9,2.04,-1.21,3.55,5.78,5.28,5.18,5.2,8.05,6.86,8.69,5.15,7.58,6.37,3.77,3.79
1983-03,3.23,4.61,6.36,11.02,5.08,-9.85,0.1,9.49,-0.22,12.58,13.66,2.52,2.39,0.5,7.65,7.45,4.8,4.58,2.3,1.74,-0.16,-2.54,-1.53,6.44,0.54,5.68,4.19,2.04,-0.78,5.35,-0.38,0.01,0.79,1.23,0.5,3.68,1.1,-4.39,1.87,1.94,1.15,2.98,9.94,3.61,7.34,6.23,11.1,5.52,0.0
1983-04,-3.88,5.43,3.41,4.38,3.83,2.58,5.93,8.19,5.29,7.99,3.85,3.76,4.64,8.06,5.37,6.08,2.9,8.97,2.34,2.44,5.11,0.11,15.17,4.38,13.44,12.97,10.74,7.68,1.98,8.71,4.07,4.43,11.64,5.11,10.57,4.95,2.96,-2.09,7.41,7.45,2.46,5.85,8.99,6.28,11.62,4.04,7.75,8.68,7.65
1983-05,2.58,-0.39,-5.16,-4.2,-5.67,8.52,3.89,-0.68,-6.57,-0.55,-0.3,-3.03,-4.27,3.7,5.64,1.52,0.67,5.3,8.93,5.43,4.18,6.4,-2.1,-0.19,3.46,5.19,12.37,8.55,10.59,0.56,1.85,-2.0,-2.1,2.85,-1.32,9.04,5.2,10.03,0.68,2.03,3.77,1.48,-0.69,2.72,-1.65,-2.33,4.75,0.95,5.56
1983-06,-0.08,2.08,-1.8,-0.6,-1.07,10.4,-0.5,5.45,3.59,8.28,4.18,5.52,6.96,0.27,1.99,6.69,-1.31,-1.51,-2.67,2.68,3.01,6.27,9.66,6.85,2.7,3.59,-6.45,0.31,8.64,5.73,-1.22,-0.49,2.72,4.02,5.63,-0.26,4.32,9.14,-3.15,-0.95,7.55,6.4,5.52,7.34,-1.84,-0.89,-4.29,0.63,3.46
1983-07,5.35,-2.87,-6.24,-2.03,0.42,-2.77,-10.62,-4.88,-6.81,-6.4,-9.09,-10.56,-4.28,-0.74,-0.28,-1.28,-4.03,-6.39,-1.56,6.59,-3.82,-8.03,-2.87,-6.72,-2.13,-1.08,-2.14,-0.51,-2.31,-3.02,0.28,-5.91,-5.11,-8.02,-5.12,-12.24,-4.82,-8.11,-1.44,-4.13,-5.96,-7.91,-2.96,-6.24,-2.9,-7.54,-6.24,-1.33,-3.52
1983-08,-3.48,0.33,5.09,3.9,4.95,-0.61,-5.01,-2.75,-2.01,-7.28,-5.69,-4.34,0.03,6.12,-4.89,-1.08,-4.67,-6.08,6.74,-9.24,-1.91,-2.96,-3.8,-5.94,-9.34,-3.24,2.53,0.03,0.39,6.17,0.76,1.44,-3.15,-3.04,-1.3,-4.0,-3.07,-0.13,-0.86,-1.35,-3.25,-3.37,-6.19,-4.34,0.35,0.99,-3.77,-0.69,-7.15
1983-09,0.04,5.83,1.34,4.98,7.79,1.57,1.58,3.08,2.25,0.33,-2.95,1.11,1.17,-0.98,1.42,1.02,3.1,0.64,-3.02,-0.09,3.43,2.6,3.89,3.19,13.92,4.73,-19.24,-5.23,3.37,-5.44,3.9,1.5,-0.58,1.34,2.68,2.72,0.76,-2.18,0.81,4.17,0.57,1.87,1.23,2.93,2.17,1.15,3.6,0.65,1.29
1983-10,-5.06,3.41,1.97,-3.23,1.9,-6.19,-4.76,-5.86,-1.95,-5.45,-11.98,-5.62,-0.08,-3.65,-5.64,-4.86,-4.2,-11.18,-5.96,-5.49,-5.6,-3.26,1.05,-4.53,-0.59,-2.21,-14.0,-11.44,-7.5,-2.76,2.29,-5.95,-5.48,-9.96,-5.61,-15.68,-7.59,-12.71,-1.21,1.18,0.84,-6.05,-1.68,-3.82,-7.41,-1.97,-5.49,-3.01,-9.82
1983-11,3.85,1.38,6.44,-4.69,0.09,3.9,-0.76,1.78,7.66,0.83,-3.95,-3.36,-3.8,1.74,0.0,7.98,7.24,5.91,8.84,1.42,5.55,10.16,-0.45,10.08,5.46,2.85,17.19,5.31,2.57,-1.19,-2.34,2.47,6.89,4.16,-3.03,8.28,7.26,9.18,11.77,3.41,6.42,4.05,3.44,4.83,6.5,2.95,4.14,1.98,3.72
1983-12,0.43,-0.4,-1.7,-3.72,2.66,-1.72,6.4,-2.77,-0.45,-4.11,0.72,-4.36,-5.36,-3.73,-1.79,-2.71,-1.84,-2.41,0.35,-1.04,0.52,-1.13,-0.09,-2.42,-0.89,-4.14,-2.72,-2.66,-6.85,1.45,-4.37,-2.26,-0.85,-3.29,1.73,-5.28,-3.52,1.89,-2.72,-2.6,-1.35,-1.83,-6.69,-5.22,-1.1,-1.89,-4.58,-1.32,-3.39
1984-01,1.89,2.05,-4.32,-2.12,4.13,-8.88,1.0,-6.12,-6.41,-7.95,1.86,-6.38,-0.47,-5.02,0.2,-4.86,-4.37,-1.72,-2.72,-2.66,-1.67,-5.34,-4.7,-2.16,-7.61,-5.46,-1.62,0.99,0.08,9.17,0.68,3.34,-7.79,-6.81,-6.46,-14.06,-7.32,-6.61,-6.34,-4.22,-4.98,-5.0,-7.05,-4.99,2.25,-4.69,-3.43,-0.72,-6.33
1984-02,-6.59,-6.01,0.0,-8.49,-8.39,-6.76,-9.78,-9.03,-6.12,-2.39,-4.95,-7.17,-1.04,-7.77,-6.99,-8.52,-8.05,-3.88,-8.35,-7.52,-8.17,-8.07,-7.36,-7.52,-8.21,-11.54,13.13,-0.9,-5.37,3.32,-4.05,-4.39,-7.17,-6.56,-5.1,-8.77,-8.18,-10.15,-6.09,-4.08,-8.2,-5.31,-5.07,-6.47,-7.26,-2.54,-8.23,-5.81,-6.95
1984-03,2.96,-0.5,5.21,-1.92,-2.49,1.59,10.2,5.86,1.77,-0.13,1.12,-3.56,-1.31,5.29,2.18,-2.61,3.83,3.03,5.0,4.03,4.01,-1.18,-3.12,-4.6,-3.32,2.92,-0.74,6.26,1.84,-0.48,-1.04,-5.03,-0.3,2.02,1.37,-5.23,0.74,2.47,7.66,-1.03,0.8,2.41,-0.42,3.26,-2.96,5.58,1.31,0.95,-1.05
1984-04,-4.55,-0.67,0.81,-0.13,-2.2,3.74,-6.76,1.53,-0.94,-1.22,4.89,2.45,0.59,0.35,0.79,-0.44,-2.36,-5.89,-6.38,0.86,-2.36,2.35,0.31,0.11,6.77,2.02,-10.59,-4.42,1.32,3.19,-1.31,1.39,-4.0,-1.73,-0.26,-10.58,-1.47,-2.71,-2.38,1.96,-4.63,-1.56,0.02,-2.66,-1.51,-4.29,-3.66,-0.67,-1.47
1984-05,-5.21,-3.46,-0.62,-1.08,-1.53,-10.71,-2.93,-4.01,-2.78,-7.01,-5.1,-14.41,-5.77,-7.63,-7.54,-4.68,-9.66,-11.3,-10.28,0.5,-8.65,-9.44,-6.93,-2.25,-8.42,-8.8,-4.71,-6.75,-4.25,-5.91,-1.61,-4.35,-4.03,-5.05,-5.97,-10.35,-5.85,-7.32,-10.58,-3.29,-5.6,-7.85,-5.87,-4.02,-11.1,-9.97,-4.1,-5.82,-7.98
1984-06,2.11,6.58,4.81,-0.24,6.0,-1.76,-0.29,7.73,2.55,3.67,1.85,-1.34,4.46,-0.6,3.13,1.4,0.96,-0.37,-2.25,-1.32,-1.58,4.43,3.25,8.53,11.82,4.41,-9.71,-10.81,-5.55,-2.73,-0.31,11.46,7.93,5.49,-1.22,8.03,3.93,3.24,3.08,8.03,1.75,5.49,6.87,6.66,0.85,3.46,-1.1,0.78,4.28
1984-07,-1.47,-3.4,2.26,-2.8,-0.42,1.23,-5.89,-2.29,-0.81,-5.77,0.16,-3.26,-6.1,-3.13,-5.95,-8.71,-2.85,-4.41,-9.84,-8.02,-5.87,-3.26,3.24,3.16,-0.35,3.72,-20.63,-13.5,-10.31,-8.27,-0.83,1.99,2.01,-5.53,-0.12,-15.64,-6.01,-4.74,3.55,-2.53,-3.48,-4.51,0.2,-2.72,0.02,-2.95,-3.98,-1.43,-3.68
1984-08,10.15,8.21,1.66,4.89,8.97,16.59,5.73,10.0,6.58,8.75,15.27,13.71,7.05,12.89,10.33,7.37,12.61,8.47,13.19,9.98,11.94,14.16,8.87,12.93,18.11,11.24,13.09,20.04,11.8,13.19,6.95,5.89,11.97,12.92,12.36,17.26,14.62,11.9,9.68,10.35,10.03,13.05,8.25,6.75,10.07,13.0,9.41,9.09,9.93
1984-09,-4.58,2.19,2.58,-0.45,3.11,-10.05,0.34,-2.96,-2.48,-1.8,-8.86,-5.8,-4.11,-3.89,-2.75,-3.78,-1.06,2.64,-4.26,-5.51,-2.35,-6.77,1.5,-3.22,-5.2,-5.56,3.02,-5.53,-0.71,1.41,4.0,2.06,-1.5,-3.0,-2.63,-6.95,-7.89,-7.29,-5.66,-4.68,-0.27,-1.08,-0.58,-1.97,5.25,2.09,1.11,1.46,-1.41
1984-10,-2.75,0.31,2.17,3.73,2.18,-4.24,-2.85,-1.68,0.5,-2.16,-1.33,-2.43,2.03,-2.31,-1.12,0.63,0.01,-1.25,-2.83,-1.42,-4.2,-0.26,1.1,4.9,4.76,6.94,-8.95,-8.71,-9.86,-5.31,2.35,-1.8,-0.92,-2.39,-0.14,-7.1,-2.31,-3.59,1.95,2.15,1.52,-0.34,-2.15,-0.69,-0.07,1.71,1.37,-0.22,-2.73
1984-11,4.02,-0.18,-3.81,-0.31,0.91,-7.76,-0.93,0.42,-1.56,-1.27,-6.51,1.99,-0.04,-1.34,-2.1,-0.58,-0.35,-1.86,-1.92,-5.31,-2.66,-5.04,-3.56,-7.77,1.33,-0.57,-4.69,1.5,3.11,-1.77,2.33,-0.97,-9.03,-3.79,-3.37,-4.72,-5.67,-6.82,-1.25,-2.09,-2.6,-2.62,-3.55,-4.94,-0.26,-0.07,-4.27,-0.56,-4.95
1984-12,8.22,2.1,0.11,1.24,1.07,2.67,-0.79,3.77,2.19,-0.51,0.64,0.07,2.95,-0.04,-0.51,2.02,1.64,-3.15,1.57,-3.28,0.64,3.88,3.89,3.46,4.57,6.76,-14.02,-4.62,-5.28,-1.18,2.01,4.48,2.67,2.91,1.99,4.01,0.95,2.4,2.75,0.53,3.32,2.73,-0.73,1.74,5.29,4.94,0.48,2.98,1.76
1985-01,1.98,1.14,-2.87,3.95,1.61,10.24,15.63,11.58,6.85,11.71,16.23,9.84,5.1,6.46,11.51,7.8,10.22,17.1,9.96,9.91,11.21,12.79,8.24,9.4,9.77,3.32,9.86,12.8,7.85,5.88,1.75,5.21,13.37,12.28,10.81,21.67,11.85,12.25,5.31,7.1,9.2,14.98,12.1,9.99,8.78,9.35,10.47,7.51,13.42
1985-02,5.28,5.16,6.58,0.75,9.26,-1.82,5.18,0.82,0.09,1.18,3.23,3.65,2.79,1.59,0.15,2.52,-0.47,-1.2,-1.01,-0.94,-0.4,-1.69,-2.9,6.19,1.6,3.07,-6.21,-1.59,-1.56,3.34,0.79,2.11,-1.12,2.19,-2.24,3.87,-2.64,-2.01,0.02,-0.54,2.03,-0.39,1.78,3.48,-0.04,4.18,-0.24,1.19,2.87
1985-03,0.3,5.0,11.19,3.93,2.51,-2.83,2.31,4.06,-3.6,0.04,-0.79,1.62,3.51,-2.72,-3.59,-4.26,-5.77,-3.54,-4.01,-1.36,-5.12,-5.98,-5.51,-4.48,-5.92,-6.73,20.57,1.1,-4.03,0.88,5.51,4.86,-4.32,-2.79,-7.42,-7.34,-3.34,-8.22,-3.83,-1.1,-3.77,-1.41,-1.34,0.68,0.28,-1.43,-3.77,-0.39,-0.37
1985-04,4.65,-3.01,-2.52,0.93,-8.85,-5.59,1.28,-0.41,-1.79,-0.64,-5.24,-2.58,-1.79,0.06,-3.03,-3.64,-3.06,-1.16,-5.7,-3.22,-4.1,-3.13,-5.03,-2.89,-9.72,-4.04,-7.03,-1.38,-3.14,3.14,0.88,0.18,-1.04,-2.04,-3.44,-6.81,-5.64,-5.6,0.66,-3.01,-4.1,-1.25,-0.45,-0.08,2.43,2.76,-1.26,1.34,-1.61
1985-05,2.73,14.72,2.52,7.75,-0.56,7.16,4.1,6.44,3.97,8.96,9.01,5.61,9.45,7.17,6.08,3.0,6.56,2.45,1.05,-2.73,3.08,6.36,6.87,8.79,5.14,10.33,0.95,-2.17,4.73,-0.08,4.72,5.97,8.87,4.4,2.57,-1.02,1.48,2.39,5.15,0.49,10.59,4.55,10.69,5.92,5.34,6.62,3.93,5.2,5.35
1985-06,-2.01,2.76,3.41,3.3,2.16,1.51,9.08,1.46,2.04,0.56,6.3,2.12,0.54,0.79,1.55,3.09,1.31,0.4,-1.29,-1.83,-0.37,0.98,0.12,0.28,2.56,0.96,-2.68,-4.23,-5.4,-1.15,3.07,3.55,5.76,0.69,-3.47,1.22,1.96,2.34,1.77,3.03,2.17,2.26,0.83,-0.2,3.67,1.88,-0.72,2.28,2.87
1985-07,3.17,-5.2,-0.08,0.54,-5.84,-0.41,-2.1,-4.12,1.91,1.15,-3.74,1.7,-1.04,3.5,2.37,3.14,2.38,2.33,7.21,2.75,3.29,3.58,0.74,3.0,1.89,3.59,14.01,7.95,3.03,-1.25,-5.27,-5.19,0.87,0.42,4.57,1.41,1.88,5.56,3.81,2.21,3.05,-0.36,-6.31,-0.97,-2.73,-1.83,1.08,-1.82,2.55
1985-08,-2.48,3.14,0.12,1.51,-2.84,-0.43,4.87,-2.48,-2.84,1.84,-7.17,0.77,-0.31,-1.72,-1.32,0.35,-2.73,-4.09,-2.44,-5.38,-2.95,-0.18,-2.82,-0.96,1.23,-3.51,0.72,-2.67,1.14,1.03,1.37,-0.02,-1.77,-1.03,-2.75,-8.34,-2.24,-6.12,-2.33,-1.51,-2.01,-1.57,-0.88,-2.47,-1.04,-1.67,-2.83,-0.31,0.32
1985-09,-9.16,6.18,-0.81,-1.49,-6.46,-5.76,-2.57,-6.11,-3.68,-3.37,-12.16,-4.43,-2.54,-4.01,-2.86,-1.47,-4.36,-7.9,-5.1,-1.45,-5.22,-3.92,-2.74,-8.32,-10.29,-6.41,-10.42,-10.61,-0.2,-1.91,-5.98,-4.68,-8.31,-6.84,-3.77,-7.94,-6.97,-8.85,-4.96,-3.73,-7.24,-5.07,-4.84,-4.61,-6.86,-5.05,-3.31,-4.47,-8.81
1985-10,2.78,3.38,3.25,4.85,-2.04,-4.51,7.85,2.47,3.91,6.52,-5.68,3.59,3.73,4.4,0.09,7.44,2.89,-1.95,-5.02,0.23,1.36,4.03,1.18,0.13,-6.75,0.02,-2.58,-3.45,1.42,5.34,5.68,3.51,3.87,4.62,3.61,1.07,1.18,-3.4,1.22,3.95,1.4,3.39,7.57,2.01,9.56,7.98,2.65,5.79,3.71
1985-11,4.09,7.65,12.85,1.97,9.53,9.72,3.94,6.47,10.96,7.86,3.05,7.97,10.55,5.25,6.85,3.25,8.58,8.16,5.4,1.5,7.14,6.79,7.49,5.33,7.13,7.35,2.76,6.72,1.74,-0.3,3.49,6.8,7.86,7.15,8.02,11.59,6.76,11.31,7.6,8.71,5.93,8.15,6.8,8.62,6.44,8.72,3.79,6.6,6.38
1985-12,8.51,1.41,2.49,11.8,9.24,5.49,3.38,6.57,5.28,1.31,5.42,4.39,1.98,6.01,4.73,6.93,4.55,2.78,2.09,0.94,3.17,2.47,4.57,2.65,0.07,4.66,-5.55,-3.02,-3.63,-3.33,4.33,5.38,3.0,4.61,8.94,8.45,6.56,3.82,4.57,3.81,0.86,5.62,3.49,3.26,6.64,1.74,2.01,4.55,6.25
1986-01,7.62,1.77,-1.8,-1.54,4.99,1.64,3.01,-1.52,-1.5,4.32,-4.69,2.76,1.13,1.26,5.88,2.57,1.28,1.6,2.15,1.1,1.53,-0.34,4.06,-1.17,2.55,-1.67,9.46,-1.25,-3.07,-7.4,3.23,-4.34,1.56,0.61,-1.67,-2.14,0.25,3.17,4.39,1.22,5.14,2.1,1.08,0.38,2.25,6.0,1.93,1.96,3.34
1986-02,13.73,7.41,11.21,6.83,11.72,10.71,7.55,14.07,10.18,9.09,3.56,-1.47,7.63,11.54,8.36,9.65,11.58,13.35,4.78,7.5,8.25,8.24,10.09,10.49,7.62,5.06,-10.14,-2.13,-3.23,0.38,6.06,6.86,7.31,7.44,2.17,4.76,7.74,9.41,8.45,10.1,6.54,8.49,6.66,9.09,10.5,7.02,7.69,7.64,10.85
1986-03,2.22,7.22,10.48,9.35,10.98,4.91,6.01,4.6,4.93,5.47,6.34,11.57,12.5,5.32,5.43,7.55,8.61,13.86,3.35,5.34,4.17,3.3,9.99,5.29,6.41,2.29,-8.1,5.33,11.65,0.21,3.38,3.58,4.82,5.89,-0.69,-2.94,-0.54,-1.78,3.67,5.13,2.68,6.6,8.49,6.1,6.66,4.67,9.52,4.83,5.97
1986-04,4.93,-1.07,4.07,-3.42,3.13,3.37,7.72,-1.91,-2.15,-3.13,-1.76,7.43,-0.99,0.88,1.79,-2.2,-2.38,-1.26,-5.98,-1.3,-1.23,-1.38,-7.8,-5.0,-6.43,2.5,-10.19,-3.27,-5.49,0.31,-4.45,1.91,2.34,1.25,3.33,10.69,3.06,2.15,-3.13,-1.38,-3.12,1.35,-1.16,4.0,-1.11,-6.7,-2.21,-3.57,-5.14
1986-05,0.64,8.0,7.4,6.47,9.69,2.55,5.5,10.63,4.09,8.94,2.6,3.88,8.21,5.48,9.31,3.59,3.35,5.1,1.12,0.89,0.45,1.1,2.67,1.66,1.84,5.29,0.47,4.26,1.22,6.92,3.14,4.1,-1.66,5.32,0.52,2.56,-1.3,2.0,5.55,4.89,0.21,4.93,11.28,5.3,3.71,5.25,-3.84,4.73,5.86
1986-06,9.02,6.54,5.32,8.43,8.98,-7.18,7.47,2.28,1.23,3.68,-3.86,3.72,7.09,-0.41,-3.13,4.59,-1.1,-2.95,-3.86,0.79,-4.41,-4.46,-0.78,1.03,-1.06,-2.71,-7.45,-4.25,-4.2,-2.55,4.53,4.86,2.04,0.28,-4.98,-5.49,-1.76,-8.79,-0.93,2.82,-2.66,0.37,4.27,1.42,1.78,-0.98,0.12,2.49,1.77
1986-07,-13.38,-4.22,-7.66,-3.76,-3.22,-7.58,-15.95,-8.35,-8.38,-9.3,-8.27,-7.97,-5.06,-7.65,-9.02,-7.85,-7.99,-11.52,-16.78,-9.29,-9.56,-7.59,-8.77,-9.2,-9.5,-12.19,6.38,-10.07,-4.06,-5.66,4.61,-3.5,-9.26,-11.08,-8.13,-12.45,-9.12,-7.31,-6.5,-2.95,-10.2,-10.11,-9.67,-11.75,-6.98,-4.64,-7.21,-6.09,-5.67
1986-08,1.39,3.04,0.49,-2.04,4.02,7.91,-2.31,2.13,3.88,2.51,2.57,6.71,3.04,6.02,1.81,0.6,8.75,3.66,9.36,0.61,6.66,7.72,6.25,4.8,3.77,10.1,15.09,15.8,8.66,16.38,7.46,6.38,7.78,4.21,6.2,4.87,5.92,11.51,9.35,5.36,5.84,1.87,0.99,0.71,6.33,7.86,1.07,6.39,9.36
1986-09,-8.86,-12.32,-13.74,-8.85,-11.67,-10.36,-10.81,-10.75,-9.94,-10.14,-7.5,-11.01,-14.31,-5.5,-12.19,-6.99,-6.65,-4.48,4.33,0.41,-7.06,-7.98,-7.37,-8.41,-5.61,-5.43,7.66,1.7,-5.14,-1.28,-9.56,-9.89,-4.68,-10.11,-5.95,-8.62,-8.65,-12.59,-6.35,-9.2,1.91,-9.07,-8.86,-8.57,-10.38,-11.85,-7.82,-10.57,-11.42
1986-10,-2.8,12.24,7.1,7.44,10.32,0.32,9.62,5.72,7.72,7.76,4.03,6.76,8.25,7.84,9.0,5.16,6.24,-1.12,3.36,-2.96,2.23,3.89,7.61,1.12,1.4,-2.96,-0.8,-0.97,-1.49,1.48,4.75,4.17,6.86,5.21,-3.46,13.73,4.56,4.55,6.37,5.51,5.76,5.68,7.38,6.26,2.02,0.82,4.74,4.19,13.39
1986-11,-0.13,0.14,0.08,-0.06,-0.48,-0.15,-5.34,0.08,5.86,0.19,-4.82,-1.92,2.5,3.49,0.41,8.28,2.63,-1.15,-7.82,1.45,1.7,2.64,1.43,2.45,1.45,4.37,3.35,0.16,1.87,2.87,0.16,3.59,1.32,1.69,3.52,4.13,1.85,5.81,1.19,3.18,-0.69,0.81,1.34,0.33,-1.34,-2.21,-4.61,-0.81,2.22
1986-12,-4.01,-4.64,-0.45,-2.6,-2.95,-8.11,-4.21,-3.73,0.55,-7.67,-9.99,-3.35,-0.21,-4.25,-2.03,-0.08,-2.22,-4.07,-2.83,-3.41,-0.23,-6.25,-5.58,-3.71,-7.73,-14.55,-3.88,-0.76,-4.97,-0.91,-3.79,-4.2,-2.31,-1.46,-4.82,-3.1,-3.28,-2.85,-2.75,1.69,-6.1,-4.03,-7.24,-4.7,-1.66,-2.01,-1.85,-3.6,-3.5
1987-01,7.78,11.22,14.67,21.66,20.94,19.97,18.35,14.23,13.79,11.23,6.47,13.24,13.41,14.81,14.57,6.4,17.35,11.0,12.58,9.94,13.67,16.35,18.65,3.13,9.27,11.16,10.1,17.21,6.14,13.81,8.88,4.88,24.25,13.73,15.38,26.56,15.24,15.62,24.03,14.05,7.42,11.06,9.91,10.71,8.82,8.81,9.65,10.96,19.86
1987-02,7.39,3.75,4.41,2.91,-3.27,8.62,8.98,10.25,3.45,13.01,8.67,12.34,10.6,4.81,4.78,5.98,3.72,7.46,6.95,9.67,6.89,4.5,3.14,6.7,5.36,5.07,19.12,10.33,-0.58,-2.22,-2.58,-0.4,1.52,5.36,9.62,10.77,8.16,8.34,0.3,1.88,4.54,4.98,11.26,9.47,4.9,7.34,5.48,1.33,3.55
1987-03,1.93,1.83,1.99,0.37,0.28,4.69,0.38,-1.23,1.59,0.72,6.26,-0.48,-1.05,4.97,0.89,1.59,3.8,5.59,7.96,3.2,1.0,-0.41,5.98,-2.32,-7.61,4.21,26.0,11.08,-1.05,11.49,-2.15,0.92,-7.8,0.59,3.52,5.45,-1.2,1.33,5.76,0.31,-2.65,1.11,1.44,3.64,-1.97,-6.09,0.93,-0.25,3.97
1987-04,-2.63,-5.92,-7.29,3.86,-3.37,5.69,0.16,-3.5,-2.84,-5.09,-6.92,-3.16,-2.33,0.77,-3.11,5.72,-3.56,-7.9,2.69,-9.64,-0.34,-1.05,7.59,-11.09,-10.02,1.6,3.82,3.59,-1.57,-0.31,-4.77,-2.91,-5.0,-3.88,6.04,4.7,0.67,0.12,-3.66,-3.53,-1.74,-4.69,-2.86,-1.28,-4.42,-7.06,-5.01,-5.07,-4.69
1987-05,-0.76,3.49,2.93,-4.99,0.84,-3.76,1.12,4.32,0.96,-1.74,3.06,-0.74,0.95,0.28,2.7,8.29,-3.11,-1.75,3.99,-1.28,3.09,-0.63,-2.57,0.2,-0.46,-0.44,-7.46,-1.68,4.28,2.62,-2.23,2.91,-4.55,1.28,-0.97,4.96,-2.72,8.84,-5.97,-1.14,6.74,-1.08,0.16,-0.45,-1.6,-2.27,-2.27,-0.43,10.17
1987-06,4.01,7.24,4.21,1.63,5.3,-1.46,7.93,7.89,4.74,9.04,5.65,4.98,4.0,4.55,1.95,0.13,5.76,1.58,3.08,-1.12,3.34,3.82,1.57,4.88,3.64,2.65,-4.9,-0.09,1.41,5.39,2.92,6.47,6.95,4.34,-0.25,-7.46,1.86,-3.99,4.46,8.56,5.05,3.21,7.02,1.61,5.45,5.27,3.77,3.8,-2.38
1987-07,-3.8,1.48,5.83,7.91,8.82,3.91,6.43,8.63,4.59,4.53,4.42,1.61,6.2,5.14,4.6,3.99,7.25,3.65,18.96,4.19,11.33,4.23,5.98,11.08,4.75,4.12,20.72,15.05,4.97,2.71,-2.13,5.38,1.19,2.48,-0.52,-3.69,5.06,1.42,3.9,3.82,3.73,4.15,6.22,2.22,-0.52,0.64,3.78,2.69,9.32
1987-08,1.93,1.83,4.37,1.66,18.16,8.4,3.42,-1.07,5.04,0.54,-3.84,4.72,1.9,2.03,4.03,-2.26,2.2,-0.93,-4.8,5.49,0.72,4.25,4.38,0.57,0.41,2.13,1.48,-6.28,5.07,1.43,3.24,4.61,5.31,3.31,7.23,11.35,5.28,6.32,6.13,6.28,-0.46,1.87,2.89,2.06,4.21,8.35,2.58,4.55,1.53
1987-09,-0.57,-4.15,-2.01,0.34,-0.09,-2.48,-2.64,-3.41,-1.48,-8.62,-3.29,-5.05,-2.59,-0.84,-1.31,-1.31,-1.1,-2.88,3.6,-1.57,3.43,1.76,-7.07,-2.89,-1.14,-3.2,5.03,4.48,-6.31,-4.29,-2.76,2.89,-4.67,0.72,-6.76,3.14,1.42,2.71,-0.15,0.92,-2.45,-3.87,-7.58,-5.17,-5.21,-2.62,0.22,-1.73,-4.56
1987-10,-27.36,-18.36,-16.56,-18.73,-22.39,-34.0,-32.52,-23.17,-22.22,-31.51,-32.17,-19.94,-19.71,-28.56,-31.01,-33.23,-28.44,-32.26,-31.26,-27.04,-32.24,-32.67,-28.04,-30.79,-32.88,-28.1,-31.47,-33.84,-30.86,-19.34,-7.53,-12.76,-28.83,-28.22,-24.39,-27.8,-27.93,-30.73,-26.9,-28.93,-29.0,-29.35,-29.49,-24.24,-23.1,-17.45,-23.35,-23.42,-27.54
1987-11,-2.77,-8.46,-8.64,-5.16,-8.6,-11.49,-6.84,-8.26,-10.68,-12.52,-6.26,-7.26,-10.45,-6.03,-5.97,-5.52,-4.56,-10.13,2.22,0.84,-1.69,-7.01,-6.18,-9.73,-7.18,-1.53,19.56,-1.28,-3.22,-11.08,-2.9,-9.25,-11.51,-7.99,-10.0,-11.86,-11.09,-9.57,-3.64,-3.22,-8.06,-4.88,-9.91,-7.22,-8.3,-8.84,-8.6,-6.4,-9.62
1987-12,5.82,7.25,4.6,12.38,3.89,16.59,11.33,8.27,6.8,7.39,4.55,5.99,4.81,14.24,14.44,13.3,8.45,6.4,10.25,6.65,11.24,13.12,9.2,5.06,12.9,3.33,-1.27,9.21,10.55,6.33,0.17,3.52,17.26,12.32,8.23,22.13,13.2,20.43,10.09,10.9,6.72,10.1,7.61,7.8,4.6,2.37,2.45,3.03,13.9
1988-01,2.98,3.86,1.6,-0.6,2.68,-6.39,1.71,1.59,0.76,7.99,2.57,5.28,6.61,-2.6,1.81,1.14,3.02,5.65,-3.7,0.24,1.92,-0.49,6.57,14.25,7.2,11.07,-16.94,-3.92,-0.14,8.22,9.48,9.74,2.64,-0.22,-3.23,-6.58,-1.41,-1.59,-2.56,-4.31,3.85,3.09,6.78,4.07,11.03,8.05,2.69,7.98,-0.93
1988-02,0.87,4.98,1.27,5.1,5.67,9.87,9.95,6.04,2.5,11.28,2.28,6.42,3.41,7.79,6.44,22.23,11.45,14.3,9.17,4.08,10.67,7.14,7.42,4.66,3.39,2.55,8.03,7.46,8.44,3.1,-1.87,0.78,5.98,6.31,6.36,6.98,7.41,9.19,11.12,3.35,8.25,7.9,11.46,5.41,2.91,0.1,4.82,3.74,2.04
1988-03,4.34,-1.42,-0.34,0.24,-3.9,-2.34,-4.48,-5.23,-6.61,-0.93,9.28,-2.58,-4.25,-2.44,1.96,8.36,1.07,-0.65,-3.96,6.06,4.0,-4.64,1.09,-0.9,2.76,-2.53,2.79,11.87,4.73,2.16,-3.62,-4.4,-2.26,-0.82,-8.22,-2.34,-1.88,0.0,-5.06,-1.34,3.28,1.92,-1.8,-2.35,-4.35,-3.59,2.08,-2.36,-1.8
1988-04,-5.05,0.39,-0.62,-2.78,-0.52,3.69,1.73,-1.22,-0.22,-0.57,0.0,-3.76,-2.5,1.32,1.38,-0.38,1.16,-0.31,5.22,4.65,1.88,0.92,2.84,0.99,4.6,2.84,-1.58,2.12,5.68,4.15,-0.76,0.28,-4.19,-1.09,3.45,0.14,1.66,-0.38,0.49,0.82,-2.14,0.3,1.73,-0.13,-0.03,-2.02,4.85,-1.09,-2.61
1988-05,-1.68,-0.07,0.07,-2.9,-4.35,0.2,-1.96,0.54,1.34,-2.59,0.05,0.0,-1.17,-2.61,-1.63,1.92,-1.92,-1.38,-1.1,-4.05,-0.99,-1.57,0.35,1.96,-1.05,-1.69,5.62,-2.42,-0.59,-0.92,3.11,1.83,-5.22,-2.49,-1.25,-1.54,-1.43,-5.79,-2.5,1.29,-2.04,-2.31,-1.96,-1.13,2.58,1.59,0.34,0.96,-2.96
1988-06,12.3,-1.25,3.52,8.61,1.46,11.51,6.01,5.24,3.71,6.91,5.04,3.95,1.61,9.14,6.46,3.32,8.26,12.84,5.94,5.59,5.38,8.1,7.16,5.05,-1.33,4.3,-0.55,2.1,-0.21,-2.6,2.74,2.42,6.85,5.77,10.7,11.37,6.94,1.79,14.13,7.67,10.79,6.82,6.27,5.11,7.06,2.72,3.48,5.42,6.79
1988-07,-3.66,2.91,-4.11,-3.45,6.05,-2.73,-0.87,-0.48,1.33,-8.19,-5.2,-0.71,0.65,-4.36,-2.0,-0.24,-3.87,-1.48,0.85,0.55,-3.44,-4.42,-1.01,-0.35,-5.55,-3.27,-0.81,-3.78,-4.02,3.16,-0.73,-0.36,-4.87,-1.49,-5.5,-6.49,-4.93,-6.63,-3.74,-0.36,-3.19,-2.97,-0.89,-2.33,-0.32,-0.08,0.02,-0.43,-2.77
1988-08,-0.9,0.45,-6.22,0.71,-0.74,-6.72,-3.57,-3.67,-3.15,-0.8,-5.38,0.18,-1.51,-4.81,-7.2,-3.68,-4.29,-4.49,-5.62,3.1,-6.5,-6.89,-7.15,-3.87,-6.97,-7.37,-6.31,-2.35,-5.68,-2.05,-0.71,-3.49,-4.04,-4.6,-9.7,-7.75,-7.74,-4.55,-4.41,-2.44,-3.1,-2.77,-2.89,-3.56,-2.0,1.51,-3.59,-0.87,0.89
1988-09,1.86,4.96,0.94,9.52,7.67,4.43,1.98,6.47,3.83,0.93,7.94,-0.76,3.13,1.46,4.71,2.79,-1.03,0.62,0.08,3.03,1.39,5.54,3.19,5.42,-4.45,3.6,-6.41,1.73,2.94,-3.15,2.05,6.45,0.48,4.33,2.5,5.23,1.3,-0.38,2.93,1.93,6.54,3.43,8.35,9.45,3.28,4.49,1.82,1.42,10.82
1988-10,0.37,18.81,2.78,-0.19,-0.22,-0.46,1.46,0.96,1.75,3.63,1.27,-3.2,1.04,0.43,-1.96,1.01,-0.32,-1.92,3.79,2.89,-1.25,-1.41,3.79,1.0,-0.96,1.96,-1.86,0.6,1.38,1.28,1.9,2.36,0.06,0.54,0.8,-6.03,-2.16,-2.57,-1.76,5.78,0.77,-1.2,1.56,-1.03,-1.21,-0.49,-0.04,-0.6,-4.98
1988-11,-1.37,-1.29,-0.17,-0.61,1.19,-4.35,-5.04,-4.39,-4.85,-7.82,-5.51,-5.42,-2.13,-3.11,-3.72,-6.58,-3.93,-0.3,-2.66,-3.47,-1.21,0.84,-0.63,-3.62,-4.9,-5.37,3.31,-3.15,-6.55,-0.8,-1.07,-0.52,-4.86,-3.72,-3.49,-1.25,-4.61,-3.87,-3.01,1.18,-0.23,-4.08,-3.17,-2.17,-3.18,-3.67,-2.03,-2.43,-3.22
1988-12,5.51,1.71,9.39,-0.09,7.82,4.54,4.15,2.28,2.51,3.92,2.23,2.43,0.89,4.31,4.27,6.88,2.52,4.38,3.6,0.6,2.52,1.05,-1.08,-0.92,2.8,-2.14,-5.17,4.12,1.13,1.2,0.41,0.62,2.45,1.11,3.98,7.72,2.95,3.72,2.9,2.94,2.28,2.93,0.37,2.47,-1.56,-0.02,1.05,-0.6,3.73
1989-01,2.53,4.52,5.85,4.67,4.58,9.47,8.46,6.66,5.06,4.61,7.93,4.71,6.27,9.89,3.45,8.48,6.03,4.74,11.28,3.83,3.54,7.14,7.82,5.38,5.43,5.36,-1.13,4.26,16.03,5.61,2.12,7.81,4.35,5.98,7.02,7.89,5.78,1.86,6.2,2.41,8.96,5.19,5.75,4.56,5.98,6.23,3.59,6.69,4.75
1989-02,-1.25,-2.67,-4.26,-0.56,-1.32,3.62,-0.24,-3.71,-1.62,1.26,2.98,-2.7,-2.21,-2.86,0.71,5.96,1.38,-3.01,-4.17,2.33,-2.21,-5.38,-5.16,-1.47,3.88,4.06,9.61,-2.1,-1.53,-1.9,-2.39,-1.98,-3.18,-2.87,-5.16,-2.96,-3.57,-1.21,-3.51,-4.92,-1.19,-3.17,-2.31,-2.45,-1.27,-0.57,-1.0,-1.24,-4.03
1989-03,2.46,3.76,2.86,7.14,9.58,6.61,7.33,2.74,-0.31,6.73,5.19,2.32,4.35,1.91,1.64,5.09,0.84,1.33,-2.56,1.55,1.0,-1.68,-3.3,3.23,-0.36,-0.53,-5.28,0.44,2.65,3.22,-0.12,4.62,0.19,-1.18,-8.89,-3.18,-1.8,0.27,-0.25,2.08,-1.72,0.81,2.37,1.92,5.11,4.28,0.69,2.25,2.95
1989-04,4.34,4.83,0.28,6.26,4.31,4.17,7.73,6.54,4.95,2.8,6.81,6.44,4.43,4.18,4.85,4.34,6.0,3.54,2.72,6.61,3.63,7.14,-1.14,3.75,6.85,-0.48,-6.44,3.36,7.19,1.77,3.3,8.87,1.01,5.91,3.52,7.99,5.25,6.63,5.11,-0.26,5.0,3.57,5.0,6.75,3.06,3.98,-0.19,2.35,6.79
1989-05,1.95,3.01,3.98,8.13,6.7,6.89,4.4,0.93,1.01,4.64,1.72,5.11,2.38,0.04,1.86,1.66,2.31,4.64,0.37,4.04,4.27,10.79,0.65,1.66,2.41,2.31,-8.42,0.32,-1.48,1.95,4.49,5.13,4.45,4.7,-0.32,5.13,4.35,2.83,1.78,6.34,2.38,2.71,4.59,9.92,5.51,1.69,1.43,1.41,7.34
1989-06,-2.39,1.98,-5.82,-2.16,-0.46,7.24,2.76,4.97,1.14,-1.92,0.44,-5.1,-3.83,-3.53,-2.59,-2.06,-2.78,2.01,-4.56,-1.28,-4.12,-5.02,-0.06,-5.24,-6.03,-2.58,8.54,-4.45,-1.92,-1.72,2.71,-0.53,-1.83,-0.09,-2.97,-7.58,-4.64,-4.64,-4.66,-3.94,-1.99,-2.48,-3.23,0.86,-0.53,1.49,-0.9,-0.21,-2.33
1989-07,15.81,11.93,2.89,15.95,13.62,9.51,7.58,5.36,6.52,8.46,9.8,8.15,13.72,5.99,7.55,6.52,9.17,7.28,5.93,3.62,6.57,10.35,3.59,6.68,-2.06,4.43,-2.91,1.2,1.87,3.08,5.11,8.43,4.86,4.61,1.56,0.78,3.71,5.47,6.61,10.07,7.2,5.14,9.74,7.71,7.03,8.62,-1.13,6.58,11.94
1989-08,-5.44,-5.21,-6.9,-4.93,1.86,-2.41,2.39,-1.95,1.72,4.53,1.61,2.22,-0.83,6.4,2.6,2.24,1.59,4.56,7.23,0.82,2.72,-0.74,7.31,2.46,-1.33,3.71,5.5,8.23,6.66,2.76,-1.54,0.06,0.12,0.6,2.09,2.67,0.4,0.36,4.96,4.89,11.64,0.92,2.92,-1.26,0.7,1.34,-0.2,2.35,0.15
1989-09,-0.99,-1.61,2.55,0.85,0.19,-0.33,2.11,-3.47,-4.72,3.16,-1.02,0.43,2.1,-4.06,-1.94,-3.58,-2.1,-3.28,-3.07,-3.33,-2.94,-2.06,-6.35,-1.45,-0.38,-2.3,5.49,-1.87,0.03,0.71,-0.17,3.38,-3.34,-0.4,-6.31,2.04,0.68,-3.98,-4.64,-5.95,-4.67,-2.62,-3.48,-1.07,2.17,1.98,-2.04,-0.82,8.15
1989-10,-10.78,-3.26,-9.32,0.98,1.29,-4.03,-2.75,-8.66,-2.19,-6.1,-1.43,-3.16,0.15,-6.52,-6.77,-6.64,-8.26,-9.4,-9.89,-4.92,-6.09,-3.57,-7.27,-5.38,-14.36,-2.67,2.31,-7.64,-5.92,0.1,0.33,-2.64,-9.94,-5.45,-5.81,-1.93,-4.03,-9.07,-3.44,-3.48,-11.15,-5.22,-5.05,-3.41,-9.29,0.9,-8.67,-4.82,-3.93
1989-11,3.55,2.99,-1.43,3.06,-0.97,-1.37,1.65,-1.69,0.41,-2.67,1.7,4.9,3.94,1.8,0.74,0.84,1.53,5.51,1.65,-4.9,4.56,8.83,-2.63,-0.93,-8.89,-12.06,14.22,2.41,5.68,3.29,2.55,1.42,1.29,-4.46,-2.9,1.4,-5.31,-1.23,2.47,2.85,-1.21,-0.2,0.29,1.08,-3.52,1.89,-2.56,-2.11,-1.29
1989-12,0.62,3.05,0.88,0.99,-1.1,-0.56,-9.44,-0.66,1.67,-2.5,5.3,0.82,-0.06,3.65,3.17,-0.23,-1.39,2.61,-0.02,2.2,1.21,3.38,-2.99,-0.65,-4.66,8.14,0.46,2.36,2.77,5.41,4.19,5.24,-1.19,2.18,-3.57,1.2,0.76,2.75,2.85,4.76,2.01,2.49,-0.03,-1.22,-3.5,-2.77,-1.17,-3.13,4.67
1990-01,-12.03,-10.8,-11.19,-9.59,-9.22,-4.12,-11.26,-9.91,-8.36,-9.97,-15.93,-10.14,-6.8,-7.91,-10.62,-10.74,-8.49,-1.15,-9.35,-1.41,-4.09,-4.4,-3.96,-4.57,-14.79,-4.12,7.33,-4.53,-3.61,-4.85,-5.92,-13.61,-11.28,-7.81,0.47,-4.93,-3.74,-9.12,-8.49,-5.46,-9.05,-8.23,-6.17,-13.09,-10.19,-11.15,-7.93,-8.39,-10.34
1990-02,8.57,-1.5,-1.49,-0.09,-3.13,-0.36,1.32,-0.75,-0.43,1.4,-2.07,1.14,-3.18,2.0,4.07,1.41,1.99,6.62,2.75,2.64,4.69,1.19,5.55,3.97,-9.3,-3.24,-2.73,4.34,6.64,2.52,-0.36,-0.83,2.57,1.72,3.73,5.77,1.81,0.12,1.04,3.9,5.19,1.76,1.52,-0.12,3.23,0.81,-0.43,0.41,1.66
1990-03,2.09,4.64,9.25,5.58,6.21,6.4,0.47,-1.29,3.51,6.9,4.8,2.6,3.09,0.79,6.0,1.67,4.17,0.42,5.65,3.49,3.04,3.48,2.92,7.59,14.41,2.73,-9.79,3.88,4.93,-1.26,-1.39,3.58,4.29,2.65,3.07,7.51,4.22,5.0,1.5,3.45,2.21,2.74,5.42,-0.96,-3.65,-0.55,0.62,-2.8,4.2
1990-04,-2.71,-0.7,-5.44,1.63,4.08,-7.17,0.54,-7.64,-2.59,-1.82,-2.06,-3.43,0.21,-4.14,-5.34,-3.28,-3.36,-6.33,-7.71,-1.6,-3.23,-1.41,-5.22,-6.29,1.27,-0.66,-12.5,-2.51,-9.8,-4.23,-6.21,-3.98,-1.06,-3.19,-0.72,-4.24,-5.51,-4.31,-3.88,0.74,-4.67,-2.88,-2.37,-6.01,-5.0,-5.17,-4.27,-4.04,2.93
1990-05,0.72,8.54,7.69,15.24,0.44,12.16,12.58,9.74,9.17,7.04,14.3,13.09,11.83,6.7,7.57,3.48,7.74,12.7,6.7,9.46,5.16,9.28,7.37,10.06,0.65,8.89,9.09,2.74,12.5,5.33,4.75,8.52,10.05,6.45,10.93,17.8,11.5,9.12,5.36,4.2,3.92,8.32,11.2,12.38,9.87,9.83,-0.33,3.72,10.96
1990-06,-6.74,2.18,-0.48,0.39,8.52,-5.65,-4.38,-2.87,1.38,-2.76,4.82,3.76,3.71,-2.89,0.75,-5.49,-3.57,-3.86,-2.09,4.84,-3.01,-0.61,-3.56,-0.3,3.5,-2.86,-7.67,-3.62,-7.29,-2.65,0.12,-5.37,3.47,1.28,-2.58,2.66,-4.13,2.58,-0.17,-5.81,-2.22,-0.36,1.06,0.53,-4.28,-1.29,-1.29,-1.26,2.19
1990-07,6.2,-0.28,0.63,-0.67,4.96,-9.7,-8.4,-6.21,-2.51,-5.65,-0.85,-0.75,2.58,0.19,-1.82,-1.88,1.26,1.99,5.03,-3.96,-2.46,0.86,-3.38,-3.39,-4.93,-7.63,11.41,6.57,-1.58,7.69,0.22,-5.1,-4.85,-3.89,-7.56,-16.21,-6.68,-4.64,0.91,-1.52,-3.15,-4.82,-4.39,-8.01,-8.31,-1.91,-8.76,-6.18,-2.23
1990-08,-9.9,-7.7,-11.02,-5.56,-3.72,-15.43,-16.02,-10.01,-9.72,-17.32,-8.46,-7.9,-7.15,-13.56,-14.16,-14.69,-12.92,-13.48,-10.88,-12.98,-13.87,-14.13,-15.24,-13.96,-10.2,-9.81,-6.59,-9.11,-11.68,-1.9,-7.3,-11.04,-11.76,-9.75,-12.77,-12.19,-13.33,-12.13,-11.93,-9.54,-13.58,-10.36,-13.34,-13.15,-12.12,-11.17,-12.85,-11.62,-11.46
1990-09,-14.24,-1.63,-10.96,-7.26,0.33,-9.16,-4.08,-6.77,-8.07,-13.54,-6.68,-3.01,-5.0,-7.25,-6.82,-17.64,-10.84,-7.32,-6.74,-17.57,-10.1,-10.7,-11.67,-10.77,-4.76,0.13,-1.43,-4.49,2.84,-2.25,-0.12,1.22,-12.81,-6.43,-6.47,-10.08,-6.19,-11.13,-8.09,-5.71,-8.36,-5.81,-9.96,-13.03,-13.15,-11.25,-10.08,-11.35,-12.67
1990-10,-3.41,2.59,4.26,6.83,5.76,-2.11,-2.04,-4.57,1.31,-7.87,-2.02,0.23,1.08,-0.12,-6.55,-11.67,-4.77,-11.69,-12.1,0.14,-11.58,-3.7,-3.4,2.44,-20.15,-1.1,-18.02,-16.16,-10.18,-4.62,6.54,2.34,-3.27,-4.87,-4.27,-0.44,-6.02,-0.07,-1.03,1.05,-3.19,-4.28,-3.72,-4.35,-9.82,-6.11,-8.11,-7.62,-3.77
1990-11,7.68,4.68,9.28,4.69,7.4,9.3,11.87,10.21,6.99,14.94,7.65,11.91,8.91,9.53,9.99,7.94,6.46,10.35,2.36,11.79,8.23,5.81,2.38,1.57,7.26,9.53,-5.75,5.15,-5.0,1.07,1.74,1.55,5.99,6.39,11.67,15.16,5.62,8.54,6.59,3.1,4.89,5.6,11.18,7.96,15.64,14.96,2.85,7.22,-3.64
1990-12,-2.76,4.29,2.04,1.76,4.76,1.52,2.19,5.09,2.72,7.3,2.19,3.1,2.17,2.82,5.01,7.73,4.62,-1.6,7.35,-0.28,4.6,4.92,-1.85,3.3,3.34,4.55,14.35,-0.27,1.49,-2.66,0.19,0.91,5.56,4.46,3.51,4.53,3.35,2.58,6.29,5.64,4.67,3.91,2.28,4.38,6.9,4.55,1.81,1.59,6.47
1991-01,6.34,2.53,5.06,4.13,2.16,11.33,3.75,8.86,0.27,17.75,10.29,8.79,3.24,5.15,6.44,10.54,9.94,6.62,7.65,10.01,5.51,11.04,6.85,6.19,1.11,6.56,-17.13,7.96,-4.42,-2.55,-1.89,-0.5,4.81,8.92,14.96,19.39,12.19,8.95,4.19,11.68,11.89,2.92,11.2,0.56,7.77,5.76,3.22,6.8,11.98
1991-02,10.0,11.56,6.92,10.39,7.24,17.17,9.69,2.69,5.77,15.3,7.37,9.24,9.93,5.57,5.61,11.43,6.54,22.03,6.2,6.09,7.15,6.59,10.01,1.03,9.34,-1.95,5.46,11.35,12.69,8.06,4.36,2.55,7.55,4.39,4.61,5.66,5.11,15.92,4.7,5.04,5.12,8.2,7.21,15.25,11.9,8.73,5.06,11.07,6.34
1991-03,1.98,5.72,5.61,5.26,0.93,3.94,-2.74,0.07,3.7,4.18,11.73,8.56,4.96,-0.69,7.9,2.99,2.44,-6.66,0.08,4.13,-2.59,1.76,-0.99,-0.2,-0.57,5.81,-2.64,-0.48,-4.11,0.88,1.28,1.86,3.59,4.77,-3.43,4.44,3.93,2.6,0.44,8.06,-2.33,2.69,8.94,9.28,4.35,4.84,12.89,9.05,-4.24
1991-04,-1.07,-1.41,-2.31,-4.55,-4.01,2.52,-4.18,2.55,-1.98,0.97,-2.51,-2.8,-1.54,2.78,0.55,2.22,0.08,-4.74,-0.66,-0.31,-3.38,0.44,-3.26,-1.17,6.13,-1.84,-1.93,2.91,5.47,1.86,-0.58,0.6,-0.97,0.24,-6.15,-2.92,1.89,-0.92,1.63,-0.51,3.26,1.33,2.08,-2.31,5.54,-2.41,-3.04,0.52,-0.51
1991-05,10.19,2.18,2.52,3.36,3.49,3.8,3.42,4.09,3.53,1.88,5.4,4.9,3.77,9.56,5.77,4.1,7.22,4.26,3.77,6.31,8.01,9.99,15.64,5.78,-7.1,3.56,3.35,-1.17,-7.82,-1.86,-0.32,-1.93,8.81,2.08,1.54,5.59,5.63,5.29,8.98,5.03,7.45,6.04,7.78,5.81,6.57,2.15,-0.09,3.53,3.8
1991-06,-5.6,-4.57,-6.75,-6.17,-6.79,-5.88,-4.54,-7.49,-7.96,-3.24,-7.6,-5.14,-4.28,-3.66,-4.11,1.03,-5.01,-10.51,-5.16,-3.24,-7.33,-5.11,-3.19,-3.91,-7.49,-1.07,9.62,3.81,3.14,-4.12,-2.79,-1.91,-4.5,-5.63,-10.23,-8.05,-10.2,-3.48,-3.73,0.11,-5.65,-3.15,-4.82,-7.66,-7.18,-5.0,-4.59,-4.01,-8.6
1991-07,5.07,5.25,-6.95,8.61,6.94,0.39,4.44,1.3,4.45,3.23,9.48,7.61,7.93,4.43,3.7,10.01,6.61,0.47,3.97,6.42,0.38,-0.12,-1.85,5.28,5.67,0.93,-4.34,0.98,-1.79,4.58,3.5,2.62,3.46,1.04,5.66,6.81,1.57,0.09,-1.14,5.24,5.12,5.17,5.14,0.72,8.91,0.53,0.89,6.85,1.35
1991-08,5.37,6.03,-1.28,5.49,6.5,0.83,-0.83,1.41,3.92,8.15,-0.69,3.14,2.71,0.3,6.4,-0.04,3.37,0.06,0.33,6.04,-0.39,1.57,-3.94,2.72,-7.83,-4.6,-9.79,-2.37,3.27,1.15,3.06,0.2,0.41,1.46,-0.28,9.56,2.51,3.04,-0.03,5.27,0.9,-2.14,4.48,0.08,7.52,-0.31,1.71,4.17,2.72
1991-09,-5.28,-3.76,-10.38,-5.09,-2.53,8.07,-2.0,-4.68,0.4,2.3,-2.42,-0.46,-0.69,-3.61,1.38,3.77,-5.41,-5.27,-3.79,1.74,-3.81,-6.37,-2.79,-0.14,-10.21,-2.24,4.05,2.6,-0.85,-1.15,3.26,-0.09,1.43,-0.3,-0.12,0.86,-7.73,-3.34,-2.24,-0.13,-0.73,-2.53,-4.61,1.5,-1.53,-0.17,-5.2,0.53,-5.95
1991-10,-2.83,-1.6,-2.19,1.67,-6.16,11.22,0.8,-0.41,0.73,-4.79,-1.9,8.6,6.5,1.34,0.96,-1.74,-3.39,-1.93,-1.36,-1.53,-1.26,0.08,-2.8,2.88,0.79,2.95,2.3,-0.89,4.43,1.62,0.83,1.51,-0.08,2.19,-2.87,10.29,2.79,3.87,3.43,5.48,7.03,2.27,-3.54,1.67,0.41,4.43,-2.66,-0.64,-0.25
1991-11,-4.53,-0.38,-0.82,2.64,-3.73,1.44,-8.89,-5.62,-2.4,-3.92,-6.86,-2.34,-2.67,-6.27,-4.05,-5.14,-2.21,-8.87,-8.1,-6.6,-9.77,-6.24,-9.21,-6.33,-5.43,-3.15,2.96,-5.29,-11.36,-8.13,1.51,-5.14,-3.5,-3.41,-5.49,-2.95,-4.75,-6.09,-7.66,-5.03,-8.88,-4.29,-0.83,-4.74,-8.8,-2.42,-6.68,-3.97,-2.63
1991-12,8.64,15.12,13.89,15.05,14.52,11.78,6.9,12.3,11.72,14.75,19.15,15.95,16.03,9.91,12.82,13.03,18.25,12.29,6.62,12.77,8.17,17.73,5.58,9.39,15.37,6.82,-2.31,2.3,0.51,1.77,4.63,9.47,10.05,11.73,3.37,16.22,10.29,11.92,10.07,4.33,13.9,11.14,12.93,12.3,15.09,10.99,11.31,12.12,15.16
1992-01,0.56,-6.01,-2.03,-3.4,-5.27,0.59,13.5,2.32,7.51,3.44,-1.26,-3.2,-6.54,0.71,-0.98,9.76,2.12,7.58,2.9,7.55,5.43,-1.5,10.35,3.64,5.77,-3.53,8.47,4.87,-9.72,-4.45,-4.91,-3.22,1.1,0.21,5.97,5.06,10.48,3.58,3.09,-10.75,-1.41,-2.1,-0.73,9.96,1.32,-2.04,5.99,3.39,5.37
1992-02,-3.53,-1.06,2.45,1.21,-0.04,6.19,10.88,5.64,-1.58,1.91,-5.6,-5.67,-2.39,2.53,2.81,7.97,1.61,-0.72,6.78,1.43,4.67,3.16,14.17,-3.57,-1.14,1.4,-3.27,3.43,6.37,-0.86,-1.52,-1.73,2.96,2.48,5.53,2.36,3.73,-0.27,2.26,6.63,4.83,2.87,2.68,-0.33,4.8,-0.1,-0.16,3.06,-1.2
1992-03,-3.19,-3.25,-6.38,1.04,-4.17,-3.08,-1.42,-1.47,-2.34,-4.29,-6.27,-4.92,-5.98,0.4,-0.73,3.5,-1.57,-9.11,-1.64,-5.14,-1.97,-3.43,1.1,-1.19,-0.58,-5.69,-12.87,-0.6,-5.23,-3.05,-0.87,-1.21,-3.08,-2.23,-5.33,-7.01,-6.57,-1.34,-0.25,-1.71,-2.76,-0.77,-1.7,-1.73,-1.99,-1.4,-3.88,1.04,-12.17
1992-04,-4.37,-1.58,0.16,1.59,7.54,0.8,-2.82,4.38,0.79,-5.58,-6.1,-4.84,-1.99,5.98,0.2,0.96,0.42,-0.78,3.37,-8.3,2.22,-0.35,10.85,1.8,16.85,3.26,-4.2,1.11,-5.78,9.22,2.37,6.78,-2.7,-1.5,0.42,-5.13,-0.55,-0.82,2.89,7.41,2.45,-1.38,-4.93,2.68,2.5,-0.87,-4.82,-0.79,-1.8
1992-05,2.88,0.51,-2.39,3.33,-0.14,6.32,0.9,-0.71,0.03,-1.63,-3.82,2.81,0.92,-1.16,-3.18,-2.26,0.22,0.3,0.68,-7.05,-0.41,-0.56,-2.18,-2.25,-7.75,-3.68,10.7,3.74,-0.62,2.89,2.26,-2.89,-2.07,0.04,-0.81,3.23,-1.3,-1.55,-1.3,-0.15,-0.65,1.29,-0.46,0.8,2.81,1.32,-1.61,2.74,-6.75
1992-06,0.46,-0.32,-2.94,-5.82,-9.6,-2.21,-4.35,-3.44,-6.74,-5.36,-6.5,-4.89,-5.03,-5.0,-6.47,-7.65,-5.63,-6.48,1.61,-4.97,-6.11,0.88,4.22,-5.02,-8.6,-1.62,9.7,6.16,-10.04,-3.78,0.22,1.17,-0.05,-2.77,-2.44,-10.07,-2.73,-5.02,-1.67,-1.09,-4.29,-3.46,-2.1,-2.61,0.17,2.78,-4.05,-0.84,-5.03
1992-07,-0.58,5.34,-0.33,4.24,4.3,2.13,1.38,2.43,6.46,5.24,5.9,3.63,5.75,3.89,4.43,6.88,4.16,6.94,-0.45,9.58,1.91,-0.88,-1.23,2.93,-6.23,5.63,1.31,-3.79,6.12,4.97,6.42,5.15,1.69,3.28,1.46,2.91,4.53,1.86,-1.19,-2.07,0.47,3.86,3.95,0.21,1.35,6.01,-5.77,2.65,5.75
1992-08,0.09,1.84,-7.67,1.01,-0.47,-3.95,-2.17,-1.4,-3.15,-1.32,-3.65,-3.12,-3.82,-5.07,-4.04,-1.72,0.1,-1.26,-9.42,-1.41,-4.01,-3.07,-11.34,-4.79,-4.22,1.75,-6.18,-3.19,-1.46,2.3,-0.73,-1.23,-2.53,-1.97,-8.31,-1.97,-2.12,-1.95,-3.86,-1.5,-6.24,-2.28,-0.15,-3.06,-4.44,-2.35,-2.19,-3.71,-4.57
1992-09,-3.71,2.58,4.36,-2.37,1.11,5.89,5.24,-1.04,3.13,5.2,-6.06,-2.8,-5.4,-0.21,4.45,2.04,2.83,2.04,-0.75,-4.93,1.79,6.51,-2.03,-2.45,-2.21,0.86,-1.62,1.93,12.91,-0.19,0.57,1.65,-0.87,1.34,-1.39,6.19,6.73,5.62,0.42,2.41,3.94,2.24,4.08,5.62,1.39,5.89,4.64,1.48,6.06
1992-10,-2.66,-2.92,-2.73,1.82,-4.44,1.24,4.52,0.51,2.27,0.69,4.62,3.92,2.82,0.56,-0.87,-0.09,1.01,-0.51,1.31,9.99,-1.55,-1.57,0.04,3.21,7.03,-0.55,-9.38,1.56,-0.21,-3.75,-0.65,-0.78,4.99,3.38,-3.75,7.89,5.6,-1.89,2.8,-0.5,5.84,2.52,4.26,3.51,2.57,2.38,2.83,3.07,2.74
1992-11,2.63,3.37,7.33,0.48,1.74,5.25,8.05,7.17,4.15,10.26,10.38,4.12,4.11,1.96,4.64,5.5,1.29,3.52,6.86,4.31,2.52,8.05,7.93,0.74,10.13,6.23,-12.07,2.74,-10.73,-2.92,-0.46,3.65,6.62,4.59,6.98,6.02,6.09,5.2,3.68,5.31,5.13,6.3,6.74,8.43,7.17,4.92,-0.55,7.46,7.41
1992-12,6.53,-1.51,1.21,2.61,-3.12,-4.54,3.63,-1.09,-1.33,-1.23,-0.75,1.98,-2.35,0.67,0.48,4.85,0.11,-2.7,3.76,-3.1,2.03,2.25,2.9,8.47,6.69,9.56,3.45,3.21,-0.43,1.73,2.43,5.36,2.15,2.0,-4.96,-1.23,6.29,2.26,-0.73,0.45,1.02,2.51,-0.06,-0.6,4.38,3.97,10.56,4.76,1.49
1993-01,1.66,-3.5,-1.75,0.63,-5.98,5.04,6.2,4.55,2.1,-1.61,-1.92,-3.33,-8.33,-2.51,1.77,2.3,-0.06,3.44,6.3,-2.65,3.8,0.71,9.51,-3.9,-1.07,-0.8,-6.14,1.5,-3.88,2.56,2.23,1.1,0.05,-1.24,3.92,5.03,7.78,0.69,0.64,-1.31,2.61,2.03,-0.5,0.88,4.15,2.71,2.3,3.39,0.36
1993-02,-1.61,-2.53,6.76,-2.59,-3.39,-9.88,-3.72,-0.52,3.22,-7.06,-15.61,-12.41,-7.88,0.77,2.25,3.03,6.56,3.72,-0.74,-2.7,3.7,-2.38,-0.27,1.85,-0.56,3.06,5.6,2.07,-2.13,5.82,6.01,5.38,0.07,-0.25,-2.11,-5.38,3.8,1.99,1.38,-5.38,0.24,-1.84,-1.93,-0.36,1.67,-0.96,1.67,1.5,-5.11
1993-03,1.19,-2.84,8.34,2.21,-1.14,2.53,3.98,0.79,0.85,4.58,5.05,-1.25,0.3,1.87,4.01,2.52,2.23,-1.4,-1.03,4.7,2.04,5.9,5.89,3.5,-3.39,5.09,17.45,0.81,-2.15,3.86,1.51,3.1,-1.18,1.77,-1.34,4.22,4.38,1.45,-2.45,1.78,3.84,1.99,2.65,3.76,3.44,4.13,7.4,5.59,-2.32
1993-04,-4.33,-12.71,-11.89,-9.42,-16.1,0.99,-3.86,-2.07,-5.37,-6.15,-0.24,-9.93,3.15,3.1,-5.02,-4.94,-2.56,-1.19,-2.45,-0.01,3.02,-0.46,3.68,1.81,-7.15,3.46,8.97,-10.32,-4.93,0.88,-0.39,-3.12,-4.08,-4.73,-3.69,-6.24,-2.23,-1.52,-0.11,0.46,0.19,-3.89,-9.52,-6.61,-5.05,-3.01,-1.89,-3.29,-5.46
1993-05,2.17,2.31,4.47,2.96,4.57,7.1,11.25,1.53,1.18,2.66,9.7,6.71,2.17,1.47,2.63,-0.2,1.0,2.17,4.02,-1.46,4.16,2.77,0.2,4.53,7.8,-2.31,9.4,-2.19,7.97,1.59,-0.26,3.94,5.32,2.89,9.61,8.78,9.47,5.7,0.67,-2.53,2.31,4.69,5.7,7.0,-1.16,1.25,1.63,1.64,5.19
1993-06,-0.21,-2.05,0.25,1.77,-0.52,3.21,-2.66,-1.2,1.58,-11.39,1.08,-1.33,-4.04,-4.44,-0.92,-4.87,-0.97,0.22,0.96,-6.5,1.73,2.58,3.76,1.51,-9.72,6.67,2.72,3.3,-4.58,-1.34,2.94,4.39,4.5,-0.66,-5.02,-0.73,3.93,-1.13,-2.31,-1.19,-1.54,-0.62,-3.69,-4.48,4.87,1.77,-1.79,4.66,-4.32
1993-07,1.07,-5.41,7.62,-0.2,-4.89,0.92,-2.17,0.34,-2.37,-5.01,2.09,-4.81,-7.64,0.82,0.96,-3.17,-1.03,1.32,-2.35,-2.87,-0.27,1.86,2.27,3.31,1.63,1.79,8.65,1.72,6.71,0.22,1.7,1.9,3.12,1.89,-8.38,-8.49,1.25,-0.43,-2.56,-3.95,3.51,1.08,-0.12,2.03,0.95,3.2,4.64,3.24,-6.63
1993-08,4.69,5.12,15.28,1.9,-1.53,7.88,6.96,3.2,3.45,2.25,-3.96,-0.55,4.44,3.03,8.55,8.92,4.32,6.78,2.63,9.62,7.78,0.24,-1.07,2.95,4.91,4.22,-11.32,-0.77,5.67,4.03,3.45,5.0,2.65,4.23,4.18,3.63,10.72,6.64,2.67,-0.9,4.08,4.28,3.39,4.59,0.83,4.38,1.9,5.21,5.76
1993-09,0.15,-2.47,-8.9,-1.76,-4.12,2.89,7.1,-1.08,-1.94,-3.8,5.75,-1.94,0.31,-2.62,0.04,-3.41,-0.81,-3.82,-4.65,-2.36,-1.7,-1.53,0.67,-1.6,8.92,0.78,-10.96,-4.24,6.29,1.07,-0.9,-0.74,2.17,2.08,-3.24,4.54,2.53,-2.93,-3.93,2.87,-1.36,-1.05,-0.76,1.14,3.05,0.3,6.02,3.7,-3.54
1993-10,-1.6,9.09,-1.0,1.89,9.62,1.46,3.03,7.6,7.36,6.23,8.94,5.61,5.3,2.37,3.61,1.82,3.58,-1.14,3.66,13.44,2.39,1.13,9.24,0.33,3.58,1.91,8.81,3.35,-0.95,-2.18,-2.19,2.2,2.92,2.65,6.08,2.75,-2.68,-1.13,1.07,-9.74,3.01,2.28,4.36,6.4,-4.94,-3.15,-1.85,-3.46,-10.12
1993-11,-1.96,0.66,-2.68,-0.7,5.66,-0.44,-3.64,0.13,1.17,1.71,-0.87,-1.67,1.37,0.92,-1.85,-0.02,3.94,-1.81,0.47,-3.0,-2.36,-0.03,1.3,2.21,-5.08,-3.13,-2.98,-2.7,-0.55,-6.24,-5.77,-6.21,-5.74,-3.17,5.8,-0.62,-4.98,-2.38,6.87,5.14,1.3,-1.35,1.38,-0.83,-3.41,-5.09,-0.36,-3.77,0.92
1993-12,5.99,-0.93,11.18,4.04,-1.17,-6.54,1.67,2.94,1.53,0.42,11.65,1.92,0.83,2.74,3.96,0.04,0.74,3.25,6.51,-0.29,4.58,6.32,4.2,6.6,2.03,4.16,12.27,10.5,4.53,0.36,1.38,-0.76,4.61,2.98,4.4,-0.81,2.77,6.52,2.59,5.8,1.88,2.71,-4.16,5.59,3.19,1.22,0.03,0.69,1.57
1994-01,4.96,1.31,4.09,-5.2,9.98,2.23,4.4,-0.9,2.22,-0.28,8.83,6.15,-0.41,7.71,2.84,-7.18,2.62,5.01,10.14,4.26,5.9,1.93,8.55,2.11,0.66,2.35,-2.08,7.6,-3.61,4.64,-1.45,1.92,-0.05,2.66,4.78,4.7,4.39,2.19,7.09,1.81,4.48,2.53,-0.11,5.37,4.58,3.11,-0.69,3.7,8.28
1994-02,2.42,-2.83,3.25,1.42,-7.36,5.39,-2.13,-3.69,-1.35,2.71,1.91,-6.69,-6.67,-1.12,-2.55,0.2,-1.02,-4.18,-3.28,-1.76,0.91,-1.73,-5.19,1.75,0.82,2.86,-0.6,-1.45,-2.24,-3.17,-5.19,-5.71,0.42,-2.61,0.36,2.97,2.08,2.14,-1.99,-3.17,-4.73,-1.08,2.57,1.23,-3.93,-4.7,-0.91,-4.22,-7.95
1994-03,-8.24,-4.05,-11.08,-3.47,-11.32,-6.77,-10.94,-4.18,-5.28,-0.71,-4.81,-6.89,-7.38,-3.44,-6.02,-0.96,-6.47,-3.77,-5.91,-6.51,-3.46,-4.56,-7.16,-4.23,-8.66,-3.74,4.96,-4.04,-10.2,-3.83,-4.21,-3.88,-5.24,-5.26,-4.84,-4.57,-2.62,-5.88,-7.85,1.41,-6.3,-5.91,-4.62,-8.59,-3.06,-3.73,-4.99,-4.27,-6.27
1994-04,-1.96,0.77,2.03,1.55,10.99,0.05,-3.51,-1.84,1.36,-1.63,-0.78,-2.27,3.2,2.3,0.95,2.59,0.03,-2.58,-1.21,0.43,-1.88,-3.8,-0.34,-0.56,-4.79,-1.76,-13.09,-4.63,-0.65,3.93,1.86,1.32,-2.37,0.18,-2.55,0.48,-2.98,-2.05,-0.91,-2.31,-0.55,-0.79,0.0,1.1,4.3,-0.36,-1.27,2.28,3.62
1994-05,-1.11,-1.02,-2.06,-2.51,-7.16,0.31,1.22,0.96,0.65,-2.5,2.49,3.47,4.3,3.26,-1.38,-5.6,1.78,-4.12,3.17,6.97,-3.31,2.73,-2.28,2.71,4.5,-3.84,0.94,1.71,-2.09,0.62,-5.68,1.31,-0.32,0.93,-0.1,6.33,0.58,0.49,2.35,3.79,-2.33,0.21,-2.86,-0.67,5.06,3.4,-0.35,2.61,-0.75
1994-06,-4.19,0.99,-6.22,-4.89,2.8,-5.91,-4.78,-4.95,-3.54,-3.05,-7.02,-3.48,-3.31,-2.96,-2.34,-5.86,-4.47,0.18,0.45,-0.07,-2.59,-5.24,-3.74,-2.22,-3.57,2.45,-3.83,-2.43,5.24,-3.03,-3.46,0.31,-4.14,-3.13,-7.56,-5.93,-3.81,-3.24,-2.09,-2.76,-2.52,-4.43,-1.93,-7.1,-2.27,-3.6,-2.51,-3.18,-2.26
1994-07,0.17,2.25,0.25,5.23,5.25,1.32,2.12,1.4,2.49,2.75,3.29,1.89,0.16,3.87,4.53,-1.68,4.66,2.13,6.92,-0.88,3.98,6.91,3.81,0.12,-3.22,-1.15,-1.34,2.46,-1.07,2.99,4.91,2.82,2.68,2.22,3.84,-0.3,6.16,3.02,7.11,-1.74,1.28,1.72,0.74,-0.7,1.75,4.27,-0.55,1.36,2.06
1994-08,4.74,7.73,-8.28,4.81,9.41,3.91,2.47,3.28,6.63,4.9,7.91,10.89,10.95,5.73,3.84,4.55,6.25,-1.59,5.07,5.17,3.92,0.08,-2.0,4.06,9.14,4.75,4.8,4.09,5.18,-0.48,0.29,0.65,7.55,4.52,11.99,9.37,6.89,6.39,5.82,0.16,1.56,3.03,4.02,3.8,3.32,1.97,4.23,5.47,3.62
1994-09,-2.99,0.06,-1.86,2.15,-3.18,-2.08,-3.03,-3.68,-1.77,-2.7,1.81,1.75,1.18,-1.47,-3.22,-6.07,-2.73,-5.41,-0.05,-5.54,-3.27,-2.16,-5.9,-5.74,-3.64,-7.99,7.82,2.99,-0.5,-2.47,-3.16,-1.52,-1.26,-0.51,0.02,0.92,-2.79,-0.75,-0.3,3.66,-7.27,-0.97,-2.9,-4.15,-6.67,-2.91,1.15,-5.15,-2.69
1994-10,-2.81,1.95,4.69,3.37,-2.8,5.91,-1.69,0.6,1.09,1.26,-1.98,-2.01,1.47,-0.26,2.15,0.86,-1.7,0.69,-4.39,-3.24,3.66,0.49,-1.92,2.09,-4.52,2.33,-11.12,-7.24,-3.62,7.05,1.21,-0.51,-1.33,1.27,9.37,8.52,5.67,-0.03,-4.36,1.34,1.86,-0.44,0.92,3.62,-0.24,0.15,-2.68,0.19,-0.62
1994-11,-2.56,-2.39,-3.99,0.49,-2.38,-8.27,0.26,-2.44,-2.5,-4.56,-6.34,0.63,1.15,-7.75,-4.39,-3.31,-4.4,-8.38,-9.0,-0.05,-7.91,-5.93,-5.4,-3.25,-4.31,-2.95,-12.31,-7.58,-8.71,-5.21,-0.09,-5.79,-10.03,-4.5,-1.93,-1.73,-2.99,-4.23,-4.53,-6.74,-4.83,-4.28,-2.84,-5.95,-7.21,-3.9,-3.8,-5.18,-9.0
1994-12,-0.13,1.16,0.95,1.46,-2.48,-5.22,4.5,2.36,0.46,0.51,-1.06,2.93,-0.14,3.31,2.95,0.68,0.89,-0.88,3.95,-0.88,1.58,8.47,4.33,4.73,5.82,4.39,1.43,2.92,5.27,-1.45,-0.09,0.42,4.63,1.78,2.44,1.42,1.98,3.06,3.49,0.8,-0.68,1.21,-5.15,0.86,-0.68,3.51,1.34,-0.23,1.59
1995-01,7.53,1.59,5.78,2.4,4.17,-0.37,7.43,-0.2,2.29,-4.29,4.76,4.47,6.0,-3.16,-1.22,-1.59,0.36,3.65,-6.79,4.29,-1.23,0.51,-6.52,-0.17,-2.04,2.36,-11.14,-2.26,-3.69,-0.04,5.8,3.74,-0.27,-0.24,-3.23,-1.96,0.42,1.48,-1.97,2.26,2.93,0.52,0.39,6.5,5.6,5.5,-2.63,3.44,3.46
1995-02,-5.53,0.99,4.71,4.47,-1.65,3.84,3.56,4.53,2.89,2.32,2.23,2.34,1.79,5.55,5.15,2.13,5.26,4.14,2.79,4.01,5.15,5.45,4.57,5.82,4.84,3.77,4.72,3.72,-6.91,4.12,0.42,1.11,3.1,5.43,4.88,6.56,7.73,5.65,8.24,5.65,6.91,4.6,1.69,3.09,6.26,1.69,5.91,5.91,-4.37
1995-03,5.65,3.18,1.28,1.98,5.47,1.65,4.07,0.88,1.44,1.14,4.59,5.85,1.32,5.21,3.08,-3.3,1.05,-2.72,1.81,5.25,5.56,-0.71,1.21,7.41,0.48,3.08,18.15,3.96,2.03,4.82,-2.21,-0.22,6.27,2.41,4.98,5.46,2.86,3.64,1.74,6.06,2.73,1.74,3.56,1.76,0.02,1.84,0.68,0.29,2.75
1995-04,3.81,3.51,2.12,2.78,-4.77,-5.3,3.02,-2.84,3.35,-2.03,-2.73,2.98,3.38,2.65,-0.64,0.4,1.75,3.45,-0.26,-3.86,4.41,2.49,2.09,3.72,-0.84,8.08,-3.41,-0.56,-6.28,1.8,1.94,1.18,0.01,0.58,9.11,5.71,9.72,4.39,1.2,-4.57,2.21,2.67,-4.01,1.78,3.62,-2.48,-1.8,3.56,-0.29
1995-05,1.4,2.9,-3.34,7.84,3.38,5.47,0.83,3.26,2.04,-0.24,-5.56,0.19,2.24,2.6,3.15,3.38,1.09,3.69,1.07,4.71,3.12,2.54,4.97,5.52,-5.31,4.83,-0.85,-2.98,1.25,3.54,5.5,0.37,-4.75,-1.37,1.17,1.39,4.34,3.0,1.73,0.03,-1.12,1.61,2.26,3.28,7.55,3.95,4.6,3.45,4.54
1995-06,4.23,2.14,3.33,-0.56,-1.38,1.32,0.24,2.47,-0.68,4.39,1.3,6.14,4.01,0.87,0.87,-2.0,4.04,0.69,6.56,-0.01,2.56,-1.02,0.55,4.64,0.6,-0.11,-1.05,1.45,1.87,-3.56,-0.93,3.4,8.16,2.76,7.65,9.43,11.83,7.43,3.46,3.67,3.89,3.99,4.66,2.25,0.98,0.48,5.49,4.38,3.62
1995-07,3.02,-1.45,-1.43,1.92,-4.05,4.04,3.53,2.98,-1.39,6.7,9.95,6.22,3.99,2.42,5.31,3.8,1.54,5.41,6.37,6.15,7.97,3.22,2.0,5.8,11.25,0.43,1.59,9.98,-1.08,1.85,-0.82,4.62,2.01,3.93,8.1,5.07,9.12,4.48,2.32,-2.59,8.78,2.61,3.64,1.43,4.32,2.56,3.75,4.62,7.53
1995-08,2.88,0.67,5.36,-2.08,4.07,0.41,-1.06,1.82,0.34,0.3,-0.85,3.42,0.23,-0.83,1.51,-1.51,-0.18,3.27,-1.09,-0.55,-1.61,-0.41,-0.17,-2.09,2.48,-0.86,1.81,-2.02,4.6,-2.07,0.52,3.91,3.6,2.03,0.09,0.03,-1.36,-0.27,0.57,-1.22,-0.13,-1.64,-3.93,-3.62,4.78,4.97,-0.8,4.17,-5.79
1995-09,7.49,7.87,4.97,8.81,2.54,-3.57,-1.79,1.91,4.96,3.6,2.23,7.83,7.57,2.33,-2.65,-3.71,2.92,-1.27,-5.4,-1.21,-3.07,5.69,-0.84,5.15,1.07,3.74,-1.32,1.15,0.69,0.86,5.87,5.32,4.95,4.22,0.13,0.74,1.19,1.16,0.33,-11.57,2.35,0.06,2.92,2.23,5.1,6.12,3.37,4.29,-3.45
1995-10,2.38,-0.38,4.82,3.44,2.37,-6.26,-2.62,-3.05,2.25,-3.97,-3.61,-2.12,1.78,-6.02,-4.38,-9.79,-2.2,0.19,-6.62,-4.61,-3.85,-1.04,-6.02,-2.24,-4.61,-6.14,-13.25,-5.87,-13.51,-0.7,1.01,-0.32,-1.32,-0.59,6.03,4.61,-5.41,-1.26,-3.0,-8.68,-2.17,-1.37,-8.61,0.71,-2.77,-1.49,-4.7,-3.22,-4.19
1995-11,5.15,3.41,5.84,4.39,2.66,4.06,0.76,7.12,5.82,-0.33,5.65,2.99,4.63,6.13,5.65,6.88,4.43,3.91,8.15,4.02,4.57,5.21,5.02,8.69,5.28,9.57,12.04,4.83,1.99,4.38,1.16,2.37,5.59,5.01,-0.5,1.23,-4.45,3.47,5.12,13.59,5.8,2.58,6.5,5.19,6.69,7.02,-5.41,3.44,3.23
1995-12,2.3,2.72,-2.41,-1.27,4.48,-0.44,-2.96,0.39,-2.38,3.03,2.19,4.28,6.13,1.49,-3.49,-0.62,-2.43,7.48,-2.12,1.16,-0.74,6.06,3.99,3.66,-0.51,5.79,2.51,-0.36,6.64,5.31,4.61,3.63,-1.68,2.78,-4.57,-3.08,-7.17,0.78,-0.54,2.7,-1.95,1.5,-2.05,-0.49,0.39,2.06,5.17,-1.63,0.81
1996-01,-1.59,3.27,-2.96,2.83,1.37,7.74,2.79,0.08,2.23,-3.45,6.86,4.78,5.6,4.77,2.71,-3.41,3.04,1.51,3.84,-0.3,1.63,4.82,2.67,0.28,-0.62,9.4,24.91,2.82,-2.91,-0.84,1.43,1.85,-0.83,1.06,4.94,1.13,-1.16,0.82,1.14,-0.83,-0.61,-0.79,-1.85,5.8,3.85,2.7,1.33,3.7,-0.09
1996-02,8.27,0.95,5.24,5.23,2.87,1.08,1.52,2.68,-0.78,2.89,1.09,-1.29,-1.94,2.44,2.48,0.1,-2.32,-0.02,-1.38,7.2,3.17,-1.03,1.34,2.78,1.82,-1.11,0.52,2.35,2.82,0.64,-3.06,-2.77,-0.64,1.72,10.97,5.59,3.7,-1.95,-2.74,6.92,3.76,2.74,5.14,3.41,2.29,0.92,4.37,1.73,1.28
1996-03,-1.66,-4.6,7.06,1.54,-8.15,-0.63,1.38,0.58,1.21,10.27,1.55,-0.17,-0.45,5.3,3.26,2.24,1.75,1.44,5.68,-2.57,1.35,2.58,5.6,3.63,-0.65,2.83,-0.6,0.09,3.3,4.62,-0.91,-2.4,4.35,3.15,-8.31,-1.16,-2.6,1.6,2.67,4.0,2.88,2.15,7.85,0.57,2.77,-2.93,6.32,2.01,6.43
1996-04,5.45,-0.9,-1.51,-1.37,-2.04,0.35,2.66,2.42,3.4,5.12,0.12,-2.05,-1.07,-1.16,0.55,2.76,4.09,-0.72,0.94,8.43,3.14,0.17,2.48,0.07,10.06,-0.94,0.5,-0.62,-0.86,3.01,-3.12,2.42,7.01,4.96,9.47,8.25,11.77,5.01,2.54,-0.72,2.14,4.57,3.93,2.13,-1.68,-1.79,1.82,-0.15,4.47
1996-05,-2.46,5.4,4.52,9.26,5.07,3.5,1.81,2.68,2.75,6.97,0.92,2.21,4.14,-0.77,3.63,4.94,1.74,0.79,-0.76,5.03,0.46,5.76,1.1,2.45,-1.65,1.0,4.44,-0.38,14.12,0.07,0.9,-0.44,5.78,3.64,3.35,2.38,4.83,2.04,0.34,4.15,-0.84,3.8,4.62,-0.05,1.6,-0.27,3.78,2.19,4.26
1996-06,-0.86,1.91,3.66,6.16,3.28,-2.09,-3.35,-0.14,0.98,-0.19,-2.31,-3.72,0.17,-2.79,0.92,-0.3,0.21,-1.59,-6.88,0.31,-5.02,2.57,-5.66,0.67,-1.27,-2.41,-17.42,-3.59,7.57,0.56,4.87,0.15,-2.89,-1.51,-7.44,-1.21,-7.18,-1.97,-1.83,-1.41,-1.82,-4.6,-1.56,-0.93,-0.45,1.24,-0.18,0.69,-3.06
1996-07,-5.55,-2.64,-2.5,-6.24,-0.27,-10.34,-12.49,-7.0,-3.73,-5.56,-10.36,-9.91,-5.53,-3.49,-4.18,-3.59,-4.61,-8.45,-7.14,-5.28,-8.72,-5.26,-4.74,-1.54,-2.1,-4.74,-0.83,-6.51,-8.63,-5.08,-6.26,-8.94,-6.86,-7.17,-6.48,-8.85,-9.1,-7.89,-1.88,-2.75,-7.65,-8.33,-8.14,-7.97,-0.89,-5.52,-9.46,-4.34,-11.39
1996-08,2.75,-1.54,9.11,1.75,-13.58,0.88,-0.54,3.03,1.14,5.26,6.84,4.95,3.29,2.77,3.18,3.82,2.59,2.83,5.8,7.3,4.26,1.29,2.87,3.69,3.2,0.7,4.62,0.01,0.04,2.53,2.48,-1.73,2.82,2.27,4.71,2.27,5.3,3.64,4.06,0.99,3.15,3.41,6.81,3.35,4.17,3.53,6.14,3.03,8.61
1996-09,3.57,9.25,8.58,0.27,0.94,6.22,7.58,2.18,5.92,5.95,3.2,9.55,7.02,5.83,2.37,0.96,7.09,-1.42,1.6,1.65,5.84,9.52,-1.11,4.48,7.52,6.95,-8.82,2.68,11.33,3.55,0.24,1.18,7.76,4.04,11.77,10.55,10.15,3.94,4.61,1.81,0.59,4.44,3.05,-0.03,6.0,4.67,2.25,4.53,4.74
1996-10,5.32,1.49,-2.89,0.39,2.86,-1.85,-2.03,0.24,0.58,-1.01,-7.38,-5.68,0.43,1.09,0.04,0.75,0.55,2.1,-3.1,-2.67,-0.98,4.95,4.46,2.42,-0.32,-2.21,-3.42,0.62,-1.69,5.55,3.19,-0.73,-4.67,-4.14,-1.34,-4.07,-1.05,-4.23,2.82,-0.93,1.7,-0.29,-2.47,-3.97,6.68,3.21,-3.53,2.37,1.51
1996-11,0.59,5.89,2.57,2.29,10.35,5.67,9.21,5.2,4.99,-0.18,4.85,1.83,7.13,4.7,9.34,-0.09,1.9,4.42,7.26,3.25,8.76,6.5,6.47,4.08,6.35,7.4,0.06,3.44,4.83,5.13,2.19,5.08,5.45,0.7,14.54,7.99,13.9,10.69,3.96,7.56,6.39,4.45,1.71,3.49,8.86,6.6,2.19,7.59,3.32
1996-12,0.23,-3.3,4.2,0.07,8.8,-7.22,-6.19,-2.31,-0.07,1.52,1.54,1.18,-4.38,-2.53,-2.84,1.97,2.41,-1.4,-1.7,-0.52,-1.41,-3.35,-2.93,5.27,-2.83,0.97,-1.98,-3.85,11.39,0.31,-0.33,2.44,-3.97,-1.89,-5.84,-3.78,-0.66,-0.39,-0.75,7.44,-1.78,-0.59,-4.7,-3.43,-3.87,-0.18,5.64,1.56,-4.91
1997-01,4.48,2.2,10.76,10.92,4.14,3.24,3.4,0.32,6.28,4.76,2.53,3.99,10.93,3.33,-0.18,5.15,4.32,10.37,4.03,4.06,5.19,3.63,3.08,1.26,1.94,0.63,-6.7,-1.1,9.34,3.89,0.47,1.84,3.59,0.44,6.21,7.4,15.11,4.39,0.8,-0.33,1.76,-0.48,-0.17,1.31,7.26,4.38,4.95,5.32,14.24
1997-02,0.18,2.24,6.61,2.35,12.06,-0.94,-0.41,2.38,2.42,2.78,1.74,-1.65,0.74,0.68,-0.42,1.81,-2.39,-7.92,-0.2,-3.41,-2.32,-1.27,-0.16,-2.07,0.63,-4.21,21.52,10.86,-2.86,-6.14,-0.96,2.18,-3.65,-2.43,-8.56,-6.88,-9.87,-1.34,4.35,2.3,-1.52,-1.23,5.35,-3.23,3.78,2.65,3.53,4.84,-8.09
1997-03,-6.22,-1.25,-4.35,-6.96,-14.04,-2.13,-4.32,-0.37,-6.68,-5.38,-10.92,-7.92,-7.52,-2.6,-4.33,-2.65,-5.97,-4.99,-4.79,-3.34,-2.16,-3.41,-4.48,-1.27,-2.84,-4.9,-16.18,-6.08,-5.21,4.83,-3.22,-8.26,-3.52,-4.59,-7.64,-7.67,-3.0,-7.92,-5.94,1.46,-0.55,-7.16,-1.17,0.77,-8.22,-4.56,-2.48,-7.48,-4.85
1997-04,5.38,3.25,1.28,10.96,2.78,2.95,3.1,-1.35,8.3,-3.13,1.38,1.53,6.81,2.88,3.69,-5.48,8.45,1.61,0.38,-0.18,3.61,9.43,3.86,0.26,4.94,6.16,-11.38,-2.16,4.36,-0.41,-1.82,2.06,4.47,1.38,6.18,12.2,5.06,6.59,2.57,6.41,5.31,-0.05,1.21,5.47,5.77,5.54,-4.17,5.18,-4.06
1997-05,4.7,1.71,4.87,5.93,9.5,5.31,4.1,6.11,7.55,5.46,8.82,8.79,5.92,4.05,7.97,5.06,6.11,6.29,8.25,8.09,11.48,8.59,5.59,6.46,6.97,5.57,8.72,4.69,-4.06,6.85,3.14,6.07,7.23,10.99,12.41,9.63,7.37,7.96,7.36,7.13,5.67,8.24,5.91,0.59,3.78,7.09,4.33,6.87,8.25
1997-06,8.02,6.5,6.2,-0.31,2.28,5.14,-1.04,6.5,3.78,4.13,6.91,5.51,9.13,5.77,2.84,0.24,5.29,4.74,3.15,6.78,6.52,6.25,2.69,3.54,2.59,9.41,-3.28,4.89,0.66,0.91,2.77,3.09,3.12,5.38,0.32,1.95,0.4,1.65,2.75,2.8,1.87,1.35,6.34,0.74,5.04,6.26,6.47,6.69,2.75
1997-07,-2.32,4.45,26.33,1.42,1.14,3.37,0.88,4.16,4.19,3.03,-3.69,6.05,1.65,6.66,1.6,0.89,8.21,13.17,8.94,0.6,9.95,8.28,7.58,7.52,12.42,3.49,3.75,0.17,9.25,7.0,2.4,1.82,1.15,3.12,22.09,10.34,18.09,6.1,5.14,5.26,7.63,4.55,8.52,6.84,11.45,7.41,7.38,11.38,3.18
1997-08,8.18,-5.12,-9.63,-13.05,-3.48,-2.07,-2.65,-3.1,-8.8,-6.02,-2.55,-1.92,-7.74,-4.99,-0.44,0.05,-8.06,2.04,-2.02,1.66,0.97,-9.7,0.88,-7.04,-4.71,-1.6,1.99,-1.31,-5.33,-0.11,-1.57,-2.82,-3.0,-1.86,-1.56,-3.07,-1.21,0.87,-2.84,-4.11,-4.55,1.08,-3.26,-5.4,-5.65,-7.51,-1.13,-3.87,-1.05
1997-09,6.34,6.44,0.68,7.66,-3.6,1.9,5.49,7.48,4.82,5.54,2.18,2.9,7.24,0.12,2.75,5.65,4.0,4.6,0.16,2.44,0.7,7.78,5.25,1.72,14.24,2.72,8.14,1.26,-4.57,5.83,4.18,9.21,14.17,3.83,4.75,2.08,2.03,4.02,2.99,-6.88,8.21,3.91,4.99,5.28,7.27,6.32,11.54,14.16,7.21
1997-10,-2.26,-1.99,1.71,-6.39,-4.74,2.8,-1.82,-0.82,-3.98,-8.05,-3.12,-7.33,1.15,-4.7,-4.22,-4.65,-3.79,-2.35,-8.17,-3.72,-8.99,-5.63,-4.26,-12.8,-3.79,-9.75,-21.11,-8.58,-16.32,-2.42,0.47,2.46,-4.63,-5.93,-9.4,-2.1,-13.11,-11.32,-6.78,-5.35,-1.87,-2.53,-1.66,-5.93,-1.54,-3.6,-7.79,-4.06,-13.99
1997-11,6.1,7.01,6.54,6.94,8.81,1.53,8.52,3.83,4.97,0.55,0.16,3.61,2.44,2.74,5.62,-2.54,3.17,-2.61,-5.05,-6.34,-3.47,11.32,-2.62,6.6,1.06,1.43,-17.84,-3.46,-8.17,-3.87,6.79,10.29,0.41,0.8,2.26,2.82,-1.68,0.05,3.15,-0.84,-1.15,0.85,6.08,3.06,3.33,2.12,1.65,5.1,-0.68
1997-12,1.8,2.06,12.2,3.74,5.09,-5.03,3.88,5.99,2.51,-8.74,0.68,1.75,3.5,-0.62,6.5,1.08,3.52,2.95,-1.31,0.81,-1.38,-0.66,4.14,-2.55,-2.92,-0.09,-3.02,-9.09,1.23,-1.95,7.53,3.68,4.7,5.45,-5.18,-4.44,-6.93,2.1,-7.07,-3.51,1.52,-0.17,-1.12,-1.88,5.66,4.45,0.45,6.12,8.48
1998-01,-6.42,-3.04,-9.12,-2.42,-8.02,1.87,6.12,-1.01,0.21,-0.21,-10.47,2.81,7.23,-2.9,-3.0,-0.99,-1.36,7.17,2.77,-3.2,-3.73,4.42,0.31,0.77,-2.33,4.69,-1.34,-1.74,-9.23,-6.09,-4.81,4.66,-1.33,-1.31,3.68,5.89,6.87,-1.52,2.97,-4.95,-0.6,-1.36,1.32,-2.77,-4.01,-0.66,-0.45,-5.05,-7.77
1998-02,13.3,2.8,4.14,4.3,4.24,9.07,5.41,5.51,8.77,10.46,10.87,6.69,4.42,7.73,7.72,6.6,8.31,7.75,3.57,8.51,11.23,1.2,11.94,13.11,2.4,11.52,1.48,2.0,7.75,6.39,2.25,2.02,4.55,8.65,9.65,11.41,9.06,9.24,4.48,11.09,3.56,6.88,10.73,10.38,8.23,8.46,-1.96,10.69,3.91
1998-03,-0.79,4.0,10.04,12.09,-3.68,-0.63,-0.15,5.21,3.69,4.37,4.72,1.73,3.26,5.17,2.73,5.69,8.46,6.44,1.97,4.68,1.95,9.21,5.62,-0.81,2.45,-2.32,6.34,13.07,4.81,4.41,6.31,9.7,7.03,6.18,-3.57,8.42,-2.43,-0.35,1.8,5.03,6.46,2.85,7.08,6.03,5.43,5.52,3.12,5.88,10.03
1998-04,5.23,-5.16,1.78,-3.51,-11.38,4.23,10.09,0.95,0.66,1.11,1.24,0.2,1.69,2.39,3.36,3.37,-1.9,-4.08,4.0,-1.2,0.93,-1.3,1.06,0.74,-2.33,-0.54,5.34,1.2,-0.82,3.31,-2.92,-3.64,-9.87,-0.17,10.21,0.25,6.0,-0.91,3.04,-4.05,-3.42,1.27,-0.74,0.08,1.59,1.23,-0.78,3.41,6.97
1998-05,4.35,0.31,1.28,2.5,0.23,-5.85,-7.5,-1.26,-1.59,-1.13,-6.63,-2.23,-2.66,0.73,-3.06,-3.4,-2.96,-6.61,-9.71,-6.43,-6.62,-2.93,9.23,-3.99,1.06,-0.18,-20.25,-5.84,-2.92,-4.67,-1.49,-2.22,-6.33,-4.35,-4.79,-7.37,-10.59,-6.75,-5.96,0.4,-5.11,-4.08,3.4,0.48,-3.24,-1.83,-4.99,-2.41,-6.06
1998-06,4.86,-0.64,4.27,6.36,5.47,1.51,-3.89,5.82,3.28,1.51,-4.56,4.32,6.9,-3.84,-0.83,-7.38,-2.45,6.32,-6.35,-6.66,-6.09,5.58,1.82,-2.39,-5.72,-6.44,-5.08,-7.2,-2.93,-1.64,2.59,2.52,0.25,5.71,4.89,17.39,4.71,-4.65,-7.05,-8.11,0.59,-0.18,6.48,0.24,2.31,4.23,-1.49,5.65,2.45
1998-07,-14.32,-7.5,-14.5,-4.89,10.15,-10.21,-1.47,-3.03,-3.84,-11.38,-8.36,0.9,-0.22,-9.19,-4.61,-9.53,-6.63,-0.9,-6.73,-6.6,-10.61,-2.71,-0.87,-5.9,-4.67,-6.3,-17.43,2.09,7.86,-7.2,-5.81,3.42,-8.27,-6.44,5.62,-5.43,3.94,-7.19,-6.85,-8.37,-6.5,-4.37,-2.54,-4.71,0.49,-5.38,-8.82,-2.54,4.02
1998-08,-2.81,-8.71,-26.46,-20.17,-5.58,-16.44,-24.23,-10.42,-11.29,-22.56,-23.89,-16.6,-11.37,-12.34,-18.1,-16.99,-18.74,-24.26,-18.19,-20.29,-20.2,-11.79,-20.24,-20.99,-10.41,-12.02,-25.1,-15.35,-25.27,-10.47,1.53,-12.79,-20.67,-17.54,-14.31,-19.18,-21.65,-15.5,-14.51,-21.93,-17.24,-18.36,-13.58,-15.26,-24.51,-16.22,-18.4,-26.37,-23.0
1998-09,-8.92,5.08,4.25,-5.54,12.07,-7.84,-0.58,-0.67,-5.47,3.76,-3.49,7.71,13.19,0.22,-3.39,-9.18,-3.44,8.61,8.64,3.4,1.74,-0.44,1.44,5.7,3.7,12.96,68.52,4.3,4.72,12.66,7.71,9.81,3.42,7.69,16.8,18.78,8.77,5.61,5.79,-3.24,1.16,10.37,-0.89,0.43,3.91,2.34,-7.23,-9.88,11.66
1998-10,-2.65,8.23,38.58,15.43,10.47,17.52,4.95,7.17,18.39,5.68,3.16,5.07,3.32,1.45,14.48,2.51,12.68,8.77,7.9,4.2,13.64,9.63,10.45,13.59,16.75,8.7,-0.74,8.9,2.66,0.78,-2.09,6.42,3.29,4.53,7.57,-1.3,12.59,13.34,8.11,18.66,7.81,3.96,12.04,10.3,8.5,6.76,0.39,17.6,1.95
1998-11,6.45,3.86,4.65,5.47,8.89,0.25,14.54,8.46,0.57,5.14,6.91,5.57,5.86,4.12,5.53,8.37,3.32,4.48,-2.43,-0.6,2.67,3.65,4.84,9.81,1.25,-5.12,-8.35,3.97,5.79,0.19,1.02,3.35,15.96,3.92,8.63,14.82,13.22,1.75,5.77,8.64,2.71,1.66,10.73,3.29,5.33,5.17,4.54,11.15,-1.64
1998-12,-6.37,-1.8,-3.37,-0.72,-3.54,-17.73,-1.08,9.55,4.93,3.88,1.43,8.68,4.22,-4.94,2.84,4.15,2.41,13.63,-1.14,-4.18,-0.08,11.31,3.35,-7.09,3.63,-15.54,-5.71,1.77,22.04,-2.1,2.48,14.01,4.16,7.38,15.76,17.17,13.29,0.64,-0.79,1.82,3.4,4.05,10.13,6.89,3.58,1.53,3.33,1.81,4.32
1999-01,2.0,-4.57,-4.69,-2.0,-12.58,0.73,8.82,-0.33,-2.39,5.49,-17.24,1.59,0.63,-5.57,2.09,-7.5,10.25,6.5,3.35,0.2,5.54,1.91,7.46,0.25,-3.22,-14.84,-1.2,-3.36,18.67,-5.94,-6.6,8.78,-9.41,2.44,15.83,18.66,11.1,3.4,-3.73,2.01,0.52,-1.05,2.97,1.48,-0.69,-3.15,0.34,12.14,-6.89
1999-02,-11.9,-3.54,-11.19,-1.67,-16.35,4.44,4.48,-0.27,-1.71,0.96,-11.63,-5.07,0.94,0.76,-5.71,-8.94,-7.38,-5.94,-5.66,-13.42,-3.61,-4.74,-5.78,3.85,-1.89,4.71,-3.08,-1.63,5.86,-3.94,-3.98,-3.24,-12.49,-6.33,-14.38,-11.02,-11.6,-5.02,-1.81,-2.39,-1.55,-6.29,-1.35,6.76,-0.78,2.6,-9.01,0.16,-0.34
1999-03,27.89,-5.43,-3.69,-2.1,-9.56,1.85,-6.25,2.99,4.38,0.7,-2.52,5.47,1.86,3.16,-1.01,-7.16,5.46,5.13,-2.96,-3.24,2.44,8.63,-1.32,4.1,2.46,-0.26,-4.68,2.33,29.39,14.28,-2.07,-1.11,0.68,2.72,5.33,14.26,4.6,-1.7,0.28,6.54,2.56,-3.62,3.07,3.17,1.37,1.98,-3.44,9.4,-3.01
1999-04,2.28,0.43,10.84,4.68,-0.28,12.87,3.29,5.12,3.81,8.14,19.53,0.23,-7.59,21.64,19.11,8.11,0.66,15.51,29.87,25.15,15.84,-2.77,8.96,14.69,9.51,13.57,25.55,18.89,22.54,15.08,6.98,7.38,5.67,2.97,3.57,-4.68,8.08,11.38,22.69,2.78,11.36,4.92,-0.88,-1.14,7.64,2.08,6.22,7.66,18.37
1999-05,-1.58,3.59,4.2,-0.95,9.66,-5.09,-5.83,-1.9,-3.33,-2.94,2.37,-1.69,-2.69,-6.32,0.81,2.14,-2.42,0.45,-7.72,7.97,-2.56,-2.92,-5.34,-2.34,-1.66,-3.9,-22.55,-5.08,-12.56,-3.01,6.39,0.32,-1.94,-2.88,1.28,-2.54,-2.62,2.05,-4.67,-3.08,-5.25,2.3,-3.82,-7.25,-6.61,0.05,2.55,-2.96,0.53
1999-06,2.29,1.17,-14.78,-4.75,4.41,-1.55,6.15,3.97,0.76,1.34,-3.97,4.18,4.41,2.22,2.75,3.07,-6.66,-10.02,8.4,11.64,9.06,9.97,-1.86,6.23,6.85,-6.86,7.42,8.41,-23.42,-0.95,-4.89,5.48,3.52,5.75,10.11,9.25,15.79,10.11,1.71,13.16,0.59,5.64,8.66,3.39,4.18,-0.57,0.93,1.82,6.97
1999-07,-2.88,-4.51,-0.62,-0.12,-7.29,-7.03,-6.85,-1.05,-1.35,-9.46,-8.8,-0.07,-5.26,-0.48,-3.24,-3.64,-0.78,-6.04,-1.51,-7.2,-1.75,-3.14,-8.05,-0.33,-2.21,-5.27,-6.6,-9.45,-11.09,1.78,-0.96,-2.1,-7.35,-4.54,1.17,-7.01,3.37,-0.97,0.88,-7.37,-2.57,-0.88,-6.53,-2.9,-6.02,-2.98,-6.84,-12.12,-23.95
1999-08,-2.63,-1.91,-7.23,-4.25,0.17,-8.26,-0.73,-10.25,2.24,-12.04,-4.78,-1.03,4.36,-6.13,-7.85,-9.07,-2.3,-8.25,-0.86,-10.5,-2.21,1.89,3.8,-2.16,-6.25,2.33,6.83,-3.26,11.12,1.21,0.19,-8.64,-10.66,-4.02,7.53,2.64,8.28,-0.08,-3.96,-7.33,-8.66,-5.04,-6.69,-4.47,-5.39,-5.41,-8.72,-6.16,-10.52
1999-09,-3.89,-3.88,-17.3,-15.39,-7.44,-6.96,-2.6,1.17,-10.39,3.51,-8.94,-8.99,-7.19,-5.8,-4.18,-13.93,-11.95,-2.03,-2.94,-2.45,-1.85,4.18,-7.11,-7.04,-1.65,-10.45,21.28,-4.27,-11.51,-4.08,-4.67,4.26,-7.91,3.05,-2.45,3.03,-4.09,0.82,-3.21,-9.5,-6.87,-5.59,2.13,1.7,-4.06,-11.1,-0.18,-4.53,-6.46
1999-10,2.43,9.15,8.27,16.07,-25.35,-11.72,2.47,11.0,11.31,0.13,2.43,-4.1,12.59,1.82,-6.24,2.01,1.27,-6.72,0.66,-11.73,2.18,11.8,2.39,0.54,-8.4,-31.28,-13.35,1.21,24.46,-2.94,1.77,7.91,-4.79,2.2,0.45,2.11,5.6,-2.42,4.42,1.65,7.37,-6.8,5.58,-4.9,14.51,13.08,-5.84,11.34,-1.39
1999-11,-8.56,-6.76,-12.4,8.5,3.14,7.48,5.41,-8.95,-0.09,-10.08,10.31,6.34,0.25,-0.98,2.52,1.79,2.48,2.12,6.99,-3.7,-0.09,-3.77,-3.83,-4.88,-4.26,-0.64,3.63,-1.35,-1.8,3.67,-7.72,4.25,0.16,4.38,17.57,11.57,10.87,6.65,-1.0,-2.43,-5.47,4.13,3.7,4.39,-6.03,-3.9,0.82,4.77,-3.79
1999-12,-6.36,-6.31,-5.2,-9.27,-10.76,-2.67,7.84,13.02,3.28,3.36,5.82,-1.49,-7.05,6.12,3.18,2.11,3.24,3.65,21.96,1.67,11.26,16.89,2.86,3.57,-1.54,6.51,-1.68,10.59,19.38,-0.67,-2.81,4.09,-0.45,17.41,18.04,25.69,15.32,16.48,6.77,3.41,-0.76,7.53,7.77,-7.56,-5.63,1.21,-0.17,10.43,11.67
2000-01,-3.56,-10.83,20.05,-2.7,-9.18,-14.13,4.23,-0.93,-6.98,-12.24,-0.07,8.45,7.37,-9.66,-8.99,-8.0,-11.73,-8.05,-2.74,-1.84,-0.96,-12.88,-1.59,-9.51,-11.17,-13.14,-16.12,-2.37,40.34,-1.7,5.13,-4.26,-8.71,-8.01,-3.45,-10.66,-0.77,9.31,-8.89,-13.46,-9.74,8.38,-14.7,-7.73,-2.94,-7.81,-0.67,-7.23,-0.19
2000-02,6.42,-7.57,-9.08,-12.09,-4.43,-0.02,-3.76,-0.72,-12.11,-11.0,-18.94,6.11,-3.47,-7.83,5.2,-6.43,-8.04,1.24,6.83,0.34,8.9,-1.15,-9.15,-7.68,-6.23,-6.36,4.96,-9.21,-3.88,-6.24,-7.5,-4.12,-8.91,0.19,20.7,10.45,26.13,20.96,-12.05,-13.15,-5.73,1.01,-4.59,-12.47,-11.74,-13.54,1.58,6.34,-1.91
2000-03,3.92,9.89,-0.86,-0.29,4.74,7.36,10.63,12.18,-15.23,24.47,20.25,0.27,-1.3,12.0,-5.65,4.74,11.42,14.29,3.0,5.61,5.52,16.51,9.45,9.47,12.08,12.62,-2.64,8.07,-7.7,13.29,5.42,7.8,10.09,0.11,7.41,1.24,3.93,0.72,7.81,12.29,12.22,6.78,13.94,15.62,14.62,22.79,3.63,14.31,-2.38
2000-04,-6.29,-5.57,-1.07,3.23,3.37,-0.33,3.99,-8.14,4.22,3.19,8.34,0.59,5.01,-4.3,1.33,5.91,0.67,1.34,-1.51,-3.66,4.67,0.19,11.27,3.9,12.98,18.9,1.98,-7.26,-15.82,-1.76,6.96,-8.79,0.25,-4.67,-6.47,-19.49,-5.54,-4.73,-0.98,-8.72,2.98,-3.69,-5.96,3.26,-3.31,-0.48,-2.87,-11.7,8.73
2000-05,-1.62,16.86,-7.83,11.4,18.96,0.62,0.84,-6.93,2.4,-5.87,-6.59,-1.51,4.32,-0.45,-5.32,-4.46,-8.08,-4.52,-4.99,-10.04,-10.38,-0.26,-15.49,-1.42,0.19,-0.63,1.73,0.61,-13.26,10.52,3.46,-10.47,-7.5,-3.4,-15.42,-10.73,-9.65,-8.99,-2.37,-3.0,-4.14,0.95,-3.63,-4.75,7.46,5.75,-3.68,-7.22,9.98
2000-06,-0.18,1.37,0.93,5.68,2.64,-2.08,-1.38,-0.69,-3.32,-8.14,9.76,0.41,11.99,-6.77,2.32,-9.33,-2.23,-0.78,15.68,-1.16,0.68,0.28,-12.5,-10.27,-8.91,-3.62,-3.31,-7.48,14.41,-6.57,-5.08,3.59,0.6,2.43,17.36,13.46,8.02,11.1,-6.48,-3.36,-2.26,-2.61,-2.38,-4.34,-10.29,-3.17,-1.83,14.09,2.62
2000-07,-4.91,-2.26,12.87,6.09,-4.87,-10.38,-1.65,-2.0,-2.88,5.08,11.15,0.63,-8.6,0.38,0.3,4.07,-2.61,-2.92,-6.68,6.13,-6.86,-0.46,4.42,6.62,7.17,11.46,-19.68,-0.95,10.9,-3.18,3.39,-7.22,3.47,-2.81,0.53,-9.51,-5.91,-12.44,4.4,-0.28,9.22,3.78,-2.44,-2.49,7.88,8.92,2.52,7.96,-2.09
2000-08,-1.49,-3.45,-2.7,-11.45,18.54,1.48,5.12,1.69,3.35,2.54,6.23,6.3,2.41,2.15,1.81,-3.87,2.72,13.93,24.55,18.95,8.65,6.8,5.44,9.8,9.52,0.95,3.39,4.1,17.44,8.24,11.16,-1.99,11.29,1.7,12.82,11.93,11.88,18.32,1.58,1.08,-3.34,9.86,-5.79,-1.21,9.73,3.77,-0.56,18.11,13.19
2000-09,3.9,5.48,-10.43,4.95,0.44,-0.27,-9.98,0.1,-1.98,-1.14,9.99,-1.99,3.58,-4.0,-11.31,5.4,-4.43,-2.99,-12.78,-12.7,-16.95,-11.12,-5.65,7.92,0.41,14.62,-8.42,-7.21,-14.24,4.11,8.29,-4.96,-2.82,-3.41,-12.79,-10.09,-24.65,-9.57,-5.51,-12.65,-3.42,3.13,1.94,1.11,3.31,6.92,-1.9,-8.03,-1.73
2000-10,-10.89,5.53,12.86,8.39,22.24,6.26,-4.87,-2.86,8.97,3.34,5.62,-1.85,1.75,2.02,-13.86,-3.35,6.19,3.41,-12.71,-4.15,-5.43,-11.49,2.36,13.75,12.31,7.89,-20.87,2.71,6.6,-3.4,-2.23,-0.73,-5.34,-0.85,-5.91,-9.59,-8.23,-7.06,10.47,0.2,7.46,-3.13,-2.64,3.7,-1.69,3.57,-0.87,-6.2,-5.92
2000-11,-1.58,3.1,14.99,3.68,3.56,-7.17,-13.82,-6.41,-0.26,3.67,4.49,-0.96,0.17,0.41,-0.2,-1.33,-3.84,-0.38,-16.16,-3.84,-10.54,-10.04,-13.87,-2.04,5.62,-4.42,16.11,0.45,8.79,-3.06,2.45,-17.04,-5.71,-6.9,-24.46,-23.41,-25.88,-15.65,1.0,-15.32,0.92,-7.34,-0.74,4.57,-4.01,-1.13,1.29,-18.46,-8.9
2000-12,11.32,5.54,-5.36,-3.09,16.57,2.06,-10.39,10.35,2.54,14.09,11.4,4.99,2.29,9.6,13.39,5.28,12.12,11.1,1.39,-9.34,9.48,5.91,-0.62,-0.81,1.75,0.29,0.95,6.62,43.59,6.88,5.97,-4.77,12.56,-0.73,-14.91,-9.05,-4.47,13.09,10.15,18.26,3.68,12.34,3.83,1.91,9.25,6.25,3.09,16.19,-1.74
2001-01,4.67,-5.72,1.69,-5.26,-0.47,9.27,21.92,1.77,-4.21,2.89,-14.11,-4.85,-9.3,-5.39,11.28,8.35,-2.9,3.05,5.61,10.27,10.58,1.78,14.55,-6.13,-7.36,1.96,-1.55,2.01,-3.02,-3.97,-10.77,14.96,6.68,2.9,9.49,20.95,17.81,2.48,-4.84,6.52,5.32,-2.41,9.22,-4.31,1.33,-10.27,3.34,8.01,-4.37
2001-02,-5.33,0.71,6.94,-6.7,9.09,4.6,-8.23,-0.38,-1.54,-11.44,5.82,-0.52,-1.35,-2.24,-2.09,-2.88,0.58,-0.68,-24.22,-7.32,-9.46,-14.62,-1.03,3.82,-3.15,8.56,10.09,-1.22,22.7,-0.51,5.8,-10.68,1.45,-5.62,-34.29,-19.43,-32.0,-21.06,2.71,-6.11,-5.57,-5.16,-6.55,-0.44,-4.86,-0.69,1.54,-15.94,0.84
2001-03,2.09,-3.49,-13.86,-9.9,-0.6,-1.26,-9.85,-6.95,-9.37,-1.51,-6.42,-6.47,-9.51,-4.99,0.83,-4.77,-4.1,4.71,-8.82,2.16,-2.52,-12.3,-2.54,-9.91,-8.24,-4.49,-5.74,-1.56,18.5,-0.61,0.63,-6.42,-4.32,-10.45,-19.13,-14.87,-9.43,-19.03,-6.48,-4.11,-2.64,-6.53,-2.42,-5.42,-2.19,-2.14,-2.01,-13.35,-8.47
2001-04,-2.0,-2.39,1.94,-2.52,5.29,-0.45,16.13,4.81,1.23,6.78,4.11,-0.4,4.44,5.69,4.33,4.86,1.07,6.64,12.94,-2.3,14.98,9.3,7.08,11.07,21.66,-0.7,14.5,3.54,8.05,9.63,5.02,3.62,3.48,7.53,12.11,21.14,18.07,17.66,5.4,6.29,3.26,7.72,4.58,6.36,2.43,2.43,3.24,12.53,13.02
2001-05,7.21,2.5,-0.58,4.35,1.92,9.18,9.79,2.71,5.14,3.69,1.7,2.32,2.51,0.87,-1.09,2.15,3.28,-2.51,-0.11,-2.01,-0.5,4.15,-3.6,2.27,0.47,7.6,9.0,11.65,-14.01,-0.13,0.15,-1.95,10.27,4.3,-4.03,-0.02,-9.46,-1.66,0.91,4.13,4.63,-0.72,1.36,3.9,4.11,1.8,3.59,3.39,0.8
2001-06,3.23,-0.7,-5.63,-5.2,-0.78,2.41,-6.27,0.03,0.48,-2.17,14.75,2.34,-5.09,-3.11,0.68,4.05,0.52,-2.25,-7.58,7.31,-5.11,-8.35,4.33,-15.77,-0.29,-3.25,1.04,-6.42,-16.83,-7.7,-6.43,-2.96,8.05,-2.4,-2.66,4.66,-0.65,-5.55,-4.64,-1.55,-3.73,-2.32,-2.89,-3.98,0.53,1.71,3.21,-2.8,-1.03
2001-07,-0.54,3.16,-1.27,0.49,-9.49,-3.46,-8.59,-1.46,4.34,-0.21,2.08,1.15,2.08,-3.24,-7.4,9.75,-0.42,1.07,-2.61,-7.18,-2.65,-6.13,3.49,2.96,3.93,6.63,-1.03,-9.3,-16.79,-2.42,-4.14,-1.26,3.55,-3.65,-8.33,-11.72,-1.67,-5.49,5.22,6.03,-0.06,-0.1,5.13,3.53,0.5,-2.17,-1.12,-4.42,-9.93
2001-08,5.41,3.25,3.97,5.82,4.36,1.22,-1.84,-8.55,0.77,-4.82,-2.19,-1.75,-3.72,-1.52,3.12,-3.93,2.16,-7.44,-6.64,-12.17,-5.58,-2.57,-14.08,-6.64,-1.57,0.77,8.66,-1.38,6.45,-3.88,0.22,-8.95,-3.43,-4.8,-16.7,-15.36,-8.73,-5.89,-2.24,-1.14,-5.09,-4.52,-8.7,0.83,-6.35,-3.65,-0.45,-6.28,-6.02
2001-09,-8.84,-0.74,1.14,-3.5,2.62,-17.82,-17.89,-11.66,-5.28,-18.02,-1.55,-1.82,-0.74,-9.79,-8.69,-15.83,-12.9,-17.61,-22.28,-18.21,-20.16,-13.66,-18.15,-29.47,7.75,10.08,13.09,-10.75,-15.97,-6.4,-6.88,-2.63,-6.79,-12.51,-25.3,-13.99,-25.32,-18.9,-8.86,-12.76,-18.08,-8.84,-10.05,-13.7,-6.24,-0.69,-7.44,-14.47,-12.59
2001-10,-1.52,1.34,6.34,1.14,-3.04,14.53,4.45,0.08,1.0,7.37,-7.63,-1.47,2.02,3.39,10.75,5.45,4.39,4.8,2.28,4.6,10.36,0.14,-1.94,6.2,-4.95,10.3,-5.51,-3.27,29.78,4.74,1.54,-9.79,-3.19,5.63,25.17,12.23,17.3,11.93,0.73,6.32,4.85,-7.52,3.22,2.64,-1.94,-3.08,1.61,2.24,-1.98
2001-11,6.1,0.85,-4.41,-0.2,1.02,4.98,13.97,12.11,5.9,9.6,1.65,8.62,4.58,10.94,-1.01,7.07,7.02,10.48,15.57,0.76,7.79,10.45,17.21,9.17,1.29,-4.79,-11.55,11.54,-14.26,-4.29,-1.6,5.68,6.38,9.22,23.33,11.95,19.33,11.07,9.46,8.01,11.84,-3.76,12.88,5.73,6.11,5.18,4.89,11.85,6.41
2001-12,5.7,2.01,7.31,1.46,-1.88,0.47,7.93,3.08,1.68,6.9,1.64,4.51,-4.26,-1.52,6.23,12.08,6.25,13.16,-2.87,5.34,6.47,4.24,-3.56,6.78,-2.71,0.43,2.08,5.36,10.07,5.78,3.89,2.45,5.89,6.34,-7.13,2.51,-4.04,6.82,1.74,8.11,2.94,0.9,4.81,3.99,3.17,1.35,7.82,5.66,4.35
2002-01,-1.34,1.97,-8.72,-3.9,8.3,5.89,5.29,-3.8,2.54,5.25,0.81,-1.59,-2.93,-1.87,0.27,4.11,1.35,2.22,-0.4,-7.59,2.13,1.71,2.95,4.34,9.77,12.55,14.06,-2.95,-9.59,-2.93,-4.47,-7.29,2.63,-2.78,5.51,-4.68,3.22,-4.75,-0.54,8.25,6.72,3.23,1.95,6.17,-0.69,-1.91,1.21,-2.93,-7.84
2002-02,-1.18,0.75,8.0,8.04,4.91,-1.7,2.29,6.89,2.54,-0.86,-5.26,-4.92,0.4,4.67,7.83,5.59,4.56,5.23,-0.1,2.08,3.48,-0.47,5.84,9.41,1.03,6.22,11.17,1.9,-1.31,5.48,-0.49,-2.88,3.43,-0.56,-21.1,-10.1,-16.48,-1.49,5.02,6.62,1.67,-2.8,0.21,-1.45,-1.51,1.29,0.61,-5.47,2.01
2002-03,5.22,1.07,5.92,8.22,1.46,8.4,8.88,2.88,4.37,4.65,12.92,3.77,-0.92,5.0,9.75,0.59,1.88,0.72,5.91,10.05,10.2,4.97,7.36,2.9,3.75,3.27,15.02,4.58,14.77,7.51,10.16,0.23,1.93,8.51,9.39,2.58,10.0,8.28,0.9,11.01,2.85,5.14,1.4,5.33,7.84,0.96,2.69,10.43,-1.23
2002-04,4.62,0.8,7.04,4.89,3.14,2.08,4.56,-4.9,-0.06,2.74,8.43,-3.09,-9.64,-4.99,0.32,9.48,2.31,8.05,-7.28,1.67,-2.83,-1.57,1.53,-4.63,3.46,8.48,3.95,-2.41,-6.6,-4.7,-0.57,-12.91,-1.77,-5.75,-9.12,-16.15,-8.25,-11.21,2.14,0.83,-6.23,-0.76,-2.36,3.84,-0.77,2.4,2.65,-10.45,-14.21
2002-05,3.21,1.19,11.32,-0.64,4.38,-2.86,-4.82,0.01,-0.34,-1.74,-0.71,0.48,-3.04,1.94,2.85,-0.09,-0.41,-4.96,0.22,-14.58,-4.61,3.34,0.49,0.07,1.98,-1.29,10.95,4.06,5.44,-0.94,-7.06,2.86,-0.94,-1.99,0.02,-5.29,-3.73,-7.07,0.63,-3.72,-0.25,-5.28,-1.41,-0.16,0.7,-1.85,-1.87,-1.5,-1.58
2002-06,-5.49,-2.93,-3.17,-0.37,-22.22,-3.87,-8.61,-5.8,-3.07,-1.76,-4.93,-8.92,-10.23,-1.09,0.2,-5.36,-3.77,2.0,-5.31,1.76,-7.61,-7.01,-9.59,-1.53,5.53,9.57,-14.53,-6.54,-6.26,-0.07,-5.94,-14.53,1.2,-12.19,-11.53,-4.56,-24.28,-10.3,-2.72,-4.82,-1.01,-6.2,-5.25,-4.42,-5.45,-3.83,-3.3,-4.63,-6.16
2002-07,-8.18,-8.93,-15.71,-7.44,3.77,-11.0,-15.6,-5.38,-2.57,-10.17,-8.38,-5.76,-1.83,-9.4,-15.46,-23.01,-8.02,-18.05,-20.54,-29.06,-14.37,-9.27,-12.66,-5.29,-22.66,-7.69,-8.54,-11.1,-30.35,-11.8,-12.29,-11.82,-6.37,-11.72,-6.91,-10.79,-9.49,-14.44,-5.79,-12.97,-8.51,-10.69,-12.14,-9.55,-7.51,-5.54,-7.66,-10.18,6.95
2002-08,-5.67,-1.95,10.83,2.26,8.77,4.21,5.0,3.65,1.62,-1.24,-3.98,1.03,0.87,1.72,7.41,-2.59,-3.0,0.44,-4.97,-0.8,-0.93,-0.07,-1.61,-11.03,-2.8,-0.25,17.17,-0.22,9.74,0.44,3.26,0.06,3.66,-0.47,0.57,1.97,-6.58,-6.54,-1.46,4.84,-2.27,4.38,1.77,-4.06,3.12,-0.55,2.12,4.3,-4.83
2002-09,-2.65,-4.27,-6.06,-5.7,-21.67,-10.89,-4.24,-3.61,-2.7,-6.17,1.99,-2.41,-7.42,-11.29,-10.48,-6.72,-10.73,-7.81,-18.6,-11.74,-10.11,-9.88,-13.43,-12.06,2.76,1.82,-3.96,-11.89,-8.28,-7.99,-11.02,-9.99,-2.75,-10.56,-19.25,-16.26,-17.72,-9.49,-10.94,-4.4,-6.52,-6.5,-9.63,-13.77,-11.18,-8.13,-4.0,-14.35,-16.47
2002-10,-3.18,7.9,12.56,-0.57,4.78,1.51,12.86,6.42,3.0,9.51,-14.7,2.42,8.23,5.5,-0.58,3.79,3.29,2.51,6.28,-8.97,9.81,5.19,-8.72,0.24,-2.25,-10.86,-10.04,-8.1,4.02,3.0,-0.75,21.8,-1.22,7.43,17.56,23.78,15.49,7.91,4.22,1.25,4.37,5.27,6.32,-0.5,7.92,4.77,-1.36,10.3,2.38
2002-11,9.29,0.05,-3.0,-3.19,-6.69,11.63,8.97,-1.71,-2.06,5.16,-10.59,4.38,4.73,9.34,1.87,11.94,5.59,2.81,18.08,9.87,12.01,11.15,17.37,7.79,3.67,-9.05,-4.95,13.58,10.21,2.83,1.46,11.69,-2.02,6.75,20.95,12.13,22.75,16.3,7.45,10.18,3.53,-3.45,2.8,5.55,2.25,1.53,2.16,13.45,7.5
2002-12,-2.06,0.45,-4.34,-3.3,8.86,-6.7,-14.46,-1.3,-0.14,-4.94,-1.74,-0.37,-5.03,-4.38,-2.35,-5.02,-1.78,-3.13,-10.38,-5.05,-9.34,-4.6,-7.85,-2.95,-2.78,9.88,24.25,1.14,12.0,0.63,3.72,-9.62,1.62,-3.56,-11.94,-10.63,-20.5,-9.38,-5.46,-3.33,-1.11,-2.79,-8.14,-5.74,-3.48,-3.88,1.93,-11.01,-8.72
2003-01,-1.78,-4.32,-0.23,-5.94,-6.29,1.63,-10.01,1.24,-2.76,-4.49,0.4,-0.82,-0.76,-6.01,-6.84,-4.9,-5.66,2.47,-4.88,-7.66,-5.88,-4.79,-3.09,-1.0,-15.6,-11.67,-0.92,-1.42,-14.34,-2.49,-3.31,-4.21,-1.78,-4.11,-0.16,-1.53,-1.23,-5.41,-0.91,-8.92,-5.23,-2.37,-5.2,-6.03,-0.63,-3.29,-2.2,-3.53,-4.5
2003-02,-5.87,-4.81,-8.11,-0.91,1.21,2.49,-3.35,-4.58,-2.85,-3.21,-3.68,2.47,-2.74,-4.25,-0.73,-4.25,0.12,-0.03,2.19,-5.15,1.77,-0.18,-5.98,-8.49,-9.92,-10.26,-5.97,-7.73,14.51,1.76,-4.07,-6.54,-0.74,-4.87,2.68,-0.63,4.35,-0.49,-1.46,-3.85,-3.51,-3.54,-0.61,-4.92,-2.2,-6.33,-0.56,-1.76,2.66
2003-03,3.78,0.85,-12.69,0.95,-19.97,3.55,-0.47,-2.26,6.37,5.6,2.16,-1.47,4.71,3.32,1.1,-1.57,0.25,2.51,-3.36,-5.38,-1.92,-4.56,-3.78,-5.52,-5.81,4.39,-4.64,-1.26,-3.6,1.44,4.21,-0.53,5.29,1.78,-2.83,0.25,-2.2,-1.16,0.47,2.61,4.24,-0.61,5.41,5.08,-1.07,2.17,1.94,1.42,5.19
2003-04,-1.6,3.96,7.54,2.08,2.6,4.22,17.21,8.04,3.32,7.44,-7.81,5.25,4.81,9.84,8.45,12.54,5.33,13.53,10.12,7.76,8.63,9.95,18.72,8.51,11.68,4.63,3.41,8.43,2.18,-0.6,7.13,11.16,7.26,7.8,11.09,7.95,9.98,10.48,3.09,2.1,10.71,5.98,9.63,9.41,11.11,10.41,6.36,12.69,14.53
2003-05,12.18,5.41,-1.77,10.13,32.44,2.36,7.69,5.92,2.79,3.92,9.62,6.1,3.05,0.73,-0.67,3.77,7.96,16.61,13.05,8.7,6.06,5.73,3.61,11.94,7.63,-6.78,9.58,13.91,25.42,8.41,10.07,6.23,4.26,7.53,13.29,5.52,14.47,11.71,2.71,2.09,4.61,6.84,2.43,8.32,5.72,3.9,8.89,8.83,-0.7
2003-06,-0.37,0.85,-2.49,0.71,10.82,-2.62,6.46,-1.85,-2.67,-0.51,-3.64,2.93,4.81,-1.26,0.95,-2.49,-0.82,1.67,2.05,-4.2,2.44,-0.78,2.5,6.02,7.92,2.49,9.23,4.52,0.61,-1.09,0.96,1.99,5.03,1.36,2.18,0.41,-1.93,1.96,0.75,4.45,-0.13,4.21,2.7,6.63,0.85,-0.5,1.96,1.52,0.56
2003-07,2.05,0.13,1.07,-1.91,-11.32,4.21,-1.53,-1.46,0.69,3.6,10.45,5.4,-1.08,7.82,-4.43,13.59,2.22,-2.67,6.85,10.34,9.94,6.44,6.18,3.1,10.52,9.59,12.35,9.97,-12.62,-2.59,-5.5,-1.78,7.58,3.25,6.41,2.29,10.67,7.87,5.17,-0.26,1.92,-1.36,4.26,2.25,3.57,4.78,3.05,7.15,-0.31
2003-08,2.63,-0.59,7.88,-2.13,2.34,3.3,4.73,0.7,1.11,4.89,4.04,-0.7,-3.76,1.63,2.45,6.6,4.91,6.84,4.57,1.39,7.62,6.5,8.64,7.8,8.63,-2.22,10.16,7.41,7.45,6.11,1.85,1.19,3.02,3.57,1.04,3.48,14.24,7.28,3.66,3.06,1.03,3.09,7.84,0.67,-0.44,-1.72,3.09,1.35,4.0
2003-09,0.78,2.03,-3.55,-1.64,8.06,-0.91,-3.38,-0.23,2.09,-1.41,-1.24,-0.11,0.39,-6.11,-8.33,-3.51,-2.11,3.67,-3.24,1.06,-7.97,-4.5,-5.15,-6.6,-8.22,-9.46,-1.46,2.37,-2.41,-2.26,3.76,-5.6,-0.11,-2.9,-0.31,1.55,-4.37,-4.63,-2.27,-1.78,-1.49,0.46,-5.88,1.91,1.14,-0.79,1.65,0.4,0.72
2003-10,11.22,3.77,6.02,5.64,6.09,12.03,3.18,7.66,4.31,12.16,5.64,3.44,-0.07,6.55,6.11,3.34,7.35,16.5,19.14,1.19,12.74,9.99,9.25,11.93,6.31,1.54,11.95,15.27,9.69,1.49,1.44,6.76,3.59,4.99,9.99,3.02,15.99,10.1,8.13,4.56,9.22,4.57,9.78,6.86,7.46,4.79,4.57,9.28,-1.39
2003-11,5.96,2.16,3.14,2.28,11.35,1.6,5.72,1.72,-0.96,3.4,7.21,3.43,1.0,2.95,0.38,-0.89,2.54,5.89,3.49,2.8,3.93,7.23,3.65,0.02,-2.52,-0.39,11.67,7.44,1.51,0.57,0.88,-0.7,7.62,2.4,1.83,-0.09,3.75,3.82,1.02,-0.68,-1.3,4.32,-0.52,3.84,0.8,1.68,3.94,-0.61,-0.04
2003-12,4.7,1.2,5.76,6.56,5.62,-0.34,6.97,2.86,2.18,0.82,1.1,4.47,6.15,9.32,3.94,1.01,7.25,-0.12,10.57,9.39,3.37,5.96,14.64,10.62,12.05,11.66,1.77,5.42,26.4,13.39,5.78,7.49,-3.36,4.45,2.31,4.46,-1.85,3.07,8.75,10.51,1.3,3.04,-3.25,-0.49,3.23,5.81,2.7,4.16,8.08
2004-01,-2.99,0.95,5.54,-2.96,1.99,-0.13,0.19,0.85,2.08,-2.08,4.53,6.28,2.23,-2.0,4.51,1.26,-0.85,-4.84,-0.02,6.87,-1.67,-0.91,-2.68,2.5,1.51,-4.52,-13.78,-5.27,-7.45,0.24,1.84,1.58,9.79,1.58,4.82,4.13,4.21,9.16,-3.66,-1.19,-4.07,2.93,-0.27,0.53,2.53,4.82,5.4,3.56,6.8
2004-02,2.12,6.31,5.7,2.51,3.82,3.67,0.97,0.99,2.92,5.45,-3.01,-0.33,1.38,2.6,2.98,10.44,4.66,10.56,6.31,2.37,0.4,-3.3,-1.3,-0.91,-0.1,-3.25,5.39,6.89,7.08,4.46,2.05,-0.48,-2.76,-1.01,-4.61,-3.69,-1.18,-4.08,3.22,6.56,0.14,2.32,6.66,7.17,2.12,4.26,2.86,2.91,-2.16
2004-03,4.19,1.34,3.95,-0.28,-4.15,-3.15,2.11,-0.23,1.41,2.97,-3.05,0.89,-5.12,-1.75,-4.68,-2.2,2.57,4.86,-4.57,-7.65,1.16,0.64,-2.16,-5.07,-3.4,-0.77,6.91,-2.68,6.87,-0.15,1.05,-2.12,5.63,1.48,0.0,-2.99,-4.71,-1.01,0.61,-0.24,-0.55,1.83,-0.2,0.71,-0.47,-0.89,1.91,-2.36,-5.1
2004-04,0.19,2.97,4.65,0.3,1.77,-6.34,-1.76,-0.15,2.13,-1.65,1.25,2.66,3.77,-0.71,-0.51,-3.88,-0.4,-11.33,-8.8,-2.98,-2.65,-2.55,3.59,1.78,5.96,3.83,-21.18,-12.9,2.84,2.58,-3.65,-0.51,0.51,1.0,-8.94,-1.44,-7.95,-5.91,1.46,-2.44,0.09,0.84,-3.29,-1.09,-5.48,-0.56,-4.75,-8.27,-1.91
2004-05,1.15,-1.8,2.08,2.2,-12.66,2.88,0.5,0.34,1.47,0.36,-1.01,-0.29,-0.48,0.55,1.06,-4.66,2.5,1.29,5.79,-1.44,2.12,0.63,-2.87,0.73,1.6,3.76,6.37,3.2,6.59,0.42,1.2,-3.02,1.24,0.45,4.96,2.68,8.74,3.73,0.23,4.93,1.95,0.1,0.68,-3.01,2.48,0.03,-0.67,0.49,3.46
2004-06,3.49,2.01,4.54,-0.32,6.03,3.23,3.43,-2.66,2.12,4.26,3.55,3.03,-1.71,5.36,4.09,2.71,2.31,-0.11,9.34,12.32,5.87,6.54,5.61,9.65,4.72,5.68,-3.2,4.31,13.73,5.28,1.95,0.72,-4.75,0.94,3.71,4.57,-1.28,6.29,4.93,6.64,6.27,2.73,-0.42,-0.66,0.63,0.46,4.44,-0.57,4.88
2004-07,-5.06,-4.03,-20.5,-10.14,-3.85,-5.73,-6.8,-4.48,-5.29,-5.26,-6.25,-7.04,-5.77,-3.41,-7.42,-1.88,-4.75,-1.95,-0.29,-6.83,-6.31,-7.37,-3.76,1.11,-0.85,-0.54,2.79,2.35,-1.6,3.3,0.96,-1.1,-7.8,-4.41,-7.63,-6.84,-12.19,-11.47,-5.61,-3.02,-4.64,-11.46,-3.57,2.51,-1.17,-3.21,0.78,-6.52,0.43
2004-08,1.79,-0.21,-0.01,1.77,3.11,1.17,-1.81,0.17,4.56,-0.11,-0.07,-1.09,2.26,2.9,1.17,1.1,3.95,3.82,-0.34,0.06,-2.55,0.96,-3.51,0.28,-1.91,0.18,9.36,3.61,-5.13,-1.44,3.56,1.06,-4.0,-3.22,-5.61,-2.85,-6.78,-4.67,0.03,-0.01,-0.94,-2.56,-0.92,-2.7,3.93,0.84,6.55,3.1,-1.06
2004-09,2.87,-0.8,-4.17,-8.06,-2.63,8.02,3.97,0.99,-2.99,2.66,1.14,6.11,-3.46,4.37,-1.62,3.41,2.73,7.99,7.86,-1.45,5.97,1.97,1.98,-0.33,5.15,4.61,4.44,7.31,8.67,8.71,1.27,1.22,0.9,3.82,1.87,4.52,2.51,2.98,-0.43,3.72,2.92,-0.14,2.78,4.71,-0.76,1.22,2.02,1.34,1.82
2004-10,2.37,3.31,6.72,0.97,2.84,0.17,2.99,2.45,-3.71,4.96,-0.41,-2.66,-2.68,0.21,3.56,6.22,0.57,0.85,-3.69,-1.89,-1.07,2.65,-4.43,-3.01,0.62,-1.45,3.52,-7.46,-0.23,0.54,4.13,3.2,-2.15,1.7,4.52,5.14,6.06,5.59,-4.04,3.31,6.82,2.61,3.2,2.84,2.18,-5.15,3.79,4.71,0.56
2004-11,0.37,3.45,0.8,-0.85,17.16,6.49,6.84,1.73,3.91,3.9,8.24,1.13,-0.25,8.61,8.09,4.92,6.04,7.28,12.9,13.26,7.54,7.91,7.92,6.51,7.29,12.2,-0.78,7.89,25.55,6.16,4.74,3.48,11.16,4.58,7.21,6.47,3.57,3.65,5.25,10.39,5.53,8.25,2.32,7.28,2.79,7.95,5.89,5.55,2.91
2004-12,4.19,5.29,-0.89,4.2,7.22,4.68,8.08,1.05,3.96,5.45,4.12,4.62,5.85,2.63,3.71,4.04,2.75,10.57,-1.78,7.36,2.98,3.8,4.86,0.92,-2.92,-6.9,-6.97,1.91,-3.18,-2.47,2.32,4.02,2.89,2.95,3.97,3.02,2.09,2.91,3.36,4.15,4.03,5.79,2.91,4.92,3.37,4.6,13.0,5.39,4.12
2005-01,-2.97,0.23,2.92,-0.83,4.25,-2.34,-5.23,-3.46,-1.42,-2.72,1.77,-0.25,-5.76,-1.61,-8.12,-3.48,3.04,2.93,-0.53,-5.39,-5.27,-0.51,-8.17,-1.1,-2.62,0.39,-6.64,0.95,4.39,2.83,1.6,-4.4,-1.34,-3.47,-4.86,-6.94,-7.84,-4.61,-3.35,-4.28,-7.04,-2.89,-1.1,0.21,-3.18,-0.96,2.04,-0.65,-0.77
2005-02,2.77,-1.19,-0.53,1.31,3.0,-0.14,-1.27,-0.25,-0.14,1.93,4.28,1.19,2.38,8.11,2.34,0.65,-0.52,9.1,9.61,2.7,6.09,2.83,-0.5,4.59,1.58,1.74,7.88,10.36,14.04,19.41,2.2,-0.6,-2.44,0.75,-0.99,-2.37,3.83,2.1,1.47,9.58,2.32,2.96,-0.09,0.97,-1.69,2.43,7.71,-0.68,-0.88
2005-03,0.61,-1.57,-0.51,-1.2,0.11,-6.65,-0.13,-1.38,-0.8,-1.29,6.32,-5.08,-0.19,-2.25,0.12,-6.63,-1.0,-7.31,-7.76,-3.89,-3.12,-2.65,-8.76,2.23,1.64,2.34,-6.16,-4.82,-3.79,-3.65,0.4,-0.25,-0.51,-0.66,-1.25,-2.99,-3.36,-6.64,-0.58,-2.2,-1.18,-2.01,0.5,0.08,-3.36,-4.55,-4.55,-1.4,0.24
2005-04,-1.47,-0.27,1.07,2.0,-1.59,-11.69,-3.85,-3.22,-2.78,-7.51,0.56,2.8,4.29,-7.66,-4.97,-6.14,-0.83,-3.66,-9.92,-7.0,-5.61,-8.14,-11.39,-0.63,-3.45,-1.3,-10.66,-9.6,-6.29,-5.79,1.92,-2.21,-3.21,-3.85,-6.66,-5.1,-2.61,-5.66,-8.45,-5.14,-6.5,-2.9,-5.87,-6.05,0.18,-2.1,-1.23,-4.61,-0.79
2005-05,4.56,1.7,3.64,2.17,2.86,3.04,4.33,-1.45,1.45,6.39,1.72,0.23,1.45,-0.02,5.6,5.66,2.32,10.02,-0.05,-1.57,5.51,7.1,9.99,5.3,3.61,6.82,-1.65,5.48,10.1,1.71,1.42,1.26,4.76,1.95,10.34,5.91,10.27,8.6,0.47,-0.19,4.87,4.03,6.43,7.86,2.25,5.69,8.96,1.13,0.65
2005-06,-0.85,-2.68,1.95,-4.17,-2.47,1.65,-1.35,-0.93,-2.79,5.58,3.27,-1.81,-0.96,-1.19,1.16,1.42,-0.89,8.66,-2.93,1.37,0.34,-3.09,2.68,-0.37,1.94,-0.53,4.64,6.49,7.07,5.52,5.33,-0.04,4.38,2.64,-1.34,-2.95,-1.38,-1.62,-3.38,-3.63,-3.33,1.27,2.81,-2.69,0.69,3.74,6.32,5.68,-3.18
2005-07,4.3,1.9,4.04,1.42,3.54,2.75,3.38,2.4,3.2,3.04,-4.49,6.11,3.63,4.39,2.36,2.57,7.88,10.92,12.91,11.02,10.13,6.43,7.32,1.5,6.32,-2.43,-4.12,10.14,20.68,5.3,2.74,2.89,1.44,5.08,2.92,5.2,9.03,8.5,4.91,4.5,7.89,4.97,5.79,4.31,0.28,3.0,-1.57,4.5,-0.45
2005-08,-4.31,-2.17,-2.47,0.2,4.17,2.43,-1.7,1.09,-1.37,-4.26,-0.36,0.11,-0.82,-6.35,-6.44,-2.5,-1.7,-3.7,-1.08,-3.7,0.93,0.09,-4.44,-0.32,-0.42,-0.3,4.42,1.26,8.47,5.43,0.95,-1.5,-1.17,-0.64,-2.97,0.48,-0.95,0.78,-3.89,0.73,-3.76,-1.69,-6.9,-5.12,-2.01,-1.2,-3.87,-1.48,-2.36
2005-09,1.29,1.72,-8.61,0.25,4.45,-3.88,-1.94,-3.99,1.24,-2.14,-1.39,-4.41,-1.73,-2.14,-1.7,-4.86,3.93,0.83,2.79,-0.17,-0.48,1.98,-5.47,0.7,4.29,-2.56,19.09,10.44,9.2,6.91,4.09,-1.76,-6.74,0.88,1.91,-0.33,0.82,-0.71,0.42,-5.55,3.51,-0.37,-2.49,-0.56,-1.76,4.06,-1.7,6.52,0.12
2005-10,-4.74,-3.28,-1.22,0.25,1.46,-7.44,-3.85,-6.56,-3.55,-2.57,-4.83,-1.76,-3.86,2.06,0.11,-4.34,-4.08,-11.24,-4.6,-1.36,-4.93,-4.18,-8.13,-5.07,-3.07,-1.85,-10.34,-3.26,-10.01,-10.44,-7.12,-3.3,-0.03,-0.58,-1.82,1.09,-6.82,-3.77,0.62,-1.21,2.3,-2.26,1.92,-0.11,2.57,1.78,-8.68,2.99,0.95
2005-11,-3.84,-0.96,4.34,1.23,-2.91,5.97,4.94,2.34,2.79,5.94,5.03,2.05,0.73,3.11,3.71,4.88,3.0,6.98,12.6,-0.18,6.82,6.13,-1.39,5.35,-0.98,0.74,8.31,6.25,0.35,0.71,-0.53,2.33,3.2,4.16,2.38,5.35,10.5,7.82,7.17,7.33,7.17,4.24,3.37,6.52,4.13,4.38,2.9,4.02,4.56
2005-12,-0.63,-0.27,-0.65,-2.43,3.95,-1.45,-1.33,-2.4,1.23,-0.56,-1.89,0.82,2.79,0.26,1.61,0.58,-0.24,-0.74,3.35,-3.02,0.37,-0.95,-1.83,2.75,0.3,4.07,14.39,2.34,1.2,0.09,0.92,-2.05,-3.71,-0.45,0.01,-2.99,-3.0,-1.97,1.3,-0.39,1.45,0.74,-1.38,0.68,0.02,-0.22,-0.66,0.42,-1.1
2006-01,2.32,1.18,3.07,-1.09,-2.68,6.62,3.24,0.23,2.31,2.13,0.32,2.76,1.74,2.89,3.63,-3.4,7.28,10.45,14.58,9.02,11.24,6.23,4.68,1.08,4.67,6.02,16.27,17.1,14.79,12.13,2.68,3.51,-0.52,3.12,4.58,2.8,4.12,5.42,-3.37,-0.32,4.58,6.56,0.35,3.99,0.19,-1.39,-0.31,9.42,-3.2
2006-02,0.32,1.28,0.08,1.6,-0.38,0.68,0.69,1.13,0.76,-0.1,0.39,-2.39,1.55,-0.63,2.85,3.07,2.26,-7.72,-3.3,2.13,-1.2,2.89,-2.65,4.54,5.66,6.69,-13.2,-6.08,-8.87,-8.48,-0.11,2.96,-1.18,1.25,1.44,-3.82,-0.74,2.18,0.79,-0.72,0.8,1.22,0.94,1.79,1.67,0.17,1.69,1.8,0.28
2006-03,4.29,2.26,6.53,-0.1,-0.29,3.78,2.99,-0.57,-0.77,3.0,-1.62,-1.57,-1.31,0.94,2.84,-2.38,3.94,1.73,11.77,3.64,2.79,4.72,1.95,3.43,2.59,2.9,-0.14,11.01,5.44,3.58,-4.02,1.43,3.42,2.03,2.16,2.62,2.83,2.35,2.85,1.28,4.29,3.5,1.86,1.97,-0.07,-0.71,7.39,2.92,4.89
2006-04,-2.04,1.93,0.28,0.61,3.07,-8.05,3.27,-3.55,1.09,-1.52,-1.6,-0.94,-2.59,2.57,2.64,0.79,1.06,-1.7,7.29,6.83,5.56,0.4,-1.44,4.95,4.08,0.72,11.16,5.02,20.42,3.69,1.46,1.11,1.47,0.49,-2.27,-3.11,0.64,1.18,6.84,-3.98,0.03,-3.57,-1.71,-0.52,4.76,-1.08,0.09,0.66,-0.58
2006-05,-6.28,3.17,3.05,3.19,-1.52,-2.88,1.32,-2.75,-4.63,-5.87,-0.41,-4.77,-2.33,-2.69,-3.58,0.94,-7.65,-9.86,-5.06,-2.69,-4.11,-4.71,2.13,-1.31,-3.89,-4.57,-12.16,-11.92,-2.07,-3.96,1.08,-0.43,-4.14,-4.47,-6.05,-7.07,-9.43,-5.47,-2.79,-4.38,-2.08,-2.56,-1.83,-4.14,-3.11,-3.99,-8.51,-7.26,-0.35
2006-06,-0.2,-1.09,2.65,-1.21,2.75,0.83,0.34,-0.58,0.48,-0.64,-0.33,-4.64,0.39,-1.51,-1.35,1.07,-4.02,-3.94,2.5,-6.48,-1.28,0.89,1.39,-1.05,1.59,-1.6,0.98,0.64,-6.46,2.66,2.02,2.55,-1.04,-0.47,-3.38,0.37,-4.02,-2.16,-3.7,0.41,3.94,-1.58,0.07,1.24,-1.1,-0.53,1.3,-0.49,-2.54
2006-07,2.45,1.09,2.91,4.05,8.71,-4.27,-7.89,-1.08,0.02,-3.48,1.0,4.08,3.89,-4.71,0.12,-3.52,-8.81,-7.05,-4.52,2.39,-6.4,-6.53,-4.15,-3.89,-2.28,9.13,-3.57,-1.89,-12.99,5.27,4.43,2.04,-4.22,-5.32,-3.78,-2.83,-6.39,-2.95,-6.05,0.62,-11.88,-2.4,-5.14,-6.46,1.78,-0.09,-6.38,0.38,-1.2
2006-08,9.63,1.79,-4.03,1.83,3.79,3.32,1.91,2.57,6.33,3.77,5.05,0.76,1.88,3.45,4.31,0.95,1.95,0.82,-3.01,-6.92,-1.08,0.98,2.7,-1.39,0.73,2.91,1.05,2.67,-10.84,-3.47,1.86,1.86,-1.57,2.62,11.63,5.18,7.66,3.16,1.9,3.55,-1.63,1.19,1.96,2.55,0.42,3.32,-6.45,0.01,3.62
2006-09,-1.68,0.11,-1.6,-0.54,-6.79,4.67,4.42,0.69,1.29,8.68,-2.23,-1.07,1.91,2.05,3.55,1.51,0.61,-3.96,-0.34,2.82,-0.26,3.05,2.92,3.23,3.96,3.87,-16.1,-2.05,-15.46,-3.92,-2.53,3.25,2.05,1.78,3.72,4.47,1.85,0.45,1.56,2.06,3.72,0.98,5.9,6.76,2.52,1.63,-0.66,8.98,2.55
2006-10,-4.95,1.53,-6.25,0.02,4.99,12.28,7.85,5.88,2.8,7.63,-4.86,3.46,1.37,5.36,5.59,-0.15,3.89,5.41,10.35,11.78,2.6,4.51,3.48,2.81,1.29,0.43,5.55,9.54,14.09,4.57,4.95,4.79,-1.11,4.3,4.31,6.39,-1.33,6.16,4.44,5.06,5.79,4.32,2.76,7.29,0.92,0.45,6.23,5.93,2.37
2006-11,7.55,-0.25,-0.75,-0.88,3.13,0.54,4.78,1.35,0.04,3.83,2.27,1.55,-0.99,2.4,3.52,3.25,4.33,7.23,8.41,-2.14,3.81,1.59,0.58,4.0,4.54,3.61,4.1,8.38,5.43,8.23,2.64,0.21,3.64,1.57,7.2,1.75,1.18,0.86,1.88,5.27,1.68,1.91,-2.68,1.33,-0.47,1.98,2.92,1.17,0.65
2006-12,6.71,0.03,2.18,2.03,2.64,-1.69,4.47,1.43,0.86,-0.24,2.49,2.28,-1.03,0.66,1.21,-1.87,1.69,-2.68,-3.02,1.91,-0.35,-0.94,1.12,-0.11,-1.9,0.93,-3.9,-2.93,-13.06,-2.07,0.33,3.93,0.24,1.04,-1.04,-0.89,-3.23,1.27,0.36,2.82,-2.63,-0.76,1.36,1.76,3.75,3.07,1.81,2.56,4.01
2007-01,3.73,0.09,2.77,1.21,0.98,1.07,6.22,-1.52,1.59,2.57,0.57,5.17,2.76,3.3,-1.21,7.21,4.6,0.7,9.28,-5.69,0.94,3.08,5.68,3.49,4.47,4.98,-1.7,10.67,1.07,-1.84,0.04,2.29,6.81,1.83,0.34,2.82,0.95,1.42,0.27,5.88,3.96,3.58,3.52,0.59,-0.7,-1.3,10.92,3.59,-2.26
2007-02,-2.76,-0.17,-3.78,-3.02,-3.61,2.3,-5.61,-0.33,-1.81,1.19,2.58,-3.24,-3.64,1.73,1.19,4.69,1.79,-3.79,1.57,-5.97,2.24,-1.92,0.56,-2.02,-1.73,0.35,0.44,9.44,1.55,-2.59,3.78,-3.16,-1.26,-0.67,-3.96,-4.43,0.33,-1.05,0.98,1.95,-1.05,-0.34,-0.83,-1.96,-3.15,-0.2,1.6,-6.69,-3.31
2007-03,4.04,2.33,4.21,2.06,4.49,-0.03,-0.57,-2.4,-1.36,0.27,-1.02,0.03,-0.82,1.62,2.09,-4.25,-4.51,-4.87,5.6,-0.65,2.18,-0.69,2.07,0.15,-0.25,-0.36,-5.98,4.7,1.97,5.56,3.9,1.88,-1.25,-0.12,0.84,1.05,-1.42,2.17,0.59,2.17,-0.78,2.32,-0.01,0.72,-1.56,0.08,1.04,0.13,1.09
2007-04,5.94,2.84,4.8,4.41,2.29,8.97,0.38,1.64,3.16,1.14,2.7,3.47,7.3,1.38,2.91,8.1,3.19,3.84,2.93,7.47,6.16,5.85,5.39,6.35,3.37,-0.82,-1.21,7.12,13.96,4.48,3.48,1.3,2.99,4.0,4.55,3.51,5.55,2.24,4.59,8.12,2.55,0.97,1.71,1.96,2.37,3.38,2.7,5.68,2.54
2007-05,3.4,-0.03,4.49,3.0,2.2,-0.72,1.25,6.04,-1.34,4.54,1.91,0.69,0.65,4.63,1.19,9.33,5.48,7.88,10.08,5.96,5.39,7.1,3.58,6.41,2.31,2.64,-3.84,8.97,12.87,6.58,0.78,6.9,5.59,5.91,5.95,3.06,1.87,2.64,3.73,4.72,4.36,2.57,1.55,3.22,1.66,3.13,4.73,3.39,1.75
2007-06,6.32,-1.48,-0.06,-2.46,-0.47,-5.35,-1.86,-3.55,-3.54,-0.93,-1.32,-1.83,-4.4,1.53,-5.05,-0.31,-3.02,-7.77,-3.73,6.22,1.18,-1.57,4.7,-1.95,-3.38,-3.37,-3.36,2.09,-8.96,0.71,-5.22,-2.2,1.54,-1.92,1.16,-1.72,2.37,1.11,-1.25,-0.88,-2.71,-2.11,-2.17,-4.45,-4.19,-3.53,-7.15,-4.46,0.88
2007-07,-3.73,-5.2,-2.37,-1.56,-5.35,-7.45,-1.39,-8.71,-0.69,-4.95,-5.79,-2.32,-4.83,-1.12,-7.12,-4.15,-4.78,-7.72,-5.0,-1.79,0.84,-0.21,-8.27,4.32,-1.33,3.96,5.94,7.03,-14.21,-1.18,-4.13,-3.51,-7.27,-5.13,2.26,-2.62,-2.5,-0.57,-2.73,-2.26,-1.69,-5.2,-5.94,-2.35,-7.69,-8.07,-10.0,-7.82,-0.16
2007-08,6.95,1.39,4.94,3.02,3.64,-4.56,3.81,-6.59,1.98,-3.19,-0.51,2.0,2.05,1.68,-1.65,-3.07,-1.56,-3.96,-2.77,-4.87,0.89,0.79,-1.91,-1.99,-2.2,0.84,-0.81,-5.37,-1.48,-0.16,1.42,-1.28,0.24,-1.3,5.4,1.45,1.85,1.42,-0.75,-0.11,-2.39,1.44,0.89,2.21,2.46,1.57,-4.81,-3.02,2.09
2007-09,20.26,1.78,7.6,6.52,0.91,-5.07,11.71,-1.93,5.34,2.0,3.01,4.41,2.94,4.87,2.13,-5.65,-0.61,-2.99,7.26,3.48,4.35,4.33,5.72,7.64,4.45,8.27,7.34,14.51,13.29,7.39,3.16,1.73,2.97,-0.2,3.73,4.72,2.86,4.84,1.52,0.02,-0.34,0.71,-2.09,2.44,-0.19,2.47,-0.77,5.83,4.87
2007-10,13.29,-2.25,11.02,3.84,4.24,-3.23,-0.12,-0.66,0.95,-1.82,-2.0,-2.06,2.06,2.96,3.27,5.22,2.21,6.81,2.41,3.15,-1.52,-0.57,0.2,-2.24,5.9,0.18,12.4,10.08,18.86,2.09,6.24,-2.5,8.85,3.55,6.98,10.64,0.66,3.28,0.31,2.86,2.09,2.35,-0.44,4.37,-4.04,-2.37,-0.97,6.05,2.67
2007-11,0.57,1.13,-7.96,1.8,6.18,-7.74,-8.64,-9.12,3.29,-8.57,-0.66,-1.04,-0.15,-4.73,-7.22,-6.38,-6.85,-12.26,-6.96,-6.7,-3.03,3.33,-13.73,-3.79,-5.71,0.43,-1.56,-14.14,3.58,-4.9,-1.05,-6.59,-7.93,-7.08,-11.06,-7.96,-5.74,-3.27,-6.47,-3.53,-4.31,-7.7,-3.13,-5.36,-8.64,-1.3,-12.18,-8.53,-3.08
2007-12,11.37,-0.35,-2.1,-1.3,-2.47,-5.05,-4.44,-1.84,-1.51,-7.59,-0.75,0.5,-5.52,3.96,-2.08,-6.4,-3.46,2.73,1.92,2.01,2.96,0.34,-2.93,0.02,-0.08,-5.1,-1.69,-1.09,13.54,7.25,0.63,-0.52,-6.5,-1.54,-0.25,2.56,0.78,-0.39,-1.04,3.53,-3.98,-0.83,-3.32,-4.71,-8.02,-0.04,-8.38,-1.43,-1.44
2008-01,-0.72,-8.02,-13.83,-8.09,-0.82,-4.28,-9.48,-6.98,-8.7,-0.2,-7.06,-3.66,-4.95,-5.98,-4.71,1.16,-3.13,-1.45,-10.05,-13.38,-10.06,-10.77,-4.81,-7.94,-3.61,1.08,9.08,-10.24,-3.4,-9.5,-7.14,-7.99,-1.29,-7.56,-17.26,-10.35,-12.43,-11.58,-4.93,-2.19,2.92,-4.3,1.39,-6.58,3.76,-6.43,-0.1,-5.96,-4.66
2008-02,2.69,2.91,2.83,1.01,-3.04,-8.15,-5.93,-9.94,-0.06,-4.66,-3.66,0.44,-1.26,4.05,-3.98,-1.95,-7.86,-3.78,8.02,14.37,3.07,-1.31,-6.98,-2.51,-2.72,-3.96,-3.55,14.31,8.57,6.75,-3.16,-3.98,-13.63,-1.48,-0.88,-6.32,-3.42,1.54,-4.28,0.83,-4.46,-2.22,-5.96,-0.59,-12.19,-8.16,-6.17,-12.24,-2.15
2008-03,-3.93,2.06,-2.26,3.59,-0.42,3.13,-2.94,-5.97,3.38,3.18,-4.61,-1.1,-1.99,-1.95,3.06,-0.98,3.78,0.46,0.06,1.65,-0.85,0.18,-4.06,-4.77,1.03,-3.89,-10.87,-6.45,-7.82,-2.9,0.64,-0.22,-6.92,-2.18,0.31,0.99,0.33,-0.2,-1.11,2.09,2.8,-2.36,2.37,2.81,-1.81,-6.58,0.55,-6.47,4.04
2008-04,2.55,3.54,-3.38,-2.89,-9.66,5.07,-1.9,2.25,-3.72,2.41,6.44,1.48,-0.43,9.23,-1.36,8.01,3.79,3.76,6.3,14.98,9.32,2.4,13.67,9.18,8.62,6.04,-4.1,13.53,20.88,10.11,6.21,4.44,13.97,3.71,7.08,6.28,6.96,3.15,-1.86,4.33,6.19,0.94,5.5,4.51,5.38,3.57,-0.42,8.47,-6.41
2008-05,10.75,0.62,-8.1,1.26,9.94,3.78,-1.44,0.22,-0.13,3.38,-0.1,-0.14,1.95,2.99,0.69,-2.47,3.6,4.65,9.07,5.43,5.68,11.04,-3.15,-0.65,3.43,2.75,6.01,3.42,23.42,3.41,3.41,4.61,0.32,2.84,6.22,5.04,5.94,5.53,1.35,5.26,3.57,6.76,0.21,-1.42,-6.5,-1.37,0.34,-3.67,-2.15
2008-06,-1.84,-9.87,-13.68,-5.22,-6.37,-10.2,-21.16,-11.92,-8.09,-12.67,-7.98,-1.62,-3.26,-4.67,-12.44,-15.28,-13.89,-9.4,-5.97,7.51,-6.39,-12.35,-23.04,-18.26,-9.4,-9.95,8.51,-1.95,20.97,1.86,-0.58,-11.09,-9.65,-7.03,-10.76,-7.98,-10.47,-4.42,-12.99,-15.79,-10.61,-7.42,-8.34,-10.17,-21.08,-14.67,-15.73,-13.63,-11.34
2008-07,-5.06,6.03,-1.38,2.45,3.44,9.57,-2.52,-4.66,7.86,-3.94,3.7,3.68,7.39,-0.77,4.99,-10.56,-0.68,-2.81,-11.83,4.26,-5.31,-0.35,-3.86,-0.4,7.35,4.9,-7.35,-14.98,-23.09,-15.43,-7.25,-3.24,8.75,0.26,-1.13,-2.14,0.98,2.47,4.29,3.17,5.95,1.17,0.61,1.42,11.76,2.19,-6.15,2.72,0.33
2008-08,-3.76,-0.61,7.48,1.05,3.2,-3.88,5.66,3.36,5.79,8.66,5.19,3.35,1.09,-2.9,7.06,14.32,4.43,3.76,-6.91,-5.33,0.19,-1.48,-0.02,3.64,2.69,11.43,-9.87,-4.84,-6.32,0.13,-0.59,3.87,2.34,3.74,4.06,1.44,1.93,0.95,2.68,4.05,1.55,3.03,6.02,3.9,-0.31,1.77,5.92,-0.66,0.33
2008-09,-13.06,-1.73,0.57,1.72,-6.23,-5.38,-17.12,-13.76,-0.57,-1.1,-6.82,-7.22,-5.82,-18.68,-9.6,-5.46,-8.11,-15.0,-31.13,-28.31,-21.1,-15.97,-10.91,-14.02,-19.71,-6.39,-14.89,-28.64,-38.21,-11.08,-11.99,-12.76,-8.4,-9.89,-15.89,-8.33,-17.53,-11.58,-4.04,-17.15,-9.85,-10.24,-5.34,-4.93,2.97,-12.87,-6.62,-15.77,-2.38
2008-10,-11.1,-8.77,-22.58,-16.73,-6.63,-23.34,-32.32,-24.68,-13.44,-22.04,-18.99,-19.4,-8.9,-21.32,-19.01,-28.17,-32.1,-26.34,-32.49,-28.77,-29.86,-24.79,-36.51,-14.5,-21.13,-21.76,-33.68,-34.94,-29.39,-16.46,-11.2,-15.61,-7.33,-23.41,-17.02,-18.27,-17.16,-23.21,-18.41,-19.68,-10.78,-20.98,-14.61,-12.59,-15.33,-26.96,-36.77,-26.09,-18.29
2008-11,-10.74,-7.43,-14.63,5.51,-7.36,-11.64,-24.48,-10.77,-2.48,-14.33,-13.6,-18.93,-4.91,-16.06,-5.07,-27.96,-2.12,-4.16,-12.27,-18.5,-8.12,-0.16,-6.23,-11.88,-13.54,-8.36,26.05,-4.95,-29.32,0.91,1.23,-1.61,-2.89,-4.38,-9.76,-10.79,-14.44,-8.6,-4.3,-6.9,-10.3,-11.48,-7.61,-6.46,-17.2,-6.1,-27.54,-14.97,-10.66
2008-12,-9.72,2.55,18.12,-1.67,1.36,13.0,8.38,-3.22,-2.08,3.7,7.47,6.19,6.79,-2.36,-0.3,13.08,1.2,8.43,16.66,-4.34,3.09,5.6,-3.01,7.46,10.59,8.96,21.97,11.27,-4.32,-2.4,-2.04,3.47,3.26,3.18,-1.23,2.59,5.64,-2.45,-8.36,12.19,-1.61,6.46,3.54,11.12,-4.32,12.65,8.98,4.44,-4.06
2009-01,7.17,-0.3,-7.41,-7.38,-6.63,-14.11,-12.69,-10.68,-10.85,-11.8,-3.63,2.73,-2.91,-6.5,-14.89,-25.21,-16.08,-11.77,-16.63,-9.33,-9.83,-11.94,-9.95,-4.37,-4.56,-2.85,-2.52,-11.67,2.13,-3.64,-0.84,-10.32,-0.1,-7.74,-3.18,-2.94,-3.41,-0.48,-9.95,-10.17,-15.81,-1.42,-8.65,-7.76,-27.33,-14.63,-6.88,-9.48,-15.23
2009-02,-0.52,-11.06,-3.21,-4.75,-8.56,-14.22,-15.59,-13.23,-11.09,-8.48,-10.08,-12.51,-10.58,-8.27,-20.9,-28.68,-17.24,-12.2,-18.82,-20.25,-12.85,-15.34,-10.2,-18.13,-21.98,-20.84,4.11,-0.52,-4.97,-12.67,-12.53,-6.96,-10.98,-7.32,-7.37,-2.73,-6.48,-8.65,-14.5,-4.23,-12.35,-8.65,-1.22,-7.47,-16.25,-19.89,-24.66,-3.94,-18.69
2009-03,8.87,0.94,14.93,7.07,7.31,5.24,8.94,8.21,0.51,15.67,2.01,4.52,8.13,16.46,5.92,29.79,10.34,15.21,12.11,5.51,11.68,7.71,11.94,6.64,-3.36,8.24,8.58,19.13,0.25,4.02,2.8,7.93,4.21,9.23,14.13,9.8,13.99,6.83,7.98,6.44,8.14,4.15,11.32,9.08,15.41,10.95,0.17,19.45,11.01
2009-04,3.1,3.43,28.6,-1.45,2.21,23.1,40.95,30.56,8.64,21.63,15.65,6.54,-3.13,17.08,32.08,59.17,34.58,14.69,25.88,39.5,19.63,22.7,49.45,15.17,28.53,13.98,-8.39,9.77,15.21,4.31,2.08,9.64,-4.86,12.39,17.53,10.65,12.52,9.34,23.39,12.64,15.15,15.07,9.39,9.16,19.9,13.44,65.09,14.31,15.64
2009-05,-2.97,7.69,0.95,9.49,12.62,2.66,8.72,-0.28,4.56,3.03,3.98,5.42,6.5,6.98,2.35,-7.06,-3.88,0.0,9.7,8.26,4.27,-1.74,-3.28,9.41,7.24,6.81,21.33,16.34,35.19,9.94,4.64,1.05,-0.87,0.47,0.6,4.05,3.25,3.5,3.27,6.68,2.22,4.89,-2.97,5.79,10.35,8.24,0.15,12.11,3.25
2009-06,-8.09,2.61,-1.42,1.59,1.2,-2.3,-4.66,-1.45,0.68,-3.19,3.72,4.65,3.39,-6.82,0.19,-7.79,-3.28,-0.19,3.34,0.14,-2.5,1.44,5.1,-3.7,-2.83,-3.48,-16.54,-5.16,-12.1,-4.59,4.63,1.64,14.05,1.47,6.17,4.7,2.78,5.42,4.03,2.57,0.71,-0.65,-0.01,-3.15,-3.19,-1.52,1.19,1.28,-5.45
2009-07,12.08,7.14,6.84,3.7,7.45,10.9,15.78,15.85,10.21,11.91,6.57,2.35,6.02,17.0,19.04,36.15,17.73,10.64,3.75,5.81,15.01,12.73,16.38,5.4,13.66,-6.47,2.2,17.27,15.46,5.07,4.4,5.53,1.31,6.39,12.75,5.33,9.09,6.53,15.84,11.78,11.27,9.07,7.23,2.33,8.84,9.55,9.76,6.91,10.47
2009-08,-0.18,-0.05,6.13,-0.74,0.32,4.91,11.09,7.01,-0.79,3.45,3.01,5.29,1.56,1.8,7.01,1.64,6.16,6.29,3.63,7.93,1.69,2.27,1.69,11.12,12.68,1.21,-1.96,5.1,1.27,0.76,0.24,0.72,3.28,2.39,2.59,2.48,1.93,1.17,5.06,0.45,3.62,4.66,3.87,3.13,12.17,10.81,14.17,2.52,3.48
2009-09,-6.69,2.11,6.04,7.73,4.54,3.95,12.55,-2.65,6.41,12.42,3.49,2.17,2.08,6.86,6.62,1.15,1.7,-3.26,6.44,9.44,8.71,7.33,2.55,5.6,8.74,4.02,11.87,9.39,16.26,4.8,2.23,6.48,6.29,4.56,7.77,4.95,2.68,6.84,2.05,5.91,3.65,4.03,2.1,3.56,0.01,-0.02,7.22,7.29,8.08
2009-10,-12.38,1.1,-4.05,0.98,-0.28,1.73,-13.0,-0.79,0.66,-2.67,-2.92,-5.44,-3.11,-4.03,-4.2,-6.63,-4.77,-9.02,-12.11,-9.13,-0.05,-5.78,-2.54,-4.35,-7.1,-10.51,-1.58,2.34,-0.02,2.55,-2.71,-3.98,-10.61,-3.7,-1.57,1.73,-6.71,-3.38,-0.56,-5.41,-5.6,-2.8,0.87,-3.04,-5.76,-4.24,-10.25,-3.77,-6.9
2009-11,18.12,2.0,0.34,5.27,2.17,4.22,9.22,3.22,7.26,1.7,3.92,9.95,7.96,9.78,4.04,3.01,4.85,-4.1,7.51,3.65,6.01,5.86,11.02,9.39,5.5,12.1,24.06,12.2,10.58,3.0,4.58,6.84,3.69,5.0,3.5,5.32,5.72,3.77,9.17,0.5,11.99,4.48,4.58,7.8,5.56,5.21,10.0,1.68,6.41
2009-12,1.94,3.05,5.56,-0.73,3.26,3.64,-1.53,16.77,-2.0,4.53,7.14,3.69,1.87,2.35,1.92,11.01,6.99,6.23,15.69,2.99,3.83,5.18,6.38,3.51,5.47,-1.39,-11.71,-1.85,7.29,-0.78,5.86,6.41,7.34,5.52,5.16,5.41,8.29,6.03,4.02,5.55,4.76,5.06,1.31,2.68,-1.11,2.91,11.38,0.92,-2.19
2010-01,-6.68,0.47,-2.42,-3.7,-3.32,-2.17,3.65,3.69,0.79,-3.23,-3.77,-0.35,0.34,-3.97,-7.41,-8.48,-2.93,-0.17,-12.49,-7.02,-6.54,-4.79,0.96,0.88,-9.13,-1.51,-11.15,-16.23,-7.26,-4.76,-4.45,-6.77,-3.34,-3.33,-7.63,-7.74,-9.31,-5.39,-5.01,-8.64,-4.34,-2.5,-1.92,-0.94,1.19,0.74,-3.68,-7.74,7.96
2010-02,-6.6,3.02,13.67,0.25,4.39,14.24,2.6,-3.19,3.53,6.5,2.2,2.19,-0.15,5.43,6.54,15.71,4.06,2.02,4.48,8.11,8.35,10.47,6.76,3.97,5.2,5.36,14.34,12.83,10.64,2.31,-0.42,2.76,1.31,2.0,7.13,3.46,5.16,6.81,2.16,7.91,6.76,5.94,4.32,4.47,2.19,3.6,7.34,3.95,2.43
2010-03,2.03,4.21,5.6,6.12,6.1,6.43,15.05,5.41,2.0,11.55,7.07,4.43,3.19,7.3,4.67,8.03,8.38,5.94,11.98,1.55,6.37,7.07,8.82,10.9,17.77,6.07,3.83,10.9,1.94,3.23,3.11,7.62,6.77,6.47,8.99,4.71,7.7,7.6,5.9,6.06,7.99,5.98,6.17,8.46,8.48,8.42,13.66,7.29,6.59
2010-04,-10.21,0.07,-1.72,-1.78,-2.47,-0.95,16.35,1.72,1.17,4.35,2.56,0.35,-3.13,3.05,8.6,11.41,11.5,9.57,-2.95,6.38,6.01,4.5,4.72,2.21,22.13,1.61,10.79,-3.83,-1.98,4.29,2.84,3.4,3.0,2.38,5.27,0.37,1.56,6.49,4.62,1.83,3.53,3.19,1.82,7.44,3.03,-1.55,5.8,-1.03,0.4
2010-05,-18.22,-3.92,-0.2,-3.9,-7.67,-5.52,-7.87,-10.41,-4.23,-5.98,-3.78,-8.48,-8.33,-10.08,-4.91,-9.76,-10.62,-10.73,-7.49,-9.48,-10.35,-10.13,-10.05,-9.62,-11.34,-6.35,-5.17,-5.97,-15.13,-10.07,-6.31,-5.86,-7.62,-6.63,-7.38,-8.38,-7.56,-7.0,-9.02,-8.52,-5.76,-4.04,-5.86,-5.25,-10.71,-5.96,-12.04,-8.48,-10.04
2010-06,-8.56,-1.32,-0.72,-1.67,3.3,-3.94,-10.83,-7.55,-3.21,-9.38,-7.41,-3.48,-0.76,-7.9,-8.83,-14.62,-11.94,-13.41,-13.31,-5.55,-5.46,-7.13,-9.84,-5.68,-17.12,-6.93,13.26,-12.77,-9.35,-6.17,-0.72,-3.85,-12.51,-6.47,-5.16,-6.34,-7.46,-5.71,-2.62,-0.54,-7.55,-5.24,-10.61,-5.41,-7.37,-4.74,-12.94,-10.42,-0.17
2010-07,18.83,2.92,6.7,8.35,10.73,2.06,9.5,5.6,4.07,8.28,-5.34,0.31,3.1,14.73,8.11,6.48,8.86,6.85,8.25,9.7,14.18,13.58,15.98,10.28,12.54,1.39,-8.92,17.0,14.04,7.44,6.8,9.58,7.72,6.12,6.15,8.6,7.68,1.24,7.76,7.51,10.75,3.2,4.64,7.08,5.82,5.68,14.18,10.22,4.19
2010-08,-9.25,1.08,-0.41,-0.03,0.01,-2.32,-1.0,-10.56,-3.84,-7.5,-4.43,-8.15,-0.09,-0.43,-2.3,-5.54,-5.45,-7.23,-8.77,-9.32,-8.22,-7.09,-10.5,-8.2,-9.62,-6.49,11.63,-2.04,-6.22,-3.34,0.35,-2.0,-19.77,-6.65,-9.42,-3.71,-8.59,-6.02,-6.46,-4.14,-5.01,-7.51,-4.2,0.36,-10.4,-4.31,-7.01,-7.95,-4.09
2010-09,-5.73,2.41,4.18,4.95,9.76,10.7,15.34,13.96,3.78,17.72,12.39,11.73,8.22,9.92,9.57,13.35,10.74,9.67,12.15,14.5,16.01,14.17,13.61,10.09,19.4,3.91,4.64,14.2,13.48,9.03,3.64,7.87,18.64,11.55,13.77,11.16,13.53,15.38,9.68,6.01,10.19,9.82,13.63,7.49,6.27,8.7,12.63,8.06,8.35
2010-10,19.56,3.82,8.95,1.86,5.34,2.13,15.62,6.86,4.39,3.42,3.03,0.24,2.21,8.34,2.08,3.21,4.79,-1.95,4.65,9.9,4.52,4.97,9.88,6.07,1.44,0.54,-2.29,13.15,6.84,4.47,1.85,4.55,-7.21,3.65,5.05,8.82,3.72,6.02,3.07,5.94,5.51,4.9,1.3,6.0,0.0,1.89,-1.8,7.59,-1.85
2010-11,0.84,-2.73,0.92,1.95,-3.91,9.14,7.03,-1.88,-2.53,9.09,1.52,-0.22,-4.33,0.81,3.08,-1.28,3.2,2.65,2.92,9.34,6.64,4.05,6.51,-0.52,-0.29,-3.02,0.81,3.97,14.56,5.13,-1.37,-1.9,0.15,1.42,-1.39,-2.74,3.34,2.48,0.49,-0.71,2.3,0.18,4.96,4.12,0.06,-0.79,0.11,-0.82,-0.61
2010-12,15.84,4.6,0.95,3.52,4.22,1.92,-1.25,8.37,5.68,0.9,9.13,9.42,4.32,7.53,7.2,4.12,10.52,14.51,13.26,10.83,10.4,5.62,8.66,4.08,16.35,2.91,6.02,16.61,14.45,9.17,3.22,6.58,11.47,6.53,4.16,6.91,5.36,9.56,4.62,5.72,3.11,6.78,3.45,-0.3,12.41,7.41,7.71,9.29,8.0
2011-01,5.05,-1.97,1.88,-3.6,-3.31,-6.56,3.74,2.89,-1.04,-3.54,1.71,2.46,-1.63,1.57,1.95,-3.76,2.94,6.67,3.89,7.82,5.46,3.76,0.01,5.05,2.77,11.37,-10.86,-6.37,1.75,7.17,2.17,0.04,-0.38,1.77,4.34,2.5,6.53,2.72,3.0,3.69,-0.48,2.91,-1.28,-2.77,2.57,3.12,2.21,1.51,5.35
2011-02,-1.21,6.56,3.18,0.56,8.64,6.5,1.02,2.64,1.37,8.47,6.88,4.54,2.76,4.99,3.98,7.12,3.07,-0.3,3.93,8.84,4.04,2.72,-3.04,2.8,6.73,0.26,4.81,0.0,0.12,7.96,2.41,7.39,11.13,5.21,1.67,1.56,3.92,5.84,3.15,4.27,1.3,2.88,1.39,4.12,1.5,5.11,8.61,2.99,5.03
2011-03,0.32,1.54,4.53,3.35,6.37,1.56,-1.1,-0.14,0.12,-4.08,3.53,0.55,2.57,1.94,6.1,4.42,3.44,1.48,0.75,9.41,4.24,0.95,1.7,2.16,18.01,1.61,0.66,0.08,8.91,1.81,0.91,1.67,2.29,1.69,-3.19,-0.09,-3.21,1.91,1.75,0.45,3.13,1.42,0.5,1.94,-1.93,-0.38,1.05,-2.47,-3.04
2011-04,-4.17,5.76,5.18,3.93,5.37,4.27,6.7,0.06,5.03,8.1,1.06,5.03,6.95,4.49,4.45,4.95,0.08,0.08,0.52,-5.25,1.71,0.32,2.28,4.25,1.68,-1.05,6.24,-2.77,-2.79,1.78,4.0,3.26,1.46,1.56,1.31,3.25,4.63,4.07,1.95,0.66,3.06,4.16,5.17,1.15,-0.62,4.2,5.24,-0.73,1.39
2011-05,2.86,2.31,3.67,0.54,4.52,-0.85,-0.44,1.17,2.99,0.64,0.55,-0.18,2.62,-3.63,1.76,2.79,-1.85,-2.63,-5.3,-3.26,-5.85,-6.09,-3.35,-1.66,-6.26,-0.81,-5.81,-5.59,-5.78,-4.46,1.32,0.77,-0.81,-1.6,-2.14,-2.32,-0.9,-0.14,-0.62,5.71,-0.42,1.34,0.2,4.49,-2.83,-1.51,-3.33,-4.04,-3.99
2011-06,1.5,-1.11,4.03,0.62,-5.62,-0.62,-1.65,-0.45,-2.69,3.88,-2.88,-3.26,-1.47,-0.29,0.24,-6.46,-1.86,-4.97,-1.94,8.02,-0.57,0.2,-1.54,0.3,-2.75,2.86,-5.06,-0.67,-5.9,-2.16,-0.34,-1.38,1.87,-2.22,-3.67,-0.89,-4.17,-1.35,0.59,-6.6,-0.45,-2.02,-1.37,1.65,-2.23,-1.17,-3.46,-4.44,-2.43
2011-07,1.31,-0.22,-5.93,-2.98,2.84,-5.07,6.18,-3.04,-2.82,2.37,-9.21,-4.38,-3.03,-2.05,-5.53,-6.24,-7.51,-4.61,-6.23,-3.87,-4.67,-9.33,-9.81,-5.96,-6.05,-5.81,3.54,-0.78,0.62,0.48,-0.33,-4.98,-0.92,-3.79,4.55,0.68,-6.14,-8.22,-7.04,-4.63,-5.09,-4.53,-0.08,-0.11,-3.62,-5.2,-3.86,-2.66,-4.66
2011-08,-6.8,-1.43,2.16,2.25,0.33,-3.03,-6.14,-3.16,0.63,-5.82,-13.81,-4.84,-1.89,-8.36,-2.54,-6.97,-7.32,-10.15,-13.22,-7.0,-8.16,-7.93,-12.19,-7.19,-8.97,-1.3,9.73,-5.97,-19.61,-9.58,0.19,-5.05,-14.34,-7.12,-6.99,-6.23,-7.34,-8.31,-5.37,-8.09,-7.25,-4.07,-3.34,-0.69,-9.34,-7.87,-12.55,-11.61,-5.04
2011-09,-12.86,-3.72,-2.64,-3.84,-4.91,-9.44,-21.47,-8.0,-3.74,-5.14,-9.25,-7.74,-2.77,-15.87,-11.96,-14.35,-16.39,-15.33,-20.58,-18.14,-16.39,-13.74,-13.8,-4.37,-18.9,-4.08,-5.14,-30.72,-29.94,-11.67,-1.61,-5.72,-13.92,-8.43,-3.76,-4.03,-5.56,-10.31,-9.82,-12.78,-9.46,-8.14,-2.85,-5.37,-11.68,-8.37,-15.63,-14.53,-5.02
2011-10,21.04,3.69,2.56,1.91,7.59,16.27,15.36,8.79,4.26,16.54,11.64,6.28,4.94,18.11,13.43,14.29,23.87,19.93,18.15,24.05,22.93,18.69,23.77,10.56,29.33,5.53,7.98,27.03,28.37,15.94,6.7,7.61,18.68,13.0,11.83,11.48,12.41,11.72,10.6,13.3,15.53,13.79,9.08,10.14,13.25,13.59,16.34,13.89,9.37
2011-11,0.17,0.54,-0.81,0.51,7.16,-0.69,-3.07,0.52,0.74,-3.72,1.84,-0.56,1.66,-0.84,-0.13,-1.07,2.77,2.82,-1.46,9.61,2.11,5.78,-8.65,1.74,5.27,4.05,2.49,0.46,-6.31,2.39,1.01,0.3,-3.42,-1.04,-3.32,-1.94,-0.5,-0.93,1.22,0.16,1.42,1.15,0.82,2.42,-4.07,-0.67,0.37,-4.71,-1.67
2011-12,-4.0,1.05,2.56,3.97,3.62,-6.48,-4.31,5.0,2.15,-2.31,-1.43,1.9,4.15,0.13,0.66,0.81,-1.44,-0.28,-5.25,-8.12,-3.9,-4.47,-1.55,0.29,2.25,2.88,-12.84,-4.59,-13.66,-0.01,2.91,3.12,4.49,2.24,0.58,-2.68,-1.75,-1.78,1.16,0.58,1.15,-0.02,0.33,4.01,3.13,0.95,1.46,-1.42,3.96
2012-01,16.87,0.79,4.24,-2.32,-4.66,11.08,12.52,3.42,-1.2,9.7,4.61,6.7,2.68,11.3,8.12,7.03,6.47,9.67,12.34,4.37,12.76,10.27,13.21,4.9,4.72,2.28,5.34,18.91,1.43,1.0,-2.71,2.37,7.39,5.32,11.43,5.92,9.11,14.99,3.8,8.81,6.77,6.1,4.02,3.23,7.72,5.15,10.49,10.12,3.81
2012-02,-5.12,2.07,4.79,0.78,10.53,6.24,5.86,1.35,6.56,6.38,6.62,0.94,0.93,2.17,2.15,5.84,5.13,6.09,-2.69,8.29,4.47,1.7,4.97,4.28,7.49,7.27,-3.19,-5.86,-1.74,6.7,1.3,5.07,-3.19,3.9,11.32,5.95,3.78,2.15,3.57,4.31,-1.52,1.54,3.46,2.82,7.09,5.28,7.45,6.66,1.63
2012-03,2.96,1.52,4.23,6.06,4.94,2.95,4.23,4.07,1.56,1.59,0.02,3.55,4.33,2.89,5.7,4.51,3.1,1.43,0.65,4.14,-2.38,1.07,0.58,0.04,-2.38,1.23,-12.04,-4.58,-12.27,-3.08,1.48,2.38,-1.5,2.19,7.07,3.85,3.5,3.93,1.54,1.73,0.77,2.99,5.24,3.96,9.35,3.77,5.71,4.55,3.76
2012-04,-4.05,1.03,3.17,1.34,1.83,1.02,-2.76,-2.69,-2.09,-0.07,-0.67,0.23,0.77,1.16,-0.91,-0.15,-1.99,2.12,-4.26,-2.61,-1.61,-1.64,-7.72,0.25,-1.87,1.32,-6.18,0.44,2.42,-1.64,1.7,1.69,-3.38,-0.01,-3.39,-0.74,-3.23,-2.94,-0.45,-2.04,1.46,-0.21,1.32,0.83,-2.36,-0.82,2.84,-5.35,-1.58
2012-05,0.52,-3.3,1.58,-0.26,-3.62,-7.84,-13.23,-7.78,-4.65,-5.68,-6.24,-5.49,-2.57,-8.45,-5.03,-2.61,-5.57,-8.06,-14.58,-13.92,-11.1,-7.66,-7.4,-7.53,-10.79,-8.28,-3.69,-15.8,-23.72,-10.32,-0.89,-0.78,-10.08,-6.93,-7.23,-7.81,-9.37,-6.4,-5.14,-9.43,-2.04,-6.17,-2.07,-4.49,-9.49,-7.27,-5.99,-11.8,-2.77
2012-06,6.89,1.34,2.17,5.76,5.98,1.27,0.16,6.86,0.0,-10.41,14.49,5.92,6.5,3.13,3.68,2.2,1.73,8.13,4.78,1.89,0.01,-2.05,-4.16,2.44,8.72,5.41,4.0,8.47,2.41,5.84,3.42,7.02,3.71,5.19,1.56,4.34,2.16,0.24,2.78,1.76,3.99,2.76,3.06,-2.31,5.23,3.68,4.07,4.28,6.7
2012-07,3.27,-2.72,2.77,2.05,3.94,6.26,-12.1,0.92,3.59,2.04,-4.47,-4.16,3.23,-0.96,-3.71,-0.75,-2.54,-1.95,-1.45,-5.39,1.5,3.42,-1.16,-1.42,2.46,2.96,-8.93,-1.15,-10.94,3.07,3.5,4.15,-11.78,-0.21,2.1,-1.29,-0.43,0.65,0.91,2.53,-0.86,0.46,2.32,-3.37,-0.06,-3.2,-2.4,-1.21,0.89
2012-08,2.13,4.4,-6.99,0.27,-2.95,3.4,8.45,6.76,3.19,8.14,6.67,3.53,0.1,2.95,3.86,8.06,7.75,7.95,-1.24,9.17,4.07,3.72,4.23,3.09,-0.74,2.63,15.74,2.88,0.29,2.38,-3.47,0.96,6.23,2.16,8.26,4.17,2.19,2.83,2.2,2.93,-1.55,0.39,3.45,1.64,3.09,6.12,4.92,4.89,-0.63
2012-09,4.65,1.13,1.75,-1.05,-0.05,0.11,7.01,6.42,2.6,-0.41,8.29,5.87,4.19,1.47,5.31,5.36,4.09,6.5,3.75,3.64,1.99,-0.18,3.41,-0.9,3.96,3.38,13.65,8.59,2.05,3.83,2.1,4.85,3.97,2.51,0.25,3.17,-2.87,2.52,2.19,4.18,-2.29,0.43,1.79,3.71,4.58,1.38,3.31,4.05,6.3
2012-10,-4.85,-0.6,-2.71,-1.91,-2.53,-0.96,2.1,-0.81,1.05,-1.12,-5.15,-3.73,-1.34,-2.47,2.54,4.72,3.75,2.95,-0.78,-1.8,-0.81,1.28,6.39,0.58,2.85,0.51,-2.87,2.25,20.49,-2.21,1.08,-2.44,-2.69,-0.29,-10.69,-5.5,-3.97,-1.48,-2.83,0.92,2.96,2.57,-0.97,-4.93,1.37,2.86,-1.11,2.47,-3.86
2012-11,5.84,3.88,3.24,1.94,3.26,2.06,2.08,-2.63,1.3,3.93,3.99,0.85,1.46,3.22,1.97,4.05,4.44,-0.98,2.54,-4.97,1.67,5.47,2.77,4.08,2.01,1.9,-14.19,1.4,-11.28,-1.34,-3.8,0.05,4.37,1.36,0.77,1.19,2.02,4.06,4.29,-0.48,0.41,2.31,1.07,2.64,-0.66,-2.2,0.72,0.06,0.88
2012-12,2.99,-0.72,-3.64,-0.94,-5.6,-1.17,4.65,5.31,-1.72,-0.18,3.09,0.35,-0.97,4.42,0.17,3.52,3.23,6.17,6.54,7.14,4.13,3.69,8.33,2.38,5.45,-1.44,-0.83,-1.5,7.65,1.21,0.11,1.14,3.85,2.87,-4.2,1.57,3.0,3.47,3.57,1.99,3.14,2.12,-2.21,1.79,5.28,1.7,5.9,5.71,1.27
2013-01,7.01,7.37,2.41,5.12,5.61,2.7,15.93,5.43,8.9,2.3,9.67,10.05,7.58,4.97,11.38,9.2,7.87,11.1,4.03,4.77,8.07,7.28,1.33,2.47,9.01,-3.94,-8.53,3.83,-3.72,7.66,5.05,4.85,8.37,6.79,-6.44,5.88,3.33,7.47,5.85,4.47,8.5,6.4,5.36,5.35,4.4,6.44,5.89,13.04,7.1
2013-02,-0.41,4.84,3.54,5.08,2.2,5.87,-1.58,-8.4,3.08,1.45,0.78,-1.23,1.89,-0.88,2.29,5.65,2.29,-3.47,-2.72,8.48,-1.13,0.97,-1.03,3.63,6.36,2.81,-8.22,-7.39,-8.12,0.8,2.2,2.29,3.14,1.37,-1.12,0.83,1.95,1.56,4.57,4.92,3.61,2.03,0.56,0.79,1.26,0.68,3.19,1.57,4.31
2013-03,4.6,7.98,4.82,5.31,2.73,7.42,7.91,7.23,2.26,2.78,5.88,3.25,7.2,1.2,6.38,8.91,2.11,6.31,2.07,8.81,0.36,0.62,3.99,5.64,6.45,8.97,2.56,0.39,0.86,2.09,5.69,5.64,8.94,5.28,1.9,2.34,3.63,3.44,5.3,6.98,4.7,3.47,4.79,5.31,4.44,5.25,6.35,3.53,1.74
2013-04,1.39,1.75,4.83,3.54,4.4,4.42,4.42,-0.06,1.21,9.05,-0.44,-1.8,3.63,3.97,-0.78,1.0,-2.85,-3.24,-4.39,1.34,-1.26,-1.41,4.84,0.55,-2.86,2.54,-22.23,-6.94,-5.66,-1.33,5.13,4.32,0.18,1.4,-1.59,1.56,0.41,-1.46,-0.05,0.4,-0.13,0.2,3.26,2.58,1.25,3.69,-2.99,-0.12,0.04
2013-05,-5.06,-2.05,-5.01,-1.48,-2.97,0.63,2.63,3.77,-0.23,1.09,4.32,5.2,0.79,3.54,1.82,0.71,7.21,3.45,3.84,14.31,5.3,4.07,11.37,6.63,1.74,7.2,3.1,-0.54,0.48,3.07,-7.14,-1.76,9.01,2.96,6.28,3.77,4.76,4.98,2.49,0.67,2.83,3.87,2.39,-0.21,8.19,4.55,-0.98,8.64,5.05
2013-06,-0.98,0.8,1.1,0.9,-2.26,1.56,-5.11,1.83,-0.65,0.74,-1.3,0.2,-1.68,-4.95,-3.42,2.28,-5.93,-6.92,-4.73,-1.58,-3.52,-3.33,0.45,1.23,-1.96,2.44,-11.75,-9.02,-23.2,-2.11,0.82,1.98,-4.09,-0.64,-6.35,-2.56,-1.2,-0.44,-0.91,-0.49,-0.98,-0.55,-0.39,1.66,-0.64,1.57,-2.55,-3.1,-0.93
2013-07,1.19,5.43,0.36,2.72,1.76,-1.04,6.25,8.27,5.16,1.63,1.66,5.71,8.93,6.41,5.73,11.91,5.85,-0.57,7.04,13.96,4.37,9.71,9.71,6.88,6.82,10.58,1.2,-0.11,10.54,5.11,4.58,3.43,5.89,6.3,5.63,4.52,7.85,5.32,7.48,8.62,3.9,6.41,6.41,2.9,6.53,5.99,2.42,7.69,4.44
2013-08,-1.24,-3.67,-4.56,-3.95,-4.85,-1.37,3.59,-5.06,-2.9,-1.9,-4.19,-3.75,-3.62,-0.64,-4.06,-3.4,-4.84,-5.33,-2.85,-3.31,-0.31,-1.98,-1.22,-3.12,2.19,2.38,5.58,4.34,3.75,-1.97,-4.43,-3.29,-4.72,-2.25,-5.66,0.01,1.97,-2.53,-2.64,-2.09,-2.73,-2.51,-4.92,-2.19,-4.71,-2.69,-5.59,-5.1,-4.11
2013-09,6.17,-0.2,0.01,1.28,4.27,3.67,11.22,9.0,0.76,7.28,5.97,3.73,4.13,5.18,7.06,8.48,9.13,7.61,8.35,8.43,6.05,7.1,6.74,8.58,7.57,4.95,-11.44,4.73,2.56,1.95,1.05,4.28,2.07,6.46,1.06,5.12,1.94,6.48,3.42,-0.19,5.86,5.65,4.41,4.07,2.48,3.26,3.68,4.56,3.07
2013-10,1.04,5.27,4.69,6.33,5.36,9.86,3.33,4.98,6.33,2.49,3.83,5.7,3.16,3.88,6.51,4.42,4.05,3.08,8.24,-4.96,1.45,5.5,-0.13,5.28,6.47,5.22,-3.25,7.62,10.17,4.73,3.34,5.85,6.62,3.9,0.51,2.8,6.43,3.42,6.98,5.43,5.83,5.86,5.41,3.84,2.93,2.45,3.9,5.84,4.56
2013-11,7.47,-0.07,2.31,1.13,-2.42,3.24,3.23,1.75,3.88,6.82,2.05,1.97,5.11,1.2,1.77,4.27,3.05,2.4,1.7,0.29,1.51,3.39,1.71,4.6,7.6,7.55,-8.65,-4.97,-3.48,0.92,-1.81,0.08,2.95,3.43,0.69,3.4,4.67,2.9,5.21,-0.8,5.27,3.82,3.76,3.39,6.45,5.73,5.3,5.07,1.53
2013-12,3.08,2.88,3.4,-0.4,2.99,2.34,7.99,8.05,-1.96,0.99,-1.38,1.13,0.62,4.98,5.9,3.72,4.71,6.31,6.56,-1.0,5.35,3.23,1.63,2.86,7.28,4.05,-5.23,9.25,7.89,2.96,1.79,3.98,4.22,4.59,4.76,4.4,2.76,5.06,2.51,4.6,2.25,2.57,0.05,-0.27,2.72,1.64,4.39,4.33,3.12
2014-01,-8.03,-3.68,-7.27,-0.46,-8.33,-8.62,0.43,-6.52,-6.14,-7.64,1.64,0.92,1.95,-3.82,-5.18,-2.72,-5.46,-0.48,-5.51,-8.77,-4.42,-2.73,-2.55,-3.84,3.04,2.53,-2.79,-7.39,-7.61,-6.89,2.49,-3.81,-3.52,-5.22,1.04,0.4,-5.31,1.46,-5.01,-3.59,-1.57,-2.4,-7.64,-4.62,-3.49,-5.23,-3.1,-5.5,-7.37
2014-02,2.99,4.88,2.31,1.57,3.35,3.42,9.45,8.29,3.37,5.41,3.33,3.6,7.01,7.81,2.13,0.84,7.96,4.59,2.56,6.21,5.95,3.8,8.72,3.54,13.42,6.74,8.32,6.04,4.67,5.7,3.09,2.56,7.93,4.14,2.63,5.6,5.24,4.64,4.99,7.91,2.11,4.53,5.78,4.73,2.99,3.77,4.57,3.21,2.39
2014-03,3.71,3.19,1.66,4.8,4.1,4.48,-7.44,-0.21,1.85,-0.13,2.09,1.42,-3.41,0.65,-2.59,-0.15,-1.69,-3.49,3.63,-4.57,1.05,0.09,-1.13,-1.29,-0.22,0.91,-2.69,-0.23,-2.9,2.5,2.68,0.15,-1.39,-0.76,3.59,-2.99,2.74,-2.67,-0.53,-1.27,2.77,0.44,-1.24,1.69,3.12,2.27,-2.86,1.08,4.41
2014-04,-2.6,0.22,4.1,1.55,5.69,-1.13,-4.34,-1.7,2.88,-3.63,-1.08,-4.7,0.51,0.05,-1.05,0.42,-1.5,-4.08,0.73,-5.35,1.38,-0.83,0.14,1.3,0.91,0.61,3.23,2.91,8.95,5.64,3.98,0.39,-0.66,-1.55,-0.62,-3.42,3.26,-3.3,0.43,-1.52,1.13,-0.56,-0.82,-1.35,-4.63,-1.67,-3.14,-2.63,3.18
2014-05,9.84,5.07,0.62,3.06,3.99,-1.06,4.05,-0.49,-0.69,1.88,3.57,4.25,1.33,2.69,-0.63,2.76,0.07,0.88,-1.75,1.64,0.5,-0.51,1.76,1.72,5.43,-0.94,-8.95,-0.94,-7.32,0.97,0.01,4.11,1.86,2.52,3.85,2.47,4.98,3.25,3.09,4.09,5.44,3.5,0.25,2.36,1.67,2.96,1.26,-0.74,-0.36
2014-06,2.54,0.09,4.15,2.86,-1.19,0.67,2.16,8.86,-1.31,-0.16,3.24,3.17,2.8,0.78,3.95,7.75,2.46,1.92,4.88,11.85,5.42,3.58,4.09,-2.33,1.35,-0.89,14.67,4.95,3.87,4.13,5.43,1.54,3.28,2.66,2.01,2.28,3.97,2.84,1.66,3.51,1.36,0.98,0.98,2.64,2.77,2.63,3.74,5.18,-0.02
2014-07,-8.23,-4.78,-6.87,-2.95,-3.26,-5.72,-3.38,-1.69,-2.99,-0.73,6.19,-1.37,-0.59,-3.2,-8.35,-5.72,-7.85,-9.92,2.41,-13.62,-6.01,-6.57,-3.85,-6.06,-0.85,1.82,-3.38,2.89,-11.15,-3.46,-6.4,0.8,-3.1,-1.25,2.18,0.76,-0.36,-3.58,-3.68,-6.46,-2.13,-2.85,-1.44,-3.22,-1.69,-3.81,-3.78,-0.63,-2.65
2014-08,3.11,6.21,7.82,5.49,4.64,2.83,-2.75,2.33,5.83,3.48,4.72,1.93,6.23,4.39,5.58,10.18,6.73,7.01,6.12,-3.88,5.44,3.52,4.25,5.48,9.1,4.47,7.61,0.29,4.17,2.3,5.31,0.33,5.0,3.96,2.98,3.25,6.28,3.9,3.6,2.27,4.52,4.74,5.73,2.39,2.61,6.04,9.06,4.74,6.37
2014-09,-2.46,-2.04,2.51,0.83,2.04,-7.96,-3.74,-7.11,-0.32,4.0,-3.6,-3.41,0.57,-2.14,-2.04,-2.35,-5.36,-7.64,-4.75,-8.45,-6.77,-4.84,-10.05,-0.93,-1.72,3.99,-17.3,-9.55,-14.45,-7.77,-3.38,-1.45,-7.3,-2.46,-1.27,-0.98,-1.79,-2.43,-3.13,-5.82,0.41,-2.25,-1.36,-0.56,0.09,-1.98,-5.82,-0.25,-0.33
2014-10,3.28,2.83,-0.34,3.24,5.85,4.45,-0.32,2.51,4.13,1.44,4.42,10.61,5.26,-1.1,2.53,2.03,4.55,3.44,2.22,0.98,2.34,3.17,1.96,1.76,-6.31,3.26,-20.23,-7.45,-6.3,-4.22,6.71,1.3,2.99,6.43,-0.98,-0.07,3.66,3.43,6.57,5.42,6.34,3.46,2.83,1.3,3.6,5.09,2.57,2.53,1.43
2014-11,3.72,5.0,7.64,4.36,0.99,2.33,-1.03,1.29,3.03,8.94,-1.47,5.01,2.36,2.21,3.44,7.58,1.76,1.26,-2.33,-9.17,-1.01,-0.05,5.27,5.2,-2.72,1.11,-0.48,-0.94,3.97,-9.73,0.26,2.46,4.71,2.91,7.98,1.86,6.87,4.16,4.92,4.22,6.31,2.08,8.86,5.79,1.55,2.03,4.63,2.15,4.1
2014-12,-0.05,-1.34,-5.17,-4.38,-2.9,-2.68,-5.2,1.85,0.08,-0.68,3.48,0.28,-1.3,0.81,4.47,-0.31,1.48,-1.66,-6.66,-5.8,-0.96,-1.02,0.65,-0.36,-3.4,0.91,3.49,-7.87,-16.48,0.72,1.86,-2.05,2.76,-0.36,0.77,-0.8,-2.86,0.15,1.7,4.53,1.46,0.54,2.24,-0.57,1.97,1.87,-0.41,3.41,-0.59
2015-01,-0.87,-2.18,-1.12,0.88,3.07,-0.13,0.26,-1.96,-4.64,-3.92,-2.56,-0.02,2.16,-2.04,-0.65,2.07,-3.78,-6.39,-9.48,-14.08,-7.67,-5.47,-6.27,1.17,-2.21,-0.79,30.1,-10.18,-17.48,-4.21,1.24,-4.47,-7.08,-1.7,-8.07,-5.03,-0.53,-2.46,-2.07,-4.66,-4.45,-2.35,-0.42,0.8,-9.43,-4.42,0.36,-7.46,-4.52
2015-02,2.07,3.66,6.49,4.5,5.46,5.41,5.73,8.04,3.57,5.95,4.27,5.09,3.83,8.05,7.56,13.37,5.94,10.63,3.56,14.59,6.29,5.52,8.99,5.51,18.25,7.25,3.03,17.7,15.03,4.64,-4.36,8.92,5.53,8.07,8.09,8.27,9.12,5.34,5.98,11.19,2.85,5.03,5.79,6.82,7.98,7.78,5.82,8.51,5.44
2015-03,-5.31,2.74,-4.65,-2.08,-8.5,-4.17,-2.2,0.43,-2.33,1.18,5.04,1.33,0.52,-3.46,1.06,3.32,0.89,1.6,-2.88,2.58,-3.66,-0.51,-0.43,-1.43,0.67,2.56,-17.14,-4.97,-18.65,-2.37,-0.31,-2.12,-2.84,0.58,-7.43,-1.99,-2.78,0.11,-1.47,-3.25,-3.05,0.65,0.92,-0.25,-0.74,2.3,1.41,0.12,-2.32
2015-04,1.03,-0.26,-0.43,-0.49,6.01,9.23,3.17,-4.01,-2.37,-1.65,-1.69,-2.24,-1.44,1.18,-4.46,-5.96,-0.86,-5.47,4.08,-2.17,2.13,1.43,0.12,-2.52,-7.49,-6.86,19.21,11.45,10.79,6.63,0.28,3.63,-3.26,-1.08,4.21,3.46,-0.57,-2.92,-2.79,-1.74,-1.61,-1.29,-2.74,0.56,2.07,-1.83,-3.28,0.52,1.61
2015-05,3.37,2.66,0.19,1.98,1.58,-3.7,1.65,1.99,-0.03,-0.24,4.91,2.21,5.4,1.16,1.15,4.38,2.26,1.27,-3.73,-6.21,0.22,2.87,1.15,1.67,3.05,1.98,2.63,-6.84,-17.11,-5.05,-0.43,0.33,0.03,1.12,1.9,-0.57,4.97,4.11,1.51,0.34,-3.57,1.49,0.75,1.61,2.66,4.7,1.0,2.45,0.73
2015-06,-7.59,-1.38,-2.39,-1.67,-2.47,0.5,1.33,0.15,-0.72,3.99,5.1,0.44,0.01,-2.86,-0.53,4.1,-1.67,3.05,-5.5,6.81,-0.86,-3.45,-2.44,-2.4,-9.15,-0.86,-13.32,-4.87,-22.91,-3.65,-5.27,-0.55,-3.75,-1.12,-5.91,-2.12,-5.88,-0.52,-2.75,-4.78,-3.41,-2.53,-0.55,0.33,1.78,2.15,-2.9,-0.41,-3.42
2015-07,-2.72,3.87,6.85,3.54,9.74,-3.77,8.12,-2.71,0.73,5.78,1.84,4.53,3.48,-4.91,1.34,-0.7,1.47,0.64,-8.25,-19.3,-5.55,-4.2,-3.12,-1.92,5.13,9.17,-26.42,-10.83,-26.81,-8.9,2.65,1.52,2.31,1.06,2.81,5.63,-2.8,2.4,-0.49,0.73,3.14,-1.12,6.24,4.26,2.56,1.6,1.42,0.21,1.9
2015-08,-4.61,-4.04,-4.7,-3.09,-4.01,-4.79,-7.57,-8.42,-7.01,-3.76,-6.52,-4.53,-9.1,-7.29,-5.84,-3.07,-1.88,-2.56,-4.4,-4.55,-3.5,-8.95,-6.1,-5.07,-4.95,-1.72,-0.29,-1.61,8.09,-3.72,-4.08,-8.38,-1.31,-5.01,-7.9,-5.66,-5.53,-6.98,-6.0,-3.6,-6.51,-4.17,-5.38,-6.43,-6.37,-5.6,-9.42,-8.43,-5.17
2015-09,-11.18,-1.76,2.04,2.6,2.52,-5.43,-10.88,-5.44,-0.48,0.28,-9.82,-5.59,-6.9,-8.27,-4.24,-5.9,-7.95,-5.18,-10.67,-21.15,-9.05,-8.8,-2.52,-2.04,-9.9,1.42,-5.8,-6.06,-36.71,-5.56,-0.5,-2.5,-1.31,-2.42,-2.14,-1.0,-0.86,-4.14,-2.36,-5.0,-0.77,-5.8,-2.11,0.59,-3.24,-2.02,-4.39,-4.81,-1.28
2015-10,8.68,5.75,5.65,8.07,10.85,11.82,15.32,12.18,6.16,0.73,-4.18,5.27,8.79,16.63,5.74,7.89,8.11,2.55,5.88,-6.4,8.59,7.98,6.01,9.39,7.45,6.4,18.0,7.35,-31.06,12.38,2.09,9.07,4.48,7.11,8.16,11.74,9.18,7.5,10.26,9.84,6.52,5.13,4.94,5.03,5.49,5.18,9.01,7.7,8.49
2015-11,1.86,-1.44,2.6,-0.69,-3.03,-2.22,-0.06,-0.17,-1.12,-1.4,0.91,2.56,0.25,1.69,2.15,-2.61,3.13,6.33,-1.29,12.87,1.97,1.35,1.98,-0.52,1.35,-0.01,-5.52,-6.25,9.97,1.04,-3.42,-1.92,-3.91,1.91,-3.38,1.85,0.32,5.09,0.02,-0.32,-1.14,2.91,0.9,-0.99,3.06,-0.34,-1.42,3.24,0.53
2015-12,2.09,2.9,0.32,0.32,1.57,-2.42,-1.61,-5.83,1.84,-4.22,-2.49,-0.36,0.61,-4.68,2.77,-2.63,-4.25,-6.35,-2.23,-14.68,-5.72,-0.2,-4.14,-1.35,-8.84,-0.36,-2.0,-7.28,-6.7,-9.67,-2.4,-2.97,-6.57,-3.4,-2.35,-0.52,-6.24,-0.41,-3.87,-2.5,-4.99,-1.69,0.44,-0.88,-3.21,-0.54,-5.46,-5.15,1.16
2016-01,-6.82,-1.09,-1.52,-0.18,4.4,-1.77,-9.3,-5.62,0.37,1.71,-4.89,-5.07,-11.27,-11.08,-7.72,-5.32,-7.22,-10.11,-9.69,-7.29,-4.96,-8.23,-13.21,-9.85,-6.28,-2.19,9.32,-8.0,-4.13,-4.37,4.66,0.38,-9.11,-7.8,-11.86,-4.33,-6.86,-6.74,-4.44,-11.12,-8.77,-8.38,-4.96,-0.67,-10.92,-6.01,-12.11,-11.32,-3.67
2016-02,-0.53,2.09,-0.49,-2.36,0.93,8.15,3.29,-1.83,-0.06,1.29,-2.9,1.24,-1.23,6.84,2.14,0.63,3.8,0.16,7.36,18.45,4.87,3.52,4.07,3.39,-1.02,2.92,31.84,8.06,6.23,-3.05,1.7,0.89,-2.97,1.82,7.07,-3.21,0.62,0.36,3.21,1.56,7.08,4.43,-0.37,0.77,-4.51,-0.07,-3.44,-2.3,2.23
2016-03,-0.96,3.62,7.21,5.66,4.9,6.92,9.11,7.06,4.81,2.51,8.8,6.2,3.2,8.37,11.89,3.58,10.9,12.05,17.73,9.6,9.77,9.09,10.59,3.7,9.03,2.82,4.7,15.7,26.52,10.84,7.82,6.14,3.06,7.85,8.63,8.08,9.16,8.43,7.8,11.15,6.84,6.12,5.75,5.35,6.26,7.0,10.8,6.78,7.44
2016-04,7.23,1.2,-1.46,0.36,-0.29,-3.53,-6.78,1.31,-0.58,-2.25,6.03,6.63,4.57,3.77,0.48,1.53,1.75,-1.12,9.85,16.94,3.46,2.34,1.6,5.08,5.48,3.46,33.91,11.46,28.29,9.15,-0.81,0.68,-4.05,0.51,-3.13,-3.2,-7.97,-0.61,0.52,2.91,-1.13,0.11,-0.25,-2.39,5.99,1.19,-2.48,2.71,-0.48
2016-05,16.63,1.23,0.24,-0.91,0.81,3.35,6.01,-1.23,0.33,-4.79,-0.97,2.11,2.72,-1.31,2.42,-1.69,3.72,3.16,-8.51,-4.79,0.31,-1.01,-2.53,-1.75,-2.22,2.57,-7.55,-4.42,1.56,-0.62,2.23,0.16,3.52,3.96,4.83,4.87,6.6,3.35,1.81,1.61,-2.17,1.55,1.17,-1.45,1.93,2.05,-2.17,3.73,-2.08
2016-06,-6.6,7.51,3.51,5.32,6.98,-3.12,-4.79,-1.62,3.38,1.83,-0.46,4.2,-0.94,-1.11,0.73,-4.69,-2.37,0.06,2.56,-4.47,-0.79,-0.17,-7.03,0.78,0.36,4.35,23.84,3.63,5.24,2.53,7.41,3.53,1.02,-1.17,-3.1,-2.12,-1.44,-0.26,2.37,0.01,-2.84,1.61,0.58,1.1,-7.2,-0.26,-4.35,-6.87,4.01
2016-07,3.66,0.1,-2.91,1.79,-2.79,4.72,6.45,7.79,2.6,1.94,2.46,5.06,6.65,4.32,5.04,9.74,6.28,4.76,13.71,6.02,6.64,5.15,8.86,4.05,5.14,2.29,16.18,4.54,20.9,-2.83,-0.27,2.23,5.04,4.93,7.39,7.43,8.85,5.22,2.25,4.75,5.44,3.42,4.3,2.2,4.79,0.62,5.44,7.17,-0.76
2016-08,-0.14,-0.14,-1.42,-0.88,-1.22,1.56,0.77,0.41,1.44,1.01,-6.86,0.0,-3.5,2.45,4.29,1.64,1.17,0.31,-7.7,4.09,3.95,0.13,-0.5,0.09,2.98,-4.54,-13.84,-8.17,-4.55,1.62,-3.8,-3.19,-4.14,0.23,3.27,1.46,2.83,-0.35,1.03,6.26,1.07,-1.04,-1.59,-0.23,6.23,1.69,-0.43,5.6,2.04
2016-09,-4.05,-3.16,-2.24,1.75,-2.8,-4.0,6.56,-3.67,0.28,-6.76,2.15,1.35,0.31,-1.74,-2.96,-4.9,-2.59,-2.28,2.45,-0.32,2.66,1.55,-0.32,-0.68,-0.37,-1.2,2.56,2.04,7.66,2.8,1.81,0.45,-0.42,0.69,4.07,0.67,4.83,1.84,-0.74,3.18,2.96,-2.64,-0.07,-2.17,-2.32,0.26,-1.86,-1.27,-3.65
2016-10,-2.12,-0.16,-0.31,-1.7,4.59,0.77,6.73,-8.34,-3.1,-5.37,-6.75,-8.04,-7.51,-1.89,-4.57,-7.4,-3.76,-4.19,-2.95,-1.83,-3.94,-5.7,-3.29,2.57,-3.05,1.83,-5.45,3.05,-8.68,-2.99,-0.68,-3.07,0.08,-2.91,-2.73,-0.02,-1.16,-5.57,-6.0,-3.93,-0.75,-8.14,-3.78,-1.97,3.36,-1.12,-5.88,-0.61,-0.75
2016-11,2.1,-5.58,-3.99,-5.8,-5.13,9.02,2.91,8.11,-3.6,1.31,0.83,-1.01,3.18,7.6,7.0,7.91,10.65,8.79,21.65,8.16,12.47,9.38,6.74,8.35,15.04,8.2,-11.33,19.51,20.84,9.55,-2.66,6.53,9.37,3.91,1.15,-0.85,2.7,2.15,4.1,3.44,12.94,9.53,2.71,8.6,13.81,10.89,7.5,15.69,7.38
2016-12,3.31,5.41,2.45,2.95,5.4,-7.38,-2.67,2.61,1.62,-0.85,0.88,2.83,0.22,0.32,1.12,1.68,0.07,0.16,-2.19,2.6,-0.27,-0.76,4.3,1.38,1.39,-5.41,2.16,-2.74,-9.67,2.01,3.58,4.86,3.07,0.71,0.47,-0.33,2.88,0.94,2.23,-0.82,0.94,2.21,-0.83,0.49,4.88,1.74,3.4,3.16,3.27
2017-01,5.75,0.97,-0.29,-0.99,5.61,0.34,5.72,1.61,2.61,0.29,4.2,5.23,1.18,3.79,2.36,5.59,3.1,4.84,3.45,3.49,4.49,4.02,5.35,1.83,2.91,-0.1,10.45,12.81,-5.35,-4.34,1.05,3.29,0.97,2.83,3.26,5.89,2.47,6.52,1.79,4.94,2.0,1.93,1.04,0.66,0.13,0.83,1.15,1.25,-1.91
2017-02,3.9,1.71,0.77,6.11,7.94,5.92,-0.14,-0.21,4.96,2.71,7.25,4.26,7.42,3.09,0.28,4.04,2.04,2.22,9.13,7.07,2.16,2.21,0.77,6.67,1.74,5.53,-8.23,-8.5,-9.44,-2.46,3.81,-0.16,-0.51,3.94,8.36,3.12,7.04,4.58,4.03,-0.03,2.74,2.57,2.92,2.5,5.16,3.52,5.62,3.59,3.22
2017-03,-0.45,-0.87,3.89,0.85,1.02,1.53,6.36,1.16,-0.37,0.74,-0.78,2.39,-0.38,2.17,0.29,1.26,1.68,3.42,-6.2,0.27,1.48,0.52,-0.34,-1.65,-4.23,0.82,-4.36,-1.89,5.48,-1.27,0.35,0.85,3.14,0.36,0.01,2.01,3.34,0.72,0.43,-1.06,-2.91,-1.14,0.78,2.72,-2.97,-1.06,1.5,-2.09,-1.43
2017-04,3.01,0.54,0.63,1.88,-0.14,-4.28,3.68,-1.44,-0.5,-1.07,-1.42,4.97,0.26,1.28,6.39,2.52,1.09,0.17,-0.61,3.71,3.97,-0.5,1.79,4.68,3.04,0.99,2.61,-2.32,-11.9,-2.74,0.27,0.06,2.94,2.06,1.7,4.16,-0.34,4.37,1.54,3.99,2.18,-3.37,3.28,4.27,-0.75,2.4,6.28,-0.41,-1.34
2017-05,0.38,-0.17,5.78,4.24,6.12,4.49,3.15,-1.67,1.67,-1.86,-2.12,2.01,-0.67,-0.64,3.82,1.71,-2.08,-2.85,-4.66,-2.27,2.93,-2.16,-0.54,2.99,-2.21,4.58,0.84,-1.66,-5.18,-3.45,2.38,-1.58,-0.76,2.98,-2.67,3.83,6.33,3.48,2.89,2.72,2.69,2.48,0.56,7.03,-2.24,1.32,2.9,-1.43,-1.73
2017-06,0.97,-4.24,-0.8,-1.27,-1.28,1.68,-0.48,2.93,-0.36,9.26,7.01,3.64,5.74,1.91,0.44,1.45,2.4,5.78,-0.25,-0.56,-0.22,1.93,3.53,1.54,4.3,-1.27,-5.36,0.76,2.21,-0.18,-1.97,-2.52,4.92,1.32,-2.15,-1.07,-4.5,-0.85,1.44,3.63,3.38,0.13,-2.44,-2.53,6.76,3.69,3.03,6.36,1.06
2017-07,-0.89,1.28,2.56,1.15,-4.45,-5.11,6.14,2.87,1.79,1.26,-5.67,-0.22,1.25,1.05,-4.28,2.17,0.54,-0.19,1.23,5.98,2.99,-0.09,-1.02,7.66,-3.16,4.74,11.86,7.72,12.72,1.89,2.92,5.26,0.57,4.45,2.43,3.8,3.69,1.19,-2.77,-1.18,-4.67,-0.86,0.97,-2.42,0.96,2.87,1.24,3.27,0.63
2017-08,0.09,-4.96,0.28,0.96,-0.96,-9.74,-0.39,-5.52,-0.01,-5.05,-2.46,0.06,3.33,1.56,-1.8,1.18,-1.17,-0.04,1.58,2.89,-1.93,-2.77,1.81,2.26,0.27,4.55,2.44,0.39,-0.6,-5.27,2.09,-2.57,3.4,-0.39,1.11,1.74,5.8,4.43,1.05,-0.38,0.44,-4.32,-1.75,1.26,-1.58,-0.54,-2.19,-1.94,0.58
2017-09,2.19,0.6,-0.51,-3.01,-2.13,-0.33,3.86,2.95,-0.29,1.27,-1.82,1.17,2.4,4.39,6.45,-0.05,7.73,7.23,3.64,5.92,9.04,5.5,7.54,2.37,7.8,3.22,-2.64,-1.88,1.3,10.96,-2.04,-1.59,3.35,2.43,4.18,0.08,-0.17,3.01,2.56,1.93,6.28,4.48,2.75,0.04,6.23,2.02,1.93,6.6,0.61
2017-10,1.58,0.13,1.48,1.21,-2.91,-5.44,2.65,-1.96,-3.14,2.69,-3.74,3.87,-3.46,5.57,2.46,5.33,2.7,9.23,2.2,5.16,5.51,4.55,2.11,1.81,2.14,-1.04,-4.81,2.85,2.08,0.32,2.93,-5.67,0.4,4.14,1.44,6.61,8.89,5.22,4.63,3.11,-1.95,-0.94,3.18,3.78,3.11,4.45,3.78,2.08,-2.71
2017-11,-1.68,6.24,1.79,4.33,1.33,7.17,2.94,11.47,4.63,7.21,3.51,4.57,1.87,2.07,2.36,7.47,5.43,8.91,-1.52,3.87,2.12,0.44,0.53,3.97,3.37,3.21,0.36,0.03,9.34,2.84,2.34,3.93,1.31,3.05,5.54,-0.22,2.0,1.7,5.54,-0.56,6.8,3.59,8.96,5.25,2.88,5.22,1.84,5.76,0.46
2017-12,-1.91,-0.25,0.57,4.31,4.87,-5.75,1.28,1.39,2.31,4.47,3.0,-4.0,0.35,0.54,-1.4,-2.31,2.14,0.6,13.12,-2.54,2.39,3.22,-1.32,3.96,1.48,0.41,1.97,13.76,11.59,4.89,-5.07,4.4,1.28,0.33,1.25,0.22,-1.06,-2.26,-0.93,-1.03,2.91,4.2,2.54,1.18,1.79,-1.72,0.82,2.01,0.79
2018-01,4.24,0.26,5.65,-0.23,0.02,3.69,18.18,4.86,-2.44,7.04,8.06,9.98,5.44,1.6,0.23,1.49,0.94,-1.29,3.49,3.98,3.72,2.16,3.46,13.11,-1.45,8.71,6.64,2.65,0.8,2.69,-2.92,3.04,5.13,7.46,9.28,9.58,4.05,8.25,4.61,2.99,2.42,4.62,11.44,2.41,7.17,3.91,3.6,5.13,3.92
2018-02,1.1,-6.9,-8.49,-6.85,-6.72,0.56,0.65,-3.53,-6.77,-2.02,-2.09,-2.83,-3.86,-5.28,-8.5,-12.59,-9.6,-10.19,-2.1,0.26,-4.33,-5.66,-6.43,-0.26,2.85,-0.05,-5.92,-2.87,5.76,-11.05,-4.65,-7.16,-4.05,-3.11,4.73,-1.54,2.75,-4.1,-5.77,-3.83,-6.4,-5.5,-4.56,-4.14,-2.28,-4.53,-3.49,-1.45,-5.33
2018-03,-5.07,-2.38,-0.54,1.13,-1.77,-9.36,0.25,-0.25,1.75,0.56,-1.47,0.19,-3.14,-1.99,1.56,-2.28,-0.85,1.74,-5.99,2.28,-1.27,-1.59,-6.83,-6.22,-0.93,-3.26,2.67,-0.92,-6.57,3.06,3.05,-2.65,2.49,-1.35,-3.23,-3.73,-3.33,-0.53,-5.21,-1.67,0.46,-1.16,-3.42,-0.4,-4.76,-2.26,4.39,-1.43,-3.61
2018-04,7.86,-3.5,-0.92,-4.51,-14.31,6.3,2.88,-0.61,-5.74,3.15,-0.05,2.83,-0.85,0.63,0.14,-9.72,-5.25,-0.97,3.54,3.92,-5.77,-6.73,0.03,-1.96,-0.64,-4.31,0.43,-4.36,-2.63,9.95,2.64,-2.45,0.53,-0.12,1.73,1.42,-3.17,-2.75,-7.5,-1.52,0.12,0.72,3.97,3.53,0.85,3.38,-1.3,-1.69,-1.35
2018-05,1.4,-0.97,-1.42,-1.36,-2.01,0.69,9.38,0.58,-0.47,3.75,7.69,5.62,1.1,2.14,-1.41,-1.56,4.23,-0.75,5.44,2.84,2.74,7.84,3.48,4.37,2.86,0.23,-0.21,3.71,11.53,3.2,0.13,-1.45,-0.55,5.13,-1.47,5.78,10.87,3.05,1.74,-3.21,4.79,1.43,1.15,-2.22,0.91,-1.21,-3.4,0.21,-0.13
2018-06,0.1,5.99,4.01,4.26,2.94,5.56,4.64,2.21,3.92,6.63,1.46,2.45,1.06,0.21,0.36,3.28,-1.33,-2.03,-5.16,-5.11,-5.15,-1.6,0.51,-3.33,-0.4,-5.34,-3.44,-1.58,3.93,0.33,2.43,6.37,1.73,2.7,0.5,0.59,-3.25,-0.07,-0.01,-2.67,-3.64,0.2,4.02,-3.06,-1.07,0.14,-2.16,-3.44,-1.88
2018-07,0.42,0.15,5.5,3.38,5.08,4.19,-7.19,-4.78,2.12,0.55,7.31,2.12,6.51,4.69,5.65,-9.24,5.01,-0.38,4.09,13.34,5.95,8.92,-3.28,7.03,8.72,9.69,-3.24,-2.22,-3.26,0.93,1.52,2.57,4.96,1.46,-1.16,2.2,2.11,8.07,6.37,3.73,7.68,2.22,3.24,1.24,4.23,5.05,2.61,2.23,5.8
2018-08,-3.98,0.88,-3.28,-2.06,-5.6,5.89,2.14,-4.78,2.43,4.92,5.57,5.96,3.87,-0.14,0.36,3.48,0.12,0.54,-3.39,-0.98,-2.28,-0.38,-1.9,-2.55,1.0,-0.45,-15.47,-9.89,-0.87,-3.05,0.77,2.73,0.45,7.33,10.54,4.84,10.57,3.46,-0.42,-0.79,2.75,3.53,8.91,3.5,2.5,3.5,-4.28,0.03,2.24
2018-09,-6.13,-2.42,2.97,0.05,5.23,5.95,-1.19,-2.26,0.95,0.96,-0.46,3.69,1.7,-3.26,1.73,-6.66,-1.6,-5.13,-0.84,2.23,0.68,-0.35,-5.2,6.56,2.3,7.02,-2.55,-1.73,-6.23,3.32,-0.72,1.64,-2.2,-0.45,0.06,-0.37,-0.66,0.95,-1.09,1.72,1.1,-1.62,0.36,2.83,-3.11,0.86,-5.19,-3.5,0.11
2018-10,-4.2,0.71,1.03,-1.79,7.71,-14.5,-16.17,-5.9,-0.55,-10.26,-6.62,-12.55,-8.28,-11.28,-11.74,-26.18,-16.4,-9.34,-11.81,-10.78,-14.27,-11.98,0.8,-9.47,-17.2,-14.63,0.32,-12.79,1.12,-11.96,-0.25,-0.6,-4.42,-8.58,-7.95,-9.55,-8.07,-9.82,-9.68,-11.21,-9.95,-7.98,-10.48,-1.81,-6.28,-4.9,-11.61,-4.87,-5.71
2018-11,-6.98,0.07,6.63,5.67,-8.59,-5.98,-0.02,3.57,6.21,-1.15,3.25,4.37,6.88,4.8,6.18,2.73,4.88,1.5,-3.18,-4.56,7.09,3.45,3.62,0.58,7.22,1.12,2.3,-2.02,-14.27,-2.34,3.08,2.34,3.85,1.12,0.69,0.87,-8.6,6.98,7.4,10.03,6.03,2.99,1.67,6.21,2.75,4.24,4.96,-0.4,2.14
2018-12,-13.46,-11.31,-7.97,-9.91,-16.04,-16.08,-7.91,-14.65,-5.65,-8.03,-15.5,-8.65,-7.89,-7.99,-9.09,-10.21,-12.46,-9.81,-14.98,-3.35,-9.82,-12.48,-11.48,-10.38,-17.66,-11.93,7.02,-10.84,-2.28,-13.36,-4.96,-8.89,-12.49,-9.61,-9.67,-7.57,-9.01,-9.38,-7.74,-12.7,-15.36,-11.4,-9.31,-6.43,-13.14,-10.13,-12.35,-8.82,-6.93
2019-01,14.4,8.31,3.49,3.32,7.66,15.13,19.14,13.17,6.37,12.28,11.09,9.22,3.79,5.32,6.74,9.49,12.91,13.33,16.89,10.2,10.73,11.13,9.56,15.3,6.19,10.16,-0.11,9.76,14.03,10.12,5.17,5.24,4.53,10.28,10.43,10.31,6.16,9.11,6.68,12.71,9.72,8.62,8.78,4.37,10.44,8.58,15.19,8.06,6.09
2019-02,-0.41,-3.73,-3.77,2.21,10.03,8.05,3.42,3.81,4.57,5.37,1.27,3.62,3.12,3.71,4.04,6.55,5.7,1.91,2.09,14.37,3.71,5.18,2.5,10.12,2.85,6.64,-1.05,8.55,-4.45,2.27,3.37,2.86,5.43,6.81,8.27,3.91,6.69,8.76,3.33,1.27,3.97,4.37,-0.22,4.11,4.2,-1.23,4.75,2.47,0.44
2019-03,1.18,5.36,1.06,4.72,6.27,-3.46,-0.12,-5.5,4.17,-0.48,-3.64,1.89,0.21,-1.71,2.15,-7.95,-2.02,2.63,-4.84,-1.95,0.06,-4.08,-6.23,-6.95,-3.93,-3.33,2.89,5.79,-2.08,1.87,3.14,0.41,-0.97,2.62,2.17,3.0,5.03,2.96,0.59,3.67,-0.61,-1.7,3.71,3.63,-3.07,-1.36,-2.94,-3.33,0.23
2019-04,0.05,2.35,5.04,6.36,-3.76,8.36,5.87,1.31,3.02,4.79,0.19,-3.97,-3.45,5.29,6.56,6.63,6.18,7.85,-2.85,-0.71,6.24,6.19,4.05,3.33,3.87,10.38,-10.91,0.52,2.65,-0.1,0.79,5.77,2.87,4.11,3.89,6.53,6.1,1.35,-3.71,2.6,4.75,3.71,4.74,3.75,8.53,1.9,3.96,9.07,6.32
2019-05,-5.14,-5.67,0.07,-4.2,-10.5,-1.54,-9.61,-9.29,-4.06,-11.1,-4.97,-3.18,-3.62,-13.14,-9.92,-2.55,-9.59,-5.15,-15.67,-11.01,-12.0,-11.91,-14.66,-9.02,-11.81,2.06,2.76,-11.13,-12.32,-12.14,-1.76,-3.21,-2.7,-2.99,-11.48,-6.56,-13.6,-6.83,-10.65,-5.27,-9.55,-6.13,-7.21,-1.62,-7.65,0.26,-13.92,-7.14,-7.34
2019-06,10.52,4.66,4.01,5.07,0.82,9.11,7.02,8.54,6.67,8.86,10.19,9.6,5.68,10.78,8.66,9.54,11.56,5.42,15.86,2.89,12.14,10.47,13.74,7.01,10.27,7.01,18.4,13.8,2.78,8.72,3.46,4.97,6.41,6.08,7.08,5.36,12.13,11.14,7.62,9.92,6.51,7.29,7.04,7.19,6.8,3.87,11.85,6.07,7.32
2019-07,0.34,2.3,2.75,-2.34,3.19,13.63,-4.06,3.16,4.7,0.74,2.29,1.02,-3.53,1.13,-1.7,-11.34,0.16,0.07,-2.73,-2.11,0.42,-1.0,0.76,-2.42,2.88,-0.39,-4.62,-2.35,-12.11,-2.81,-1.2,1.86,2.49,2.96,2.42,3.54,5.24,-4.41,0.05,1.25,1.76,-0.05,0.37,3.04,3.43,2.01,3.86,2.52,-2.33
2019-08,-1.46,-0.23,2.5,6.01,-11.21,1.72,-7.47,-4.65,1.42,-6.06,-5.34,-0.59,-0.53,-5.32,-3.04,-5.63,-3.01,3.03,-12.19,-11.49,-6.54,-5.32,-8.16,3.9,-10.17,5.5,9.06,-7.02,-15.35,-8.69,3.29,0.13,-1.51,-1.67,-12.22,-2.41,-2.07,-0.99,-4.75,1.62,-7.26,-2.61,-0.26,1.33,-5.25,-5.36,-4.28,-3.43,-3.81
2019-09,-4.32,1.44,-0.68,1.52,1.81,-6.5,-4.32,0.47,1.55,9.68,0.76,-1.72,-1.14,4.94,0.87,7.19,6.12,6.26,6.91,1.12,5.9,5.39,5.52,2.16,4.16,1.02,-5.37,6.48,-8.83,3.61,3.76,1.08,-1.23,-2.62,4.5,-0.85,4.49,3.18,2.53,-1.12,0.29,5.64,0.64,-2.68,3.77,-0.26,2.92,2.02,2.65
2019-10,-4.73,-2.21,-0.65,-1.21,7.95,5.37,5.6,2.82,-0.83,-2.37,2.43,2.85,5.1,-1.32,1.27,10.65,3.82,1.76,3.39,-3.28,6.15,2.89,7.02,-3.93,0.32,-3.95,5.83,-0.95,-11.26,-2.24,-1.54,2.04,-2.35,1.17,-0.28,1.88,7.31,0.19,-0.43,0.68,1.4,2.52,1.36,-4.45,3.56,3.96,1.21,1.0,2.55
2019-11,-0.8,3.29,-0.3,-0.72,5.4,4.0,6.28,-1.3,-1.46,5.34,8.15,4.53,5.38,3.7,-0.47,-2.38,4.47,1.78,5.96,-4.57,2.84,8.8,3.01,6.03,11.6,5.4,-2.82,5.85,-9.91,1.03,-2.26,2.35,-0.58,3.65,-1.13,5.34,5.82,5.09,3.5,1.69,2.64,4.01,1.94,2.58,4.92,6.39,6.68,7.12,4.29
2019-12,11.0,2.92,3.83,1.25,3.07,-1.16,4.78,3.12,2.43,7.75,2.96,1.1,3.94,1.22,2.97,-3.51,2.29,-2.79,0.64,11.51,3.73,2.24,7.37,-5.44,0.15,-0.45,14.72,8.14,0.51,6.14,3.98,0.9,3.56,0.9,4.85,1.78,7.19,3.95,2.58,0.45,-0.35,2.27,1.07,2.13,3.08,2.01,5.51,0.68,1.6
2020-01,-3.44,-1.51,5.08,2.57,-3.79,-3.5,0.88,-4.45,0.27,-6.45,0.49,-1.09,-2.58,-7.66,-3.21,-4.68,-1.41,5.82,-15.44,-7.54,-5.25,-4.51,9.32,0.06,-2.48,9.59,1.5,-9.17,-23.26,-12.02,4.7,-2.25,-0.64,2.86,-2.4,5.29,2.12,-2.61,-6.17,-1.1,-0.28,-3.16,1.01,1.37,-3.83,-2.88,-2.0,2.85,0.68
2020-02,-6.23,-9.43,-8.31,-7.6,-6.83,-17.23,-3.8,-6.79,-8.58,-10.23,-5.13,-7.74,-4.91,-9.86,-8.29,-8.27,-8.5,-8.8,-10.39,-10.72,-5.44,-6.63,-6.37,-12.31,-11.08,-12.22,-2.97,-12.24,-8.85,-15.65,-10.01,-6.34,-6.38,-7.28,-12.38,-5.4,-8.97,-8.45,-7.59,-7.38,-11.03,-9.52,-6.15,-9.5,-11.63,-9.03,-10.01,-10.69,-8.55
2020-03,-11.31,-4.34,-15.58,-10.12,-6.55,-18.97,-16.42,-22.82,-6.87,-17.78,-18.7,-11.56,-2.5,-17.49,-9.52,-36.14,-25.76,-32.26,-22.2,-33.83,-17.61,-21.19,-24.21,-35.92,-23.67,-8.55,-0.49,-19.14,-41.11,-34.77,-13.17,-13.34,-28.62,-18.26,-8.16,-9.93,-8.91,-8.36,-9.85,-9.79,-16.94,-17.85,-4.62,-22.24,-24.04,-12.89,-36.22,-17.01,-15.08
2020-04,9.59,8.61,4.76,10.94,1.98,18.03,14.67,8.4,10.25,9.57,15.67,13.88,13.2,16.76,18.34,13.19,13.44,22.02,11.64,11.32,9.74,14.58,28.84,7.03,12.83,13.71,31.84,12.34,17.95,32.84,5.18,9.21,15.44,18.14,8.18,15.55,14.37,16.1,10.49,7.71,8.61,12.53,18.79,18.67,11.44,11.86,12.71,13.8,2.32
2020-05,5.16,3.67,4.05,0.91,-1.22,1.57,3.35,11.78,2.12,11.42,4.5,5.22,3.86,9.22,10.3,8.03,11.38,15.02,5.81,4.33,7.1,9.6,9.17,5.2,8.36,1.02,-0.35,4.79,3.16,0.55,4.62,4.8,7.29,10.35,10.24,7.43,7.87,7.1,2.87,3.06,8.04,7.98,4.27,2.59,2.81,3.75,5.48,6.12,0.6
2020-06,-2.57,-0.3,-3.29,0.34,-0.76,9.13,2.58,1.3,1.96,2.49,-2.84,-1.58,-1.33,0.79,3.62,5.78,5.17,2.13,4.64,14.42,4.84,5.22,16.1,6.92,-4.95,-3.86,5.44,11.4,-6.42,-0.38,-5.03,-2.63,1.15,4.46,-0.63,5.05,8.95,2.85,0.95,-0.81,1.11,1.31,5.57,-2.37,-0.26,-1.38,4.58,0.68,-1.95
2020-07,5.68,5.97,6.96,5.42,7.77,15.04,4.23,5.0,7.77,0.65,16.52,11.0,1.38,7.21,11.87,-18.96,6.64,13.22,2.22,21.97,8.88,8.86,20.41,-7.95,3.89,3.0,15.05,6.01,6.53,-4.87,6.33,5.05,7.19,6.1,4.06,4.81,10.37,10.44,-0.06,3.53,6.47,5.2,10.35,4.34,0.77,3.68,-0.89,3.08,6.33
2020-08,-0.36,3.45,5.6,2.59,4.76,7.5,12.49,3.63,4.82,12.2,0.91,3.46,2.05,5.11,6.06,12.54,7.99,7.23,8.26,-0.61,4.75,12.28,47.54,8.84,0.27,3.36,-1.99,9.89,2.12,-1.28,-2.26,5.59,7.28,4.44,-5.64,9.96,16.38,1.75,6.37,7.11,13.02,5.01,8.01,12.24,6.42,2.19,11.72,4.11,9.9
2020-09,0.24,-3.97,-0.61,0.24,-6.65,10.97,-4.66,-4.62,-0.67,5.83,-0.74,-1.26,-1.57,1.02,-2.16,2.61,-2.55,3.91,-4.92,1.51,0.36,0.73,-10.52,-5.32,-5.91,-1.75,-6.29,2.02,8.2,-15.17,-0.33,-1.98,-2.66,-1.49,-5.73,-5.68,-6.03,-0.79,-1.58,3.51,1.4,-2.39,-4.56,-0.78,-5.04,-2.34,-1.75,-4.11,-1.26
2020-10,12.54,-3.17,-2.79,-4.61,-5.7,6.65,-4.43,-6.13,-0.55,-1.77,0.12,-3.07,-5.22,-0.14,0.88,5.22,-0.88,-5.9,7.33,14.95,2.38,-0.5,-4.66,-6.24,-1.2,-7.66,-1.64,12.16,-18.98,-4.48,4.46,-3.9,-0.47,-4.29,-5.22,-0.49,-4.44,3.71,-1.56,5.01,-3.39,-0.82,-3.07,-0.92,-1.33,-0.63,3.93,0.24,-2.46
2020-11,15.2,7.24,9.2,11.09,8.04,21.05,11.47,23.79,5.75,14.44,13.89,7.6,10.3,12.49,7.81,24.04,14.52,11.11,19.1,19.32,17.55,18.28,36.44,32.56,18.24,6.21,-5.57,14.19,15.96,28.71,2.65,14.46,13.5,16.25,20.06,9.37,11.81,7.61,9.29,10.78,17.44,15.97,7.46,11.17,18.3,11.9,21.41,16.93,16.64
2020-12,1.32,1.93,6.82,3.3,8.65,15.89,9.84,10.92,0.77,4.39,7.25,6.32,3.89,3.31,7.38,11.76,4.5,1.12,6.46,14.76,2.81,3.62,16.89,2.4,3.97,-1.19,5.55,9.91,27.38,5.59,0.61,5.11,2.62,3.88,8.28,3.59,7.94,3.44,1.2,2.42,0.8,3.2,0.93,3.97,7.68,4.33,10.41,8.27,2.55
2021-01,2.48,-1.31,-9.63,-6.88,-2.28,5.75,-3.88,4.14,-5.95,-4.85,5.99,1.45,3.93,-0.43,-1.46,1.27,0.82,5.92,-4.77,1.48,2.17,2.65,12.46,-7.48,0.39,-5.62,-1.58,2.09,11.2,5.18,-0.44,-3.55,-3.4,-4.26,0.82,0.55,0.73,4.72,-0.54,-5.12,-4.51,-2.52,0.71,-4.39,-3.07,-3.7,3.9,-1.29,-2.72
2021-02,12.39,-0.05,0.67,-3.33,5.73,-2.47,10.73,13.66,-0.05,4.06,-1.87,1.14,-2.08,2.49,3.63,19.97,7.19,4.14,17.42,14.94,11.87,6.49,-9.99,8.98,5.3,3.22,-6.87,14.87,4.87,23.96,-4.59,4.26,6.44,8.64,6.36,3.39,-2.6,-2.21,1.68,0.86,9.13,5.23,-3.18,7.67,14.42,3.5,18.39,9.37,6.06
2021-03,3.35,8.02,7.18,8.41,11.73,-7.8,-3.28,5.2,7.39,0.37,2.79,-0.6,-0.15,7.75,2.25,8.33,9.34,13.34,22.24,-2.48,7.26,4.43,0.98,11.63,7.67,8.58,9.37,-0.63,-13.67,2.24,10.39,1.63,6.85,1.34,9.45,0.19,0.81,1.61,8.88,5.98,7.84,8.87,5.6,3.25,5.06,9.66,-1.65,4.04,6.66
2021-04,4.21,2.7,3.22,3.58,1.43,1.51,0.29,0.33,1.61,4.94,4.77,5.99,1.64,4.4,9.13,6.31,5.13,7.01,2.86,10.79,2.25,-0.72,4.16,1.32,2.95,3.03,3.05,6.12,-0.78,0.59,3.98,3.08,-0.09,7.04,2.59,8.32,4.06,4.97,2.47,8.62,3.92,5.69,7.41,5.33,5.92,6.22,3.76,7.19,5.47
2021-05,-6.12,3.9,1.93,2.13,2.04,3.81,-0.92,2.79,0.42,-0.74,1.53,-3.1,0.89,4.84,5.33,3.17,0.0,-1.11,14.42,-5.43,2.35,-0.2,-6.51,5.21,0.38,1.43,19.96,6.59,36.77,6.17,-1.16,-0.51,0.18,-1.07,1.97,-0.79,-1.5,1.1,3.67,-3.53,2.01,1.09,-2.73,-1.38,2.91,3.02,1.22,4.55,4.63
2021-06,-2.38,-3.1,-1.46,-0.97,1.99,12.69,1.1,-0.4,-0.51,8.56,0.88,3.83,4.96,-5.01,1.6,-7.34,-2.56,-4.58,-6.12,-1.02,-1.34,5.94,5.42,-2.75,-1.9,1.98,-13.36,-7.8,6.6,5.6,-1.42,-0.01,2.55,3.85,1.84,6.69,8.67,5.69,-1.7,-3.61,-4.47,-1.8,3.84,-0.73,-3.1,-3.33,-0.56,1.67,-3.53
2021-07,-3.05,-2.43,4.56,1.29,0.96,-3.8,-8.33,-2.54,3.92,4.78,2.79,5.01,2.04,0.22,3.86,0.09,-0.4,3.24,7.2,5.32,0.36,-0.43,-0.63,-1.19,1.71,-2.21,-2.73,2.26,17.24,-8.89,2.97,0.36,1.73,1.11,2.54,3.71,3.1,6.33,-0.98,-1.41,-4.47,2.35,-0.79,5.2,-0.43,0.13,4.3,1.78,0.53
2021-08,2.6,-0.57,-0.09,-1.58,3.47,-10.28,10.83,0.47,0.02,-0.59,-2.61,2.48,3.63,0.58,5.6,-0.32,3.1,1.04,3.51,14.54,1.04,1.69,2.58,-1.99,2.71,-2.44,-7.48,-1.72,22.65,-1.34,3.23,1.37,0.34,1.73,5.93,5.34,4.19,3.59,0.64,9.95,0.08,1.38,3.01,-0.97,2.03,1.92,4.05,6.1,2.11
2021-09,-4.14,-2.2,-5.98,-2.96,-7.12,-10.02,1.55,1.28,-4.15,-9.15,-8.14,-4.44,-6.4,-5.51,-7.35,-8.04,-6.6,-8.53,-10.64,2.23,-7.6,-6.25,4.49,0.39,-4.53,-4.04,-6.36,-9.65,10.9,11.27,-4.87,-5.58,-3.3,-5.91,-6.36,-6.4,-5.87,-5.52,-7.25,-6.71,-2.95,-4.57,-4.54,-0.72,0.99,-3.77,-0.92,-5.61,-4.53
2021-10,2.79,2.28,5.45,5.36,-1.37,3.66,7.99,2.07,3.82,12.27,0.81,3.65,1.83,8.83,3.19,0.59,7.16,7.46,10.14,-5.3,4.84,13.47,33.85,0.04,4.34,-2.63,0.04,11.89,4.64,10.29,5.11,-4.24,11.25,0.63,5.21,9.37,7.58,6.22,0.98,0.88,9.95,6.45,5.69,0.9,4.03,10.54,6.6,11.54,4.74
2021-11,3.15,-3.45,-5.63,0.07,-7.02,-18.06,-7.89,-4.26,0.9,0.11,-11.78,-7.63,-2.08,-0.55,3.25,-4.39,4.07,3.76,-6.28,-2.07,1.22,-3.54,3.06,-6.25,-4.83,0.16,0.76,0.43,-18.73,-5.38,-1.97,-7.19,-2.12,-8.29,2.5,-3.45,12.04,-0.51,-2.87,-1.6,-5.85,-1.16,2.14,-1.86,-6.26,-5.15,-8.94,-4.55,-4.48
2021-12,4.85,9.59,12.66,9.24,12.44,-2.22,-1.85,3.61,11.23,-3.67,10.16,9.2,5.2,6.38,6.27,8.69,8.05,8.82,9.78,-4.68,4.56,-4.02,-5.37,6.09,5.3,4.81,11.11,8.48,14.33,2.91,8.55,3.94,0.05,3.02,11.2,-0.39,3.42,5.07,6.07,3.01,8.25,8.75,-0.12,8.13,3.16,9.85,9.55,2.44,5.32
2022-01,1.34,1.26,0.14,-1.91,7.88,-18.32,-19.49,-5.64,-5.91,-11.13,-14.46,-10.87,-7.34,-7.64,-11.04,-12.35,-11.84,-13.44,-10.32,-19.62,-6.53,-14.42,-9.96,0.23,-3.19,5.86,-2.46,-6.54,0.66,17.83,-2.1,-1.93,-10.48,-8.69,-10.44,-9.06,-6.56,-12.49,-5.06,2.55,-5.68,-6.46,-9.01,-8.3,1.88,-3.21,-7.94,-3.62,0.93
2022-02,8.15,0.89,1.45,-5.34,-0.8,-2.15,-0.66,3.41,-4.28,-5.84,4.12,1.57,-2.49,-2.63,-0.99,-7.34,-0.6,-3.91,23.88,10.38,-4.59,0.25,-7.07,9.58,5.8,10.5,8.1,11.21,35.51,8.24,-1.09,0.29,-1.87,-9.28,-1.2,-5.98,-2.6,-4.11,-8.17,-1.8,-1.12,1.68,-1.78,-1.29,-1.87,1.15,-2.75,-4.28,0.27
2022-03,10.71,1.21,-0.65,3.36,-2.24,-8.97,-3.78,0.64,-2.93,-0.81,2.64,0.85,7.12,3.16,1.74,-9.07,-6.53,-5.48,15.53,13.76,2.94,1.25,16.69,-2.42,2.92,1.27,20.33,6.8,25.95,9.74,9.69,-2.42,10.65,4.97,2.06,2.26,4.61,4.32,-1.42,3.32,4.5,3.1,3.46,0.12,-4.9,6.41,-1.85,-0.07,7.86
2022-04,-0.13,2.53,4.27,3.04,6.37,-11.4,-27.97,-10.0,2.33,-6.91,-15.23,-11.59,-4.32,-2.39,-12.37,6.74,-3.14,-6.37,-6.42,-3.08,-10.13,-13.38,-17.55,-9.32,-5.34,-3.21,-9.34,-15.49,7.8,-1.4,-3.71,-10.56,-4.98,-9.84,-10.56,-12.99,-13.24,-9.72,0.91,-3.86,-10.31,-2.17,-11.24,-5.13,-8.5,-3.35,-11.59,-12.71,-7.35
2022-05,7.38,-3.25,-0.33,-1.62,2.65,-1.23,-3.85,-6.99,-5.27,-6.77,-0.83,-1.83,2.05,4.78,-1.08,2.32,2.87,5.46,-8.21,2.81,3.06,-1.0,-9.77,-3.36,1.87,1.95,-6.84,-2.22,2.04,15.8,4.77,8.63,-4.35,-2.19,-3.36,-3.27,-1.26,1.91,1.24,-4.57,-4.25,1.02,-5.64,-2.04,3.56,1.11,-2.29,3.97,-1.13
2022-06,-12.57,-2.02,0.44,-0.05,-11.74,-11.56,-10.97,-12.46,-2.73,-11.98,-11.63,-8.16,0.79,-15.5,-6.53,-11.28,-11.85,-10.15,-21.21,-4.67,-13.72,-10.23,-11.76,-1.49,-7.79,-3.14,-11.86,-19.78,-10.79,-16.72,-6.6,-6.69,-6.28,-9.91,-8.44,-5.95,-11.23,-7.49,-8.56,-8.53,-9.03,-6.39,-8.69,-8.09,-12.55,-2.1,-13.61,-9.87,-12.09
2022-07,6.4,3.47,3.22,5.35,0.47,2.9,17.04,12.01,0.61,11.71,12.81,6.21,0.43,7.51,12.42,6.82,17.33,15.26,20.36,14.34,13.42,21.56,28.96,6.25,8.19,-1.44,-21.3,8.59,3.24,10.33,6.19,-0.11,12.24,13.06,9.05,7.84,17.17,12.84,7.14,6.97,9.43,8.98,16.33,11.32,8.48,3.07,13.99,10.47,9.99
2022-08,5.04,-0.49,-4.57,-2.06,-0.32,-5.54,-2.44,-5.18,-2.32,-6.09,-3.46,-4.89,-5.57,-1.58,-5.74,-12.39,-8.08,-6.02,-1.49,-1.46,-5.21,-4.47,-5.91,-1.9,-2.58,1.74,-9.5,-2.78,14.12,3.11,-0.08,-3.06,-7.0,-4.8,-3.8,-5.04,-5.82,-8.58,-7.25,-9.3,-1.83,-1.81,-3.63,-1.86,-3.45,-1.04,-6.33,-1.27,-3.2
2022-09,-7.3,-7.92,-8.37,-5.49,-10.81,-15.88,-4.39,-13.62,-10.75,-17.7,-5.17,-6.24,-0.34,-11.39,-14.04,-15.72,-7.78,-8.19,-18.19,-5.7,-9.95,-10.68,-6.57,-12.98,-7.77,-8.35,2.8,-7.9,-9.85,-9.48,-11.8,-14.05,-6.55,-10.55,-11.32,-11.38,-12.79,-8.08,-13.21,-14.0,-14.22,-9.7,-7.87,-6.39,-9.28,-4.66,-13.07,-8.88,-6.57
2022-10,13.51,11.04,6.89,9.14,11.84,3.7,14.77,8.56,5.42,10.65,4.67,8.1,9.18,8.72,-0.69,8.2,8.04,11.48,19.68,16.22,16.66,2.21,-7.73,15.71,16.91,24.93,1.76,8.89,12.08,23.69,3.22,10.37,11.25,7.24,13.21,1.11,8.95,5.58,11.8,5.44,7.2,13.45,1.77,10.35,13.17,12.5,6.69,11.21,10.6
2022-11,2.12,2.69,7.41,2.95,5.3,4.8,6.99,15.38,9.14,17.23,4.19,5.69,4.98,10.24,2.53,6.7,5.29,7.9,13.68,-28.1,9.68,5.34,-9.71,8.31,2.81,1.41,11.71,19.86,13.33,0.59,6.56,1.89,5.6,3.45,8.15,5.5,3.79,9.06,5.12,10.26,10.02,4.77,2.56,5.72,4.9,1.11,10.52,8.31,6.78
2022-12,-12.57,-2.71,-0.75,-4.35,1.55,-10.56,-5.72,-8.1,0.46,-0.53,-4.34,-0.27,-2.33,-6.61,-3.16,-1.25,-4.92,-0.54,-7.93,-15.18,-4.51,-7.85,-30.32,1.65,-2.2,-1.48,0.18,-5.05,-13.26,-4.45,-1.45,-7.15,-7.91,-5.62,-7.05,-7.18,-11.18,-3.27,-4.33,-4.6,-7.55,-5.96,-9.25,-6.75,-6.81,-3.54,-6.9,-6.93,-3.6
2023-01,9.54,-2.55,-2.97,-4.03,1.11,16.14,18.98,11.14,-0.78,8.68,2.9,0.96,-2.64,8.81,10.34,15.54,12.29,13.72,21.82,15.03,7.71,11.97,30.58,3.61,1.05,-2.15,11.88,16.18,3.54,2.37,-1.57,13.21,8.1,9.38,5.32,8.83,11.74,2.77,0.15,8.99,9.54,6.54,10.59,9.41,9.01,-0.7,15.95,8.15,1.78
2023-02,-3.71,-1.56,-3.01,-0.06,-3.72,-4.15,-4.57,-4.97,-3.08,-6.36,-3.51,-3.24,-5.22,-4.87,2.68,-13.22,1.55,-1.18,1.73,-0.3,-1.2,2.97,11.58,-2.22,-0.41,2.11,-17.92,-3.77,0.9,-7.38,-5.66,-6.84,-2.58,-4.95,-0.33,-1.96,2.71,-5.34,-5.47,-4.35,-0.29,-0.68,-5.88,-2.88,-2.23,-3.92,-2.62,-2.56,-2.69
2023-03,-3.0,3.1,4.81,3.88,-0.18,-1.19,2.68,-4.14,4.77,3.86,-1.81,4.39,1.87,-3.91,0.66,-6.13,-3.68,3.49,-8.44,-6.76,0.03,-4.19,-0.73,1.08,-4.39,0.07,14.59,-1.32,-6.11,-0.65,3.59,-0.46,-0.07,-1.88,6.19,11.65,11.11,3.48,0.27,-1.16,-0.52,0.25,3.19,2.98,-12.25,-5.09,-8.54,-7.92,2.1
2023-04,-0.34,2.58,3.07,3.88,3.75,-3.28,0.44,1.38,4.02,1.87,3.35,7.0,2.73,-0.65,1.58,3.83,1.88,5.96,-7.18,1.56,-4.37,-5.6,-16.68,-0.93,-3.55,-2.69,-4.06,-2.66,-5.61,2.34,1.37,0.64,-1.29,-0.35,-7.23,1.99,-1.33,-5.14,0.74,-2.33,-2.28,0.1,1.48,4.7,1.39,3.35,-0.83,-0.03,5.07
2023-05,-11.3,-5.39,-4.18,-3.39,-9.09,-9.27,3.19,-1.0,-9.45,-13.95,-6.81,-6.45,-2.83,-8.0,-4.95,-11.73,-1.77,-1.35,-8.84,-14.38,-1.27,0.79,15.58,-4.49,-4.06,-4.22,-13.82,-4.5,-12.72,-9.91,-6.19,-9.77,-3.22,-3.43,5.11,9.09,10.19,-3.14,-9.18,-6.47,-0.97,-1.63,1.59,-5.53,-4.32,-4.09,0.04,-4.0,-2.44
2023-06,5.92,-1.15,0.96,2.43,7.41,10.51,8.94,5.63,6.79,6.73,8.21,8.2,2.48,10.79,12.6,11.78,18.9,15.51,19.82,35.74,13.69,17.25,25.19,6.87,17.46,3.4,3.4,12.66,19.63,5.94,2.11,4.22,6.31,8.68,5.7,3.41,8.15,5.36,6.14,7.46,10.75,11.2,7.45,5.36,6.66,3.36,9.09,5.45,6.34
2023-07,-1.4,1.64,1.7,2.79,1.04,6.51,0.89,3.5,-0.11,0.52,-0.85,-2.59,0.22,3.94,1.5,3.01,3.19,3.25,2.96,9.13,5.57,3.45,2.45,1.31,4.81,-2.57,1.6,8.98,8.25,7.0,2.32,0.5,3.57,3.16,1.73,4.3,3.14,2.81,4.56,5.1,6.97,-1.48,2.74,2.42,6.73,3.43,4.81,7.78,1.03
2023-08,-8.84,-5.75,-1.79,-5.07,-3.73,-1.37,-4.87,5.42,-2.21,-6.54,-4.81,-7.49,2.24,-4.69,3.43,-4.37,-1.05,-2.24,-1.97,0.4,-2.24,-9.1,-5.27,-2.82,-6.02,1.54,-10.32,-6.04,2.91,1.57,-5.81,-0.29,-2.96,-3.93,5.82,-1.9,-2.92,-0.51,-2.01,-4.12,-5.89,-1.97,0.03,-5.58,-5.55,-2.32,-5.21,-2.9,0.04
2023-09,0.41,-4.7,-6.89,-5.57,-2.89,-7.83,-11.64,-6.63,-7.24,-4.88,-5.71,-7.32,-4.35,-6.6,-8.49,-12.35,-7.85,-9.74,-5.02,-6.62,-7.12,-7.85,-2.85,-11.04,-5.88,-8.96,-6.24,-7.46,25.45,2.55,-5.48,-3.63,-5.41,-7.3,-5.42,-4.5,-8.8,-7.79,-6.98,-3.0,-5.03,-3.13,-6.56,-4.88,-4.36,2.14,-10.81,-3.9,-3.15
2023-10,-6.3,-5.45,-0.86,-4.81,-4.47,-14.85,2.33,-2.53,-0.5,3.8,-4.79,-6.83,-4.52,-6.97,-10.69,-6.71,-7.09,-6.16,-4.48,-23.07,-7.44,-13.4,-18.79,3.3,-0.96,8.89,1.35,-5.83,-10.57,-6.57,0.55,-0.6,-2.42,-7.15,-3.02,-0.14,-3.35,-11.36,-3.17,-3.93,-7.2,-1.37,0.18,-2.18,-3.38,3.02,-9.44,-6.83,-2.2
2023-11,-2.73,3.78,4.35,3.46,4.32,5.47,10.57,7.47,4.52,10.16,5.64,9.6,4.01,7.6,10.38,7.99,15.04,16.31,10.7,9.34,9.47,9.64,16.07,10.82,9.18,0.32,9.46,7.48,13.74,-2.03,4.71,6.52,11.51,14.42,1.87,11.63,12.17,11.79,7.62,10.0,11.84,7.47,6.51,7.23,12.73,3.5,9.39,13.04,6.2
2023-12,6.29,3.91,1.83,0.12,0.5,9.79,3.49,8.36,-0.12,4.2,9.41,6.97,6.01,8.04,4.04,16.22,11.3,15.88,9.23,5.84,9.93,12.78,5.74,6.2,9.28,2.67,1.91,12.59,4.07,-0.42,1.3,1.82,8.73,6.88,4.4,2.59,5.7,8.19,4.22,3.12,7.61,4.2,5.95,4.63,9.26,-1.01,17.02,9.64,0.98
2024-01,-5.03,-2.01,-1.19,-1.29,-2.98,-6.6,7.46,-0.88,3.36,-5.66,-0.52,3.61,3.26,-5.78,0.13,-3.01,-0.54,-3.26,0.42,-9.26,-0.67,-9.73,-19.37,-2.84,0.57,-5.49,-17.24,-4.21,6.85,-0.68,-3.48,4.1,-3.98,-0.44,4.1,3.52,2.03,-0.53,-6.79,-1.67,-1.98,2.47,0.87,0.15,1.1,1.25,-5.67,-2.5,4.01
2024-02,14.93,-1.36,3.9,-0.32,-0.42,3.26,6.03,1.06,2.58,5.49,2.46,2.36,5.03,3.21,2.49,11.69,9.65,10.41,4.45,16.49,8.21,7.66,6.81,1.56,8.52,3.42,-9.22,3.25,-7.62,2.72,1.97,-3.14,3.05,3.09,5.29,4.21,7.78,7.53,1.85,5.22,6.85,5.3,10.42,5.04,3.63,1.6,4.34,4.33,6.71
2024-03,7.37,3.49,1.57,4.17,4.73,1.6,0.51,-0.88,2.68,-6.77,5.42,3.3,0.87,5.21,7.36,6.8,5.47,8.89,5.05,12.97,5.43,4.57,-7.07,2.78,2.1,4.92,18.4,17.32,-4.65,10.01,6.61,2.66,4.49,3.0,6.49,1.27,2.43,1.6,8.45,5.75,0.66,3.98,2.27,0.45,4.96,3.6,2.45,4.25,3.71
2024-04,-6.29,0.17,-2.34,-2.44,1.99,-3.72,-9.99,-6.32,-2.03,-6.83,-8.23,-6.15,-6.2,-7.71,-8.84,-12.62,-7.14,-7.8,-9.74,-10.35,-6.17,-8.08,-0.7,-1.99,3.4,1.12,11.87,2.81,-1.29,-1.11,1.11,-7.0,-5.88,-6.47,-6.42,-5.54,-3.75,-4.43,1.88,-3.52,-8.41,-6.39,-5.54,-2.79,-4.37,-4.56,-11.82,-5.05,-2.8
2024-05,3.83,-1.88,1.59,-2.24,5.98,0.17,9.31,12.55,-0.25,4.52,1.25,0.15,3.82,4.55,1.5,6.27,0.31,5.41,3.99,9.21,1.44,4.23,-1.3,7.21,2.52,-0.95,5.91,1.92,6.9,-1.06,7.59,3.3,1.21,-0.71,5.29,3.11,15.06,2.2,4.03,3.5,-0.09,-0.29,3.23,-3.92,2.51,3.24,4.28,4.24,3.48
2024-06,-3.53,-4.1,-0.54,-3.48,0.65,-3.91,3.97,0.75,-0.53,-12.94,-2.77,1.14,3.52,-5.65,-4.25,-6.6,-5.99,-5.46,-6.19,-7.3,1.78,-4.84,6.56,-3.92,-6.24,0.35,-2.62,-7.69,-9.64,-2.47,-4.57,-1.01,1.47,-0.35,5.1,7.33,8.55,-1.05,0.15,-9.06,2.6,-3.25,4.68,0.18,-1.02,-0.64,-1.28,0.05,-1.68
2024-07,4.64,3.66,3.12,2.59,11.24,8.03,-4.4,2.71,-1.52,-2.81,7.69,-3.11,0.79,6.12,2.73,31.16,12.28,15.63,5.97,8.04,-0.73,7.12,11.53,8.15,4.98,12.9,16.63,0.97,2.19,1.51,5.94,3.4,6.92,7.01,-2.51,-4.52,-0.82,6.86,1.29,9.76,-0.32,6.01,-0.58,-3.1,7.03,7.91,19.18,6.26,5.48
2024-08,1.87,4.58,4.9,0.4,7.48,-2.56,5.48,1.21,5.87,5.3,3.98,7.05,5.79,1.1,-1.9,-2.18,-0.6,0.88,-7.33,-14.33,-1.84,-3.79,-5.85,0.73,2.9,6.66,7.07,-5.94,-7.53,-3.41,4.1,0.76,3.26,3.76,-1.94,0.75,1.38,-1.32,3.88,0.77,2.05,-1.71,0.28,5.05,1.74,3.84,-0.17,0.47,5.94
2024-09,2.35,0.52,0.37,0.9,-1.72,2.97,3.89,-2.73,0.67,5.38,2.25,0.33,-3.5,3.36,-1.0,1.22,5.52,4.81,1.45,0.34,4.27,0.85,14.4,-2.28,3.39,4.93,1.52,9.32,4.11,-3.74,4.94,5.16,2.97,0.93,3.66,3.57,1.77,0.92,-1.25,2.87,2.13,-1.16,3.69,5.03,-2.4,-1.41,5.75,2.23,-1.7
2024-10,4.01,-4.68,-8.08,-5.54,8.0,-0.12,3.67,0.22,-6.22,-6.51,-8.41,-1.57,-3.66,-4.26,0.21,-17.5,-2.19,-5.6,-1.91,-3.62,-5.2,-0.62,-3.52,-2.38,-3.76,-4.19,-13.51,-1.16,-1.12,-0.86,0.3,1.98,-0.6,-0.32,-0.44,-0.82,0.54,-9.34,-3.96,-4.0,1.03,-1.93,-1.35,-1.05,4.74,-4.68,0.42,6.14,-3.24
2024-11,2.66,0.25,-0.12,-0.8,1.75,3.6,13.72,5.0,6.62,7.45,2.24,5.45,-3.34,1.95,3.49,10.31,9.96,8.74,10.02,39.61,6.1,10.41,30.85,2.72,6.8,12.27,-8.09,-1.17,10.82,6.07,5.81,8.78,8.84,7.09,6.24,6.1,2.97,2.0,3.96,5.83,7.77,11.46,9.85,5.85,12.84,7.97,7.13,13.62,6.88
2024-12,-7.32,-6.05,-3.66,-6.4,-8.63,-7.04,-1.92,-6.55,-6.49,1.66,-12.41,-4.86,-5.35,-11.71,-6.64,-11.34,-13.09,-15.64,-18.36,-4.53,-9.21,-8.77,11.48,-2.63,-6.18,-7.64,-11.57,-11.75,-18.01,-9.12,-8.15,-8.33,-12.29,-5.23,-0.53,-0.07,3.12,-3.71,-7.04,-8.96,-9.0,-8.97,-0.67,-4.63,-5.91,-11.52,-9.21,-6.92,-6.63
2025-01,12.58,-3.0,0.2,-4.12,5.11,-0.75,6.47,1.43,-0.21,2.24,12.84,9.29,4.08,3.76,3.38,1.72,7.72,1.42,6.12,7.76,5.64,2.05,-0.06,5.03,8.19,0.53,14.12,0.6,-9.58,1.12,2.55,1.0,7.33,4.32,1.87,4.85,-6.34,6.73,-0.02,-0.25,1.68,4.41,6.89,3.27,8.18,4.62,8.88,7.89,5.71
2025-02,-5.33,2.76,11.04,1.67,15.11,3.26,-0.51,-3.78,3.27,-5.55,-2.03,-0.86,5.29,-3.84,-14.63,-6.27,-7.46,-11.31,3.49,-6.97,-4.33,-8.36,-23.84,1.45,-11.66,-10.14,-1.74,-4.0,-17.2,2.97,1.69,9.07,0.18,-2.41,-3.87,-7.28,0.03,-9.36,3.14,-1.86,0.66,-0.72,-5.39,2.46,-0.86,-0.13,-2.42,-5.69,6.25
2025-03,-0.37,1.3,2.19,-0.38,4.46,-7.11,-7.12,-2.99,-2.67,-18.59,2.61,-6.18,-4.6,-5.65,-4.2,-4.68,-6.68,-4.46,-8.44,-18.83,-6.12,-10.7,-10.49,-0.61,-0.57,-2.13,12.68,0.71,-1.03,3.57,0.42,-1.68,-2.94,-5.29,-10.32,-8.8,-10.64,-6.62,-2.8,-3.06,-8.38,-0.86,-8.99,-7.62,-8.03,3.78,-8.79,-8.52,1.09
2025-04,-1.03,-2.14,1.16,-6.16,4.83,-6.71,13.77,1.64,-3.83,-8.01,0.2,-0.69,-1.26,-4.99,-2.88,-6.65,-1.97,2.8,-0.03,-3.02,-3.4,-2.63,5.92,0.52,2.11,9.87,7.84,0.62,-1.62,-14.7,-1.67,-5.25,3.31,-2.75,-2.3,3.33,-1.14,-5.83,-8.32,-1.79,-3.08,1.63,0.97,-2.99,-2.45,-8.51,-7.92,-0.57,-0.3
2025-05,12.64,-3.26,-0.09,-3.82,4.24,5.17,6.15,3.8,3.72,9.89,3.3,1.89,-7.41,1.95,4.0,-3.09,1.99,7.12,3.59,12.79,7.78,16.13,19.39,10.14,6.33,7.83,1.15,3.63,-2.04,1.44,3.05,3.48,8.64,4.29,9.2,11.62,9.82,1.59,5.62,2.11,6.89,2.0,6.09,3.3,7.06,-4.99,0.89,7.53,0.09
2025-06,5.0,-1.7,-1.17,-2.01,0.41,6.49,9.92,3.27,-4.25,1.67,3.01,1.03,1.76,0.0,1.72,4.25,2.64,8.83,10.09,5.45,7.06,9.05,-6.71,5.76,4.06,3.14,10.44,7.36,2.63,4.89,0.67,3.29,-2.89,-0.18,12.13,7.24,10.86,6.04,-5.17,1.43,4.41,1.21,2.41,1.62,6.16,-0.28,10.14,8.17,-1.92
2025-07,-2.28,-0.72,-4.46,3.04,-6.18,1.58,-9.07,-3.67,-3.44,2.17,-8.58,-5.47,0.73,-1.01,3.54,0.61,4.84,8.61,3.08,19.09,3.17,12.73,-1.78,4.57,-3.72,-5.99,4.99,-0.74,12.19,3.22,3.03,-3.7,-3.32,-0.26,5.83,4.74,6.16,3.49,-2.36,-0.76,-2.4,-0.2,2.77,-2.85,0.48,-10.08,10.33,4.13,-2.65
2025-08,2.43,-0.25,3.05,3.11,3.49,6.03,4.62,5.31,2.89,3.87,13.64,2.07,4.17,5.96,4.68,17.09,5.02,6.07,3.84,0.4,-2.46,1.4,7.82,-0.06,0.65,3.74,23.04,6.95,12.5,3.92,-1.97,3.42,-1.37,1.23,3.04,-1.77,3.15,1.3,5.02,1.61,3.83,1.16,0.47,0.5,4.73,7.11,5.41,-0.56,4.09
2025-09,-9.79,-2.1,-1.87,-7.43,-2.42,-3.35,-2.02,0.58,-3.87,-5.75,3.43,-4.14,3.6,-4.96,1.67,-3.68,-3.13,3.41,0.64,-0.54,8.74,8.27,26.16,4.35,3.4,4.38,17.69,6.76,17.69,-1.08,3.65,-1.46,0.77,-4.9,5.28,5.76,8.52,3.03,-4.25,-4.22,0.16,0.47,-1.39,-4.94,-0.2,1.3,-3.83,2.63,-1.08
2025-10,-9.01,-5.8,2.79,3.0,-11.9,0.45,-6.73,-8.4,-3.41,-6.41,3.23,0.3,5.2,-3.56,0.06,-9.94,-1.59,-0.46,10.92,-2.12,8.13,16.5,2.35,1.52,2.98,2.99,-4.05,4.78,0.7,-1.19,0.07,-6.22,-12.01,-5.21,7.92,1.47,8.87,10.79,-5.86,-8.23,-0.61,-0.35,2.48,-3.97,-0.47,-6.73,-2.25,-3.35,-4.58
2025-11,7.82,2.84,5.9,2.05,7.52,8.9,-1.83,1.95,0.84,3.62,7.28,5.11,12.69,3.1,4.6,-0.01,2.97,2.8,4.61,1.32,0.75,-8.07,-4.18,-2.57,0.6,-16.52,12.3,0.16,-2.35,2.16,2.6,-1.75,-3.54,-0.81,-5.03,-2.4,-3.56,2.48,-2.64,4.15,0.25,1.47,-0.73,6.3,1.05,3.0,6.85,0.01,5.88
2025-12,-1.07,-3.79,-2.69,-2.33,1.54,-1.93,-8.55,2.52,-2.77,3.52,-5.87,-3.09,-1.06,-2.2,-2.75,-3.36,-0.54,-7.54,5.39,1.84,1.16,-5.5,4.26,3.53,3.46,13.07,9.7,4.94,12.11,-1.28,-4.61,3.37,1.17,1.78,-1.09,-0.98,-1.01,-0.41,-1.74,3.43,3.0,-3.86,-1.49,0.52,4.66,1.02,-0.4,2.62,-2.17
2026-01,8.03,5.93,6.34,6.06,10.36,6.74,-10.41,5.06,7.37,-1.74,-0.27,-4.11,1.54,10.06,-3.71,8.85,5.58,9.89,7.75,3.8,16.97,19.35,-2.96,4.77,11.58,17.17,13.16,20.34,7.77,13.63,2.56,3.1,0.29,-3.51,4.95,-4.53,1.51,5.02,0.91,5.46,1.09,6.91,4.52,3.08,-2.72,-5.16,5.74,2.33,-1.89
2026-02,9.07,4.87,8.53,8.71,5.83,0.83,11.25,-2.8,8.36,5.13,7.19,1.02,4.98,6.36,9.76,4.19,6.06,11.41,6.09,4.1,9.19,0.22,-5.3,4.78,11.75,1.68,16.6,11.03,-12.56,8.56,9.62,3.76,0.18,-7.0,4.68,-9.42,-2.1,1.87,8.29,7.69,3.18,5.25,-3.88,5.92,-4.57,-1.84,-10.7,-7.73,5.51
2026-03,3.0,-9.18,-8.86,-8.37,-8.92,-9.54,-2.16,5.61,-14.57,-11.75,-9.88,-12.18,-6.02,-1.34,-8.1,-19.58,-12.49,-8.82,-5.49,-3.76,-8.99,-7.47,-8.23,-11.42,-8.19,-10.27,-19.32,-17.01,14.46,12.8,-2.34,-2.9,-6.9,-5.61,-3.03,-6.13,-3.97,-7.45,-14.14,-11.11,-7.18,-9.43,-3.24,-7.94,-2.82,-5.72,-8.53,-3.66,-6.04
2026-04,-3.27,0.29,3.87,2.93,2.59,5.12,-1.01,1.48,1.69,-3.36,1.64,-4.69,-2.18,2.1,9.95,8.33,5.41,19.09,17.6,5.53,14.95,28.56,2.97,1.26,4.19,-6.09,1.48,2.15,-11.34,-4.45,1.76,-2.55,5.01,3.88,28.73,14.26,20.65,8.06,-2.93,-0.8,7.43,4.13,13.46,4.55,8.11,11.49,6.35,8.12,-1.51
2026-05,-3.51,-1.18,1.96,-7.76,3.39,-1.66,-4.85,-3.15,-1.47,2.17,0.7,-5.11,4.71,-3.84,1.63,3.87,-3.57,-1.68,11.05,0.1,3.95,6.06,12.47,5.88,-5.82,19.68,-0.69,6.98,2.52,-6.47,-5.28,-1.77,-1.99,-0.64,24.47,8.41,14.08,4.84,2.39,-2.79,1.29,-3.96,-2.98,-3.1,-2.59,-1.48,-6.89,2.23,0.27
2026-06,8.07,-1.83,3.91,-2.29,3.16,2.41,-9.69,-3.35,3.39,-5.16,10.07,0.58,8.4,-0.16,13.06,14.48,14.11,5.77,-5.38,7.36,26.84,3.14,-3.73,5.75,0.76,-8.57,-15.34,-6.04,-13.44,-5.98,2.51,-9.27,1.27,1.43,1.97,-11.24,-2.79,17.5,10.4,12.98,3.66,6.6,-5.88,1.85,8.04,8.26,10.42,-3.36,3.73
