date,Agric,Food,Soda,Beer,Smoke,Toys,Fun,Books,Hshld,Clths,Hlth,MedEq,Drugs,Chems,Rubbr,Txtls,BldMt,Cnstr,Steel,FabPr,Mach,ElcEq,Autos,Aero,Ships,Guns,Gold,Mines,Coal,Oil,Util,Telcm,PerSv,BusSv,Hardw,Softw,Chips,LabEq,Paper,Boxes,Trans,Whlsl,Rtail,Meals,Banks,Insur,RlEst,Fin,Other
1926-07,,,,,,,,,,,,,,,,,,,,,,,,,,,,,,,,,,,,,,,,,,,,,,,,,
1926-08,,,,,,,,,,,,,,,,,,,,,,,,,,,,,,,,,,,,,,,,,,,,,,,,,
1926-09,,,,,,,,,,,,,,,,,,,,,,,,,,,,,,,,,,,,,,,,,,,,,,,,,
1926-10,,,,,,,,,,,,,,,,,,,,,,,,,,,,,,,,,,,,,,,,,,,,,,,,,
1926-11,,,,,,,,,,,,,,,,,,,,,,,,,,,,,,,,,,,,,,,,,,,,,,,,,
1926-12,,,,,,,,,,,,,,,,,,,,,,,,,,,,,,,,,,,,,,,,,,,,,,,,,
1927-01,,,,,,,,,,,,,,,,,,,,,,,,,,,,,,,,,,,,,,,,,,,,,,,,,
1927-02,,,,,,,,,,,,,,,,,,,,,,,,,,,,,,,,,,,,,,,,,,,,,,,,,
1927-03,,,,,,,,,,,,,,,,,,,,,,,,,,,,,,,,,,,,,,,,,,,,,,,,,
1927-04,,,,,,,,,,,,,,,,,,,,,,,,,,,,,,,,,,,,,,,,,,,,,,,,,
1927-05,,,,,,,,,,,,,,,,,,,,,,,,,,,,,,,,,,,,,,,,,,,,,,,,,
1927-06,,,,,,,,,,,,,,,,,,,,,,,,,,,,,,,,,,,,,,,,,,,,,,,,,
1927-07,-0.261365,-0.462035,,0.678034,-0.094311,0.631272,0.029559,1.766442,-0.967584,-0.248461,,-0.261365,-0.301105,-0.040822,,0.593327,-0.446287,-0.616186,0.239017,,-0.116534,-0.71335,-0.510826,-0.562119,-0.162519,,,-0.162519,0.231112,-0.18633,-0.274437,-0.139262,,-0.094311,-0.248461,,-0.653926,-0.941609,,-0.01005,0.322083,-0.030459,-0.967584,-0.314711,-0.653926,0.371564,-0.139262,-0.162519,-0.446287
1927-08,-0.261365,-0.462035,,0.678034,-0.094311,0.631272,0.029559,1.766442,-0.967584,-0.248461,,-0.261365,-0.301105,-0.040822,,0.593327,-0.446287,-0.616186,0.239017,,-0.116534,-0.71335,-0.510826,-0.562119,-0.162519,,,-0.162519,0.231112,-0.18633,-0.274437,-0.139262,,-0.094311,-0.248461,,-0.653926,-0.941609,,-0.01005,0.322083,-0.030459,-0.967584,-0.314711,-0.653926,0.371564,-0.139262,-0.162519,-0.446287
1927-09,-0.261365,-0.462035,,0.678034,-0.094311,0.631272,0.029559,1.766442,-0.967584,-0.248461,,-0.261365,-0.301105,-0.040822,,0.593327,-0.446287,-0.616186,0.239017,,-0.116534,-0.71335,-0.510826,-0.562119,-0.162519,,,-0.162519,0.231112,-0.18633,-0.274437,-0.139262,,-0.094311,-0.248461,,-0.653926,-0.941609,,-0.01005,0.322083,-0.030459,-0.967584,-0.314711,-0.653926,0.371564,-0.139262,-0.162519,-0.446287
1927-10,-0.261365,-0.462035,,0.678034,-0.094311,0.631272,0.029559,1.766442,-0.967584,-0.248461,,-0.261365,-0.301105,-0.040822,,0.593327,-0.446287,-0.616186,0.239017,,-0.116534,-0.71335,-0.510826,-0.562119,-0.162519,,,-0.162519,0.231112,-0.18633,-0.274437,-0.139262,,-0.094311,-0.248461,,-0.653926,-0.941609,,-0.01005,0.322083,-0.030459,-0.967584,-0.314711,-0.653926,0.371564,-0.139262,-0.162519,-0.446287
1927-11,-0.261365,-0.462035,,0.678034,-0.094311,0.631272,0.029559,1.766442,-0.967584,-0.248461,,-0.261365,-0.301105,-0.040822,,0.593327,-0.446287,-0.616186,0.239017,,-0.116534,-0.71335,-0.510826,-0.562119,-0.162519,,,-0.162519,0.231112,-0.18633,-0.274437,-0.139262,,-0.094311,-0.248461,,-0.653926,-0.941609,,-0.01005,0.322083,-0.030459,-0.967584,-0.314711,-0.653926,0.371564,-0.139262,-0.162519,-0.446287
1927-12,-0.261365,-0.462035,,0.678034,-0.094311,0.631272,0.029559,1.766442,-0.967584,-0.248461,,-0.261365,-0.301105,-0.040822,,0.593327,-0.446287,-0.616186,0.239017,,-0.116534,-0.71335,-0.510826,-0.562119,-0.162519,,,-0.162519,0.231112,-0.18633,-0.274437,-0.139262,,-0.094311,-0.248461,,-0.653926,-0.941609,,-0.01005,0.322083,-0.030459,-0.967584,-0.314711,-0.653926,0.371564,-0.139262,-0.162519,-0.446287
1928-01,-0.462035,-0.527633,,0.703098,-0.356675,0.71784,-0.094311,0.940007,-0.653926,-0.083382,,-0.71335,-0.510826,-0.494296,,0.576613,-0.287682,0.463734,0.215111,,-0.162519,-0.510826,-0.579818,-0.385662,-0.139262,,,-0.210721,0.277632,-0.020203,-0.139262,-0.18633,,-0.127833,-0.328504,,-0.371064,-1.07881,,0.131028,0.378436,1.294727,-0.776529,-0.34249,-0.371064,-0.174353,-0.223144,0.04879,-0.356675
1928-02,-0.462035,-0.527633,,0.703098,-0.356675,0.71784,-0.094311,0.940007,-0.653926,-0.083382,,-0.71335,-0.510826,-0.494296,,0.576613,-0.287682,0.463734,0.215111,,-0.162519,-0.510826,-0.579818,-0.385662,-0.139262,,,-0.210721,0.277632,-0.020203,-0.139262,-0.18633,,-0.127833,-0.328504,,-0.371064,-1.07881,,0.131028,0.378436,1.294727,-0.776529,-0.34249,-0.371064,-0.174353,-0.223144,0.04879,-0.356675
1928-03,-0.462035,-0.527633,,0.703098,-0.356675,0.71784,-0.094311,0.940007,-0.653926,-0.083382,,-0.71335,-0.510826,-0.494296,,0.576613,-0.287682,0.463734,0.215111,,-0.162519,-0.510826,-0.579818,-0.385662,-0.139262,,,-0.210721,0.277632,-0.020203,-0.139262,-0.18633,,-0.127833,-0.328504,,-0.371064,-1.07881,,0.131028,0.378436,1.294727,-0.776529,-0.34249,-0.371064,-0.174353,-0.223144,0.04879,-0.356675
1928-04,-0.462035,-0.527633,,0.703098,-0.356675,0.71784,-0.094311,0.940007,-0.653926,-0.083382,,-0.71335,-0.510826,-0.494296,,0.576613,-0.287682,0.463734,0.215111,,-0.162519,-0.510826,-0.579818,-0.385662,-0.139262,,,-0.210721,0.277632,-0.020203,-0.139262,-0.18633,,-0.127833,-0.328504,,-0.371064,-1.07881,,0.131028,0.378436,1.294727,-0.776529,-0.34249,-0.371064,-0.174353,-0.223144,0.04879,-0.356675
1928-05,-0.462035,-0.527633,,0.703098,-0.356675,0.71784,-0.094311,0.940007,-0.653926,-0.083382,,-0.71335,-0.510826,-0.494296,,0.576613,-0.287682,0.463734,0.215111,,-0.162519,-0.510826,-0.579818,-0.385662,-0.139262,,,-0.210721,0.277632,-0.020203,-0.139262,-0.18633,,-0.127833,-0.328504,,-0.371064,-1.07881,,0.131028,0.378436,1.294727,-0.776529,-0.34249,-0.371064,-0.174353,-0.223144,0.04879,-0.356675
1928-06,-0.462035,-0.527633,,0.703098,-0.356675,0.71784,-0.094311,0.940007,-0.653926,-0.083382,,-0.71335,-0.510826,-0.494296,,0.576613,-0.287682,0.463734,0.215111,,-0.162519,-0.510826,-0.579818,-0.385662,-0.139262,,,-0.210721,0.277632,-0.020203,-0.139262,-0.18633,,-0.127833,-0.328504,,-0.371064,-1.07881,,0.131028,0.378436,1.294727,-0.776529,-0.34249,-0.371064,-0.174353,-0.223144,0.04879,-0.356675
1928-07,-0.462035,-0.527633,,0.703098,-0.356675,0.71784,-0.094311,0.940007,-0.653926,-0.083382,,-0.71335,-0.510826,-0.494296,,0.576613,-0.287682,0.463734,0.215111,,-0.162519,-0.510826,-0.579818,-0.385662,-0.139262,,,-0.210721,0.277632,-0.020203,-0.139262,-0.18633,,-0.127833,-0.328504,,-0.371064,-1.07881,,0.131028,0.378436,1.294727,-0.776529,-0.34249,-0.371064,-0.174353,-0.223144,0.04879,-0.356675
1928-08,-0.462035,-0.527633,,0.703098,-0.356675,0.71784,-0.094311,0.940007,-0.653926,-0.083382,,-0.71335,-0.510826,-0.494296,,0.576613,-0.287682,0.463734,0.215111,,-0.162519,-0.510826,-0.579818,-0.385662,-0.139262,,,-0.210721,0.277632,-0.020203,-0.139262,-0.18633,,-0.127833,-0.328504,,-0.371064,-1.07881,,0.131028,0.378436,1.294727,-0.776529,-0.34249,-0.371064,-0.174353,-0.223144,0.04879,-0.356675
1928-09,-0.462035,-0.527633,,0.703098,-0.356675,0.71784,-0.094311,0.940007,-0.653926,-0.083382,,-0.71335,-0.510826,-0.494296,,0.576613,-0.287682,0.463734,0.215111,,-0.162519,-0.510826,-0.579818,-0.385662,-0.139262,,,-0.210721,0.277632,-0.020203,-0.139262,-0.18633,,-0.127833,-0.328504,,-0.371064,-1.07881,,0.131028,0.378436,1.294727,-0.776529,-0.34249,-0.371064,-0.174353,-0.223144,0.04879,-0.356675
1928-10,-0.462035,-0.527633,,0.703098,-0.356675,0.71784,-0.094311,0.940007,-0.653926,-0.083382,,-0.71335,-0.510826,-0.494296,,0.576613,-0.287682,0.463734,0.215111,,-0.162519,-0.510826,-0.579818,-0.385662,-0.139262,,,-0.210721,0.277632,-0.020203,-0.139262,-0.18633,,-0.127833,-0.328504,,-0.371064,-1.07881,,0.131028,0.378436,1.294727,-0.776529,-0.34249,-0.371064,-0.174353,-0.223144,0.04879,-0.356675
1928-11,-0.462035,-0.527633,,0.703098,-0.356675,0.71784,-0.094311,0.940007,-0.653926,-0.083382,,-0.71335,-0.510826,-0.494296,,0.576613,-0.287682,0.463734,0.215111,,-0.162519,-0.510826,-0.579818,-0.385662,-0.139262,,,-0.210721,0.277632,-0.020203,-0.139262,-0.18633,,-0.127833,-0.328504,,-0.371064,-1.07881,,0.131028,0.378436,1.294727,-0.776529,-0.34249,-0.371064,-0.174353,-0.223144,0.04879,-0.356675
1928-12,-0.462035,-0.527633,,0.703098,-0.356675,0.71784,-0.094311,0.940007,-0.653926,-0.083382,,-0.71335,-0.510826,-0.494296,,0.576613,-0.287682,0.463734,0.215111,,-0.162519,-0.510826,-0.579818,-0.385662,-0.139262,,,-0.210721,0.277632,-0.020203,-0.139262,-0.18633,,-0.127833,-0.328504,,-0.371064,-1.07881,,0.131028,0.378436,1.294727,-0.776529,-0.34249,-0.371064,-0.174353,-0.223144,0.04879,-0.356675
1929-01,-0.616186,-0.798508,,-0.248461,-0.478036,0.500775,-0.174353,0.329304,-1.07881,0.223144,,-1.203973,-1.021651,-0.84397,,0.431782,-0.415515,-0.385662,-0.040822,,-0.415515,-0.798508,-0.967584,-1.386294,-0.356675,,,-0.71335,0.113329,-0.01005,-0.400478,-0.34249,-0.916291,-0.562119,-0.84397,,-0.478036,-1.272966,,-0.198451,0.254642,-0.544727,-0.994252,-0.510826,-0.616186,-0.916291,-0.210721,-0.210721,-0.527633
1929-02,-0.616186,-0.798508,,-0.248461,-0.478036,0.500775,-0.174353,0.329304,-1.07881,0.223144,,-1.203973,-1.021651,-0.84397,,0.431782,-0.415515,-0.385662,-0.040822,,-0.415515,-0.798508,-0.967584,-1.386294,-0.356675,,,-0.71335,0.113329,-0.01005,-0.400478,-0.34249,-0.916291,-0.562119,-0.84397,,-0.478036,-1.272966,,-0.198451,0.254642,-0.544727,-0.994252,-0.510826,-0.616186,-0.916291,-0.210721,-0.210721,-0.527633
1929-03,-0.616186,-0.798508,,-0.248461,-0.478036,0.500775,-0.174353,0.329304,-1.07881,0.223144,,-1.203973,-1.021651,-0.84397,,0.431782,-0.415515,-0.385662,-0.040822,,-0.415515,-0.798508,-0.967584,-1.386294,-0.356675,,,-0.71335,0.113329,-0.01005,-0.400478,-0.34249,-0.916291,-0.562119,-0.84397,,-0.478036,-1.272966,,-0.198451,0.254642,-0.544727,-0.994252,-0.510826,-0.616186,-0.916291,-0.210721,-0.210721,-0.527633
1929-04,-0.616186,-0.798508,,-0.248461,-0.478036,0.500775,-0.174353,0.329304,-1.07881,0.223144,,-1.203973,-1.021651,-0.84397,,0.431782,-0.415515,-0.385662,-0.040822,,-0.415515,-0.798508,-0.967584,-1.386294,-0.356675,,,-0.71335,0.113329,-0.01005,-0.400478,-0.34249,-0.916291,-0.562119,-0.84397,,-0.478036,-1.272966,,-0.198451,0.254642,-0.544727,-0.994252,-0.510826,-0.616186,-0.916291,-0.210721,-0.210721,-0.527633
1929-05,-0.616186,-0.798508,,-0.248461,-0.478036,0.500775,-0.174353,0.329304,-1.07881,0.223144,,-1.203973,-1.021651,-0.84397,,0.431782,-0.415515,-0.385662,-0.040822,,-0.415515,-0.798508,-0.967584,-1.386294,-0.356675,,,-0.71335,0.113329,-0.01005,-0.400478,-0.34249,-0.916291,-0.562119,-0.84397,,-0.478036,-1.272966,,-0.198451,0.254642,-0.544727,-0.994252,-0.510826,-0.616186,-0.916291,-0.210721,-0.210721,-0.527633
1929-06,-0.616186,-0.798508,,-0.248461,-0.478036,0.500775,-0.174353,0.329304,-1.07881,0.223144,,-1.203973,-1.021651,-0.84397,,0.431782,-0.415515,-0.385662,-0.040822,,-0.415515,-0.798508,-0.967584,-1.386294,-0.356675,,,-0.71335,0.113329,-0.01005,-0.400478,-0.34249,-0.916291,-0.562119,-0.84397,,-0.478036,-1.272966,,-0.198451,0.254642,-0.544727,-0.994252,-0.510826,-0.616186,-0.916291,-0.210721,-0.210721,-0.527633
1929-07,-0.616186,-0.798508,,-0.248461,-0.478036,0.500775,-0.174353,0.329304,-1.07881,0.223144,,-1.203973,-1.021651,-0.84397,,0.431782,-0.415515,-0.385662,-0.040822,,-0.415515,-0.798508,-0.967584,-1.386294,-0.356675,,,-0.71335,0.113329,-0.01005,-0.400478,-0.34249,-0.916291,-0.562119,-0.84397,,-0.478036,-1.272966,,-0.198451,0.254642,-0.544727,-0.994252,-0.510826,-0.616186,-0.916291,-0.210721,-0.210721,-0.527633
1929-08,-0.616186,-0.798508,,-0.248461,-0.478036,0.500775,-0.174353,0.329304,-1.07881,0.223144,,-1.203973,-1.021651,-0.84397,,0.431782,-0.415515,-0.385662,-0.040822,,-0.415515,-0.798508,-0.967584,-1.386294,-0.356675,,,-0.71335,0.113329,-0.01005,-0.400478,-0.34249,-0.916291,-0.562119,-0.84397,,-0.478036,-1.272966,,-0.198451,0.254642,-0.544727,-0.994252,-0.510826,-0.616186,-0.916291,-0.210721,-0.210721,-0.527633
1929-09,-0.616186,-0.798508,,-0.248461,-0.478036,0.500775,-0.174353,0.329304,-1.07881,0.223144,,-1.203973,-1.021651,-0.84397,,0.431782,-0.415515,-0.385662,-0.040822,,-0.415515,-0.798508,-0.967584,-1.386294,-0.356675,,,-0.71335,0.113329,-0.01005,-0.400478,-0.34249,-0.916291,-0.562119,-0.84397,,-0.478036,-1.272966,,-0.198451,0.254642,-0.544727,-0.994252,-0.510826,-0.616186,-0.916291,-0.210721,-0.210721,-0.527633
1929-10,-0.616186,-0.798508,,-0.248461,-0.478036,0.500775,-0.174353,0.329304,-1.07881,0.223144,,-1.203973,-1.021651,-0.84397,,0.431782,-0.415515,-0.385662,-0.040822,,-0.415515,-0.798508,-0.967584,-1.386294,-0.356675,,,-0.71335,0.113329,-0.01005,-0.400478,-0.34249,-0.916291,-0.562119,-0.84397,,-0.478036,-1.272966,,-0.198451,0.254642,-0.544727,-0.994252,-0.510826,-0.616186,-0.916291,-0.210721,-0.210721,-0.527633
1929-11,-0.616186,-0.798508,,-0.248461,-0.478036,0.500775,-0.174353,0.329304,-1.07881,0.223144,,-1.203973,-1.021651,-0.84397,,0.431782,-0.415515,-0.385662,-0.040822,,-0.415515,-0.798508,-0.967584,-1.386294,-0.356675,,,-0.71335,0.113329,-0.01005,-0.400478,-0.34249,-0.916291,-0.562119,-0.84397,,-0.478036,-1.272966,,-0.198451,0.254642,-0.544727,-0.994252,-0.510826,-0.616186,-0.916291,-0.210721,-0.210721,-0.527633
1929-12,-0.616186,-0.798508,,-0.248461,-0.478036,0.500775,-0.174353,0.329304,-1.07881,0.223144,,-1.203973,-1.021651,-0.84397,,0.431782,-0.415515,-0.385662,-0.040822,,-0.415515,-0.798508,-0.967584,-1.386294,-0.356675,,,-0.71335,0.113329,-0.01005,-0.400478,-0.34249,-0.916291,-0.562119,-0.84397,,-0.478036,-1.272966,,-0.198451,0.254642,-0.544727,-0.994252,-0.510826,-0.616186,-0.916291,-0.210721,-0.210721,-0.527633
1930-01,-0.562119,-0.941609,,-0.371064,-0.478036,0.553885,-0.693147,-0.051293,-1.386294,0.165514,,-1.469676,-1.237874,-1.139434,,0.019803,-0.941609,-0.634878,-0.314711,,-0.693147,-1.309333,-1.309333,-0.994252,-0.139262,,,-0.867501,0.215111,-0.248461,-0.776529,-0.400478,-0.616186,-0.634878,-1.347074,,-0.693147,-1.347074,,-0.527633,0.19062,-1.07881,-1.237874,-0.673345,-0.994252,-0.867501,-0.094311,-0.198451,-0.446287
1930-02,-0.562119,-0.941609,,-0.371064,-0.478036,0.553885,-0.693147,-0.051293,-1.386294,0.165514,,-1.469676,-1.237874,-1.139434,,0.019803,-0.941609,-0.634878,-0.314711,,-0.693147,-1.309333,-1.309333,-0.994252,-0.139262,,,-0.867501,0.215111,-0.248461,-0.776529,-0.400478,-0.616186,-0.634878,-1.347074,,-0.693147,-1.347074,,-0.527633,0.19062,-1.07881,-1.237874,-0.673345,-0.994252,-0.867501,-0.094311,-0.198451,-0.446287
1930-03,-0.562119,-0.941609,,-0.371064,-0.478036,0.553885,-0.693147,-0.051293,-1.386294,0.165514,,-1.469676,-1.237874,-1.139434,,0.019803,-0.941609,-0.634878,-0.314711,,-0.693147,-1.309333,-1.309333,-0.994252,-0.139262,,,-0.867501,0.215111,-0.248461,-0.776529,-0.400478,-0.616186,-0.634878,-1.347074,,-0.693147,-1.347074,,-0.527633,0.19062,-1.07881,-1.237874,-0.673345,-0.994252,-0.867501,-0.094311,-0.198451,-0.446287
1930-04,-0.562119,-0.941609,,-0.371064,-0.478036,0.553885,-0.693147,-0.051293,-1.386294,0.165514,,-1.469676,-1.237874,-1.139434,,0.019803,-0.941609,-0.634878,-0.314711,,-0.693147,-1.309333,-1.309333,-0.994252,-0.139262,,,-0.867501,0.215111,-0.248461,-0.776529,-0.400478,-0.616186,-0.634878,-1.347074,,-0.693147,-1.347074,,-0.527633,0.19062,-1.07881,-1.237874,-0.673345,-0.994252,-0.867501,-0.094311,-0.198451,-0.446287
1930-05,-0.562119,-0.941609,,-0.371064,-0.478036,0.553885,-0.693147,-0.051293,-1.386294,0.165514,,-1.469676,-1.237874,-1.139434,,0.019803,-0.941609,-0.634878,-0.314711,,-0.693147,-1.309333,-1.309333,-0.994252,-0.139262,,,-0.867501,0.215111,-0.248461,-0.776529,-0.400478,-0.616186,-0.634878,-1.347074,,-0.693147,-1.347074,,-0.527633,0.19062,-1.07881,-1.237874,-0.673345,-0.994252,-0.867501,-0.094311,-0.198451,-0.446287
1930-06,-0.562119,-0.941609,,-0.371064,-0.478036,0.553885,-0.693147,-0.051293,-1.386294,0.165514,,-1.469676,-1.237874,-1.139434,,0.019803,-0.941609,-0.634878,-0.314711,,-0.693147,-1.309333,-1.309333,-0.994252,-0.139262,,,-0.867501,0.215111,-0.248461,-0.776529,-0.400478,-0.616186,-0.634878,-1.347074,,-0.693147,-1.347074,,-0.527633,0.19062,-1.07881,-1.237874,-0.673345,-0.994252,-0.867501,-0.094311,-0.198451,-0.446287
1930-07,-0.562119,-0.941609,,-0.371064,-0.478036,0.553885,-0.693147,-0.051293,-1.386294,0.165514,,-1.469676,-1.237874,-1.139434,,0.019803,-0.941609,-0.634878,-0.314711,,-0.693147,-1.309333,-1.309333,-0.994252,-0.139262,,,-0.867501,0.215111,-0.248461,-0.776529,-0.400478,-0.616186,-0.634878,-1.347074,,-0.693147,-1.347074,,-0.527633,0.19062,-1.07881,-1.237874,-0.673345,-0.994252,-0.867501,-0.094311,-0.198451,-0.446287
1930-08,-0.562119,-0.941609,,-0.371064,-0.478036,0.553885,-0.693147,-0.051293,-1.386294,0.165514,,-1.469676,-1.237874,-1.139434,,0.019803,-0.941609,-0.634878,-0.314711,,-0.693147,-1.309333,-1.309333,-0.994252,-0.139262,,,-0.867501,0.215111,-0.248461,-0.776529,-0.400478,-0.616186,-0.634878,-1.347074,,-0.693147,-1.347074,,-0.527633,0.19062,-1.07881,-1.237874,-0.673345,-0.994252,-0.867501,-0.094311,-0.198451,-0.446287
1930-09,-0.562119,-0.941609,,-0.371064,-0.478036,0.553885,-0.693147,-0.051293,-1.386294,0.165514,,-1.469676,-1.237874,-1.139434,,0.019803,-0.941609,-0.634878,-0.314711,,-0.693147,-1.309333,-1.309333,-0.994252,-0.139262,,,-0.867501,0.215111,-0.248461,-0.776529,-0.400478,-0.616186,-0.634878,-1.347074,,-0.693147,-1.347074,,-0.527633,0.19062,-1.07881,-1.237874,-0.673345,-0.994252,-0.867501,-0.094311,-0.198451,-0.446287
1930-10,-0.562119,-0.941609,,-0.371064,-0.478036,0.553885,-0.693147,-0.051293,-1.386294,0.165514,,-1.469676,-1.237874,-1.139434,,0.019803,-0.941609,-0.634878,-0.314711,,-0.693147,-1.309333,-1.309333,-0.994252,-0.139262,,,-0.867501,0.215111,-0.248461,-0.776529,-0.400478,-0.616186,-0.634878,-1.347074,,-0.693147,-1.347074,,-0.527633,0.19062,-1.07881,-1.237874,-0.673345,-0.994252,-0.867501,-0.094311,-0.198451,-0.446287
1930-11,-0.562119,-0.941609,,-0.371064,-0.478036,0.553885,-0.693147,-0.051293,-1.386294,0.165514,,-1.469676,-1.237874,-1.139434,,0.019803,-0.941609,-0.634878,-0.314711,,-0.693147,-1.309333,-1.309333,-0.994252,-0.139262,,,-0.867501,0.215111,-0.248461,-0.776529,-0.400478,-0.616186,-0.634878,-1.347074,,-0.693147,-1.347074,,-0.527633,0.19062,-1.07881,-1.237874,-0.673345,-0.994252,-0.867501,-0.094311,-0.198451,-0.446287
1930-12,-0.562119,-0.941609,,-0.371064,-0.478036,0.553885,-0.693147,-0.051293,-1.386294,0.165514,,-1.469676,-1.237874,-1.139434,,0.019803,-0.941609,-0.634878,-0.314711,,-0.693147,-1.309333,-1.309333,-0.994252,-0.139262,,,-0.867501,0.215111,-0.248461,-0.776529,-0.400478,-0.616186,-0.634878,-1.347074,,-0.693147,-1.347074,,-0.527633,0.19062,-1.07881,-1.237874,-0.673345,-0.994252,-0.867501,-0.094311,-0.198451,-0.446287
1931-01,-0.301105,-0.733969,,-0.116534,0.207014,0.57098,0.14842,-0.223144,-0.916291,-0.274437,,-2.040221,-0.798508,-0.941609,-0.235722,0.553885,-0.385662,-0.820981,-0.116534,,-0.527633,-1.108663,-0.462035,-0.544727,-0.274437,,,-0.527633,0.239017,-0.061875,-0.967584,-0.494296,0.378436,0.086178,-1.237874,,-0.356675,-1.07881,0.039221,-0.478036,0.223144,0.530628,-0.693147,-0.083382,-0.261365,-0.462035,0.239017,0.636577,0.463734
1931-02,-0.301105,-0.733969,,-0.116534,0.207014,0.57098,0.14842,-0.223144,-0.916291,-0.274437,,-2.040221,-0.798508,-0.941609,-0.235722,0.553885,-0.385662,-0.820981,-0.116534,,-0.527633,-1.108663,-0.462035,-0.544727,-0.274437,,,-0.527633,0.239017,-0.061875,-0.967584,-0.494296,0.378436,0.086178,-1.237874,,-0.356675,-1.07881,0.039221,-0.478036,0.223144,0.530628,-0.693147,-0.083382,-0.261365,-0.462035,0.239017,0.636577,0.463734
1931-03,-0.301105,-0.733969,,-0.116534,0.207014,0.57098,0.14842,-0.223144,-0.916291,-0.274437,,-2.040221,-0.798508,-0.941609,-0.235722,0.553885,-0.385662,-0.820981,-0.116534,,-0.527633,-1.108663,-0.462035,-0.544727,-0.274437,,,-0.527633,0.239017,-0.061875,-0.967584,-0.494296,0.378436,0.086178,-1.237874,,-0.356675,-1.07881,0.039221,-0.478036,0.223144,0.530628,-0.693147,-0.083382,-0.261365,-0.462035,0.239017,0.636577,0.463734
1931-04,-0.301105,-0.733969,,-0.116534,0.207014,0.57098,0.14842,-0.223144,-0.916291,-0.274437,,-2.040221,-0.798508,-0.941609,-0.235722,0.553885,-0.385662,-0.820981,-0.116534,,-0.527633,-1.108663,-0.462035,-0.544727,-0.274437,,,-0.527633,0.239017,-0.061875,-0.967584,-0.494296,0.378436,0.086178,-1.237874,,-0.356675,-1.07881,0.039221,-0.478036,0.223144,0.530628,-0.693147,-0.083382,-0.261365,-0.462035,0.239017,0.636577,0.463734
1931-05,-0.301105,-0.733969,,-0.116534,0.207014,0.57098,0.14842,-0.223144,-0.916291,-0.274437,,-2.040221,-0.798508,-0.941609,-0.235722,0.553885,-0.385662,-0.820981,-0.116534,,-0.527633,-1.108663,-0.462035,-0.544727,-0.274437,,,-0.527633,0.239017,-0.061875,-0.967584,-0.494296,0.378436,0.086178,-1.237874,,-0.356675,-1.07881,0.039221,-0.478036,0.223144,0.530628,-0.693147,-0.083382,-0.261365,-0.462035,0.239017,0.636577,0.463734
1931-06,-0.301105,-0.733969,,-0.116534,0.207014,0.57098,0.14842,-0.223144,-0.916291,-0.274437,,-2.040221,-0.798508,-0.941609,-0.235722,0.553885,-0.385662,-0.820981,-0.116534,,-0.527633,-1.108663,-0.462035,-0.544727,-0.274437,,,-0.527633,0.239017,-0.061875,-0.967584,-0.494296,0.378436,0.086178,-1.237874,,-0.356675,-1.07881,0.039221,-0.478036,0.223144,0.530628,-0.693147,-0.083382,-0.261365,-0.462035,0.239017,0.636577,0.463734
1931-07,-0.301105,-0.733969,,-0.116534,0.207014,0.57098,0.14842,-0.223144,-0.916291,-0.274437,,-2.040221,-0.798508,-0.941609,-0.235722,0.553885,-0.385662,-0.820981,-0.116534,,-0.527633,-1.108663,-0.462035,-0.544727,-0.274437,,,-0.527633,0.239017,-0.061875,-0.967584,-0.494296,0.378436,0.086178,-1.237874,,-0.356675,-1.07881,0.039221,-0.478036,0.223144,0.530628,-0.693147,-0.083382,-0.261365,-0.462035,0.239017,0.636577,0.463734
1931-08,-0.301105,-0.733969,,-0.116534,0.207014,0.57098,0.14842,-0.223144,-0.916291,-0.274437,,-2.040221,-0.798508,-0.941609,-0.235722,0.553885,-0.385662,-0.820981,-0.116534,,-0.527633,-1.108663,-0.462035,-0.544727,-0.274437,,,-0.527633,0.239017,-0.061875,-0.967584,-0.494296,0.378436,0.086178,-1.237874,,-0.356675,-1.07881,0.039221,-0.478036,0.223144,0.530628,-0.693147,-0.083382,-0.261365,-0.462035,0.239017,0.636577,0.463734
1931-09,-0.301105,-0.733969,,-0.116534,0.207014,0.57098,0.14842,-0.223144,-0.916291,-0.274437,,-2.040221,-0.798508,-0.941609,-0.235722,0.553885,-0.385662,-0.820981,-0.116534,,-0.527633,-1.108663,-0.462035,-0.544727,-0.274437,,,-0.527633,0.239017,-0.061875,-0.967584,-0.494296,0.378436,0.086178,-1.237874,,-0.356675,-1.07881,0.039221,-0.478036,0.223144,0.530628,-0.693147,-0.083382,-0.261365,-0.462035,0.239017,0.636577,0.463734
1931-10,-0.301105,-0.733969,,-0.116534,0.207014,0.57098,0.14842,-0.223144,-0.916291,-0.274437,,-2.040221,-0.798508,-0.941609,-0.235722,0.553885,-0.385662,-0.820981,-0.116534,,-0.527633,-1.108663,-0.462035,-0.544727,-0.274437,,,-0.527633,0.239017,-0.061875,-0.967584,-0.494296,0.378436,0.086178,-1.237874,,-0.356675,-1.07881,0.039221,-0.478036,0.223144,0.530628,-0.693147,-0.083382,-0.261365,-0.462035,0.239017,0.636577,0.463734
1931-11,-0.301105,-0.733969,,-0.116534,0.207014,0.57098,0.14842,-0.223144,-0.916291,-0.274437,,-2.040221,-0.798508,-0.941609,-0.235722,0.553885,-0.385662,-0.820981,-0.116534,,-0.527633,-1.108663,-0.462035,-0.544727,-0.274437,,,-0.527633,0.239017,-0.061875,-0.967584,-0.494296,0.378436,0.086178,-1.237874,,-0.356675,-1.07881,0.039221,-0.478036,0.223144,0.530628,-0.693147,-0.083382,-0.261365,-0.462035,0.239017,0.636577,0.463734
1931-12,-0.301105,-0.733969,,-0.116534,0.207014,0.57098,0.14842,-0.223144,-0.916291,-0.274437,,-2.040221,-0.798508,-0.941609,-0.235722,0.553885,-0.385662,-0.820981,-0.116534,,-0.527633,-1.108663,-0.462035,-0.544727,-0.274437,,,-0.527633,0.239017,-0.061875,-0.967584,-0.494296,0.378436,0.086178,-1.237874,,-0.356675,-1.07881,0.039221,-0.478036,0.223144,0.530628,-0.693147,-0.083382,-0.261365,-0.462035,0.239017,0.636577,0.463734
1932-01,0.34359,-0.579818,,0.604316,0.385262,0.788457,0.262364,-0.941609,-0.820981,-0.01005,,-1.560648,-0.579818,-0.579818,0.322083,1.004302,0.182322,0.364643,0.357674,,-0.162519,-0.562119,-0.235722,0.385262,0.576613,,,0.122218,0.792993,0.322083,-0.616186,-0.235722,1.924249,-0.301105,-0.755023,,0.207014,-0.891598,1.60342,-0.274437,0.604316,0.425268,-0.162519,0.029559,0.00995,-0.235722,1.252763,0.270027,0.912283
1932-02,0.34359,-0.579818,,0.604316,0.385262,0.788457,0.262364,-0.941609,-0.820981,-0.01005,,-1.560648,-0.579818,-0.579818,0.322083,1.004302,0.182322,0.364643,0.357674,,-0.162519,-0.562119,-0.235722,0.385262,0.576613,,,0.122218,0.792993,0.322083,-0.616186,-0.235722,1.924249,-0.301105,-0.755023,,0.207014,-0.891598,1.60342,-0.274437,0.604316,0.425268,-0.162519,0.029559,0.00995,-0.235722,1.252763,0.270027,0.912283
1932-03,0.34359,-0.579818,,0.604316,0.385262,0.788457,0.262364,-0.941609,-0.820981,-0.01005,,-1.560648,-0.579818,-0.579818,0.322083,1.004302,0.182322,0.364643,0.357674,,-0.162519,-0.562119,-0.235722,0.385262,0.576613,,,0.122218,0.792993,0.322083,-0.616186,-0.235722,1.924249,-0.301105,-0.755023,,0.207014,-0.891598,1.60342,-0.274437,0.604316,0.425268,-0.162519,0.029559,0.00995,-0.235722,1.252763,0.270027,0.912283
1932-04,0.34359,-0.579818,,0.604316,0.385262,0.788457,0.262364,-0.941609,-0.820981,-0.01005,,-1.560648,-0.579818,-0.579818,0.322083,1.004302,0.182322,0.364643,0.357674,,-0.162519,-0.562119,-0.235722,0.385262,0.576613,,,0.122218,0.792993,0.322083,-0.616186,-0.235722,1.924249,-0.301105,-0.755023,,0.207014,-0.891598,1.60342,-0.274437,0.604316,0.425268,-0.162519,0.029559,0.00995,-0.235722,1.252763,0.270027,0.912283
1932-05,0.34359,-0.579818,,0.604316,0.385262,0.788457,0.262364,-0.941609,-0.820981,-0.01005,,-1.560648,-0.579818,-0.579818,0.322083,1.004302,0.182322,0.364643,0.357674,,-0.162519,-0.562119,-0.235722,0.385262,0.576613,,,0.122218,0.792993,0.322083,-0.616186,-0.235722,1.924249,-0.301105,-0.755023,,0.207014,-0.891598,1.60342,-0.274437,0.604316,0.425268,-0.162519,0.029559,0.00995,-0.235722,1.252763,0.270027,0.912283
1932-06,0.34359,-0.579818,,0.604316,0.385262,0.788457,0.262364,-0.941609,-0.820981,-0.01005,,-1.560648,-0.579818,-0.579818,0.322083,1.004302,0.182322,0.364643,0.357674,,-0.162519,-0.562119,-0.235722,0.385262,0.576613,,,0.122218,0.792993,0.322083,-0.616186,-0.235722,1.924249,-0.301105,-0.755023,,0.207014,-0.891598,1.60342,-0.274437,0.604316,0.425268,-0.162519,0.029559,0.00995,-0.235722,1.252763,0.270027,0.912283
1932-07,0.34359,-0.579818,,0.604316,0.385262,0.788457,0.262364,-0.941609,-0.820981,-0.01005,,-1.560648,-0.579818,-0.579818,0.322083,1.004302,0.182322,0.364643,0.357674,,-0.162519,-0.562119,-0.235722,0.385262,0.576613,,,0.122218,0.792993,0.322083,-0.616186,-0.235722,1.924249,-0.301105,-0.755023,,0.207014,-0.891598,1.60342,-0.274437,0.604316,0.425268,-0.162519,0.029559,0.00995,-0.235722,1.252763,0.270027,0.912283
1932-08,0.34359,-0.579818,,0.604316,0.385262,0.788457,0.262364,-0.941609,-0.820981,-0.01005,,-1.560648,-0.579818,-0.579818,0.322083,1.004302,0.182322,0.364643,0.357674,,-0.162519,-0.562119,-0.235722,0.385262,0.576613,,,0.122218,0.792993,0.322083,-0.616186,-0.235722,1.924249,-0.301105,-0.755023,,0.207014,-0.891598,1.60342,-0.274437,0.604316,0.425268,-0.162519,0.029559,0.00995,-0.235722,1.252763,0.270027,0.912283
1932-09,0.34359,-0.579818,,0.604316,0.385262,0.788457,0.262364,-0.941609,-0.820981,-0.01005,,-1.560648,-0.579818,-0.579818,0.322083,1.004302,0.182322,0.364643,0.357674,,-0.162519,-0.562119,-0.235722,0.385262,0.576613,,,0.122218,0.792993,0.322083,-0.616186,-0.235722,1.924249,-0.301105,-0.755023,,0.207014,-0.891598,1.60342,-0.274437,0.604316,0.425268,-0.162519,0.029559,0.00995,-0.235722,1.252763,0.270027,0.912283
1932-10,0.34359,-0.579818,,0.604316,0.385262,0.788457,0.262364,-0.941609,-0.820981,-0.01005,,-1.560648,-0.579818,-0.579818,0.322083,1.004302,0.182322,0.364643,0.357674,,-0.162519,-0.562119,-0.235722,0.385262,0.576613,,,0.122218,0.792993,0.322083,-0.616186,-0.235722,1.924249,-0.301105,-0.755023,,0.207014,-0.891598,1.60342,-0.274437,0.604316,0.425268,-0.162519,0.029559,0.00995,-0.235722,1.252763,0.270027,0.912283
1932-11,0.34359,-0.579818,,0.604316,0.385262,0.788457,0.262364,-0.941609,-0.820981,-0.01005,,-1.560648,-0.579818,-0.579818,0.322083,1.004302,0.182322,0.364643,0.357674,,-0.162519,-0.562119,-0.235722,0.385262,0.576613,,,0.122218,0.792993,0.322083,-0.616186,-0.235722,1.924249,-0.301105,-0.755023,,0.207014,-0.891598,1.60342,-0.274437,0.604316,0.425268,-0.162519,0.029559,0.00995,-0.235722,1.252763,0.270027,0.912283
1932-12,0.34359,-0.579818,,0.604316,0.385262,0.788457,0.262364,-0.941609,-0.820981,-0.01005,,-1.560648,-0.579818,-0.579818,0.322083,1.004302,0.182322,0.364643,0.357674,,-0.162519,-0.562119,-0.235722,0.385262,0.576613,,,0.122218,0.792993,0.322083,-0.616186,-0.235722,1.924249,-0.301105,-0.755023,,0.207014,-0.891598,1.60342,-0.274437,0.604316,0.425268,-0.162519,0.029559,0.00995,-0.235722,1.252763,0.270027,0.912283
1933-01,1.022451,-0.198451,,1.036737,0.506818,1.595339,1.423108,0.223144,-0.385662,0.157004,,-1.139434,-0.510826,-0.083382,0.806476,1.283708,0.841567,0.824175,1.456287,,0.760806,0.029559,0.14842,0.494696,1.481605,,,0.598837,1.931521,0.996949,-0.020203,0.314811,0.371564,0.698135,-0.198451,,1.015231,-0.371064,1.640937,0.24686,1.583094,1.938742,0.029559,0.783902,0.57098,0.122218,1.581038,1.115142,0.951658
1933-02,1.022451,-0.198451,,1.036737,0.506818,1.595339,1.423108,0.223144,-0.385662,0.157004,,-1.139434,-0.510826,-0.083382,0.806476,1.283708,0.841567,0.824175,1.456287,,0.760806,0.029559,0.14842,0.494696,1.481605,,,0.598837,1.931521,0.996949,-0.020203,0.314811,0.371564,0.698135,-0.198451,,1.015231,-0.371064,1.640937,0.24686,1.583094,1.938742,0.029559,0.783902,0.57098,0.122218,1.581038,1.115142,0.951658
1933-03,1.022451,-0.198451,,1.036737,0.506818,1.595339,1.423108,0.223144,-0.385662,0.157004,,-1.139434,-0.510826,-0.083382,0.806476,1.283708,0.841567,0.824175,1.456287,,0.760806,0.029559,0.14842,0.494696,1.481605,,,0.598837,1.931521,0.996949,-0.020203,0.314811,0.371564,0.698135,-0.198451,,1.015231,-0.371064,1.640937,0.24686,1.583094,1.938742,0.029559,0.783902,0.57098,0.122218,1.581038,1.115142,0.951658
1933-04,1.022451,-0.198451,,1.036737,0.506818,1.595339,1.423108,0.223144,-0.385662,0.157004,,-1.139434,-0.510826,-0.083382,0.806476,1.283708,0.841567,0.824175,1.456287,,0.760806,0.029559,0.14842,0.494696,1.481605,,,0.598837,1.931521,0.996949,-0.020203,0.314811,0.371564,0.698135,-0.198451,,1.015231,-0.371064,1.640937,0.24686,1.583094,1.938742,0.029559,0.783902,0.57098,0.122218,1.581038,1.115142,0.951658
1933-05,1.022451,-0.198451,,1.036737,0.506818,1.595339,1.423108,0.223144,-0.385662,0.157004,,-1.139434,-0.510826,-0.083382,0.806476,1.283708,0.841567,0.824175,1.456287,,0.760806,0.029559,0.14842,0.494696,1.481605,,,0.598837,1.931521,0.996949,-0.020203,0.314811,0.371564,0.698135,-0.198451,,1.015231,-0.371064,1.640937,0.24686,1.583094,1.938742,0.029559,0.783902,0.57098,0.122218,1.581038,1.115142,0.951658
1933-06,1.022451,-0.198451,,1.036737,0.506818,1.595339,1.423108,0.223144,-0.385662,0.157004,,-1.139434,-0.510826,-0.083382,0.806476,1.283708,0.841567,0.824175,1.456287,,0.760806,0.029559,0.14842,0.494696,1.481605,,,0.598837,1.931521,0.996949,-0.020203,0.314811,0.371564,0.698135,-0.198451,,1.015231,-0.371064,1.640937,0.24686,1.583094,1.938742,0.029559,0.783902,0.57098,0.122218,1.581038,1.115142,0.951658
1933-07,1.022451,-0.198451,,1.036737,0.506818,1.595339,1.423108,0.223144,-0.385662,0.157004,,-1.139434,-0.510826,-0.083382,0.806476,1.283708,0.841567,0.824175,1.456287,,0.760806,0.029559,0.14842,0.494696,1.481605,,,0.598837,1.931521,0.996949,-0.020203,0.314811,0.371564,0.698135,-0.198451,,1.015231,-0.371064,1.640937,0.24686,1.583094,1.938742,0.029559,0.783902,0.57098,0.122218,1.581038,1.115142,0.951658
1933-08,1.022451,-0.198451,,1.036737,0.506818,1.595339,1.423108,0.223144,-0.385662,0.157004,,-1.139434,-0.510826,-0.083382,0.806476,1.283708,0.841567,0.824175,1.456287,,0.760806,0.029559,0.14842,0.494696,1.481605,,,0.598837,1.931521,0.996949,-0.020203,0.314811,0.371564,0.698135,-0.198451,,1.015231,-0.371064,1.640937,0.24686,1.583094,1.938742,0.029559,0.783902,0.57098,0.122218,1.581038,1.115142,0.951658
1933-09,1.022451,-0.198451,,1.036737,0.506818,1.595339,1.423108,0.223144,-0.385662,0.157004,,-1.139434,-0.510826,-0.083382,0.806476,1.283708,0.841567,0.824175,1.456287,,0.760806,0.029559,0.14842,0.494696,1.481605,,,0.598837,1.931521,0.996949,-0.020203,0.314811,0.371564,0.698135,-0.198451,,1.015231,-0.371064,1.640937,0.24686,1.583094,1.938742,0.029559,0.783902,0.57098,0.122218,1.581038,1.115142,0.951658
1933-10,1.022451,-0.198451,,1.036737,0.506818,1.595339,1.423108,0.223144,-0.385662,0.157004,,-1.139434,-0.510826,-0.083382,0.806476,1.283708,0.841567,0.824175,1.456287,,0.760806,0.029559,0.14842,0.494696,1.481605,,,0.598837,1.931521,0.996949,-0.020203,0.314811,0.371564,0.698135,-0.198451,,1.015231,-0.371064,1.640937,0.24686,1.583094,1.938742,0.029559,0.783902,0.57098,0.122218,1.581038,1.115142,0.951658
1933-11,1.022451,-0.198451,,1.036737,0.506818,1.595339,1.423108,0.223144,-0.385662,0.157004,,-1.139434,-0.510826,-0.083382,0.806476,1.283708,0.841567,0.824175,1.456287,,0.760806,0.029559,0.14842,0.494696,1.481605,,,0.598837,1.931521,0.996949,-0.020203,0.314811,0.371564,0.698135,-0.198451,,1.015231,-0.371064,1.640937,0.24686,1.583094,1.938742,0.029559,0.783902,0.57098,0.122218,1.581038,1.115142,0.951658
1933-12,1.022451,-0.198451,,1.036737,0.506818,1.595339,1.423108,0.223144,-0.385662,0.157004,,-1.139434,-0.510826,-0.083382,0.806476,1.283708,0.841567,0.824175,1.456287,,0.760806,0.029559,0.14842,0.494696,1.481605,,,0.598837,1.931521,0.996949,-0.020203,0.314811,0.371564,0.698135,-0.198451,,1.015231,-0.371064,1.640937,0.24686,1.583094,1.938742,0.029559,0.783902,0.57098,0.122218,1.581038,1.115142,0.951658
1934-01,0.760806,-0.127833,,0.457425,0.500775,1.769855,1.719189,0.698135,-0.223144,0.398776,,-0.755023,-0.478036,0.029559,1.205971,1.163151,0.698135,1.211941,1.585145,,0.940007,0.254642,0.431782,-0.094311,1.196948,,,0.463734,1.905088,0.806476,0.029559,0.322083,1.088562,0.887891,-0.051293,,1.223775,0.00995,1.891605,0.239017,1.856298,1.593309,0.215111,0.908259,0.57098,-0.01005,1.951608,0.737164,0.904218
1934-02,0.760806,-0.127833,,0.457425,0.500775,1.769855,1.719189,0.698135,-0.223144,0.398776,,-0.755023,-0.478036,0.029559,1.205971,1.163151,0.698135,1.211941,1.585145,,0.940007,0.254642,0.431782,-0.094311,1.196948,,,0.463734,1.905088,0.806476,0.029559,0.322083,1.088562,0.887891,-0.051293,,1.223775,0.00995,1.891605,0.239017,1.856298,1.593309,0.215111,0.908259,0.57098,-0.01005,1.951608,0.737164,0.904218
1934-03,0.760806,-0.127833,,0.457425,0.500775,1.769855,1.719189,0.698135,-0.223144,0.398776,,-0.755023,-0.478036,0.029559,1.205971,1.163151,0.698135,1.211941,1.585145,,0.940007,0.254642,0.431782,-0.094311,1.196948,,,0.463734,1.905088,0.806476,0.029559,0.322083,1.088562,0.887891,-0.051293,,1.223775,0.00995,1.891605,0.239017,1.856298,1.593309,0.215111,0.908259,0.57098,-0.01005,1.951608,0.737164,0.904218
1934-04,0.760806,-0.127833,,0.457425,0.500775,1.769855,1.719189,0.698135,-0.223144,0.398776,,-0.755023,-0.478036,0.029559,1.205971,1.163151,0.698135,1.211941,1.585145,,0.940007,0.254642,0.431782,-0.094311,1.196948,,,0.463734,1.905088,0.806476,0.029559,0.322083,1.088562,0.887891,-0.051293,,1.223775,0.00995,1.891605,0.239017,1.856298,1.593309,0.215111,0.908259,0.57098,-0.01005,1.951608,0.737164,0.904218
1934-05,0.760806,-0.127833,,0.457425,0.500775,1.769855,1.719189,0.698135,-0.223144,0.398776,,-0.755023,-0.478036,0.029559,1.205971,1.163151,0.698135,1.211941,1.585145,,0.940007,0.254642,0.431782,-0.094311,1.196948,,,0.463734,1.905088,0.806476,0.029559,0.322083,1.088562,0.887891,-0.051293,,1.223775,0.00995,1.891605,0.239017,1.856298,1.593309,0.215111,0.908259,0.57098,-0.01005,1.951608,0.737164,0.904218
1934-06,0.760806,-0.127833,,0.457425,0.500775,1.769855,1.719189,0.698135,-0.223144,0.398776,,-0.755023,-0.478036,0.029559,1.205971,1.163151,0.698135,1.211941,1.585145,,0.940007,0.254642,0.431782,-0.094311,1.196948,,,0.463734,1.905088,0.806476,0.029559,0.322083,1.088562,0.887891,-0.051293,,1.223775,0.00995,1.891605,0.239017,1.856298,1.593309,0.215111,0.908259,0.57098,-0.01005,1.951608,0.737164,0.904218
1934-07,0.760806,-0.127833,,0.457425,0.500775,1.769855,1.719189,0.698135,-0.223144,0.398776,,-0.755023,-0.478036,0.029559,1.205971,1.163151,0.698135,1.211941,1.585145,,0.940007,0.254642,0.431782,-0.094311,1.196948,,,0.463734,1.905088,0.806476,0.029559,0.322083,1.088562,0.887891,-0.051293,,1.223775,0.00995,1.891605,0.239017,1.856298,1.593309,0.215111,0.908259,0.57098,-0.01005,1.951608,0.737164,0.904218
1934-08,0.760806,-0.127833,,0.457425,0.500775,1.769855,1.719189,0.698135,-0.223144,0.398776,,-0.755023,-0.478036,0.029559,1.205971,1.163151,0.698135,1.211941,1.585145,,0.940007,0.254642,0.431782,-0.094311,1.196948,,,0.463734,1.905088,0.806476,0.029559,0.322083,1.088562,0.887891,-0.051293,,1.223775,0.00995,1.891605,0.239017,1.856298,1.593309,0.215111,0.908259,0.57098,-0.01005,1.951608,0.737164,0.904218
1934-09,0.760806,-0.127833,,0.457425,0.500775,1.769855,1.719189,0.698135,-0.223144,0.398776,,-0.755023,-0.478036,0.029559,1.205971,1.163151,0.698135,1.211941,1.585145,,0.940007,0.254642,0.431782,-0.094311,1.196948,,,0.463734,1.905088,0.806476,0.029559,0.322083,1.088562,0.887891,-0.051293,,1.223775,0.00995,1.891605,0.239017,1.856298,1.593309,0.215111,0.908259,0.57098,-0.01005,1.951608,0.737164,0.904218
1934-10,0.760806,-0.127833,,0.457425,0.500775,1.769855,1.719189,0.698135,-0.223144,0.398776,,-0.755023,-0.478036,0.029559,1.205971,1.163151,0.698135,1.211941,1.585145,,0.940007,0.254642,0.431782,-0.094311,1.196948,,,0.463734,1.905088,0.806476,0.029559,0.322083,1.088562,0.887891,-0.051293,,1.223775,0.00995,1.891605,0.239017,1.856298,1.593309,0.215111,0.908259,0.57098,-0.01005,1.951608,0.737164,0.904218
1934-11,0.760806,-0.127833,,0.457425,0.500775,1.769855,1.719189,0.698135,-0.223144,0.398776,,-0.755023,-0.478036,0.029559,1.205971,1.163151,0.698135,1.211941,1.585145,,0.940007,0.254642,0.431782,-0.094311,1.196948,,,0.463734,1.905088,0.806476,0.029559,0.322083,1.088562,0.887891,-0.051293,,1.223775,0.00995,1.891605,0.239017,1.856298,1.593309,0.215111,0.908259,0.57098,-0.01005,1.951608,0.737164,0.904218
1934-12,0.760806,-0.127833,,0.457425,0.500775,1.769855,1.719189,0.698135,-0.223144,0.398776,,-0.755023,-0.478036,0.029559,1.205971,1.163151,0.698135,1.211941,1.585145,,0.940007,0.254642,0.431782,-0.094311,1.196948,,,0.463734,1.905088,0.806476,0.029559,0.322083,1.088562,0.887891,-0.051293,,1.223775,0.00995,1.891605,0.239017,1.856298,1.593309,0.215111,0.908259,0.57098,-0.01005,1.951608,0.737164,0.904218
1935-01,-0.116534,-0.415515,,-0.494296,-0.061875,0.970779,1.163151,0.683097,-0.510826,-0.150823,,-0.579818,-1.049822,-0.891598,0.29267,0.470004,-0.127833,1.178655,0.756122,,0.165514,-0.139262,-0.527633,-0.371064,0.371564,,,-0.139262,1.629241,0.24686,0.41211,0.231112,1.383791,0.24686,-0.755023,,0.131028,-0.356675,0.662688,-0.356675,1.311032,1.054312,-0.223144,0.951658,-0.150823,-0.174353,0.741937,0.81978,0.058269
1935-02,-0.116534,-0.415515,,-0.494296,-0.061875,0.970779,1.163151,0.683097,-0.510826,-0.150823,,-0.579818,-1.049822,-0.891598,0.29267,0.470004,-0.127833,1.178655,0.756122,,0.165514,-0.139262,-0.527633,-0.371064,0.371564,,,-0.139262,1.629241,0.24686,0.41211,0.231112,1.383791,0.24686,-0.755023,,0.131028,-0.356675,0.662688,-0.356675,1.311032,1.054312,-0.223144,0.951658,-0.150823,-0.174353,0.741937,0.81978,0.058269
1935-03,-0.116534,-0.415515,,-0.494296,-0.061875,0.970779,1.163151,0.683097,-0.510826,-0.150823,,-0.579818,-1.049822,-0.891598,0.29267,0.470004,-0.127833,1.178655,0.756122,,0.165514,-0.139262,-0.527633,-0.371064,0.371564,,,-0.139262,1.629241,0.24686,0.41211,0.231112,1.383791,0.24686,-0.755023,,0.131028,-0.356675,0.662688,-0.356675,1.311032,1.054312,-0.223144,0.951658,-0.150823,-0.174353,0.741937,0.81978,0.058269
1935-04,-0.116534,-0.415515,,-0.494296,-0.061875,0.970779,1.163151,0.683097,-0.510826,-0.150823,,-0.579818,-1.049822,-0.891598,0.29267,0.470004,-0.127833,1.178655,0.756122,,0.165514,-0.139262,-0.527633,-0.371064,0.371564,,,-0.139262,1.629241,0.24686,0.41211,0.231112,1.383791,0.24686,-0.755023,,0.131028,-0.356675,0.662688,-0.356675,1.311032,1.054312,-0.223144,0.951658,-0.150823,-0.174353,0.741937,0.81978,0.058269
1935-05,-0.116534,-0.415515,,-0.494296,-0.061875,0.970779,1.163151,0.683097,-0.510826,-0.150823,,-0.579818,-1.049822,-0.891598,0.29267,0.470004,-0.127833,1.178655,0.756122,,0.165514,-0.139262,-0.527633,-0.371064,0.371564,,,-0.139262,1.629241,0.24686,0.41211,0.231112,1.383791,0.24686,-0.755023,,0.131028,-0.356675,0.662688,-0.356675,1.311032,1.054312,-0.223144,0.951658,-0.150823,-0.174353,0.741937,0.81978,0.058269
1935-06,-0.116534,-0.415515,,-0.494296,-0.061875,0.970779,1.163151,0.683097,-0.510826,-0.150823,,-0.579818,-1.049822,-0.891598,0.29267,0.470004,-0.127833,1.178655,0.756122,,0.165514,-0.139262,-0.527633,-0.371064,0.371564,,,-0.139262,1.629241,0.24686,0.41211,0.231112,1.383791,0.24686,-0.755023,,0.131028,-0.356675,0.662688,-0.356675,1.311032,1.054312,-0.223144,0.951658,-0.150823,-0.174353,0.741937,0.81978,0.058269
1935-07,-0.116534,-0.415515,,-0.494296,-0.061875,0.970779,1.163151,0.683097,-0.510826,-0.150823,,-0.579818,-1.049822,-0.891598,0.29267,0.470004,-0.127833,1.178655,0.756122,,0.165514,-0.139262,-0.527633,-0.371064,0.371564,,,-0.139262,1.629241,0.24686,0.41211,0.231112,1.383791,0.24686,-0.755023,,0.131028,-0.356675,0.662688,-0.356675,1.311032,1.054312,-0.223144,0.951658,-0.150823,-0.174353,0.741937,0.81978,0.058269
1935-08,-0.116534,-0.415515,,-0.494296,-0.061875,0.970779,1.163151,0.683097,-0.510826,-0.150823,,-0.579818,-1.049822,-0.891598,0.29267,0.470004,-0.127833,1.178655,0.756122,,0.165514,-0.139262,-0.527633,-0.371064,0.371564,,,-0.139262,1.629241,0.24686,0.41211,0.231112,1.383791,0.24686,-0.755023,,0.131028,-0.356675,0.662688,-0.356675,1.311032,1.054312,-0.223144,0.951658,-0.150823,-0.174353,0.741937,0.81978,0.058269
1935-09,-0.116534,-0.415515,,-0.494296,-0.061875,0.970779,1.163151,0.683097,-0.510826,-0.150823,,-0.579818,-1.049822,-0.891598,0.29267,0.470004,-0.127833,1.178655,0.756122,,0.165514,-0.139262,-0.527633,-0.371064,0.371564,,,-0.139262,1.629241,0.24686,0.41211,0.231112,1.383791,0.24686,-0.755023,,0.131028,-0.356675,0.662688,-0.356675,1.311032,1.054312,-0.223144,0.951658,-0.150823,-0.174353,0.741937,0.81978,0.058269
1935-10,-0.116534,-0.415515,,-0.494296,-0.061875,0.970779,1.163151,0.683097,-0.510826,-0.150823,,-0.579818,-1.049822,-0.891598,0.29267,0.470004,-0.127833,1.178655,0.756122,,0.165514,-0.139262,-0.527633,-0.371064,0.371564,,,-0.139262,1.629241,0.24686,0.41211,0.231112,1.383791,0.24686,-0.755023,,0.131028,-0.356675,0.662688,-0.356675,1.311032,1.054312,-0.223144,0.951658,-0.150823,-0.174353,0.741937,0.81978,0.058269
1935-11,-0.116534,-0.415515,,-0.494296,-0.061875,0.970779,1.163151,0.683097,-0.510826,-0.150823,,-0.579818,-1.049822,-0.891598,0.29267,0.470004,-0.127833,1.178655,0.756122,,0.165514,-0.139262,-0.527633,-0.371064,0.371564,,,-0.139262,1.629241,0.24686,0.41211,0.231112,1.383791,0.24686,-0.755023,,0.131028,-0.356675,0.662688,-0.356675,1.311032,1.054312,-0.223144,0.951658,-0.150823,-0.174353,0.741937,0.81978,0.058269
1935-12,-0.116534,-0.415515,,-0.494296,-0.061875,0.970779,1.163151,0.683097,-0.510826,-0.150823,,-0.579818,-1.049822,-0.891598,0.29267,0.470004,-0.127833,1.178655,0.756122,,0.165514,-0.139262,-0.527633,-0.371064,0.371564,,,-0.139262,1.629241,0.24686,0.41211,0.231112,1.383791,0.24686,-0.755023,,0.131028,-0.356675,0.662688,-0.356675,1.311032,1.054312,-0.223144,0.951658,-0.150823,-0.174353,0.741937,0.81978,0.058269
1936-01,-0.34249,-0.446287,,-0.174353,-0.415515,1.196948,0.425268,0.500775,-0.634878,-0.223144,,-0.798508,-1.139434,-0.755023,0.067659,0.431782,-0.210721,1.591274,0.81978,,-0.030459,-0.198451,-0.415515,-0.478036,0.41871,,,0.00995,1.560248,0.277632,0.65752,0.29267,0.936093,0.405465,-0.673345,,-0.094311,-0.653926,-0.061875,-0.494296,1.391282,0.530628,-0.328504,0.854415,-0.527633,-0.385662,1.000632,0.966984,-0.261365
1936-02,-0.34249,-0.446287,,-0.174353,-0.415515,1.196948,0.425268,0.500775,-0.634878,-0.223144,,-0.798508,-1.139434,-0.755023,0.067659,0.431782,-0.210721,1.591274,0.81978,,-0.030459,-0.198451,-0.415515,-0.478036,0.41871,,,0.00995,1.560248,0.277632,0.65752,0.29267,0.936093,0.405465,-0.673345,,-0.094311,-0.653926,-0.061875,-0.494296,1.391282,0.530628,-0.328504,0.854415,-0.527633,-0.385662,1.000632,0.966984,-0.261365
1936-03,-0.34249,-0.446287,,-0.174353,-0.415515,1.196948,0.425268,0.500775,-0.634878,-0.223144,,-0.798508,-1.139434,-0.755023,0.067659,0.431782,-0.210721,1.591274,0.81978,,-0.030459,-0.198451,-0.415515,-0.478036,0.41871,,,0.00995,1.560248,0.277632,0.65752,0.29267,0.936093,0.405465,-0.673345,,-0.094311,-0.653926,-0.061875,-0.494296,1.391282,0.530628,-0.328504,0.854415,-0.527633,-0.385662,1.000632,0.966984,-0.261365
1936-04,-0.34249,-0.446287,,-0.174353,-0.415515,1.196948,0.425268,0.500775,-0.634878,-0.223144,,-0.798508,-1.139434,-0.755023,0.067659,0.431782,-0.210721,1.591274,0.81978,,-0.030459,-0.198451,-0.415515,-0.478036,0.41871,,,0.00995,1.560248,0.277632,0.65752,0.29267,0.936093,0.405465,-0.673345,,-0.094311,-0.653926,-0.061875,-0.494296,1.391282,0.530628,-0.328504,0.854415,-0.527633,-0.385662,1.000632,0.966984,-0.261365
1936-05,-0.34249,-0.446287,,-0.174353,-0.415515,1.196948,0.425268,0.500775,-0.634878,-0.223144,,-0.798508,-1.139434,-0.755023,0.067659,0.431782,-0.210721,1.591274,0.81978,,-0.030459,-0.198451,-0.415515,-0.478036,0.41871,,,0.00995,1.560248,0.277632,0.65752,0.29267,0.936093,0.405465,-0.673345,,-0.094311,-0.653926,-0.061875,-0.494296,1.391282,0.530628,-0.328504,0.854415,-0.527633,-0.385662,1.000632,0.966984,-0.261365
1936-06,-0.34249,-0.446287,,-0.174353,-0.415515,1.196948,0.425268,0.500775,-0.634878,-0.223144,,-0.798508,-1.139434,-0.755023,0.067659,0.431782,-0.210721,1.591274,0.81978,,-0.030459,-0.198451,-0.415515,-0.478036,0.41871,,,0.00995,1.560248,0.277632,0.65752,0.29267,0.936093,0.405465,-0.673345,,-0.094311,-0.653926,-0.061875,-0.494296,1.391282,0.530628,-0.328504,0.854415,-0.527633,-0.385662,1.000632,0.966984,-0.261365
1936-07,-0.34249,-0.446287,,-0.174353,-0.415515,1.196948,0.425268,0.500775,-0.634878,-0.223144,,-0.798508,-1.139434,-0.755023,0.067659,0.431782,-0.210721,1.591274,0.81978,,-0.030459,-0.198451,-0.415515,-0.478036,0.41871,,,0.00995,1.560248,0.277632,0.65752,0.29267,0.936093,0.405465,-0.673345,,-0.094311,-0.653926,-0.061875,-0.494296,1.391282,0.530628,-0.328504,0.854415,-0.527633,-0.385662,1.000632,0.966984,-0.261365
1936-08,-0.34249,-0.446287,,-0.174353,-0.415515,1.196948,0.425268,0.500775,-0.634878,-0.223144,,-0.798508,-1.139434,-0.755023,0.067659,0.431782,-0.210721,1.591274,0.81978,,-0.030459,-0.198451,-0.415515,-0.478036,0.41871,,,0.00995,1.560248,0.277632,0.65752,0.29267,0.936093,0.405465,-0.673345,,-0.094311,-0.653926,-0.061875,-0.494296,1.391282,0.530628,-0.328504,0.854415,-0.527633,-0.385662,1.000632,0.966984,-0.261365
1936-09,-0.34249,-0.446287,,-0.174353,-0.415515,1.196948,0.425268,0.500775,-0.634878,-0.223144,,-0.798508,-1.139434,-0.755023,0.067659,0.431782,-0.210721,1.591274,0.81978,,-0.030459,-0.198451,-0.415515,-0.478036,0.41871,,,0.00995,1.560248,0.277632,0.65752,0.29267,0.936093,0.405465,-0.673345,,-0.094311,-0.653926,-0.061875,-0.494296,1.391282,0.530628,-0.328504,0.854415,-0.527633,-0.385662,1.000632,0.966984,-0.261365
1936-10,-0.34249,-0.446287,,-0.174353,-0.415515,1.196948,0.425268,0.500775,-0.634878,-0.223144,,-0.798508,-1.139434,-0.755023,0.067659,0.431782,-0.210721,1.591274,0.81978,,-0.030459,-0.198451,-0.415515,-0.478036,0.41871,,,0.00995,1.560248,0.277632,0.65752,0.29267,0.936093,0.405465,-0.673345,,-0.094311,-0.653926,-0.061875,-0.494296,1.391282,0.530628,-0.328504,0.854415,-0.527633,-0.385662,1.000632,0.966984,-0.261365
1936-11,-0.34249,-0.446287,,-0.174353,-0.415515,1.196948,0.425268,0.500775,-0.634878,-0.223144,,-0.798508,-1.139434,-0.755023,0.067659,0.431782,-0.210721,1.591274,0.81978,,-0.030459,-0.198451,-0.415515,-0.478036,0.41871,,,0.00995,1.560248,0.277632,0.65752,0.29267,0.936093,0.405465,-0.673345,,-0.094311,-0.653926,-0.061875,-0.494296,1.391282,0.530628,-0.328504,0.854415,-0.527633,-0.385662,1.000632,0.966984,-0.261365
1936-12,-0.34249,-0.446287,,-0.174353,-0.415515,1.196948,0.425268,0.500775,-0.634878,-0.223144,,-0.798508,-1.139434,-0.755023,0.067659,0.431782,-0.210721,1.591274,0.81978,,-0.030459,-0.198451,-0.415515,-0.478036,0.41871,,,0.00995,1.560248,0.277632,0.65752,0.29267,0.936093,0.405465,-0.673345,,-0.094311,-0.653926,-0.061875,-0.494296,1.391282,0.530628,-0.328504,0.854415,-0.527633,-0.385662,1.000632,0.966984,-0.261365
1937-01,-0.223144,-0.446287,,-0.527633,-0.562119,0.65752,0.029559,-0.328504,-0.755023,-0.34249,,-0.755023,-0.755023,-1.049822,-0.162519,0.09531,-0.653926,0.770108,0.405465,,-0.478036,-0.733969,-0.891598,-0.916291,0.285179,,,-0.287682,1.699279,-0.223144,0.10436,-0.139262,0.71784,0.076961,-1.021651,,-0.798508,-0.967584,-1.660731,-0.616186,1.181727,0.19062,-0.462035,0.667829,-0.562119,-0.274437,0.385262,0.307485,-0.510826
1937-02,-0.223144,-0.446287,,-0.527633,-0.562119,0.65752,0.029559,-0.328504,-0.755023,-0.34249,,-0.755023,-0.755023,-1.049822,-0.162519,0.09531,-0.653926,0.770108,0.405465,,-0.478036,-0.733969,-0.891598,-0.916291,0.285179,,,-0.287682,1.699279,-0.223144,0.10436,-0.139262,0.71784,0.076961,-1.021651,,-0.798508,-0.967584,-1.660731,-0.616186,1.181727,0.19062,-0.462035,0.667829,-0.562119,-0.274437,0.385262,0.307485,-0.510826
1937-03,-0.223144,-0.446287,,-0.527633,-0.562119,0.65752,0.029559,-0.328504,-0.755023,-0.34249,,-0.755023,-0.755023,-1.049822,-0.162519,0.09531,-0.653926,0.770108,0.405465,,-0.478036,-0.733969,-0.891598,-0.916291,0.285179,,,-0.287682,1.699279,-0.223144,0.10436,-0.139262,0.71784,0.076961,-1.021651,,-0.798508,-0.967584,-1.660731,-0.616186,1.181727,0.19062,-0.462035,0.667829,-0.562119,-0.274437,0.385262,0.307485,-0.510826
1937-04,-0.223144,-0.446287,,-0.527633,-0.562119,0.65752,0.029559,-0.328504,-0.755023,-0.34249,,-0.755023,-0.755023,-1.049822,-0.162519,0.09531,-0.653926,0.770108,0.405465,,-0.478036,-0.733969,-0.891598,-0.916291,0.285179,,,-0.287682,1.699279,-0.223144,0.10436,-0.139262,0.71784,0.076961,-1.021651,,-0.798508,-0.967584,-1.660731,-0.616186,1.181727,0.19062,-0.462035,0.667829,-0.562119,-0.274437,0.385262,0.307485,-0.510826
1937-05,-0.223144,-0.446287,,-0.527633,-0.562119,0.65752,0.029559,-0.328504,-0.755023,-0.34249,,-0.755023,-0.755023,-1.049822,-0.162519,0.09531,-0.653926,0.770108,0.405465,,-0.478036,-0.733969,-0.891598,-0.916291,0.285179,,,-0.287682,1.699279,-0.223144,0.10436,-0.139262,0.71784,0.076961,-1.021651,,-0.798508,-0.967584,-1.660731,-0.616186,1.181727,0.19062,-0.462035,0.667829,-0.562119,-0.274437,0.385262,0.307485,-0.510826
1937-06,-0.223144,-0.446287,,-0.527633,-0.562119,0.65752,0.029559,-0.328504,-0.755023,-0.34249,,-0.755023,-0.755023,-1.049822,-0.162519,0.09531,-0.653926,0.770108,0.405465,,-0.478036,-0.733969,-0.891598,-0.916291,0.285179,,,-0.287682,1.699279,-0.223144,0.10436,-0.139262,0.71784,0.076961,-1.021651,,-0.798508,-0.967584,-1.660731,-0.616186,1.181727,0.19062,-0.462035,0.667829,-0.562119,-0.274437,0.385262,0.307485,-0.510826
1937-07,-0.223144,-0.446287,,-0.527633,-0.562119,0.65752,0.029559,-0.328504,-0.755023,-0.34249,,-0.755023,-0.755023,-1.049822,-0.162519,0.09531,-0.653926,0.770108,0.405465,,-0.478036,-0.733969,-0.891598,-0.916291,0.285179,,,-0.287682,1.699279,-0.223144,0.10436,-0.139262,0.71784,0.076961,-1.021651,,-0.798508,-0.967584,-1.660731,-0.616186,1.181727,0.19062,-0.462035,0.667829,-0.562119,-0.274437,0.385262,0.307485,-0.510826
1937-08,-0.223144,-0.446287,,-0.527633,-0.562119,0.65752,0.029559,-0.328504,-0.755023,-0.34249,,-0.755023,-0.755023,-1.049822,-0.162519,0.09531,-0.653926,0.770108,0.405465,,-0.478036,-0.733969,-0.891598,-0.916291,0.285179,,,-0.287682,1.699279,-0.223144,0.10436,-0.139262,0.71784,0.076961,-1.021651,,-0.798508,-0.967584,-1.660731,-0.616186,1.181727,0.19062,-0.462035,0.667829,-0.562119,-0.274437,0.385262,0.307485,-0.510826
1937-09,-0.223144,-0.446287,,-0.527633,-0.562119,0.65752,0.029559,-0.328504,-0.755023,-0.34249,,-0.755023,-0.755023,-1.049822,-0.162519,0.09531,-0.653926,0.770108,0.405465,,-0.478036,-0.733969,-0.891598,-0.916291,0.285179,,,-0.287682,1.699279,-0.223144,0.10436,-0.139262,0.71784,0.076961,-1.021651,,-0.798508,-0.967584,-1.660731,-0.616186,1.181727,0.19062,-0.462035,0.667829,-0.562119,-0.274437,0.385262,0.307485,-0.510826
1937-10,-0.223144,-0.446287,,-0.527633,-0.562119,0.65752,0.029559,-0.328504,-0.755023,-0.34249,,-0.755023,-0.755023,-1.049822,-0.162519,0.09531,-0.653926,0.770108,0.405465,,-0.478036,-0.733969,-0.891598,-0.916291,0.285179,,,-0.287682,1.699279,-0.223144,0.10436,-0.139262,0.71784,0.076961,-1.021651,,-0.798508,-0.967584,-1.660731,-0.616186,1.181727,0.19062,-0.462035,0.667829,-0.562119,-0.274437,0.385262,0.307485,-0.510826
1937-11,-0.223144,-0.446287,,-0.527633,-0.562119,0.65752,0.029559,-0.328504,-0.755023,-0.34249,,-0.755023,-0.755023,-1.049822,-0.162519,0.09531,-0.653926,0.770108,0.405465,,-0.478036,-0.733969,-0.891598,-0.916291,0.285179,,,-0.287682,1.699279,-0.223144,0.10436,-0.139262,0.71784,0.076961,-1.021651,,-0.798508,-0.967584,-1.660731,-0.616186,1.181727,0.19062,-0.462035,0.667829,-0.562119,-0.274437,0.385262,0.307485,-0.510826
1937-12,-0.223144,-0.446287,,-0.527633,-0.562119,0.65752,0.029559,-0.328504,-0.755023,-0.34249,,-0.755023,-0.755023,-1.049822,-0.162519,0.09531,-0.653926,0.770108,0.405465,,-0.478036,-0.733969,-0.891598,-0.916291,0.285179,,,-0.287682,1.699279,-0.223144,0.10436,-0.139262,0.71784,0.076961,-1.021651,,-0.798508,-0.967584,-1.660731,-0.616186,1.181727,0.19062,-0.462035,0.667829,-0.562119,-0.274437,0.385262,0.307485,-0.510826
1938-01,-0.446287,-0.527633,,-0.415515,-0.527633,0.067659,-0.261365,-0.235722,-0.916291,-0.356675,,0.029559,-1.386294,-1.347074,-0.400478,-0.150823,-0.867501,0.122218,-0.072571,,-0.916291,-1.049822,-0.967584,-1.049822,-0.287682,,,-0.616186,1.467874,-0.248461,-0.020203,-0.261365,-0.116534,-0.34249,-1.108663,,-1.237874,-1.049822,-1.021651,-0.597837,1.018847,0.10436,-0.673345,0.231112,-0.755023,-0.061875,-0.072571,-0.415515,-0.562119
1938-02,-0.446287,-0.527633,,-0.415515,-0.527633,0.067659,-0.261365,-0.235722,-0.916291,-0.356675,,0.029559,-1.386294,-1.347074,-0.400478,-0.150823,-0.867501,0.122218,-0.072571,,-0.916291,-1.049822,-0.967584,-1.049822,-0.287682,,,-0.616186,1.467874,-0.248461,-0.020203,-0.261365,-0.116534,-0.34249,-1.108663,,-1.237874,-1.049822,-1.021651,-0.597837,1.018847,0.10436,-0.673345,0.231112,-0.755023,-0.061875,-0.072571,-0.415515,-0.562119
1938-03,-0.446287,-0.527633,,-0.415515,-0.527633,0.067659,-0.261365,-0.235722,-0.916291,-0.356675,,0.029559,-1.386294,-1.347074,-0.400478,-0.150823,-0.867501,0.122218,-0.072571,,-0.916291,-1.049822,-0.967584,-1.049822,-0.287682,,,-0.616186,1.467874,-0.248461,-0.020203,-0.261365,-0.116534,-0.34249,-1.108663,,-1.237874,-1.049822,-1.021651,-0.597837,1.018847,0.10436,-0.673345,0.231112,-0.755023,-0.061875,-0.072571,-0.415515,-0.562119
1938-04,-0.446287,-0.527633,,-0.415515,-0.527633,0.067659,-0.261365,-0.235722,-0.916291,-0.356675,,0.029559,-1.386294,-1.347074,-0.400478,-0.150823,-0.867501,0.122218,-0.072571,,-0.916291,-1.049822,-0.967584,-1.049822,-0.287682,,,-0.616186,1.467874,-0.248461,-0.020203,-0.261365,-0.116534,-0.34249,-1.108663,,-1.237874,-1.049822,-1.021651,-0.597837,1.018847,0.10436,-0.673345,0.231112,-0.755023,-0.061875,-0.072571,-0.415515,-0.562119
1938-05,-0.446287,-0.527633,,-0.415515,-0.527633,0.067659,-0.261365,-0.235722,-0.916291,-0.356675,,0.029559,-1.386294,-1.347074,-0.400478,-0.150823,-0.867501,0.122218,-0.072571,,-0.916291,-1.049822,-0.967584,-1.049822,-0.287682,,,-0.616186,1.467874,-0.248461,-0.020203,-0.261365,-0.116534,-0.34249,-1.108663,,-1.237874,-1.049822,-1.021651,-0.597837,1.018847,0.10436,-0.673345,0.231112,-0.755023,-0.061875,-0.072571,-0.415515,-0.562119
1938-06,-0.446287,-0.527633,,-0.415515,-0.527633,0.067659,-0.261365,-0.235722,-0.916291,-0.356675,,0.029559,-1.386294,-1.347074,-0.400478,-0.150823,-0.867501,0.122218,-0.072571,,-0.916291,-1.049822,-0.967584,-1.049822,-0.287682,,,-0.616186,1.467874,-0.248461,-0.020203,-0.261365,-0.116534,-0.34249,-1.108663,,-1.237874,-1.049822,-1.021651,-0.597837,1.018847,0.10436,-0.673345,0.231112,-0.755023,-0.061875,-0.072571,-0.415515,-0.562119
1938-07,-0.446287,-0.527633,,-0.415515,-0.527633,0.067659,-0.261365,-0.235722,-0.916291,-0.356675,,0.029559,-1.386294,-1.347074,-0.400478,-0.150823,-0.867501,0.122218,-0.072571,,-0.916291,-1.049822,-0.967584,-1.049822,-0.287682,,,-0.616186,1.467874,-0.248461,-0.020203,-0.261365,-0.116534,-0.34249,-1.108663,,-1.237874,-1.049822,-1.021651,-0.597837,1.018847,0.10436,-0.673345,0.231112,-0.755023,-0.061875,-0.072571,-0.415515,-0.562119
1938-08,-0.446287,-0.527633,,-0.415515,-0.527633,0.067659,-0.261365,-0.235722,-0.916291,-0.356675,,0.029559,-1.386294,-1.347074,-0.400478,-0.150823,-0.867501,0.122218,-0.072571,,-0.916291,-1.049822,-0.967584,-1.049822,-0.287682,,,-0.616186,1.467874,-0.248461,-0.020203,-0.261365,-0.116534,-0.34249,-1.108663,,-1.237874,-1.049822,-1.021651,-0.597837,1.018847,0.10436,-0.673345,0.231112,-0.755023,-0.061875,-0.072571,-0.415515,-0.562119
1938-09,-0.446287,-0.527633,,-0.415515,-0.527633,0.067659,-0.261365,-0.235722,-0.916291,-0.356675,,0.029559,-1.386294,-1.347074,-0.400478,-0.150823,-0.867501,0.122218,-0.072571,,-0.916291,-1.049822,-0.967584,-1.049822,-0.287682,,,-0.616186,1.467874,-0.248461,-0.020203,-0.261365,-0.116534,-0.34249,-1.108663,,-1.237874,-1.049822,-1.021651,-0.597837,1.018847,0.10436,-0.673345,0.231112,-0.755023,-0.061875,-0.072571,-0.415515,-0.562119
1938-10,-0.446287,-0.527633,,-0.415515,-0.527633,0.067659,-0.261365,-0.235722,-0.916291,-0.356675,,0.029559,-1.386294,-1.347074,-0.400478,-0.150823,-0.867501,0.122218,-0.072571,,-0.916291,-1.049822,-0.967584,-1.049822,-0.287682,,,-0.616186,1.467874,-0.248461,-0.020203,-0.261365,-0.116534,-0.34249,-1.108663,,-1.237874,-1.049822,-1.021651,-0.597837,1.018847,0.10436,-0.673345,0.231112,-0.755023,-0.061875,-0.072571,-0.415515,-0.562119
1938-11,-0.446287,-0.527633,,-0.415515,-0.527633,0.067659,-0.261365,-0.235722,-0.916291,-0.356675,,0.029559,-1.386294,-1.347074,-0.400478,-0.150823,-0.867501,0.122218,-0.072571,,-0.916291,-1.049822,-0.967584,-1.049822,-0.287682,,,-0.616186,1.467874,-0.248461,-0.020203,-0.261365,-0.116534,-0.34249,-1.108663,,-1.237874,-1.049822,-1.021651,-0.597837,1.018847,0.10436,-0.673345,0.231112,-0.755023,-0.061875,-0.072571,-0.415515,-0.562119
1938-12,-0.446287,-0.527633,,-0.415515,-0.527633,0.067659,-0.261365,-0.235722,-0.916291,-0.356675,,0.029559,-1.386294,-1.347074,-0.400478,-0.150823,-0.867501,0.122218,-0.072571,,-0.916291,-1.049822,-0.967584,-1.049822,-0.287682,,,-0.616186,1.467874,-0.248461,-0.020203,-0.261365,-0.116534,-0.34249,-1.108663,,-1.237874,-1.049822,-1.021651,-0.597837,1.018847,0.10436,-0.673345,0.231112,-0.755023,-0.061875,-0.072571,-0.415515,-0.562119
1939-01,-0.061875,-0.210721,,0.067659,-0.235722,1.111858,0.482426,0.774727,-0.478036,0.10436,,0.215111,-1.108663,-0.84397,0.29267,0.636577,-0.198451,1.229641,0.482426,,-0.235722,-0.71335,-0.198451,-0.693147,0.270027,,,-0.385662,2.11746,0.198851,0.48858,-0.061875,0.779325,1.054312,-0.544727,,-0.597837,-0.967584,-1.771957,-0.040822,1.644805,0.779325,-0.061875,0.797507,-0.051293,0.039221,0.908259,0.14842,0.058269
1939-02,-0.061875,-0.210721,,0.067659,-0.235722,1.111858,0.482426,0.774727,-0.478036,0.10436,,0.215111,-1.108663,-0.84397,0.29267,0.636577,-0.198451,1.229641,0.482426,,-0.235722,-0.71335,-0.198451,-0.693147,0.270027,,,-0.385662,2.11746,0.198851,0.48858,-0.061875,0.779325,1.054312,-0.544727,,-0.597837,-0.967584,-1.771957,-0.040822,1.644805,0.779325,-0.061875,0.797507,-0.051293,0.039221,0.908259,0.14842,0.058269
1939-03,-0.061875,-0.210721,,0.067659,-0.235722,1.111858,0.482426,0.774727,-0.478036,0.10436,,0.215111,-1.108663,-0.84397,0.29267,0.636577,-0.198451,1.229641,0.482426,,-0.235722,-0.71335,-0.198451,-0.693147,0.270027,,,-0.385662,2.11746,0.198851,0.48858,-0.061875,0.779325,1.054312,-0.544727,,-0.597837,-0.967584,-1.771957,-0.040822,1.644805,0.779325,-0.061875,0.797507,-0.051293,0.039221,0.908259,0.14842,0.058269
1939-04,-0.061875,-0.210721,,0.067659,-0.235722,1.111858,0.482426,0.774727,-0.478036,0.10436,,0.215111,-1.108663,-0.84397,0.29267,0.636577,-0.198451,1.229641,0.482426,,-0.235722,-0.71335,-0.198451,-0.693147,0.270027,,,-0.385662,2.11746,0.198851,0.48858,-0.061875,0.779325,1.054312,-0.544727,,-0.597837,-0.967584,-1.771957,-0.040822,1.644805,0.779325,-0.061875,0.797507,-0.051293,0.039221,0.908259,0.14842,0.058269
1939-05,-0.061875,-0.210721,,0.067659,-0.235722,1.111858,0.482426,0.774727,-0.478036,0.10436,,0.215111,-1.108663,-0.84397,0.29267,0.636577,-0.198451,1.229641,0.482426,,-0.235722,-0.71335,-0.198451,-0.693147,0.270027,,,-0.385662,2.11746,0.198851,0.48858,-0.061875,0.779325,1.054312,-0.544727,,-0.597837,-0.967584,-1.771957,-0.040822,1.644805,0.779325,-0.061875,0.797507,-0.051293,0.039221,0.908259,0.14842,0.058269
1939-06,-0.061875,-0.210721,,0.067659,-0.235722,1.111858,0.482426,0.774727,-0.478036,0.10436,,0.215111,-1.108663,-0.84397,0.29267,0.636577,-0.198451,1.229641,0.482426,,-0.235722,-0.71335,-0.198451,-0.693147,0.270027,,,-0.385662,2.11746,0.198851,0.48858,-0.061875,0.779325,1.054312,-0.544727,,-0.597837,-0.967584,-1.771957,-0.040822,1.644805,0.779325,-0.061875,0.797507,-0.051293,0.039221,0.908259,0.14842,0.058269
1939-07,-0.061875,-0.210721,,0.067659,-0.235722,1.111858,0.482426,0.774727,-0.478036,0.10436,,0.215111,-1.108663,-0.84397,0.29267,0.636577,-0.198451,1.229641,0.482426,,-0.235722,-0.71335,-0.198451,-0.693147,0.270027,,,-0.385662,2.11746,0.198851,0.48858,-0.061875,0.779325,1.054312,-0.544727,,-0.597837,-0.967584,-1.771957,-0.040822,1.644805,0.779325,-0.061875,0.797507,-0.051293,0.039221,0.908259,0.14842,0.058269
1939-08,-0.061875,-0.210721,,0.067659,-0.235722,1.111858,0.482426,0.774727,-0.478036,0.10436,,0.215111,-1.108663,-0.84397,0.29267,0.636577,-0.198451,1.229641,0.482426,,-0.235722,-0.71335,-0.198451,-0.693147,0.270027,,,-0.385662,2.11746,0.198851,0.48858,-0.061875,0.779325,1.054312,-0.544727,,-0.597837,-0.967584,-1.771957,-0.040822,1.644805,0.779325,-0.061875,0.797507,-0.051293,0.039221,0.908259,0.14842,0.058269
1939-09,-0.061875,-0.210721,,0.067659,-0.235722,1.111858,0.482426,0.774727,-0.478036,0.10436,,0.215111,-1.108663,-0.84397,0.29267,0.636577,-0.198451,1.229641,0.482426,,-0.235722,-0.71335,-0.198451,-0.693147,0.270027,,,-0.385662,2.11746,0.198851,0.48858,-0.061875,0.779325,1.054312,-0.544727,,-0.597837,-0.967584,-1.771957,-0.040822,1.644805,0.779325,-0.061875,0.797507,-0.051293,0.039221,0.908259,0.14842,0.058269
1939-10,-0.061875,-0.210721,,0.067659,-0.235722,1.111858,0.482426,0.774727,-0.478036,0.10436,,0.215111,-1.108663,-0.84397,0.29267,0.636577,-0.198451,1.229641,0.482426,,-0.235722,-0.71335,-0.198451,-0.693147,0.270027,,,-0.385662,2.11746,0.198851,0.48858,-0.061875,0.779325,1.054312,-0.544727,,-0.597837,-0.967584,-1.771957,-0.040822,1.644805,0.779325,-0.061875,0.797507,-0.051293,0.039221,0.908259,0.14842,0.058269
1939-11,-0.061875,-0.210721,,0.067659,-0.235722,1.111858,0.482426,0.774727,-0.478036,0.10436,,0.215111,-1.108663,-0.84397,0.29267,0.636577,-0.198451,1.229641,0.482426,,-0.235722,-0.71335,-0.198451,-0.693147,0.270027,,,-0.385662,2.11746,0.198851,0.48858,-0.061875,0.779325,1.054312,-0.544727,,-0.597837,-0.967584,-1.771957,-0.040822,1.644805,0.779325,-0.061875,0.797507,-0.051293,0.039221,0.908259,0.14842,0.058269
1939-12,-0.061875,-0.210721,,0.067659,-0.235722,1.111858,0.482426,0.774727,-0.478036,0.10436,,0.215111,-1.108663,-0.84397,0.29267,0.636577,-0.198451,1.229641,0.482426,,-0.235722,-0.71335,-0.198451,-0.693147,0.270027,,,-0.385662,2.11746,0.198851,0.48858,-0.061875,0.779325,1.054312,-0.544727,,-0.597837,-0.967584,-1.771957,-0.040822,1.644805,0.779325,-0.061875,0.797507,-0.051293,0.039221,0.908259,0.14842,0.058269
1940-01,-0.198451,-0.34249,,-0.020203,-0.634878,0.457425,0.364643,0.722706,-0.733969,-0.030459,,-0.01005,-1.347074,-1.108663,0.262364,0.336472,-0.579818,-0.400478,0.122218,,-0.385662,-0.867501,-0.693147,-1.171183,0.14842,,,-0.494296,2.075684,0.14842,0.173953,-0.105361,0.542324,0.667829,-0.820981,,-0.967584,-1.07881,-1.832581,-0.328504,1.453953,0.314811,-0.34249,0.593327,-0.446287,-0.030459,1.319086,0.277632,-0.34249
1940-02,-0.198451,-0.34249,,-0.020203,-0.634878,0.457425,0.364643,0.722706,-0.733969,-0.030459,,-0.01005,-1.347074,-1.108663,0.262364,0.336472,-0.579818,-0.400478,0.122218,,-0.385662,-0.867501,-0.693147,-1.171183,0.14842,,,-0.494296,2.075684,0.14842,0.173953,-0.105361,0.542324,0.667829,-0.820981,,-0.967584,-1.07881,-1.832581,-0.328504,1.453953,0.314811,-0.34249,0.593327,-0.446287,-0.030459,1.319086,0.277632,-0.34249
1940-03,-0.198451,-0.34249,,-0.020203,-0.634878,0.457425,0.364643,0.722706,-0.733969,-0.030459,,-0.01005,-1.347074,-1.108663,0.262364,0.336472,-0.579818,-0.400478,0.122218,,-0.385662,-0.867501,-0.693147,-1.171183,0.14842,,,-0.494296,2.075684,0.14842,0.173953,-0.105361,0.542324,0.667829,-0.820981,,-0.967584,-1.07881,-1.832581,-0.328504,1.453953,0.314811,-0.34249,0.593327,-0.446287,-0.030459,1.319086,0.277632,-0.34249
1940-04,-0.198451,-0.34249,,-0.020203,-0.634878,0.457425,0.364643,0.722706,-0.733969,-0.030459,,-0.01005,-1.347074,-1.108663,0.262364,0.336472,-0.579818,-0.400478,0.122218,,-0.385662,-0.867501,-0.693147,-1.171183,0.14842,,,-0.494296,2.075684,0.14842,0.173953,-0.105361,0.542324,0.667829,-0.820981,,-0.967584,-1.07881,-1.832581,-0.328504,1.453953,0.314811,-0.34249,0.593327,-0.446287,-0.030459,1.319086,0.277632,-0.34249
1940-05,-0.198451,-0.34249,,-0.020203,-0.634878,0.457425,0.364643,0.722706,-0.733969,-0.030459,,-0.01005,-1.347074,-1.108663,0.262364,0.336472,-0.579818,-0.400478,0.122218,,-0.385662,-0.867501,-0.693147,-1.171183,0.14842,,,-0.494296,2.075684,0.14842,0.173953,-0.105361,0.542324,0.667829,-0.820981,,-0.967584,-1.07881,-1.832581,-0.328504,1.453953,0.314811,-0.34249,0.593327,-0.446287,-0.030459,1.319086,0.277632,-0.34249
1940-06,-0.198451,-0.34249,,-0.020203,-0.634878,0.457425,0.364643,0.722706,-0.733969,-0.030459,,-0.01005,-1.347074,-1.108663,0.262364,0.336472,-0.579818,-0.400478,0.122218,,-0.385662,-0.867501,-0.693147,-1.171183,0.14842,,,-0.494296,2.075684,0.14842,0.173953,-0.105361,0.542324,0.667829,-0.820981,,-0.967584,-1.07881,-1.832581,-0.328504,1.453953,0.314811,-0.34249,0.593327,-0.446287,-0.030459,1.319086,0.277632,-0.34249
1940-07,-0.198451,-0.34249,,-0.020203,-0.634878,0.457425,0.364643,0.722706,-0.733969,-0.030459,,-0.01005,-1.347074,-1.108663,0.262364,0.336472,-0.579818,-0.400478,0.122218,,-0.385662,-0.867501,-0.693147,-1.171183,0.14842,,,-0.494296,2.075684,0.14842,0.173953,-0.105361,0.542324,0.667829,-0.820981,,-0.967584,-1.07881,-1.832581,-0.328504,1.453953,0.314811,-0.34249,0.593327,-0.446287,-0.030459,1.319086,0.277632,-0.34249
1940-08,-0.198451,-0.34249,,-0.020203,-0.634878,0.457425,0.364643,0.722706,-0.733969,-0.030459,,-0.01005,-1.347074,-1.108663,0.262364,0.336472,-0.579818,-0.400478,0.122218,,-0.385662,-0.867501,-0.693147,-1.171183,0.14842,,,-0.494296,2.075684,0.14842,0.173953,-0.105361,0.542324,0.667829,-0.820981,,-0.967584,-1.07881,-1.832581,-0.328504,1.453953,0.314811,-0.34249,0.593327,-0.446287,-0.030459,1.319086,0.277632,-0.34249
1940-09,-0.198451,-0.34249,,-0.020203,-0.634878,0.457425,0.364643,0.722706,-0.733969,-0.030459,,-0.01005,-1.347074,-1.108663,0.262364,0.336472,-0.579818,-0.400478,0.122218,,-0.385662,-0.867501,-0.693147,-1.171183,0.14842,,,-0.494296,2.075684,0.14842,0.173953,-0.105361,0.542324,0.667829,-0.820981,,-0.967584,-1.07881,-1.832581,-0.328504,1.453953,0.314811,-0.34249,0.593327,-0.446287,-0.030459,1.319086,0.277632,-0.34249
1940-10,-0.198451,-0.34249,,-0.020203,-0.634878,0.457425,0.364643,0.722706,-0.733969,-0.030459,,-0.01005,-1.347074,-1.108663,0.262364,0.336472,-0.579818,-0.400478,0.122218,,-0.385662,-0.867501,-0.693147,-1.171183,0.14842,,,-0.494296,2.075684,0.14842,0.173953,-0.105361,0.542324,0.667829,-0.820981,,-0.967584,-1.07881,-1.832581,-0.328504,1.453953,0.314811,-0.34249,0.593327,-0.446287,-0.030459,1.319086,0.277632,-0.34249
1940-11,-0.198451,-0.34249,,-0.020203,-0.634878,0.457425,0.364643,0.722706,-0.733969,-0.030459,,-0.01005,-1.347074,-1.108663,0.262364,0.336472,-0.579818,-0.400478,0.122218,,-0.385662,-0.867501,-0.693147,-1.171183,0.14842,,,-0.494296,2.075684,0.14842,0.173953,-0.105361,0.542324,0.667829,-0.820981,,-0.967584,-1.07881,-1.832581,-0.328504,1.453953,0.314811,-0.34249,0.593327,-0.446287,-0.030459,1.319086,0.277632,-0.34249
1940-12,-0.198451,-0.34249,,-0.020203,-0.634878,0.457425,0.364643,0.722706,-0.733969,-0.030459,,-0.01005,-1.347074,-1.108663,0.262364,0.336472,-0.579818,-0.400478,0.122218,,-0.385662,-0.867501,-0.693147,-1.171183,0.14842,,,-0.494296,2.075684,0.14842,0.173953,-0.105361,0.542324,0.667829,-0.820981,,-0.967584,-1.07881,-1.832581,-0.328504,1.453953,0.314811,-0.34249,0.593327,-0.446287,-0.030459,1.319086,0.277632,-0.34249
1941-01,-0.446287,-0.356675,,0.285179,-0.579818,0.086178,0.887891,0.756122,-0.776529,-0.116534,,0.076961,-1.347074,-1.139434,0.262364,0.357674,-0.314711,0.019803,0.239017,,-0.301105,-0.733969,-0.693147,-1.139434,0.231112,,,-0.314711,1.919859,0.322083,0.067659,-0.223144,0.879627,0.270027,-0.579818,,-0.446287,-0.867501,-1.309333,-0.301105,1.418277,0.198851,-0.371064,0.900161,-0.356675,-0.105361,2.258633,0.329304,-0.01005
1941-02,-0.446287,-0.356675,,0.285179,-0.579818,0.086178,0.887891,0.756122,-0.776529,-0.116534,,0.076961,-1.347074,-1.139434,0.262364,0.357674,-0.314711,0.019803,0.239017,,-0.301105,-0.733969,-0.693147,-1.139434,0.231112,,,-0.314711,1.919859,0.322083,0.067659,-0.223144,0.879627,0.270027,-0.579818,,-0.446287,-0.867501,-1.309333,-0.301105,1.418277,0.198851,-0.371064,0.900161,-0.356675,-0.105361,2.258633,0.329304,-0.01005
1941-03,-0.446287,-0.356675,,0.285179,-0.579818,0.086178,0.887891,0.756122,-0.776529,-0.116534,,0.076961,-1.347074,-1.139434,0.262364,0.357674,-0.314711,0.019803,0.239017,,-0.301105,-0.733969,-0.693147,-1.139434,0.231112,,,-0.314711,1.919859,0.322083,0.067659,-0.223144,0.879627,0.270027,-0.579818,,-0.446287,-0.867501,-1.309333,-0.301105,1.418277,0.198851,-0.371064,0.900161,-0.356675,-0.105361,2.258633,0.329304,-0.01005
1941-04,-0.446287,-0.356675,,0.285179,-0.579818,0.086178,0.887891,0.756122,-0.776529,-0.116534,,0.076961,-1.347074,-1.139434,0.262364,0.357674,-0.314711,0.019803,0.239017,,-0.301105,-0.733969,-0.693147,-1.139434,0.231112,,,-0.314711,1.919859,0.322083,0.067659,-0.223144,0.879627,0.270027,-0.579818,,-0.446287,-0.867501,-1.309333,-0.301105,1.418277,0.198851,-0.371064,0.900161,-0.356675,-0.105361,2.258633,0.329304,-0.01005
1941-05,-0.446287,-0.356675,,0.285179,-0.579818,0.086178,0.887891,0.756122,-0.776529,-0.116534,,0.076961,-1.347074,-1.139434,0.262364,0.357674,-0.314711,0.019803,0.239017,,-0.301105,-0.733969,-0.693147,-1.139434,0.231112,,,-0.314711,1.919859,0.322083,0.067659,-0.223144,0.879627,0.270027,-0.579818,,-0.446287,-0.867501,-1.309333,-0.301105,1.418277,0.198851,-0.371064,0.900161,-0.356675,-0.105361,2.258633,0.329304,-0.01005
1941-06,-0.446287,-0.356675,,0.285179,-0.579818,0.086178,0.887891,0.756122,-0.776529,-0.116534,,0.076961,-1.347074,-1.139434,0.262364,0.357674,-0.314711,0.019803,0.239017,,-0.301105,-0.733969,-0.693147,-1.139434,0.231112,,,-0.314711,1.919859,0.322083,0.067659,-0.223144,0.879627,0.270027,-0.579818,,-0.446287,-0.867501,-1.309333,-0.301105,1.418277,0.198851,-0.371064,0.900161,-0.356675,-0.105361,2.258633,0.329304,-0.01005
1941-07,-0.446287,-0.356675,,0.285179,-0.579818,0.086178,0.887891,0.756122,-0.776529,-0.116534,,0.076961,-1.347074,-1.139434,0.262364,0.357674,-0.314711,0.019803,0.239017,,-0.301105,-0.733969,-0.693147,-1.139434,0.231112,,,-0.314711,1.919859,0.322083,0.067659,-0.223144,0.879627,0.270027,-0.579818,,-0.446287,-0.867501,-1.309333,-0.301105,1.418277,0.198851,-0.371064,0.900161,-0.356675,-0.105361,2.258633,0.329304,-0.01005
1941-08,-0.446287,-0.356675,,0.285179,-0.579818,0.086178,0.887891,0.756122,-0.776529,-0.116534,,0.076961,-1.347074,-1.139434,0.262364,0.357674,-0.314711,0.019803,0.239017,,-0.301105,-0.733969,-0.693147,-1.139434,0.231112,,,-0.314711,1.919859,0.322083,0.067659,-0.223144,0.879627,0.270027,-0.579818,,-0.446287,-0.867501,-1.309333,-0.301105,1.418277,0.198851,-0.371064,0.900161,-0.356675,-0.105361,2.258633,0.329304,-0.01005
1941-09,-0.446287,-0.356675,,0.285179,-0.579818,0.086178,0.887891,0.756122,-0.776529,-0.116534,,0.076961,-1.347074,-1.139434,0.262364,0.357674,-0.314711,0.019803,0.239017,,-0.301105,-0.733969,-0.693147,-1.139434,0.231112,,,-0.314711,1.919859,0.322083,0.067659,-0.223144,0.879627,0.270027,-0.579818,,-0.446287,-0.867501,-1.309333,-0.301105,1.418277,0.198851,-0.371064,0.900161,-0.356675,-0.105361,2.258633,0.329304,-0.01005
1941-10,-0.446287,-0.356675,,0.285179,-0.579818,0.086178,0.887891,0.756122,-0.776529,-0.116534,,0.076961,-1.347074,-1.139434,0.262364,0.357674,-0.314711,0.019803,0.239017,,-0.301105,-0.733969,-0.693147,-1.139434,0.231112,,,-0.314711,1.919859,0.322083,0.067659,-0.223144,0.879627,0.270027,-0.579818,,-0.446287,-0.867501,-1.309333,-0.301105,1.418277,0.198851,-0.371064,0.900161,-0.356675,-0.105361,2.258633,0.329304,-0.01005
1941-11,-0.446287,-0.356675,,0.285179,-0.579818,0.086178,0.887891,0.756122,-0.776529,-0.116534,,0.076961,-1.347074,-1.139434,0.262364,0.357674,-0.314711,0.019803,0.239017,,-0.301105,-0.733969,-0.693147,-1.139434,0.231112,,,-0.314711,1.919859,0.322083,0.067659,-0.223144,0.879627,0.270027,-0.579818,,-0.446287,-0.867501,-1.309333,-0.301105,1.418277,0.198851,-0.371064,0.900161,-0.356675,-0.105361,2.258633,0.329304,-0.01005
1941-12,-0.446287,-0.356675,,0.285179,-0.579818,0.086178,0.887891,0.756122,-0.776529,-0.116534,,0.076961,-1.347074,-1.139434,0.262364,0.357674,-0.314711,0.019803,0.239017,,-0.301105,-0.733969,-0.693147,-1.139434,0.231112,,,-0.314711,1.919859,0.322083,0.067659,-0.223144,0.879627,0.270027,-0.579818,,-0.446287,-0.867501,-1.309333,-0.301105,1.418277,0.198851,-0.371064,0.900161,-0.356675,-0.105361,2.258633,0.329304,-0.01005
1942-01,-0.261365,-0.18633,,0.371564,-0.430783,0.139762,0.875469,0.912283,-0.616186,0.067659,,0.254642,-1.021651,-0.967584,0.364643,0.553885,-0.105361,0.41211,0.29267,,-0.198451,-0.562119,-0.510826,-0.776529,0.300105,,,-0.223144,1.927164,0.482426,0.307485,-0.174353,0.912283,0.506818,-0.415515,,-0.235722,-0.776529,-0.867501,-0.094311,1.492904,0.727549,-0.248461,0.908259,-0.061875,-0.072571,1.686399,0.598837,0.10436
1942-02,-0.261365,-0.18633,,0.371564,-0.430783,0.139762,0.875469,0.912283,-0.616186,0.067659,,0.254642,-1.021651,-0.967584,0.364643,0.553885,-0.105361,0.41211,0.29267,,-0.198451,-0.562119,-0.510826,-0.776529,0.300105,,,-0.223144,1.927164,0.482426,0.307485,-0.174353,0.912283,0.506818,-0.415515,,-0.235722,-0.776529,-0.867501,-0.094311,1.492904,0.727549,-0.248461,0.908259,-0.061875,-0.072571,1.686399,0.598837,0.10436
1942-03,-0.261365,-0.18633,,0.371564,-0.430783,0.139762,0.875469,0.912283,-0.616186,0.067659,,0.254642,-1.021651,-0.967584,0.364643,0.553885,-0.105361,0.41211,0.29267,,-0.198451,-0.562119,-0.510826,-0.776529,0.300105,,,-0.223144,1.927164,0.482426,0.307485,-0.174353,0.912283,0.506818,-0.415515,,-0.235722,-0.776529,-0.867501,-0.094311,1.492904,0.727549,-0.248461,0.908259,-0.061875,-0.072571,1.686399,0.598837,0.10436
1942-04,-0.261365,-0.18633,,0.371564,-0.430783,0.139762,0.875469,0.912283,-0.616186,0.067659,,0.254642,-1.021651,-0.967584,0.364643,0.553885,-0.105361,0.41211,0.29267,,-0.198451,-0.562119,-0.510826,-0.776529,0.300105,,,-0.223144,1.927164,0.482426,0.307485,-0.174353,0.912283,0.506818,-0.415515,,-0.235722,-0.776529,-0.867501,-0.094311,1.492904,0.727549,-0.248461,0.908259,-0.061875,-0.072571,1.686399,0.598837,0.10436
1942-05,-0.261365,-0.18633,,0.371564,-0.430783,0.139762,0.875469,0.912283,-0.616186,0.067659,,0.254642,-1.021651,-0.967584,0.364643,0.553885,-0.105361,0.41211,0.29267,,-0.198451,-0.562119,-0.510826,-0.776529,0.300105,,,-0.223144,1.927164,0.482426,0.307485,-0.174353,0.912283,0.506818,-0.415515,,-0.235722,-0.776529,-0.867501,-0.094311,1.492904,0.727549,-0.248461,0.908259,-0.061875,-0.072571,1.686399,0.598837,0.10436
1942-06,-0.261365,-0.18633,,0.371564,-0.430783,0.139762,0.875469,0.912283,-0.616186,0.067659,,0.254642,-1.021651,-0.967584,0.364643,0.553885,-0.105361,0.41211,0.29267,,-0.198451,-0.562119,-0.510826,-0.776529,0.300105,,,-0.223144,1.927164,0.482426,0.307485,-0.174353,0.912283,0.506818,-0.415515,,-0.235722,-0.776529,-0.867501,-0.094311,1.492904,0.727549,-0.248461,0.908259,-0.061875,-0.072571,1.686399,0.598837,0.10436
1942-07,-0.261365,-0.18633,,0.371564,-0.430783,0.139762,0.875469,0.912283,-0.616186,0.067659,,0.254642,-1.021651,-0.967584,0.364643,0.553885,-0.105361,0.41211,0.29267,,-0.198451,-0.562119,-0.510826,-0.776529,0.300105,,,-0.223144,1.927164,0.482426,0.307485,-0.174353,0.912283,0.506818,-0.415515,,-0.235722,-0.776529,-0.867501,-0.094311,1.492904,0.727549,-0.248461,0.908259,-0.061875,-0.072571,1.686399,0.598837,0.10436
1942-08,-0.261365,-0.18633,,0.371564,-0.430783,0.139762,0.875469,0.912283,-0.616186,0.067659,,0.254642,-1.021651,-0.967584,0.364643,0.553885,-0.105361,0.41211,0.29267,,-0.198451,-0.562119,-0.510826,-0.776529,0.300105,,,-0.223144,1.927164,0.482426,0.307485,-0.174353,0.912283,0.506818,-0.415515,,-0.235722,-0.776529,-0.867501,-0.094311,1.492904,0.727549,-0.248461,0.908259,-0.061875,-0.072571,1.686399,0.598837,0.10436
1942-09,-0.261365,-0.18633,,0.371564,-0.430783,0.139762,0.875469,0.912283,-0.616186,0.067659,,0.254642,-1.021651,-0.967584,0.364643,0.553885,-0.105361,0.41211,0.29267,,-0.198451,-0.562119,-0.510826,-0.776529,0.300105,,,-0.223144,1.927164,0.482426,0.307485,-0.174353,0.912283,0.506818,-0.415515,,-0.235722,-0.776529,-0.867501,-0.094311,1.492904,0.727549,-0.248461,0.908259,-0.061875,-0.072571,1.686399,0.598837,0.10436
1942-10,-0.261365,-0.18633,,0.371564,-0.430783,0.139762,0.875469,0.912283,-0.616186,0.067659,,0.254642,-1.021651,-0.967584,0.364643,0.553885,-0.105361,0.41211,0.29267,,-0.198451,-0.562119,-0.510826,-0.776529,0.300105,,,-0.223144,1.927164,0.482426,0.307485,-0.174353,0.912283,0.506818,-0.415515,,-0.235722,-0.776529,-0.867501,-0.094311,1.492904,0.727549,-0.248461,0.908259,-0.061875,-0.072571,1.686399,0.598837,0.10436
1942-11,-0.261365,-0.18633,,0.371564,-0.430783,0.139762,0.875469,0.912283,-0.616186,0.067659,,0.254642,-1.021651,-0.967584,0.364643,0.553885,-0.105361,0.41211,0.29267,,-0.198451,-0.562119,-0.510826,-0.776529,0.300105,,,-0.223144,1.927164,0.482426,0.307485,-0.174353,0.912283,0.506818,-0.415515,,-0.235722,-0.776529,-0.867501,-0.094311,1.492904,0.727549,-0.248461,0.908259,-0.061875,-0.072571,1.686399,0.598837,0.10436
1942-12,-0.261365,-0.18633,,0.371564,-0.430783,0.139762,0.875469,0.912283,-0.616186,0.067659,,0.254642,-1.021651,-0.967584,0.364643,0.553885,-0.105361,0.41211,0.29267,,-0.198451,-0.562119,-0.510826,-0.776529,0.300105,,,-0.223144,1.927164,0.482426,0.307485,-0.174353,0.912283,0.506818,-0.415515,,-0.235722,-0.776529,-0.867501,-0.094311,1.492904,0.727549,-0.248461,0.908259,-0.061875,-0.072571,1.686399,0.598837,0.10436
1943-01,-0.301105,-0.061875,,0.451076,-0.127833,0.760806,0.71784,1.241269,-0.415515,0.131028,,0.270027,-0.891598,-0.820981,0.641854,0.806476,0.173953,0.530628,0.536493,,0.04879,-0.274437,-0.040822,-0.385662,0.542324,,,-0.061875,1.99061,0.438255,0.81093,0.086178,1.432701,0.896088,-0.301105,,0.076961,-0.755023,-0.430783,0.336472,1.61542,0.41211,0.0,1.401183,0.494696,-0.223144,1.764731,0.963174,0.300105
1943-02,-0.301105,-0.061875,,0.451076,-0.127833,0.760806,0.71784,1.241269,-0.415515,0.131028,,0.270027,-0.891598,-0.820981,0.641854,0.806476,0.173953,0.530628,0.536493,,0.04879,-0.274437,-0.040822,-0.385662,0.542324,,,-0.061875,1.99061,0.438255,0.81093,0.086178,1.432701,0.896088,-0.301105,,0.076961,-0.755023,-0.430783,0.336472,1.61542,0.41211,0.0,1.401183,0.494696,-0.223144,1.764731,0.963174,0.300105
1943-03,-0.301105,-0.061875,,0.451076,-0.127833,0.760806,0.71784,1.241269,-0.415515,0.131028,,0.270027,-0.891598,-0.820981,0.641854,0.806476,0.173953,0.530628,0.536493,,0.04879,-0.274437,-0.040822,-0.385662,0.542324,,,-0.061875,1.99061,0.438255,0.81093,0.086178,1.432701,0.896088,-0.301105,,0.076961,-0.755023,-0.430783,0.336472,1.61542,0.41211,0.0,1.401183,0.494696,-0.223144,1.764731,0.963174,0.300105
1943-04,-0.301105,-0.061875,,0.451076,-0.127833,0.760806,0.71784,1.241269,-0.415515,0.131028,,0.270027,-0.891598,-0.820981,0.641854,0.806476,0.173953,0.530628,0.536493,,0.04879,-0.274437,-0.040822,-0.385662,0.542324,,,-0.061875,1.99061,0.438255,0.81093,0.086178,1.432701,0.896088,-0.301105,,0.076961,-0.755023,-0.430783,0.336472,1.61542,0.41211,0.0,1.401183,0.494696,-0.223144,1.764731,0.963174,0.300105
1943-05,-0.301105,-0.061875,,0.451076,-0.127833,0.760806,0.71784,1.241269,-0.415515,0.131028,,0.270027,-0.891598,-0.820981,0.641854,0.806476,0.173953,0.530628,0.536493,,0.04879,-0.274437,-0.040822,-0.385662,0.542324,,,-0.061875,1.99061,0.438255,0.81093,0.086178,1.432701,0.896088,-0.301105,,0.076961,-0.755023,-0.430783,0.336472,1.61542,0.41211,0.0,1.401183,0.494696,-0.223144,1.764731,0.963174,0.300105
1943-06,-0.301105,-0.061875,,0.451076,-0.127833,0.760806,0.71784,1.241269,-0.415515,0.131028,,0.270027,-0.891598,-0.820981,0.641854,0.806476,0.173953,0.530628,0.536493,,0.04879,-0.274437,-0.040822,-0.385662,0.542324,,,-0.061875,1.99061,0.438255,0.81093,0.086178,1.432701,0.896088,-0.301105,,0.076961,-0.755023,-0.430783,0.336472,1.61542,0.41211,0.0,1.401183,0.494696,-0.223144,1.764731,0.963174,0.300105
1943-07,-0.301105,-0.061875,,0.451076,-0.127833,0.760806,0.71784,1.241269,-0.415515,0.131028,,0.270027,-0.891598,-0.820981,0.641854,0.806476,0.173953,0.530628,0.536493,,0.04879,-0.274437,-0.040822,-0.385662,0.542324,,,-0.061875,1.99061,0.438255,0.81093,0.086178,1.432701,0.896088,-0.301105,,0.076961,-0.755023,-0.430783,0.336472,1.61542,0.41211,0.0,1.401183,0.494696,-0.223144,1.764731,0.963174,0.300105
1943-08,-0.301105,-0.061875,,0.451076,-0.127833,0.760806,0.71784,1.241269,-0.415515,0.131028,,0.270027,-0.891598,-0.820981,0.641854,0.806476,0.173953,0.530628,0.536493,,0.04879,-0.274437,-0.040822,-0.385662,0.542324,,,-0.061875,1.99061,0.438255,0.81093,0.086178,1.432701,0.896088,-0.301105,,0.076961,-0.755023,-0.430783,0.336472,1.61542,0.41211,0.0,1.401183,0.494696,-0.223144,1.764731,0.963174,0.300105
1943-09,-0.301105,-0.061875,,0.451076,-0.127833,0.760806,0.71784,1.241269,-0.415515,0.131028,,0.270027,-0.891598,-0.820981,0.641854,0.806476,0.173953,0.530628,0.536493,,0.04879,-0.274437,-0.040822,-0.385662,0.542324,,,-0.061875,1.99061,0.438255,0.81093,0.086178,1.432701,0.896088,-0.301105,,0.076961,-0.755023,-0.430783,0.336472,1.61542,0.41211,0.0,1.401183,0.494696,-0.223144,1.764731,0.963174,0.300105
1943-10,-0.301105,-0.061875,,0.451076,-0.127833,0.760806,0.71784,1.241269,-0.415515,0.131028,,0.270027,-0.891598,-0.820981,0.641854,0.806476,0.173953,0.530628,0.536493,,0.04879,-0.274437,-0.040822,-0.385662,0.542324,,,-0.061875,1.99061,0.438255,0.81093,0.086178,1.432701,0.896088,-0.301105,,0.076961,-0.755023,-0.430783,0.336472,1.61542,0.41211,0.0,1.401183,0.494696,-0.223144,1.764731,0.963174,0.300105
1943-11,-0.301105,-0.061875,,0.451076,-0.127833,0.760806,0.71784,1.241269,-0.415515,0.131028,,0.270027,-0.891598,-0.820981,0.641854,0.806476,0.173953,0.530628,0.536493,,0.04879,-0.274437,-0.040822,-0.385662,0.542324,,,-0.061875,1.99061,0.438255,0.81093,0.086178,1.432701,0.896088,-0.301105,,0.076961,-0.755023,-0.430783,0.336472,1.61542,0.41211,0.0,1.401183,0.494696,-0.223144,1.764731,0.963174,0.300105
1943-12,-0.301105,-0.061875,,0.451076,-0.127833,0.760806,0.71784,1.241269,-0.415515,0.131028,,0.270027,-0.891598,-0.820981,0.641854,0.806476,0.173953,0.530628,0.536493,,0.04879,-0.274437,-0.040822,-0.385662,0.542324,,,-0.061875,1.99061,0.438255,0.81093,0.086178,1.432701,0.896088,-0.301105,,0.076961,-0.755023,-0.430783,0.336472,1.61542,0.41211,0.0,1.401183,0.494696,-0.223144,1.764731,0.963174,0.300105
1944-01,-0.051293,-0.040822,,0.364643,-0.174353,0.81978,0.553885,0.963174,-0.400478,0.076961,,-0.105361,-0.994252,-0.776529,,0.582216,0.039221,0.405465,0.683097,,0.067659,-0.415515,-0.328504,-0.094311,0.631272,,,-0.105361,2.046402,0.322083,0.732368,0.09531,1.134623,0.824175,-0.462035,,-0.314711,-0.798508,-0.510826,0.270027,1.410987,0.832909,-0.094311,0.936093,0.157004,-0.248461,1.788421,1.07841,0.165514
1944-02,-0.051293,-0.040822,,0.364643,-0.174353,0.81978,0.553885,0.963174,-0.400478,0.076961,,-0.105361,-0.994252,-0.776529,,0.582216,0.039221,0.405465,0.683097,,0.067659,-0.415515,-0.328504,-0.094311,0.631272,,,-0.105361,2.046402,0.322083,0.732368,0.09531,1.134623,0.824175,-0.462035,,-0.314711,-0.798508,-0.510826,0.270027,1.410987,0.832909,-0.094311,0.936093,0.157004,-0.248461,1.788421,1.07841,0.165514
1944-03,-0.051293,-0.040822,,0.364643,-0.174353,0.81978,0.553885,0.963174,-0.400478,0.076961,,-0.105361,-0.994252,-0.776529,,0.582216,0.039221,0.405465,0.683097,,0.067659,-0.415515,-0.328504,-0.094311,0.631272,,,-0.105361,2.046402,0.322083,0.732368,0.09531,1.134623,0.824175,-0.462035,,-0.314711,-0.798508,-0.510826,0.270027,1.410987,0.832909,-0.094311,0.936093,0.157004,-0.248461,1.788421,1.07841,0.165514
1944-04,-0.051293,-0.040822,,0.364643,-0.174353,0.81978,0.553885,0.963174,-0.400478,0.076961,,-0.105361,-0.994252,-0.776529,,0.582216,0.039221,0.405465,0.683097,,0.067659,-0.415515,-0.328504,-0.094311,0.631272,,,-0.105361,2.046402,0.322083,0.732368,0.09531,1.134623,0.824175,-0.462035,,-0.314711,-0.798508,-0.510826,0.270027,1.410987,0.832909,-0.094311,0.936093,0.157004,-0.248461,1.788421,1.07841,0.165514
1944-05,-0.051293,-0.040822,,0.364643,-0.174353,0.81978,0.553885,0.963174,-0.400478,0.076961,,-0.105361,-0.994252,-0.776529,,0.582216,0.039221,0.405465,0.683097,,0.067659,-0.415515,-0.328504,-0.094311,0.631272,,,-0.105361,2.046402,0.322083,0.732368,0.09531,1.134623,0.824175,-0.462035,,-0.314711,-0.798508,-0.510826,0.270027,1.410987,0.832909,-0.094311,0.936093,0.157004,-0.248461,1.788421,1.07841,0.165514
1944-06,-0.051293,-0.040822,,0.364643,-0.174353,0.81978,0.553885,0.963174,-0.400478,0.076961,,-0.105361,-0.994252,-0.776529,,0.582216,0.039221,0.405465,0.683097,,0.067659,-0.415515,-0.328504,-0.094311,0.631272,,,-0.105361,2.046402,0.322083,0.732368,0.09531,1.134623,0.824175,-0.462035,,-0.314711,-0.798508,-0.510826,0.270027,1.410987,0.832909,-0.094311,0.936093,0.157004,-0.248461,1.788421,1.07841,0.165514
1944-07,-0.051293,-0.040822,,0.364643,-0.174353,0.81978,0.553885,0.963174,-0.400478,0.076961,,-0.105361,-0.994252,-0.776529,,0.582216,0.039221,0.405465,0.683097,,0.067659,-0.415515,-0.328504,-0.094311,0.631272,,,-0.105361,2.046402,0.322083,0.732368,0.09531,1.134623,0.824175,-0.462035,,-0.314711,-0.798508,-0.510826,0.270027,1.410987,0.832909,-0.094311,0.936093,0.157004,-0.248461,1.788421,1.07841,0.165514
1944-08,-0.051293,-0.040822,,0.364643,-0.174353,0.81978,0.553885,0.963174,-0.400478,0.076961,,-0.105361,-0.994252,-0.776529,,0.582216,0.039221,0.405465,0.683097,,0.067659,-0.415515,-0.328504,-0.094311,0.631272,,,-0.105361,2.046402,0.322083,0.732368,0.09531,1.134623,0.824175,-0.462035,,-0.314711,-0.798508,-0.510826,0.270027,1.410987,0.832909,-0.094311,0.936093,0.157004,-0.248461,1.788421,1.07841,0.165514
1944-09,-0.051293,-0.040822,,0.364643,-0.174353,0.81978,0.553885,0.963174,-0.400478,0.076961,,-0.105361,-0.994252,-0.776529,,0.582216,0.039221,0.405465,0.683097,,0.067659,-0.415515,-0.328504,-0.094311,0.631272,,,-0.105361,2.046402,0.322083,0.732368,0.09531,1.134623,0.824175,-0.462035,,-0.314711,-0.798508,-0.510826,0.270027,1.410987,0.832909,-0.094311,0.936093,0.157004,-0.248461,1.788421,1.07841,0.165514
1944-10,-0.051293,-0.040822,,0.364643,-0.174353,0.81978,0.553885,0.963174,-0.400478,0.076961,,-0.105361,-0.994252,-0.776529,,0.582216,0.039221,0.405465,0.683097,,0.067659,-0.415515,-0.328504,-0.094311,0.631272,,,-0.105361,2.046402,0.322083,0.732368,0.09531,1.134623,0.824175,-0.462035,,-0.314711,-0.798508,-0.510826,0.270027,1.410987,0.832909,-0.094311,0.936093,0.157004,-0.248461,1.788421,1.07841,0.165514
1944-11,-0.051293,-0.040822,,0.364643,-0.174353,0.81978,0.553885,0.963174,-0.400478,0.076961,,-0.105361,-0.994252,-0.776529,,0.582216,0.039221,0.405465,0.683097,,0.067659,-0.415515,-0.328504,-0.094311,0.631272,,,-0.105361,2.046402,0.322083,0.732368,0.09531,1.134623,0.824175,-0.462035,,-0.314711,-0.798508,-0.510826,0.270027,1.410987,0.832909,-0.094311,0.936093,0.157004,-0.248461,1.788421,1.07841,0.165514
1944-12,-0.051293,-0.040822,,0.364643,-0.174353,0.81978,0.553885,0.963174,-0.400478,0.076961,,-0.105361,-0.994252,-0.776529,,0.582216,0.039221,0.405465,0.683097,,0.067659,-0.415515,-0.328504,-0.094311,0.631272,,,-0.105361,2.046402,0.322083,0.732368,0.09531,1.134623,0.824175,-0.462035,,-0.314711,-0.798508,-0.510826,0.270027,1.410987,0.832909,-0.094311,0.936093,0.157004,-0.248461,1.788421,1.07841,0.165514
1945-01,0.019803,-0.235722,,-0.150823,-0.261365,0.593327,0.223144,0.457425,-0.562119,-0.105361,,-0.478036,-0.994252,-0.776529,0.039221,0.425268,-0.072571,0.00995,0.530628,,-0.150823,-0.597837,-0.478036,0.285179,0.307485,,,-0.162519,1.78507,0.165514,0.41871,-0.162519,0.357674,0.385262,-0.653926,,-0.544727,-0.820981,-0.653926,0.09531,1.264127,0.392042,-0.301105,0.598837,-0.116534,-0.139262,0.845868,0.652325,0.0
1945-02,0.019803,-0.235722,,-0.150823,-0.261365,0.593327,0.223144,0.457425,-0.562119,-0.105361,,-0.478036,-0.994252,-0.776529,0.039221,0.425268,-0.072571,0.00995,0.530628,,-0.150823,-0.597837,-0.478036,0.285179,0.307485,,,-0.162519,1.78507,0.165514,0.41871,-0.162519,0.357674,0.385262,-0.653926,,-0.544727,-0.820981,-0.653926,0.09531,1.264127,0.392042,-0.301105,0.598837,-0.116534,-0.139262,0.845868,0.652325,0.0
1945-03,0.019803,-0.235722,,-0.150823,-0.261365,0.593327,0.223144,0.457425,-0.562119,-0.105361,,-0.478036,-0.994252,-0.776529,0.039221,0.425268,-0.072571,0.00995,0.530628,,-0.150823,-0.597837,-0.478036,0.285179,0.307485,,,-0.162519,1.78507,0.165514,0.41871,-0.162519,0.357674,0.385262,-0.653926,,-0.544727,-0.820981,-0.653926,0.09531,1.264127,0.392042,-0.301105,0.598837,-0.116534,-0.139262,0.845868,0.652325,0.0
1945-04,0.019803,-0.235722,,-0.150823,-0.261365,0.593327,0.223144,0.457425,-0.562119,-0.105361,,-0.478036,-0.994252,-0.776529,0.039221,0.425268,-0.072571,0.00995,0.530628,,-0.150823,-0.597837,-0.478036,0.285179,0.307485,,,-0.162519,1.78507,0.165514,0.41871,-0.162519,0.357674,0.385262,-0.653926,,-0.544727,-0.820981,-0.653926,0.09531,1.264127,0.392042,-0.301105,0.598837,-0.116534,-0.139262,0.845868,0.652325,0.0
1945-05,0.019803,-0.235722,,-0.150823,-0.261365,0.593327,0.223144,0.457425,-0.562119,-0.105361,,-0.478036,-0.994252,-0.776529,0.039221,0.425268,-0.072571,0.00995,0.530628,,-0.150823,-0.597837,-0.478036,0.285179,0.307485,,,-0.162519,1.78507,0.165514,0.41871,-0.162519,0.357674,0.385262,-0.653926,,-0.544727,-0.820981,-0.653926,0.09531,1.264127,0.392042,-0.301105,0.598837,-0.116534,-0.139262,0.845868,0.652325,0.0
1945-06,0.019803,-0.235722,,-0.150823,-0.261365,0.593327,0.223144,0.457425,-0.562119,-0.105361,,-0.478036,-0.994252,-0.776529,0.039221,0.425268,-0.072571,0.00995,0.530628,,-0.150823,-0.597837,-0.478036,0.285179,0.307485,,,-0.162519,1.78507,0.165514,0.41871,-0.162519,0.357674,0.385262,-0.653926,,-0.544727,-0.820981,-0.653926,0.09531,1.264127,0.392042,-0.301105,0.598837,-0.116534,-0.139262,0.845868,0.652325,0.0
1945-07,0.019803,-0.235722,,-0.150823,-0.261365,0.593327,0.223144,0.457425,-0.562119,-0.105361,,-0.478036,-0.994252,-0.776529,0.039221,0.425268,-0.072571,0.00995,0.530628,,-0.150823,-0.597837,-0.478036,0.285179,0.307485,,,-0.162519,1.78507,0.165514,0.41871,-0.162519,0.357674,0.385262,-0.653926,,-0.544727,-0.820981,-0.653926,0.09531,1.264127,0.392042,-0.301105,0.598837,-0.116534,-0.139262,0.845868,0.652325,0.0
1945-08,0.019803,-0.235722,,-0.150823,-0.261365,0.593327,0.223144,0.457425,-0.562119,-0.105361,,-0.478036,-0.994252,-0.776529,0.039221,0.425268,-0.072571,0.00995,0.530628,,-0.150823,-0.597837,-0.478036,0.285179,0.307485,,,-0.162519,1.78507,0.165514,0.41871,-0.162519,0.357674,0.385262,-0.653926,,-0.544727,-0.820981,-0.653926,0.09531,1.264127,0.392042,-0.301105,0.598837,-0.116534,-0.139262,0.845868,0.652325,0.0
1945-09,0.019803,-0.235722,,-0.150823,-0.261365,0.593327,0.223144,0.457425,-0.562119,-0.105361,,-0.478036,-0.994252,-0.776529,0.039221,0.425268,-0.072571,0.00995,0.530628,,-0.150823,-0.597837,-0.478036,0.285179,0.307485,,,-0.162519,1.78507,0.165514,0.41871,-0.162519,0.357674,0.385262,-0.653926,,-0.544727,-0.820981,-0.653926,0.09531,1.264127,0.392042,-0.301105,0.598837,-0.116534,-0.139262,0.845868,0.652325,0.0
1945-10,0.019803,-0.235722,,-0.150823,-0.261365,0.593327,0.223144,0.457425,-0.562119,-0.105361,,-0.478036,-0.994252,-0.776529,0.039221,0.425268,-0.072571,0.00995,0.530628,,-0.150823,-0.597837,-0.478036,0.285179,0.307485,,,-0.162519,1.78507,0.165514,0.41871,-0.162519,0.357674,0.385262,-0.653926,,-0.544727,-0.820981,-0.653926,0.09531,1.264127,0.392042,-0.301105,0.598837,-0.116534,-0.139262,0.845868,0.652325,0.0
1945-11,0.019803,-0.235722,,-0.150823,-0.261365,0.593327,0.223144,0.457425,-0.562119,-0.105361,,-0.478036,-0.994252,-0.776529,0.039221,0.425268,-0.072571,0.00995,0.530628,,-0.150823,-0.597837,-0.478036,0.285179,0.307485,,,-0.162519,1.78507,0.165514,0.41871,-0.162519,0.357674,0.385262,-0.653926,,-0.544727,-0.820981,-0.653926,0.09531,1.264127,0.392042,-0.301105,0.598837,-0.116534,-0.139262,0.845868,0.652325,0.0
1945-12,0.019803,-0.235722,,-0.150823,-0.261365,0.593327,0.223144,0.457425,-0.562119,-0.105361,,-0.478036,-0.994252,-0.776529,0.039221,0.425268,-0.072571,0.00995,0.530628,,-0.150823,-0.597837,-0.478036,0.285179,0.307485,,,-0.162519,1.78507,0.165514,0.41871,-0.162519,0.357674,0.385262,-0.653926,,-0.544727,-0.820981,-0.653926,0.09531,1.264127,0.392042,-0.301105,0.598837,-0.116534,-0.139262,0.845868,0.652325,0.0
1946-01,-0.462035,-0.385662,,-0.072571,-0.356675,0.122218,0.131028,0.019803,-0.634878,-0.116534,,-0.105361,-1.021651,-0.820981,-0.139262,0.09531,-0.274437,-0.314711,0.398776,,-0.248461,-0.634878,-0.653926,-0.072571,0.067659,,,-0.274437,1.011601,0.122218,0.300105,-0.210721,-0.287682,0.157004,-0.776529,,-0.693147,-0.820981,-0.693147,-0.083382,0.989541,0.336472,-0.446287,0.277632,-0.198451,-0.01005,-0.094311,0.357674,-0.162519
1946-02,-0.462035,-0.385662,,-0.072571,-0.356675,0.122218,0.131028,0.019803,-0.634878,-0.116534,,-0.105361,-1.021651,-0.820981,-0.139262,0.09531,-0.274437,-0.314711,0.398776,,-0.248461,-0.634878,-0.653926,-0.072571,0.067659,,,-0.274437,1.011601,0.122218,0.300105,-0.210721,-0.287682,0.157004,-0.776529,,-0.693147,-0.820981,-0.693147,-0.083382,0.989541,0.336472,-0.446287,0.277632,-0.198451,-0.01005,-0.094311,0.357674,-0.162519
1946-03,-0.462035,-0.385662,,-0.072571,-0.356675,0.122218,0.131028,0.019803,-0.634878,-0.116534,,-0.105361,-1.021651,-0.820981,-0.139262,0.09531,-0.274437,-0.314711,0.398776,,-0.248461,-0.634878,-0.653926,-0.072571,0.067659,,,-0.274437,1.011601,0.122218,0.300105,-0.210721,-0.287682,0.157004,-0.776529,,-0.693147,-0.820981,-0.693147,-0.083382,0.989541,0.336472,-0.446287,0.277632,-0.198451,-0.01005,-0.094311,0.357674,-0.162519
1946-04,-0.462035,-0.385662,,-0.072571,-0.356675,0.122218,0.131028,0.019803,-0.634878,-0.116534,,-0.105361,-1.021651,-0.820981,-0.139262,0.09531,-0.274437,-0.314711,0.398776,,-0.248461,-0.634878,-0.653926,-0.072571,0.067659,,,-0.274437,1.011601,0.122218,0.300105,-0.210721,-0.287682,0.157004,-0.776529,,-0.693147,-0.820981,-0.693147,-0.083382,0.989541,0.336472,-0.446287,0.277632,-0.198451,-0.01005,-0.094311,0.357674,-0.162519
1946-05,-0.462035,-0.385662,,-0.072571,-0.356675,0.122218,0.131028,0.019803,-0.634878,-0.116534,,-0.105361,-1.021651,-0.820981,-0.139262,0.09531,-0.274437,-0.314711,0.398776,,-0.248461,-0.634878,-0.653926,-0.072571,0.067659,,,-0.274437,1.011601,0.122218,0.300105,-0.210721,-0.287682,0.157004,-0.776529,,-0.693147,-0.820981,-0.693147,-0.083382,0.989541,0.336472,-0.446287,0.277632,-0.198451,-0.01005,-0.094311,0.357674,-0.162519
1946-06,-0.462035,-0.385662,,-0.072571,-0.356675,0.122218,0.131028,0.019803,-0.634878,-0.116534,,-0.105361,-1.021651,-0.820981,-0.139262,0.09531,-0.274437,-0.314711,0.398776,,-0.248461,-0.634878,-0.653926,-0.072571,0.067659,,,-0.274437,1.011601,0.122218,0.300105,-0.210721,-0.287682,0.157004,-0.776529,,-0.693147,-0.820981,-0.693147,-0.083382,0.989541,0.336472,-0.446287,0.277632,-0.198451,-0.01005,-0.094311,0.357674,-0.162519
1946-07,-0.462035,-0.385662,,-0.072571,-0.356675,0.122218,0.131028,0.019803,-0.634878,-0.116534,,-0.105361,-1.021651,-0.820981,-0.139262,0.09531,-0.274437,-0.314711,0.398776,,-0.248461,-0.634878,-0.653926,-0.072571,0.067659,,,-0.274437,1.011601,0.122218,0.300105,-0.210721,-0.287682,0.157004,-0.776529,,-0.693147,-0.820981,-0.693147,-0.083382,0.989541,0.336472,-0.446287,0.277632,-0.198451,-0.01005,-0.094311,0.357674,-0.162519
1946-08,-0.462035,-0.385662,,-0.072571,-0.356675,0.122218,0.131028,0.019803,-0.634878,-0.116534,,-0.105361,-1.021651,-0.820981,-0.139262,0.09531,-0.274437,-0.314711,0.398776,,-0.248461,-0.634878,-0.653926,-0.072571,0.067659,,,-0.274437,1.011601,0.122218,0.300105,-0.210721,-0.287682,0.157004,-0.776529,,-0.693147,-0.820981,-0.693147,-0.083382,0.989541,0.336472,-0.446287,0.277632,-0.198451,-0.01005,-0.094311,0.357674,-0.162519
1946-09,-0.462035,-0.385662,,-0.072571,-0.356675,0.122218,0.131028,0.019803,-0.634878,-0.116534,,-0.105361,-1.021651,-0.820981,-0.139262,0.09531,-0.274437,-0.314711,0.398776,,-0.248461,-0.634878,-0.653926,-0.072571,0.067659,,,-0.274437,1.011601,0.122218,0.300105,-0.210721,-0.287682,0.157004,-0.776529,,-0.693147,-0.820981,-0.693147,-0.083382,0.989541,0.336472,-0.446287,0.277632,-0.198451,-0.01005,-0.094311,0.357674,-0.162519
1946-10,-0.462035,-0.385662,,-0.072571,-0.356675,0.122218,0.131028,0.019803,-0.634878,-0.116534,,-0.105361,-1.021651,-0.820981,-0.139262,0.09531,-0.274437,-0.314711,0.398776,,-0.248461,-0.634878,-0.653926,-0.072571,0.067659,,,-0.274437,1.011601,0.122218,0.300105,-0.210721,-0.287682,0.157004,-0.776529,,-0.693147,-0.820981,-0.693147,-0.083382,0.989541,0.336472,-0.446287,0.277632,-0.198451,-0.01005,-0.094311,0.357674,-0.162519
1946-11,-0.462035,-0.385662,,-0.072571,-0.356675,0.122218,0.131028,0.019803,-0.634878,-0.116534,,-0.105361,-1.021651,-0.820981,-0.139262,0.09531,-0.274437,-0.314711,0.398776,,-0.248461,-0.634878,-0.653926,-0.072571,0.067659,,,-0.274437,1.011601,0.122218,0.300105,-0.210721,-0.287682,0.157004,-0.776529,,-0.693147,-0.820981,-0.693147,-0.083382,0.989541,0.336472,-0.446287,0.277632,-0.198451,-0.01005,-0.094311,0.357674,-0.162519
1946-12,-0.462035,-0.385662,,-0.072571,-0.356675,0.122218,0.131028,0.019803,-0.634878,-0.116534,,-0.105361,-1.021651,-0.820981,-0.139262,0.09531,-0.274437,-0.314711,0.398776,,-0.248461,-0.634878,-0.653926,-0.072571,0.067659,,,-0.274437,1.011601,0.122218,0.300105,-0.210721,-0.287682,0.157004,-0.776529,,-0.693147,-0.820981,-0.693147,-0.083382,0.989541,0.336472,-0.446287,0.277632,-0.198451,-0.01005,-0.094311,0.357674,-0.162519
1947-01,-0.634878,-0.597837,,-1.108663,-0.616186,-0.18633,-0.385662,-0.400478,-0.798508,-0.462035,,-0.478036,-1.203973,-0.994252,-0.139262,-0.248461,-0.616186,-0.891598,0.067659,,-0.478036,-0.462035,-0.820981,-0.301105,-0.198451,,,-0.597837,0.329304,-0.051293,-0.030459,-0.371064,-0.653926,-0.223144,-1.139434,,-0.891598,-1.021651,-0.967584,-0.34249,0.65752,-0.139262,-0.755023,-0.223144,-0.430783,0.029559,-0.210721,-0.235722,-0.356675
1947-02,-0.634878,-0.597837,,-1.108663,-0.616186,-0.18633,-0.385662,-0.400478,-0.798508,-0.462035,,-0.478036,-1.203973,-0.994252,-0.139262,-0.248461,-0.616186,-0.891598,0.067659,,-0.478036,-0.462035,-0.820981,-0.301105,-0.198451,,,-0.597837,0.329304,-0.051293,-0.030459,-0.371064,-0.653926,-0.223144,-1.139434,,-0.891598,-1.021651,-0.967584,-0.34249,0.65752,-0.139262,-0.755023,-0.223144,-0.430783,0.029559,-0.210721,-0.235722,-0.356675
1947-03,-0.634878,-0.597837,,-1.108663,-0.616186,-0.18633,-0.385662,-0.400478,-0.798508,-0.462035,,-0.478036,-1.203973,-0.994252,-0.139262,-0.248461,-0.616186,-0.891598,0.067659,,-0.478036,-0.462035,-0.820981,-0.301105,-0.198451,,,-0.597837,0.329304,-0.051293,-0.030459,-0.371064,-0.653926,-0.223144,-1.139434,,-0.891598,-1.021651,-0.967584,-0.34249,0.65752,-0.139262,-0.755023,-0.223144,-0.430783,0.029559,-0.210721,-0.235722,-0.356675
1947-04,-0.634878,-0.597837,,-1.108663,-0.616186,-0.18633,-0.385662,-0.400478,-0.798508,-0.462035,,-0.478036,-1.203973,-0.994252,-0.139262,-0.248461,-0.616186,-0.891598,0.067659,,-0.478036,-0.462035,-0.820981,-0.301105,-0.198451,,,-0.597837,0.329304,-0.051293,-0.030459,-0.371064,-0.653926,-0.223144,-1.139434,,-0.891598,-1.021651,-0.967584,-0.34249,0.65752,-0.139262,-0.755023,-0.223144,-0.430783,0.029559,-0.210721,-0.235722,-0.356675
1947-05,-0.634878,-0.597837,,-1.108663,-0.616186,-0.18633,-0.385662,-0.400478,-0.798508,-0.462035,,-0.478036,-1.203973,-0.994252,-0.139262,-0.248461,-0.616186,-0.891598,0.067659,,-0.478036,-0.462035,-0.820981,-0.301105,-0.198451,,,-0.597837,0.329304,-0.051293,-0.030459,-0.371064,-0.653926,-0.223144,-1.139434,,-0.891598,-1.021651,-0.967584,-0.34249,0.65752,-0.139262,-0.755023,-0.223144,-0.430783,0.029559,-0.210721,-0.235722,-0.356675
1947-06,-0.634878,-0.597837,,-1.108663,-0.616186,-0.18633,-0.385662,-0.400478,-0.798508,-0.462035,,-0.478036,-1.203973,-0.994252,-0.139262,-0.248461,-0.616186,-0.891598,0.067659,,-0.478036,-0.462035,-0.820981,-0.301105,-0.198451,,,-0.597837,0.329304,-0.051293,-0.030459,-0.371064,-0.653926,-0.223144,-1.139434,,-0.891598,-1.021651,-0.967584,-0.34249,0.65752,-0.139262,-0.755023,-0.223144,-0.430783,0.029559,-0.210721,-0.235722,-0.356675
1947-07,-0.634878,-0.597837,,-1.108663,-0.616186,-0.18633,-0.385662,-0.400478,-0.798508,-0.462035,,-0.478036,-1.203973,-0.994252,-0.139262,-0.248461,-0.616186,-0.891598,0.067659,,-0.478036,-0.462035,-0.820981,-0.301105,-0.198451,,,-0.597837,0.329304,-0.051293,-0.030459,-0.371064,-0.653926,-0.223144,-1.139434,,-0.891598,-1.021651,-0.967584,-0.34249,0.65752,-0.139262,-0.755023,-0.223144,-0.430783,0.029559,-0.210721,-0.235722,-0.356675
1947-08,-0.634878,-0.597837,,-1.108663,-0.616186,-0.18633,-0.385662,-0.400478,-0.798508,-0.462035,,-0.478036,-1.203973,-0.994252,-0.139262,-0.248461,-0.616186,-0.891598,0.067659,,-0.478036,-0.462035,-0.820981,-0.301105,-0.198451,,,-0.597837,0.329304,-0.051293,-0.030459,-0.371064,-0.653926,-0.223144,-1.139434,,-0.891598,-1.021651,-0.967584,-0.34249,0.65752,-0.139262,-0.755023,-0.223144,-0.430783,0.029559,-0.210721,-0.235722,-0.356675
1947-09,-0.634878,-0.597837,,-1.108663,-0.616186,-0.18633,-0.385662,-0.400478,-0.798508,-0.462035,,-0.478036,-1.203973,-0.994252,-0.139262,-0.248461,-0.616186,-0.891598,0.067659,,-0.478036,-0.462035,-0.820981,-0.301105,-0.198451,,,-0.597837,0.329304,-0.051293,-0.030459,-0.371064,-0.653926,-0.223144,-1.139434,,-0.891598,-1.021651,-0.967584,-0.34249,0.65752,-0.139262,-0.755023,-0.223144,-0.430783,0.029559,-0.210721,-0.235722,-0.356675
1947-10,-0.634878,-0.597837,,-1.108663,-0.616186,-0.18633,-0.385662,-0.400478,-0.798508,-0.462035,,-0.478036,-1.203973,-0.994252,-0.139262,-0.248461,-0.616186,-0.891598,0.067659,,-0.478036,-0.462035,-0.820981,-0.301105,-0.198451,,,-0.597837,0.329304,-0.051293,-0.030459,-0.371064,-0.653926,-0.223144,-1.139434,,-0.891598,-1.021651,-0.967584,-0.34249,0.65752,-0.139262,-0.755023,-0.223144,-0.430783,0.029559,-0.210721,-0.235722,-0.356675
1947-11,-0.634878,-0.597837,,-1.108663,-0.616186,-0.18633,-0.385662,-0.400478,-0.798508,-0.462035,,-0.478036,-1.203973,-0.994252,-0.139262,-0.248461,-0.616186,-0.891598,0.067659,,-0.478036,-0.462035,-0.820981,-0.301105,-0.198451,,,-0.597837,0.329304,-0.051293,-0.030459,-0.371064,-0.653926,-0.223144,-1.139434,,-0.891598,-1.021651,-0.967584,-0.34249,0.65752,-0.139262,-0.755023,-0.223144,-0.430783,0.029559,-0.210721,-0.235722,-0.356675
1947-12,-0.634878,-0.597837,,-1.108663,-0.616186,-0.18633,-0.385662,-0.400478,-0.798508,-0.462035,,-0.478036,-1.203973,-0.994252,-0.139262,-0.248461,-0.616186,-0.891598,0.067659,,-0.478036,-0.462035,-0.820981,-0.301105,-0.198451,,,-0.597837,0.329304,-0.051293,-0.030459,-0.371064,-0.653926,-0.223144,-1.139434,,-0.891598,-1.021651,-0.967584,-0.34249,0.65752,-0.139262,-0.755023,-0.223144,-0.430783,0.029559,-0.210721,-0.235722,-0.356675
1948-01,-0.798508,-0.446287,,-0.356675,-0.223144,-0.314711,-0.235722,-0.371064,-0.616186,-0.274437,,-0.34249,-1.139434,-0.941609,-0.18633,-0.072571,-0.510826,-0.562119,0.19062,,-0.210721,-0.462035,-0.430783,0.34359,0.086178,,,-0.371064,0.438255,0.00995,-0.105361,-0.261365,-0.287682,-0.139262,-0.916291,,-0.820981,-0.916291,-0.314711,-0.274437,1.000632,-0.094311,-0.544727,-0.020203,-0.328504,0.04879,-0.478036,0.067659,-0.223144
1948-02,-0.798508,-0.446287,,-0.356675,-0.223144,-0.314711,-0.235722,-0.371064,-0.616186,-0.274437,,-0.34249,-1.139434,-0.941609,-0.18633,-0.072571,-0.510826,-0.562119,0.19062,,-0.210721,-0.462035,-0.430783,0.34359,0.086178,,,-0.371064,0.438255,0.00995,-0.105361,-0.261365,-0.287682,-0.139262,-0.916291,,-0.820981,-0.916291,-0.314711,-0.274437,1.000632,-0.094311,-0.544727,-0.020203,-0.328504,0.04879,-0.478036,0.067659,-0.223144
1948-03,-0.798508,-0.446287,,-0.356675,-0.223144,-0.314711,-0.235722,-0.371064,-0.616186,-0.274437,,-0.34249,-1.139434,-0.941609,-0.18633,-0.072571,-0.510826,-0.562119,0.19062,,-0.210721,-0.462035,-0.430783,0.34359,0.086178,,,-0.371064,0.438255,0.00995,-0.105361,-0.261365,-0.287682,-0.139262,-0.916291,,-0.820981,-0.916291,-0.314711,-0.274437,1.000632,-0.094311,-0.544727,-0.020203,-0.328504,0.04879,-0.478036,0.067659,-0.223144
1948-04,-0.798508,-0.446287,,-0.356675,-0.223144,-0.314711,-0.235722,-0.371064,-0.616186,-0.274437,,-0.34249,-1.139434,-0.941609,-0.18633,-0.072571,-0.510826,-0.562119,0.19062,,-0.210721,-0.462035,-0.430783,0.34359,0.086178,,,-0.371064,0.438255,0.00995,-0.105361,-0.261365,-0.287682,-0.139262,-0.916291,,-0.820981,-0.916291,-0.314711,-0.274437,1.000632,-0.094311,-0.544727,-0.020203,-0.328504,0.04879,-0.478036,0.067659,-0.223144
1948-05,-0.798508,-0.446287,,-0.356675,-0.223144,-0.314711,-0.235722,-0.371064,-0.616186,-0.274437,,-0.34249,-1.139434,-0.941609,-0.18633,-0.072571,-0.510826,-0.562119,0.19062,,-0.210721,-0.462035,-0.430783,0.34359,0.086178,,,-0.371064,0.438255,0.00995,-0.105361,-0.261365,-0.287682,-0.139262,-0.916291,,-0.820981,-0.916291,-0.314711,-0.274437,1.000632,-0.094311,-0.544727,-0.020203,-0.328504,0.04879,-0.478036,0.067659,-0.223144
1948-06,-0.798508,-0.446287,,-0.356675,-0.223144,-0.314711,-0.235722,-0.371064,-0.616186,-0.274437,,-0.34249,-1.139434,-0.941609,-0.18633,-0.072571,-0.510826,-0.562119,0.19062,,-0.210721,-0.462035,-0.430783,0.34359,0.086178,,,-0.371064,0.438255,0.00995,-0.105361,-0.261365,-0.287682,-0.139262,-0.916291,,-0.820981,-0.916291,-0.314711,-0.274437,1.000632,-0.094311,-0.544727,-0.020203,-0.328504,0.04879,-0.478036,0.067659,-0.223144
1948-07,-0.798508,-0.446287,,-0.356675,-0.223144,-0.314711,-0.235722,-0.371064,-0.616186,-0.274437,,-0.34249,-1.139434,-0.941609,-0.18633,-0.072571,-0.510826,-0.562119,0.19062,,-0.210721,-0.462035,-0.430783,0.34359,0.086178,,,-0.371064,0.438255,0.00995,-0.105361,-0.261365,-0.287682,-0.139262,-0.916291,,-0.820981,-0.916291,-0.314711,-0.274437,1.000632,-0.094311,-0.544727,-0.020203,-0.328504,0.04879,-0.478036,0.067659,-0.223144
1948-08,-0.798508,-0.446287,,-0.356675,-0.223144,-0.314711,-0.235722,-0.371064,-0.616186,-0.274437,,-0.34249,-1.139434,-0.941609,-0.18633,-0.072571,-0.510826,-0.562119,0.19062,,-0.210721,-0.462035,-0.430783,0.34359,0.086178,,,-0.371064,0.438255,0.00995,-0.105361,-0.261365,-0.287682,-0.139262,-0.916291,,-0.820981,-0.916291,-0.314711,-0.274437,1.000632,-0.094311,-0.544727,-0.020203,-0.328504,0.04879,-0.478036,0.067659,-0.223144
1948-09,-0.798508,-0.446287,,-0.356675,-0.223144,-0.314711,-0.235722,-0.371064,-0.616186,-0.274437,,-0.34249,-1.139434,-0.941609,-0.18633,-0.072571,-0.510826,-0.562119,0.19062,,-0.210721,-0.462035,-0.430783,0.34359,0.086178,,,-0.371064,0.438255,0.00995,-0.105361,-0.261365,-0.287682,-0.139262,-0.916291,,-0.820981,-0.916291,-0.314711,-0.274437,1.000632,-0.094311,-0.544727,-0.020203,-0.328504,0.04879,-0.478036,0.067659,-0.223144
1948-10,-0.798508,-0.446287,,-0.356675,-0.223144,-0.314711,-0.235722,-0.371064,-0.616186,-0.274437,,-0.34249,-1.139434,-0.941609,-0.18633,-0.072571,-0.510826,-0.562119,0.19062,,-0.210721,-0.462035,-0.430783,0.34359,0.086178,,,-0.371064,0.438255,0.00995,-0.105361,-0.261365,-0.287682,-0.139262,-0.916291,,-0.820981,-0.916291,-0.314711,-0.274437,1.000632,-0.094311,-0.544727,-0.020203,-0.328504,0.04879,-0.478036,0.067659,-0.223144
1948-11,-0.798508,-0.446287,,-0.356675,-0.223144,-0.314711,-0.235722,-0.371064,-0.616186,-0.274437,,-0.34249,-1.139434,-0.941609,-0.18633,-0.072571,-0.510826,-0.562119,0.19062,,-0.210721,-0.462035,-0.430783,0.34359,0.086178,,,-0.371064,0.438255,0.00995,-0.105361,-0.261365,-0.287682,-0.139262,-0.916291,,-0.820981,-0.916291,-0.314711,-0.274437,1.000632,-0.094311,-0.544727,-0.020203,-0.328504,0.04879,-0.478036,0.067659,-0.223144
1948-12,-0.798508,-0.446287,,-0.356675,-0.223144,-0.314711,-0.235722,-0.371064,-0.616186,-0.274437,,-0.34249,-1.139434,-0.941609,-0.18633,-0.072571,-0.510826,-0.562119,0.19062,,-0.210721,-0.462035,-0.430783,0.34359,0.086178,,,-0.371064,0.438255,0.00995,-0.105361,-0.261365,-0.287682,-0.139262,-0.916291,,-0.820981,-0.916291,-0.314711,-0.274437,1.000632,-0.094311,-0.544727,-0.020203,-0.328504,0.04879,-0.478036,0.067659,-0.223144
1949-01,0.615186,-0.150823,,0.058269,-0.415515,0.04879,0.215111,-0.072571,-0.510826,-0.210721,,0.058269,-0.867501,-0.798508,-0.235722,0.04879,-0.400478,0.029559,0.262364,,-0.210721,-0.385662,-0.400478,0.500775,0.10436,,,-0.235722,0.207014,-0.040822,0.076961,-0.051293,-0.150823,0.139762,-0.891598,,-0.430783,-0.755023,-0.356675,-0.162519,1.10194,0.131028,-0.385662,0.086178,-0.261365,0.0,-0.261365,0.314811,-0.072571
1949-02,0.615186,-0.150823,,0.058269,-0.415515,0.04879,0.215111,-0.072571,-0.510826,-0.210721,,0.058269,-0.867501,-0.798508,-0.235722,0.04879,-0.400478,0.029559,0.262364,,-0.210721,-0.385662,-0.400478,0.500775,0.10436,,,-0.235722,0.207014,-0.040822,0.076961,-0.051293,-0.150823,0.139762,-0.891598,,-0.430783,-0.755023,-0.356675,-0.162519,1.10194,0.131028,-0.385662,0.086178,-0.261365,0.0,-0.261365,0.314811,-0.072571
1949-03,0.615186,-0.150823,,0.058269,-0.415515,0.04879,0.215111,-0.072571,-0.510826,-0.210721,,0.058269,-0.867501,-0.798508,-0.235722,0.04879,-0.400478,0.029559,0.262364,,-0.210721,-0.385662,-0.400478,0.500775,0.10436,,,-0.235722,0.207014,-0.040822,0.076961,-0.051293,-0.150823,0.139762,-0.891598,,-0.430783,-0.755023,-0.356675,-0.162519,1.10194,0.131028,-0.385662,0.086178,-0.261365,0.0,-0.261365,0.314811,-0.072571
1949-04,0.615186,-0.150823,,0.058269,-0.415515,0.04879,0.215111,-0.072571,-0.510826,-0.210721,,0.058269,-0.867501,-0.798508,-0.235722,0.04879,-0.400478,0.029559,0.262364,,-0.210721,-0.385662,-0.400478,0.500775,0.10436,,,-0.235722,0.207014,-0.040822,0.076961,-0.051293,-0.150823,0.139762,-0.891598,,-0.430783,-0.755023,-0.356675,-0.162519,1.10194,0.131028,-0.385662,0.086178,-0.261365,0.0,-0.261365,0.314811,-0.072571
1949-05,0.615186,-0.150823,,0.058269,-0.415515,0.04879,0.215111,-0.072571,-0.510826,-0.210721,,0.058269,-0.867501,-0.798508,-0.235722,0.04879,-0.400478,0.029559,0.262364,,-0.210721,-0.385662,-0.400478,0.500775,0.10436,,,-0.235722,0.207014,-0.040822,0.076961,-0.051293,-0.150823,0.139762,-0.891598,,-0.430783,-0.755023,-0.356675,-0.162519,1.10194,0.131028,-0.385662,0.086178,-0.261365,0.0,-0.261365,0.314811,-0.072571
1949-06,0.615186,-0.150823,,0.058269,-0.415515,0.04879,0.215111,-0.072571,-0.510826,-0.210721,,0.058269,-0.867501,-0.798508,-0.235722,0.04879,-0.400478,0.029559,0.262364,,-0.210721,-0.385662,-0.400478,0.500775,0.10436,,,-0.235722,0.207014,-0.040822,0.076961,-0.051293,-0.150823,0.139762,-0.891598,,-0.430783,-0.755023,-0.356675,-0.162519,1.10194,0.131028,-0.385662,0.086178,-0.261365,0.0,-0.261365,0.314811,-0.072571
1949-07,0.615186,-0.150823,,0.058269,-0.415515,0.04879,0.215111,-0.072571,-0.510826,-0.210721,,0.058269,-0.867501,-0.798508,-0.235722,0.04879,-0.400478,0.029559,0.262364,,-0.210721,-0.385662,-0.400478,0.500775,0.10436,,,-0.235722,0.207014,-0.040822,0.076961,-0.051293,-0.150823,0.139762,-0.891598,,-0.430783,-0.755023,-0.356675,-0.162519,1.10194,0.131028,-0.385662,0.086178,-0.261365,0.0,-0.261365,0.314811,-0.072571
1949-08,0.615186,-0.150823,,0.058269,-0.415515,0.04879,0.215111,-0.072571,-0.510826,-0.210721,,0.058269,-0.867501,-0.798508,-0.235722,0.04879,-0.400478,0.029559,0.262364,,-0.210721,-0.385662,-0.400478,0.500775,0.10436,,,-0.235722,0.207014,-0.040822,0.076961,-0.051293,-0.150823,0.139762,-0.891598,,-0.430783,-0.755023,-0.356675,-0.162519,1.10194,0.131028,-0.385662,0.086178,-0.261365,0.0,-0.261365,0.314811,-0.072571
1949-09,0.615186,-0.150823,,0.058269,-0.415515,0.04879,0.215111,-0.072571,-0.510826,-0.210721,,0.058269,-0.867501,-0.798508,-0.235722,0.04879,-0.400478,0.029559,0.262364,,-0.210721,-0.385662,-0.400478,0.500775,0.10436,,,-0.235722,0.207014,-0.040822,0.076961,-0.051293,-0.150823,0.139762,-0.891598,,-0.430783,-0.755023,-0.356675,-0.162519,1.10194,0.131028,-0.385662,0.086178,-0.261365,0.0,-0.261365,0.314811,-0.072571
1949-10,0.615186,-0.150823,,0.058269,-0.415515,0.04879,0.215111,-0.072571,-0.510826,-0.210721,,0.058269,-0.867501,-0.798508,-0.235722,0.04879,-0.400478,0.029559,0.262364,,-0.210721,-0.385662,-0.400478,0.500775,0.10436,,,-0.235722,0.207014,-0.040822,0.076961,-0.051293,-0.150823,0.139762,-0.891598,,-0.430783,-0.755023,-0.356675,-0.162519,1.10194,0.131028,-0.385662,0.086178,-0.261365,0.0,-0.261365,0.314811,-0.072571
1949-11,0.615186,-0.150823,,0.058269,-0.415515,0.04879,0.215111,-0.072571,-0.510826,-0.210721,,0.058269,-0.867501,-0.798508,-0.235722,0.04879,-0.400478,0.029559,0.262364,,-0.210721,-0.385662,-0.400478,0.500775,0.10436,,,-0.235722,0.207014,-0.040822,0.076961,-0.051293,-0.150823,0.139762,-0.891598,,-0.430783,-0.755023,-0.356675,-0.162519,1.10194,0.131028,-0.385662,0.086178,-0.261365,0.0,-0.261365,0.314811,-0.072571
1949-12,0.615186,-0.150823,,0.058269,-0.415515,0.04879,0.215111,-0.072571,-0.510826,-0.210721,,0.058269,-0.867501,-0.798508,-0.235722,0.04879,-0.400478,0.029559,0.262364,,-0.210721,-0.385662,-0.400478,0.500775,0.10436,,,-0.235722,0.207014,-0.040822,0.076961,-0.051293,-0.150823,0.139762,-0.891598,,-0.430783,-0.755023,-0.356675,-0.162519,1.10194,0.131028,-0.385662,0.086178,-0.261365,0.0,-0.261365,0.314811,-0.072571
1950-01,-0.634878,-0.116534,,0.254642,-0.314711,0.223144,0.336472,0.270027,-0.261365,0.04879,,0.04879,-0.653926,-0.693147,0.09531,0.34359,-0.127833,-0.18633,0.322083,,0.076961,-0.248461,-0.198451,0.438255,0.405465,,,-0.248461,0.329304,0.122218,0.122218,-0.01005,0.122218,0.329304,-0.634878,,-0.274437,-0.597837,0.0,0.039221,1.199965,0.336472,-0.235722,0.378436,-0.223144,-0.127833,-0.01005,0.285179,0.058269
1950-02,-0.634878,-0.116534,,0.254642,-0.314711,0.223144,0.336472,0.270027,-0.261365,0.04879,,0.04879,-0.653926,-0.693147,0.09531,0.34359,-0.127833,-0.18633,0.322083,,0.076961,-0.248461,-0.198451,0.438255,0.405465,,,-0.248461,0.329304,0.122218,0.122218,-0.01005,0.122218,0.329304,-0.634878,,-0.274437,-0.597837,0.0,0.039221,1.199965,0.336472,-0.235722,0.378436,-0.223144,-0.127833,-0.01005,0.285179,0.058269
1950-03,-0.634878,-0.116534,,0.254642,-0.314711,0.223144,0.336472,0.270027,-0.261365,0.04879,,0.04879,-0.653926,-0.693147,0.09531,0.34359,-0.127833,-0.18633,0.322083,,0.076961,-0.248461,-0.198451,0.438255,0.405465,,,-0.248461,0.329304,0.122218,0.122218,-0.01005,0.122218,0.329304,-0.634878,,-0.274437,-0.597837,0.0,0.039221,1.199965,0.336472,-0.235722,0.378436,-0.223144,-0.127833,-0.01005,0.285179,0.058269
1950-04,-0.634878,-0.116534,,0.254642,-0.314711,0.223144,0.336472,0.270027,-0.261365,0.04879,,0.04879,-0.653926,-0.693147,0.09531,0.34359,-0.127833,-0.18633,0.322083,,0.076961,-0.248461,-0.198451,0.438255,0.405465,,,-0.248461,0.329304,0.122218,0.122218,-0.01005,0.122218,0.329304,-0.634878,,-0.274437,-0.597837,0.0,0.039221,1.199965,0.336472,-0.235722,0.378436,-0.223144,-0.127833,-0.01005,0.285179,0.058269
1950-05,-0.634878,-0.116534,,0.254642,-0.314711,0.223144,0.336472,0.270027,-0.261365,0.04879,,0.04879,-0.653926,-0.693147,0.09531,0.34359,-0.127833,-0.18633,0.322083,,0.076961,-0.248461,-0.198451,0.438255,0.405465,,,-0.248461,0.329304,0.122218,0.122218,-0.01005,0.122218,0.329304,-0.634878,,-0.274437,-0.597837,0.0,0.039221,1.199965,0.336472,-0.235722,0.378436,-0.223144,-0.127833,-0.01005,0.285179,0.058269
1950-06,-0.634878,-0.116534,,0.254642,-0.314711,0.223144,0.336472,0.270027,-0.261365,0.04879,,0.04879,-0.653926,-0.693147,0.09531,0.34359,-0.127833,-0.18633,0.322083,,0.076961,-0.248461,-0.198451,0.438255,0.405465,,,-0.248461,0.329304,0.122218,0.122218,-0.01005,0.122218,0.329304,-0.634878,,-0.274437,-0.597837,0.0,0.039221,1.199965,0.336472,-0.235722,0.378436,-0.223144,-0.127833,-0.01005,0.285179,0.058269
1950-07,-0.634878,-0.116534,,0.254642,-0.314711,0.223144,0.336472,0.270027,-0.261365,0.04879,,0.04879,-0.653926,-0.693147,0.09531,0.34359,-0.127833,-0.18633,0.322083,,0.076961,-0.248461,-0.198451,0.438255,0.405465,,,-0.248461,0.329304,0.122218,0.122218,-0.01005,0.122218,0.329304,-0.634878,,-0.274437,-0.597837,0.0,0.039221,1.199965,0.336472,-0.235722,0.378436,-0.223144,-0.127833,-0.01005,0.285179,0.058269
1950-08,-0.634878,-0.116534,,0.254642,-0.314711,0.223144,0.336472,0.270027,-0.261365,0.04879,,0.04879,-0.653926,-0.693147,0.09531,0.34359,-0.127833,-0.18633,0.322083,,0.076961,-0.248461,-0.198451,0.438255,0.405465,,,-0.248461,0.329304,0.122218,0.122218,-0.01005,0.122218,0.329304,-0.634878,,-0.274437,-0.597837,0.0,0.039221,1.199965,0.336472,-0.235722,0.378436,-0.223144,-0.127833,-0.01005,0.285179,0.058269
1950-09,-0.634878,-0.116534,,0.254642,-0.314711,0.223144,0.336472,0.270027,-0.261365,0.04879,,0.04879,-0.653926,-0.693147,0.09531,0.34359,-0.127833,-0.18633,0.322083,,0.076961,-0.248461,-0.198451,0.438255,0.405465,,,-0.248461,0.329304,0.122218,0.122218,-0.01005,0.122218,0.329304,-0.634878,,-0.274437,-0.597837,0.0,0.039221,1.199965,0.336472,-0.235722,0.378436,-0.223144,-0.127833,-0.01005,0.285179,0.058269
1950-10,-0.634878,-0.116534,,0.254642,-0.314711,0.223144,0.336472,0.270027,-0.261365,0.04879,,0.04879,-0.653926,-0.693147,0.09531,0.34359,-0.127833,-0.18633,0.322083,,0.076961,-0.248461,-0.198451,0.438255,0.405465,,,-0.248461,0.329304,0.122218,0.122218,-0.01005,0.122218,0.329304,-0.634878,,-0.274437,-0.597837,0.0,0.039221,1.199965,0.336472,-0.235722,0.378436,-0.223144,-0.127833,-0.01005,0.285179,0.058269
1950-11,-0.634878,-0.116534,,0.254642,-0.314711,0.223144,0.336472,0.270027,-0.261365,0.04879,,0.04879,-0.653926,-0.693147,0.09531,0.34359,-0.127833,-0.18633,0.322083,,0.076961,-0.248461,-0.198451,0.438255,0.405465,,,-0.248461,0.329304,0.122218,0.122218,-0.01005,0.122218,0.329304,-0.634878,,-0.274437,-0.597837,0.0,0.039221,1.199965,0.336472,-0.235722,0.378436,-0.223144,-0.127833,-0.01005,0.285179,0.058269
1950-12,-0.634878,-0.116534,,0.254642,-0.314711,0.223144,0.336472,0.270027,-0.261365,0.04879,,0.04879,-0.653926,-0.693147,0.09531,0.34359,-0.127833,-0.18633,0.322083,,0.076961,-0.248461,-0.198451,0.438255,0.405465,,,-0.248461,0.329304,0.122218,0.122218,-0.01005,0.122218,0.329304,-0.634878,,-0.274437,-0.597837,0.0,0.039221,1.199965,0.336472,-0.235722,0.378436,-0.223144,-0.127833,-0.01005,0.285179,0.058269
1951-01,-0.71335,-0.261365,,0.086178,-0.34249,0.10436,0.058269,0.223144,-0.430783,-0.061875,,-0.356675,-0.84397,-0.776529,0.067659,0.364643,-0.223144,-0.400478,0.506818,,0.113329,-0.235722,-0.235722,0.371564,0.506818,,,-0.371064,0.444686,0.19062,-0.150823,-0.020203,-0.072571,0.182322,-0.820981,,-0.415515,-0.634878,0.04879,-0.116534,1.249902,0.329304,-0.34249,0.350657,-0.371064,-0.105361,-0.040822,0.139762,0.00995
1951-02,-0.71335,-0.261365,,0.086178,-0.34249,0.10436,0.058269,0.223144,-0.430783,-0.061875,,-0.356675,-0.84397,-0.776529,0.067659,0.364643,-0.223144,-0.400478,0.506818,,0.113329,-0.235722,-0.235722,0.371564,0.506818,,,-0.371064,0.444686,0.19062,-0.150823,-0.020203,-0.072571,0.182322,-0.820981,,-0.415515,-0.634878,0.04879,-0.116534,1.249902,0.329304,-0.34249,0.350657,-0.371064,-0.105361,-0.040822,0.139762,0.00995
1951-03,-0.71335,-0.261365,,0.086178,-0.34249,0.10436,0.058269,0.223144,-0.430783,-0.061875,,-0.356675,-0.84397,-0.776529,0.067659,0.364643,-0.223144,-0.400478,0.506818,,0.113329,-0.235722,-0.235722,0.371564,0.506818,,,-0.371064,0.444686,0.19062,-0.150823,-0.020203,-0.072571,0.182322,-0.820981,,-0.415515,-0.634878,0.04879,-0.116534,1.249902,0.329304,-0.34249,0.350657,-0.371064,-0.105361,-0.040822,0.139762,0.00995
1951-04,-0.71335,-0.261365,,0.086178,-0.34249,0.10436,0.058269,0.223144,-0.430783,-0.061875,,-0.356675,-0.84397,-0.776529,0.067659,0.364643,-0.223144,-0.400478,0.506818,,0.113329,-0.235722,-0.235722,0.371564,0.506818,,,-0.371064,0.444686,0.19062,-0.150823,-0.020203,-0.072571,0.182322,-0.820981,,-0.415515,-0.634878,0.04879,-0.116534,1.249902,0.329304,-0.34249,0.350657,-0.371064,-0.105361,-0.040822,0.139762,0.00995
1951-05,-0.71335,-0.261365,,0.086178,-0.34249,0.10436,0.058269,0.223144,-0.430783,-0.061875,,-0.356675,-0.84397,-0.776529,0.067659,0.364643,-0.223144,-0.400478,0.506818,,0.113329,-0.235722,-0.235722,0.371564,0.506818,,,-0.371064,0.444686,0.19062,-0.150823,-0.020203,-0.072571,0.182322,-0.820981,,-0.415515,-0.634878,0.04879,-0.116534,1.249902,0.329304,-0.34249,0.350657,-0.371064,-0.105361,-0.040822,0.139762,0.00995
1951-06,-0.71335,-0.261365,,0.086178,-0.34249,0.10436,0.058269,0.223144,-0.430783,-0.061875,,-0.356675,-0.84397,-0.776529,0.067659,0.364643,-0.223144,-0.400478,0.506818,,0.113329,-0.235722,-0.235722,0.371564,0.506818,,,-0.371064,0.444686,0.19062,-0.150823,-0.020203,-0.072571,0.182322,-0.820981,,-0.415515,-0.634878,0.04879,-0.116534,1.249902,0.329304,-0.34249,0.350657,-0.371064,-0.105361,-0.040822,0.139762,0.00995
1951-07,-0.71335,-0.261365,,0.086178,-0.34249,0.10436,0.058269,0.223144,-0.430783,-0.061875,,-0.356675,-0.84397,-0.776529,0.067659,0.364643,-0.223144,-0.400478,0.506818,,0.113329,-0.235722,-0.235722,0.371564,0.506818,,,-0.371064,0.444686,0.19062,-0.150823,-0.020203,-0.072571,0.182322,-0.820981,,-0.415515,-0.634878,0.04879,-0.116534,1.249902,0.329304,-0.34249,0.350657,-0.371064,-0.105361,-0.040822,0.139762,0.00995
1951-08,-0.71335,-0.261365,,0.086178,-0.34249,0.10436,0.058269,0.223144,-0.430783,-0.061875,,-0.356675,-0.84397,-0.776529,0.067659,0.364643,-0.223144,-0.400478,0.506818,,0.113329,-0.235722,-0.235722,0.371564,0.506818,,,-0.371064,0.444686,0.19062,-0.150823,-0.020203,-0.072571,0.182322,-0.820981,,-0.415515,-0.634878,0.04879,-0.116534,1.249902,0.329304,-0.34249,0.350657,-0.371064,-0.105361,-0.040822,0.139762,0.00995
1951-09,-0.71335,-0.261365,,0.086178,-0.34249,0.10436,0.058269,0.223144,-0.430783,-0.061875,,-0.356675,-0.84397,-0.776529,0.067659,0.364643,-0.223144,-0.400478,0.506818,,0.113329,-0.235722,-0.235722,0.371564,0.506818,,,-0.371064,0.444686,0.19062,-0.150823,-0.020203,-0.072571,0.182322,-0.820981,,-0.415515,-0.634878,0.04879,-0.116534,1.249902,0.329304,-0.34249,0.350657,-0.371064,-0.105361,-0.040822,0.139762,0.00995
1951-10,-0.71335,-0.261365,,0.086178,-0.34249,0.10436,0.058269,0.223144,-0.430783,-0.061875,,-0.356675,-0.84397,-0.776529,0.067659,0.364643,-0.223144,-0.400478,0.506818,,0.113329,-0.235722,-0.235722,0.371564,0.506818,,,-0.371064,0.444686,0.19062,-0.150823,-0.020203,-0.072571,0.182322,-0.820981,,-0.415515,-0.634878,0.04879,-0.116534,1.249902,0.329304,-0.34249,0.350657,-0.371064,-0.105361,-0.040822,0.139762,0.00995
1951-11,-0.71335,-0.261365,,0.086178,-0.34249,0.10436,0.058269,0.223144,-0.430783,-0.061875,,-0.356675,-0.84397,-0.776529,0.067659,0.364643,-0.223144,-0.400478,0.506818,,0.113329,-0.235722,-0.235722,0.371564,0.506818,,,-0.371064,0.444686,0.19062,-0.150823,-0.020203,-0.072571,0.182322,-0.820981,,-0.415515,-0.634878,0.04879,-0.116534,1.249902,0.329304,-0.34249,0.350657,-0.371064,-0.105361,-0.040822,0.139762,0.00995
1951-12,-0.71335,-0.261365,,0.086178,-0.34249,0.10436,0.058269,0.223144,-0.430783,-0.061875,,-0.356675,-0.84397,-0.776529,0.067659,0.364643,-0.223144,-0.400478,0.506818,,0.113329,-0.235722,-0.235722,0.371564,0.506818,,,-0.371064,0.444686,0.19062,-0.150823,-0.020203,-0.072571,0.182322,-0.820981,,-0.415515,-0.634878,0.04879,-0.116534,1.249902,0.329304,-0.34249,0.350657,-0.371064,-0.105361,-0.040822,0.139762,0.00995
1952-01,-0.527633,-0.116534,,-0.248461,-0.261365,0.198851,0.29267,-0.371064,-0.415515,-0.072571,,-0.562119,-0.84397,-0.916291,0.00995,0.198851,-0.162519,-0.34249,0.198851,,0.039221,-0.261365,-0.301105,0.039221,0.322083,,,-0.579818,0.207014,-0.01005,-0.105361,-0.01005,-0.094311,0.231112,-0.733969,,-0.478036,-0.653926,-0.072571,-0.248461,0.95935,0.307485,-0.301105,0.364643,-0.072571,-0.020203,-0.020203,-0.356675,0.10436
1952-02,-0.527633,-0.116534,,-0.248461,-0.261365,0.198851,0.29267,-0.371064,-0.415515,-0.072571,,-0.562119,-0.84397,-0.916291,0.00995,0.198851,-0.162519,-0.34249,0.198851,,0.039221,-0.261365,-0.301105,0.039221,0.322083,,,-0.579818,0.207014,-0.01005,-0.105361,-0.01005,-0.094311,0.231112,-0.733969,,-0.478036,-0.653926,-0.072571,-0.248461,0.95935,0.307485,-0.301105,0.364643,-0.072571,-0.020203,-0.020203,-0.356675,0.10436
1952-03,-0.527633,-0.116534,,-0.248461,-0.261365,0.198851,0.29267,-0.371064,-0.415515,-0.072571,,-0.562119,-0.84397,-0.916291,0.00995,0.198851,-0.162519,-0.34249,0.198851,,0.039221,-0.261365,-0.301105,0.039221,0.322083,,,-0.579818,0.207014,-0.01005,-0.105361,-0.01005,-0.094311,0.231112,-0.733969,,-0.478036,-0.653926,-0.072571,-0.248461,0.95935,0.307485,-0.301105,0.364643,-0.072571,-0.020203,-0.020203,-0.356675,0.10436
1952-04,-0.527633,-0.116534,,-0.248461,-0.261365,0.198851,0.29267,-0.371064,-0.415515,-0.072571,,-0.562119,-0.84397,-0.916291,0.00995,0.198851,-0.162519,-0.34249,0.198851,,0.039221,-0.261365,-0.301105,0.039221,0.322083,,,-0.579818,0.207014,-0.01005,-0.105361,-0.01005,-0.094311,0.231112,-0.733969,,-0.478036,-0.653926,-0.072571,-0.248461,0.95935,0.307485,-0.301105,0.364643,-0.072571,-0.020203,-0.020203,-0.356675,0.10436
1952-05,-0.527633,-0.116534,,-0.248461,-0.261365,0.198851,0.29267,-0.371064,-0.415515,-0.072571,,-0.562119,-0.84397,-0.916291,0.00995,0.198851,-0.162519,-0.34249,0.198851,,0.039221,-0.261365,-0.301105,0.039221,0.322083,,,-0.579818,0.207014,-0.01005,-0.105361,-0.01005,-0.094311,0.231112,-0.733969,,-0.478036,-0.653926,-0.072571,-0.248461,0.95935,0.307485,-0.301105,0.364643,-0.072571,-0.020203,-0.020203,-0.356675,0.10436
1952-06,-0.527633,-0.116534,,-0.248461,-0.261365,0.198851,0.29267,-0.371064,-0.415515,-0.072571,,-0.562119,-0.84397,-0.916291,0.00995,0.198851,-0.162519,-0.34249,0.198851,,0.039221,-0.261365,-0.301105,0.039221,0.322083,,,-0.579818,0.207014,-0.01005,-0.105361,-0.01005,-0.094311,0.231112,-0.733969,,-0.478036,-0.653926,-0.072571,-0.248461,0.95935,0.307485,-0.301105,0.364643,-0.072571,-0.020203,-0.020203,-0.356675,0.10436
1952-07,-0.527633,-0.116534,,-0.248461,-0.261365,0.198851,0.29267,-0.371064,-0.415515,-0.072571,,-0.562119,-0.84397,-0.916291,0.00995,0.198851,-0.162519,-0.34249,0.198851,,0.039221,-0.261365,-0.301105,0.039221,0.322083,,,-0.579818,0.207014,-0.01005,-0.105361,-0.01005,-0.094311,0.231112,-0.733969,,-0.478036,-0.653926,-0.072571,-0.248461,0.95935,0.307485,-0.301105,0.364643,-0.072571,-0.020203,-0.020203,-0.356675,0.10436
1952-08,-0.527633,-0.116534,,-0.248461,-0.261365,0.198851,0.29267,-0.371064,-0.415515,-0.072571,,-0.562119,-0.84397,-0.916291,0.00995,0.198851,-0.162519,-0.34249,0.198851,,0.039221,-0.261365,-0.301105,0.039221,0.322083,,,-0.579818,0.207014,-0.01005,-0.105361,-0.01005,-0.094311,0.231112,-0.733969,,-0.478036,-0.653926,-0.072571,-0.248461,0.95935,0.307485,-0.301105,0.364643,-0.072571,-0.020203,-0.020203,-0.356675,0.10436
1952-09,-0.527633,-0.116534,,-0.248461,-0.261365,0.198851,0.29267,-0.371064,-0.415515,-0.072571,,-0.562119,-0.84397,-0.916291,0.00995,0.198851,-0.162519,-0.34249,0.198851,,0.039221,-0.261365,-0.301105,0.039221,0.322083,,,-0.579818,0.207014,-0.01005,-0.105361,-0.01005,-0.094311,0.231112,-0.733969,,-0.478036,-0.653926,-0.072571,-0.248461,0.95935,0.307485,-0.301105,0.364643,-0.072571,-0.020203,-0.020203,-0.356675,0.10436
1952-10,-0.527633,-0.116534,,-0.248461,-0.261365,0.198851,0.29267,-0.371064,-0.415515,-0.072571,,-0.562119,-0.84397,-0.916291,0.00995,0.198851,-0.162519,-0.34249,0.198851,,0.039221,-0.261365,-0.301105,0.039221,0.322083,,,-0.579818,0.207014,-0.01005,-0.105361,-0.01005,-0.094311,0.231112,-0.733969,,-0.478036,-0.653926,-0.072571,-0.248461,0.95935,0.307485,-0.301105,0.364643,-0.072571,-0.020203,-0.020203,-0.356675,0.10436
1952-11,-0.527633,-0.116534,,-0.248461,-0.261365,0.198851,0.29267,-0.371064,-0.415515,-0.072571,,-0.562119,-0.84397,-0.916291,0.00995,0.198851,-0.162519,-0.34249,0.198851,,0.039221,-0.261365,-0.301105,0.039221,0.322083,,,-0.579818,0.207014,-0.01005,-0.105361,-0.01005,-0.094311,0.231112,-0.733969,,-0.478036,-0.653926,-0.072571,-0.248461,0.95935,0.307485,-0.301105,0.364643,-0.072571,-0.020203,-0.020203,-0.356675,0.10436
1952-12,-0.527633,-0.116534,,-0.248461,-0.261365,0.198851,0.29267,-0.371064,-0.415515,-0.072571,,-0.562119,-0.84397,-0.916291,0.00995,0.198851,-0.162519,-0.34249,0.198851,,0.039221,-0.261365,-0.301105,0.039221,0.322083,,,-0.579818,0.207014,-0.01005,-0.105361,-0.01005,-0.094311,0.231112,-0.733969,,-0.478036,-0.653926,-0.072571,-0.248461,0.95935,0.307485,-0.301105,0.364643,-0.072571,-0.020203,-0.020203,-0.356675,0.10436
1953-01,-0.562119,-0.083382,,-0.248461,-0.174353,0.067659,-0.040822,-0.18633,-0.34249,0.067659,,-0.462035,-1.021651,-0.967584,-0.051293,0.300105,-0.18633,-0.446287,0.198851,,0.00995,-0.371064,-0.371064,0.086178,0.329304,,,-0.634878,0.262364,-0.223144,-0.301105,-0.030459,-0.020203,0.24686,-0.798508,,-0.616186,-0.673345,-0.301105,-0.274437,1.000632,0.223144,-0.287682,0.385262,-0.223144,0.086178,0.029559,-0.446287,0.076961
1953-02,-0.562119,-0.083382,,-0.248461,-0.174353,0.067659,-0.040822,-0.18633,-0.34249,0.067659,,-0.462035,-1.021651,-0.967584,-0.051293,0.300105,-0.18633,-0.446287,0.198851,,0.00995,-0.371064,-0.371064,0.086178,0.329304,,,-0.634878,0.262364,-0.223144,-0.301105,-0.030459,-0.020203,0.24686,-0.798508,,-0.616186,-0.673345,-0.301105,-0.274437,1.000632,0.223144,-0.287682,0.385262,-0.223144,0.086178,0.029559,-0.446287,0.076961
1953-03,-0.562119,-0.083382,,-0.248461,-0.174353,0.067659,-0.040822,-0.18633,-0.34249,0.067659,,-0.462035,-1.021651,-0.967584,-0.051293,0.300105,-0.18633,-0.446287,0.198851,,0.00995,-0.371064,-0.371064,0.086178,0.329304,,,-0.634878,0.262364,-0.223144,-0.301105,-0.030459,-0.020203,0.24686,-0.798508,,-0.616186,-0.673345,-0.301105,-0.274437,1.000632,0.223144,-0.287682,0.385262,-0.223144,0.086178,0.029559,-0.446287,0.076961
1953-04,-0.562119,-0.083382,,-0.248461,-0.174353,0.067659,-0.040822,-0.18633,-0.34249,0.067659,,-0.462035,-1.021651,-0.967584,-0.051293,0.300105,-0.18633,-0.446287,0.198851,,0.00995,-0.371064,-0.371064,0.086178,0.329304,,,-0.634878,0.262364,-0.223144,-0.301105,-0.030459,-0.020203,0.24686,-0.798508,,-0.616186,-0.673345,-0.301105,-0.274437,1.000632,0.223144,-0.287682,0.385262,-0.223144,0.086178,0.029559,-0.446287,0.076961
1953-05,-0.562119,-0.083382,,-0.248461,-0.174353,0.067659,-0.040822,-0.18633,-0.34249,0.067659,,-0.462035,-1.021651,-0.967584,-0.051293,0.300105,-0.18633,-0.446287,0.198851,,0.00995,-0.371064,-0.371064,0.086178,0.329304,,,-0.634878,0.262364,-0.223144,-0.301105,-0.030459,-0.020203,0.24686,-0.798508,,-0.616186,-0.673345,-0.301105,-0.274437,1.000632,0.223144,-0.287682,0.385262,-0.223144,0.086178,0.029559,-0.446287,0.076961
1953-06,-0.562119,-0.083382,,-0.248461,-0.174353,0.067659,-0.040822,-0.18633,-0.34249,0.067659,,-0.462035,-1.021651,-0.967584,-0.051293,0.300105,-0.18633,-0.446287,0.198851,,0.00995,-0.371064,-0.371064,0.086178,0.329304,,,-0.634878,0.262364,-0.223144,-0.301105,-0.030459,-0.020203,0.24686,-0.798508,,-0.616186,-0.673345,-0.301105,-0.274437,1.000632,0.223144,-0.287682,0.385262,-0.223144,0.086178,0.029559,-0.446287,0.076961
1953-07,-0.562119,-0.083382,,-0.248461,-0.174353,0.067659,-0.040822,-0.18633,-0.34249,0.067659,,-0.462035,-1.021651,-0.967584,-0.051293,0.300105,-0.18633,-0.446287,0.198851,,0.00995,-0.371064,-0.371064,0.086178,0.329304,,,-0.634878,0.262364,-0.223144,-0.301105,-0.030459,-0.020203,0.24686,-0.798508,,-0.616186,-0.673345,-0.301105,-0.274437,1.000632,0.223144,-0.287682,0.385262,-0.223144,0.086178,0.029559,-0.446287,0.076961
1953-08,-0.562119,-0.083382,,-0.248461,-0.174353,0.067659,-0.040822,-0.18633,-0.34249,0.067659,,-0.462035,-1.021651,-0.967584,-0.051293,0.300105,-0.18633,-0.446287,0.198851,,0.00995,-0.371064,-0.371064,0.086178,0.329304,,,-0.634878,0.262364,-0.223144,-0.301105,-0.030459,-0.020203,0.24686,-0.798508,,-0.616186,-0.673345,-0.301105,-0.274437,1.000632,0.223144,-0.287682,0.385262,-0.223144,0.086178,0.029559,-0.446287,0.076961
1953-09,-0.562119,-0.083382,,-0.248461,-0.174353,0.067659,-0.040822,-0.18633,-0.34249,0.067659,,-0.462035,-1.021651,-0.967584,-0.051293,0.300105,-0.18633,-0.446287,0.198851,,0.00995,-0.371064,-0.371064,0.086178,0.329304,,,-0.634878,0.262364,-0.223144,-0.301105,-0.030459,-0.020203,0.24686,-0.798508,,-0.616186,-0.673345,-0.301105,-0.274437,1.000632,0.223144,-0.287682,0.385262,-0.223144,0.086178,0.029559,-0.446287,0.076961
1953-10,-0.562119,-0.083382,,-0.248461,-0.174353,0.067659,-0.040822,-0.18633,-0.34249,0.067659,,-0.462035,-1.021651,-0.967584,-0.051293,0.300105,-0.18633,-0.446287,0.198851,,0.00995,-0.371064,-0.371064,0.086178,0.329304,,,-0.634878,0.262364,-0.223144,-0.301105,-0.030459,-0.020203,0.24686,-0.798508,,-0.616186,-0.673345,-0.301105,-0.274437,1.000632,0.223144,-0.287682,0.385262,-0.223144,0.086178,0.029559,-0.446287,0.076961
1953-11,-0.562119,-0.083382,,-0.248461,-0.174353,0.067659,-0.040822,-0.18633,-0.34249,0.067659,,-0.462035,-1.021651,-0.967584,-0.051293,0.300105,-0.18633,-0.446287,0.198851,,0.00995,-0.371064,-0.371064,0.086178,0.329304,,,-0.634878,0.262364,-0.223144,-0.301105,-0.030459,-0.020203,0.24686,-0.798508,,-0.616186,-0.673345,-0.301105,-0.274437,1.000632,0.223144,-0.287682,0.385262,-0.223144,0.086178,0.029559,-0.446287,0.076961
1953-12,-0.562119,-0.083382,,-0.248461,-0.174353,0.067659,-0.040822,-0.18633,-0.34249,0.067659,,-0.462035,-1.021651,-0.967584,-0.051293,0.300105,-0.18633,-0.446287,0.198851,,0.00995,-0.371064,-0.371064,0.086178,0.329304,,,-0.634878,0.262364,-0.223144,-0.301105,-0.030459,-0.020203,0.24686,-0.798508,,-0.616186,-0.673345,-0.301105,-0.274437,1.000632,0.223144,-0.287682,0.385262,-0.223144,0.086178,0.029559,-0.446287,0.076961
1954-01,-0.430783,-0.094311,,0.231112,-0.274437,-0.030459,0.371564,-0.248461,-0.301105,0.067659,,-0.287682,-0.733969,-0.916291,0.086178,0.41871,-0.174353,-0.478036,0.215111,,0.067659,-0.462035,-0.527633,0.067659,0.322083,,,-0.634878,0.262364,-0.198451,-0.371064,-0.061875,0.157004,0.300105,-0.798508,,-0.693147,-0.544727,-0.083382,-0.301105,0.858662,0.378436,-0.210721,0.329304,-0.385662,0.04879,-0.040822,-0.494296,0.122218
1954-02,-0.430783,-0.094311,,0.231112,-0.274437,-0.030459,0.371564,-0.248461,-0.301105,0.067659,,-0.287682,-0.733969,-0.916291,0.086178,0.41871,-0.174353,-0.478036,0.215111,,0.067659,-0.462035,-0.527633,0.067659,0.322083,,,-0.634878,0.262364,-0.198451,-0.371064,-0.061875,0.157004,0.300105,-0.798508,,-0.693147,-0.544727,-0.083382,-0.301105,0.858662,0.378436,-0.210721,0.329304,-0.385662,0.04879,-0.040822,-0.494296,0.122218
1954-03,-0.430783,-0.094311,,0.231112,-0.274437,-0.030459,0.371564,-0.248461,-0.301105,0.067659,,-0.287682,-0.733969,-0.916291,0.086178,0.41871,-0.174353,-0.478036,0.215111,,0.067659,-0.462035,-0.527633,0.067659,0.322083,,,-0.634878,0.262364,-0.198451,-0.371064,-0.061875,0.157004,0.300105,-0.798508,,-0.693147,-0.544727,-0.083382,-0.301105,0.858662,0.378436,-0.210721,0.329304,-0.385662,0.04879,-0.040822,-0.494296,0.122218
1954-04,-0.430783,-0.094311,,0.231112,-0.274437,-0.030459,0.371564,-0.248461,-0.301105,0.067659,,-0.287682,-0.733969,-0.916291,0.086178,0.41871,-0.174353,-0.478036,0.215111,,0.067659,-0.462035,-0.527633,0.067659,0.322083,,,-0.634878,0.262364,-0.198451,-0.371064,-0.061875,0.157004,0.300105,-0.798508,,-0.693147,-0.544727,-0.083382,-0.301105,0.858662,0.378436,-0.210721,0.329304,-0.385662,0.04879,-0.040822,-0.494296,0.122218
1954-05,-0.430783,-0.094311,,0.231112,-0.274437,-0.030459,0.371564,-0.248461,-0.301105,0.067659,,-0.287682,-0.733969,-0.916291,0.086178,0.41871,-0.174353,-0.478036,0.215111,,0.067659,-0.462035,-0.527633,0.067659,0.322083,,,-0.634878,0.262364,-0.198451,-0.371064,-0.061875,0.157004,0.300105,-0.798508,,-0.693147,-0.544727,-0.083382,-0.301105,0.858662,0.378436,-0.210721,0.329304,-0.385662,0.04879,-0.040822,-0.494296,0.122218
1954-06,-0.430783,-0.094311,,0.231112,-0.274437,-0.030459,0.371564,-0.248461,-0.301105,0.067659,,-0.287682,-0.733969,-0.916291,0.086178,0.41871,-0.174353,-0.478036,0.215111,,0.067659,-0.462035,-0.527633,0.067659,0.322083,,,-0.634878,0.262364,-0.198451,-0.371064,-0.061875,0.157004,0.300105,-0.798508,,-0.693147,-0.544727,-0.083382,-0.301105,0.858662,0.378436,-0.210721,0.329304,-0.385662,0.04879,-0.040822,-0.494296,0.122218
1954-07,-0.430783,-0.094311,,0.231112,-0.274437,-0.030459,0.371564,-0.248461,-0.301105,0.067659,,-0.287682,-0.733969,-0.916291,0.086178,0.41871,-0.174353,-0.478036,0.215111,,0.067659,-0.462035,-0.527633,0.067659,0.322083,,,-0.634878,0.262364,-0.198451,-0.371064,-0.061875,0.157004,0.300105,-0.798508,,-0.693147,-0.544727,-0.083382,-0.301105,0.858662,0.378436,-0.210721,0.329304,-0.385662,0.04879,-0.040822,-0.494296,0.122218
1954-08,-0.430783,-0.094311,,0.231112,-0.274437,-0.030459,0.371564,-0.248461,-0.301105,0.067659,,-0.287682,-0.733969,-0.916291,0.086178,0.41871,-0.174353,-0.478036,0.215111,,0.067659,-0.462035,-0.527633,0.067659,0.322083,,,-0.634878,0.262364,-0.198451,-0.371064,-0.061875,0.157004,0.300105,-0.798508,,-0.693147,-0.544727,-0.083382,-0.301105,0.858662,0.378436,-0.210721,0.329304,-0.385662,0.04879,-0.040822,-0.494296,0.122218
1954-09,-0.430783,-0.094311,,0.231112,-0.274437,-0.030459,0.371564,-0.248461,-0.301105,0.067659,,-0.287682,-0.733969,-0.916291,0.086178,0.41871,-0.174353,-0.478036,0.215111,,0.067659,-0.462035,-0.527633,0.067659,0.322083,,,-0.634878,0.262364,-0.198451,-0.371064,-0.061875,0.157004,0.300105,-0.798508,,-0.693147,-0.544727,-0.083382,-0.301105,0.858662,0.378436,-0.210721,0.329304,-0.385662,0.04879,-0.040822,-0.494296,0.122218
1954-10,-0.430783,-0.094311,,0.231112,-0.274437,-0.030459,0.371564,-0.248461,-0.301105,0.067659,,-0.287682,-0.733969,-0.916291,0.086178,0.41871,-0.174353,-0.478036,0.215111,,0.067659,-0.462035,-0.527633,0.067659,0.322083,,,-0.634878,0.262364,-0.198451,-0.371064,-0.061875,0.157004,0.300105,-0.798508,,-0.693147,-0.544727,-0.083382,-0.301105,0.858662,0.378436,-0.210721,0.329304,-0.385662,0.04879,-0.040822,-0.494296,0.122218
1954-11,-0.430783,-0.094311,,0.231112,-0.274437,-0.030459,0.371564,-0.248461,-0.301105,0.067659,,-0.287682,-0.733969,-0.916291,0.086178,0.41871,-0.174353,-0.478036,0.215111,,0.067659,-0.462035,-0.527633,0.067659,0.322083,,,-0.634878,0.262364,-0.198451,-0.371064,-0.061875,0.157004,0.300105,-0.798508,,-0.693147,-0.544727,-0.083382,-0.301105,0.858662,0.378436,-0.210721,0.329304,-0.385662,0.04879,-0.040822,-0.494296,0.122218
1954-12,-0.430783,-0.094311,,0.231112,-0.274437,-0.030459,0.371564,-0.248461,-0.301105,0.067659,,-0.287682,-0.733969,-0.916291,0.086178,0.41871,-0.174353,-0.478036,0.215111,,0.067659,-0.462035,-0.527633,0.067659,0.322083,,,-0.634878,0.262364,-0.198451,-0.371064,-0.061875,0.157004,0.300105,-0.798508,,-0.693147,-0.544727,-0.083382,-0.301105,0.858662,0.378436,-0.210721,0.329304,-0.385662,0.04879,-0.040822,-0.494296,0.122218
1955-01,-0.174353,-0.094311,,0.254642,-0.162519,0.0,0.457425,-0.274437,-0.223144,0.173953,,-0.274437,-0.673345,-0.820981,0.039221,0.678034,-0.116534,-0.314711,0.405465,,0.19062,-0.446287,-0.301105,0.10436,0.506818,,,-0.400478,0.609766,-0.051293,-0.446287,-0.040822,-0.040822,0.329304,-0.733969,,-0.84397,-0.597837,0.314811,-0.328504,1.071584,0.524729,-0.223144,0.431782,-0.328504,0.076961,0.086178,-0.415515,0.122218
1955-02,-0.174353,-0.094311,,0.254642,-0.162519,0.0,0.457425,-0.274437,-0.223144,0.173953,,-0.274437,-0.673345,-0.820981,0.039221,0.678034,-0.116534,-0.314711,0.405465,,0.19062,-0.446287,-0.301105,0.10436,0.506818,,,-0.400478,0.609766,-0.051293,-0.446287,-0.040822,-0.040822,0.329304,-0.733969,,-0.84397,-0.597837,0.314811,-0.328504,1.071584,0.524729,-0.223144,0.431782,-0.328504,0.076961,0.086178,-0.415515,0.122218
1955-03,-0.174353,-0.094311,,0.254642,-0.162519,0.0,0.457425,-0.274437,-0.223144,0.173953,,-0.274437,-0.673345,-0.820981,0.039221,0.678034,-0.116534,-0.314711,0.405465,,0.19062,-0.446287,-0.301105,0.10436,0.506818,,,-0.400478,0.609766,-0.051293,-0.446287,-0.040822,-0.040822,0.329304,-0.733969,,-0.84397,-0.597837,0.314811,-0.328504,1.071584,0.524729,-0.223144,0.431782,-0.328504,0.076961,0.086178,-0.415515,0.122218
1955-04,-0.174353,-0.094311,,0.254642,-0.162519,0.0,0.457425,-0.274437,-0.223144,0.173953,,-0.274437,-0.673345,-0.820981,0.039221,0.678034,-0.116534,-0.314711,0.405465,,0.19062,-0.446287,-0.301105,0.10436,0.506818,,,-0.400478,0.609766,-0.051293,-0.446287,-0.040822,-0.040822,0.329304,-0.733969,,-0.84397,-0.597837,0.314811,-0.328504,1.071584,0.524729,-0.223144,0.431782,-0.328504,0.076961,0.086178,-0.415515,0.122218
1955-05,-0.174353,-0.094311,,0.254642,-0.162519,0.0,0.457425,-0.274437,-0.223144,0.173953,,-0.274437,-0.673345,-0.820981,0.039221,0.678034,-0.116534,-0.314711,0.405465,,0.19062,-0.446287,-0.301105,0.10436,0.506818,,,-0.400478,0.609766,-0.051293,-0.446287,-0.040822,-0.040822,0.329304,-0.733969,,-0.84397,-0.597837,0.314811,-0.328504,1.071584,0.524729,-0.223144,0.431782,-0.328504,0.076961,0.086178,-0.415515,0.122218
1955-06,-0.174353,-0.094311,,0.254642,-0.162519,0.0,0.457425,-0.274437,-0.223144,0.173953,,-0.274437,-0.673345,-0.820981,0.039221,0.678034,-0.116534,-0.314711,0.405465,,0.19062,-0.446287,-0.301105,0.10436,0.506818,,,-0.400478,0.609766,-0.051293,-0.446287,-0.040822,-0.040822,0.329304,-0.733969,,-0.84397,-0.597837,0.314811,-0.328504,1.071584,0.524729,-0.223144,0.431782,-0.328504,0.076961,0.086178,-0.415515,0.122218
1955-07,-0.174353,-0.094311,,0.254642,-0.162519,0.0,0.457425,-0.274437,-0.223144,0.173953,,-0.274437,-0.673345,-0.820981,0.039221,0.678034,-0.116534,-0.314711,0.405465,,0.19062,-0.446287,-0.301105,0.10436,0.506818,,,-0.400478,0.609766,-0.051293,-0.446287,-0.040822,-0.040822,0.329304,-0.733969,,-0.84397,-0.597837,0.314811,-0.328504,1.071584,0.524729,-0.223144,0.431782,-0.328504,0.076961,0.086178,-0.415515,0.122218
1955-08,-0.174353,-0.094311,,0.254642,-0.162519,0.0,0.457425,-0.274437,-0.223144,0.173953,,-0.274437,-0.673345,-0.820981,0.039221,0.678034,-0.116534,-0.314711,0.405465,,0.19062,-0.446287,-0.301105,0.10436,0.506818,,,-0.400478,0.609766,-0.051293,-0.446287,-0.040822,-0.040822,0.329304,-0.733969,,-0.84397,-0.597837,0.314811,-0.328504,1.071584,0.524729,-0.223144,0.431782,-0.328504,0.076961,0.086178,-0.415515,0.122218
1955-09,-0.174353,-0.094311,,0.254642,-0.162519,0.0,0.457425,-0.274437,-0.223144,0.173953,,-0.274437,-0.673345,-0.820981,0.039221,0.678034,-0.116534,-0.314711,0.405465,,0.19062,-0.446287,-0.301105,0.10436,0.506818,,,-0.400478,0.609766,-0.051293,-0.446287,-0.040822,-0.040822,0.329304,-0.733969,,-0.84397,-0.597837,0.314811,-0.328504,1.071584,0.524729,-0.223144,0.431782,-0.328504,0.076961,0.086178,-0.415515,0.122218
1955-10,-0.174353,-0.094311,,0.254642,-0.162519,0.0,0.457425,-0.274437,-0.223144,0.173953,,-0.274437,-0.673345,-0.820981,0.039221,0.678034,-0.116534,-0.314711,0.405465,,0.19062,-0.446287,-0.301105,0.10436,0.506818,,,-0.400478,0.609766,-0.051293,-0.446287,-0.040822,-0.040822,0.329304,-0.733969,,-0.84397,-0.597837,0.314811,-0.328504,1.071584,0.524729,-0.223144,0.431782,-0.328504,0.076961,0.086178,-0.415515,0.122218
1955-11,-0.174353,-0.094311,,0.254642,-0.162519,0.0,0.457425,-0.274437,-0.223144,0.173953,,-0.274437,-0.673345,-0.820981,0.039221,0.678034,-0.116534,-0.314711,0.405465,,0.19062,-0.446287,-0.301105,0.10436,0.506818,,,-0.400478,0.609766,-0.051293,-0.446287,-0.040822,-0.040822,0.329304,-0.733969,,-0.84397,-0.597837,0.314811,-0.328504,1.071584,0.524729,-0.223144,0.431782,-0.328504,0.076961,0.086178,-0.415515,0.122218
1955-12,-0.174353,-0.094311,,0.254642,-0.162519,0.0,0.457425,-0.274437,-0.223144,0.173953,,-0.274437,-0.673345,-0.820981,0.039221,0.678034,-0.116534,-0.314711,0.405465,,0.19062,-0.446287,-0.301105,0.10436,0.506818,,,-0.400478,0.609766,-0.051293,-0.446287,-0.040822,-0.040822,0.329304,-0.733969,,-0.84397,-0.597837,0.314811,-0.328504,1.071584,0.524729,-0.223144,0.431782,-0.328504,0.076961,0.086178,-0.415515,0.122218
1956-01,-0.415515,-0.287682,,0.09531,-0.462035,-0.139262,0.029559,-0.616186,-0.544727,-0.051293,,-0.430783,-0.84397,-1.108663,-0.18633,0.329304,-0.494296,-0.174353,-0.116534,,-0.162519,-0.84397,-0.673345,-0.653926,-0.040822,,,-0.755023,0.173953,-0.371064,-0.562119,-0.139262,-0.301105,0.139762,-1.139434,,-1.203973,-0.941609,-0.314711,-0.673345,0.678034,0.239017,-0.462035,-0.072571,-0.634878,0.10436,-0.072571,-0.510826,-0.139262
1956-02,-0.415515,-0.287682,,0.09531,-0.462035,-0.139262,0.029559,-0.616186,-0.544727,-0.051293,,-0.430783,-0.84397,-1.108663,-0.18633,0.329304,-0.494296,-0.174353,-0.116534,,-0.162519,-0.84397,-0.673345,-0.653926,-0.040822,,,-0.755023,0.173953,-0.371064,-0.562119,-0.139262,-0.301105,0.139762,-1.139434,,-1.203973,-0.941609,-0.314711,-0.673345,0.678034,0.239017,-0.462035,-0.072571,-0.634878,0.10436,-0.072571,-0.510826,-0.139262
1956-03,-0.415515,-0.287682,,0.09531,-0.462035,-0.139262,0.029559,-0.616186,-0.544727,-0.051293,,-0.430783,-0.84397,-1.108663,-0.18633,0.329304,-0.494296,-0.174353,-0.116534,,-0.162519,-0.84397,-0.673345,-0.653926,-0.040822,,,-0.755023,0.173953,-0.371064,-0.562119,-0.139262,-0.301105,0.139762,-1.139434,,-1.203973,-0.941609,-0.314711,-0.673345,0.678034,0.239017,-0.462035,-0.072571,-0.634878,0.10436,-0.072571,-0.510826,-0.139262
1956-04,-0.415515,-0.287682,,0.09531,-0.462035,-0.139262,0.029559,-0.616186,-0.544727,-0.051293,,-0.430783,-0.84397,-1.108663,-0.18633,0.329304,-0.494296,-0.174353,-0.116534,,-0.162519,-0.84397,-0.673345,-0.653926,-0.040822,,,-0.755023,0.173953,-0.371064,-0.562119,-0.139262,-0.301105,0.139762,-1.139434,,-1.203973,-0.941609,-0.314711,-0.673345,0.678034,0.239017,-0.462035,-0.072571,-0.634878,0.10436,-0.072571,-0.510826,-0.139262
1956-05,-0.415515,-0.287682,,0.09531,-0.462035,-0.139262,0.029559,-0.616186,-0.544727,-0.051293,,-0.430783,-0.84397,-1.108663,-0.18633,0.329304,-0.494296,-0.174353,-0.116534,,-0.162519,-0.84397,-0.673345,-0.653926,-0.040822,,,-0.755023,0.173953,-0.371064,-0.562119,-0.139262,-0.301105,0.139762,-1.139434,,-1.203973,-0.941609,-0.314711,-0.673345,0.678034,0.239017,-0.462035,-0.072571,-0.634878,0.10436,-0.072571,-0.510826,-0.139262
1956-06,-0.415515,-0.287682,,0.09531,-0.462035,-0.139262,0.029559,-0.616186,-0.544727,-0.051293,,-0.430783,-0.84397,-1.108663,-0.18633,0.329304,-0.494296,-0.174353,-0.116534,,-0.162519,-0.84397,-0.673345,-0.653926,-0.040822,,,-0.755023,0.173953,-0.371064,-0.562119,-0.139262,-0.301105,0.139762,-1.139434,,-1.203973,-0.941609,-0.314711,-0.673345,0.678034,0.239017,-0.462035,-0.072571,-0.634878,0.10436,-0.072571,-0.510826,-0.139262
1956-07,-0.415515,-0.287682,,0.09531,-0.462035,-0.139262,0.029559,-0.616186,-0.544727,-0.051293,,-0.430783,-0.84397,-1.108663,-0.18633,0.329304,-0.494296,-0.174353,-0.116534,,-0.162519,-0.84397,-0.673345,-0.653926,-0.040822,,,-0.755023,0.173953,-0.371064,-0.562119,-0.139262,-0.301105,0.139762,-1.139434,,-1.203973,-0.941609,-0.314711,-0.673345,0.678034,0.239017,-0.462035,-0.072571,-0.634878,0.10436,-0.072571,-0.510826,-0.139262
1956-08,-0.415515,-0.287682,,0.09531,-0.462035,-0.139262,0.029559,-0.616186,-0.544727,-0.051293,,-0.430783,-0.84397,-1.108663,-0.18633,0.329304,-0.494296,-0.174353,-0.116534,,-0.162519,-0.84397,-0.673345,-0.653926,-0.040822,,,-0.755023,0.173953,-0.371064,-0.562119,-0.139262,-0.301105,0.139762,-1.139434,,-1.203973,-0.941609,-0.314711,-0.673345,0.678034,0.239017,-0.462035,-0.072571,-0.634878,0.10436,-0.072571,-0.510826,-0.139262
1956-09,-0.415515,-0.287682,,0.09531,-0.462035,-0.139262,0.029559,-0.616186,-0.544727,-0.051293,,-0.430783,-0.84397,-1.108663,-0.18633,0.329304,-0.494296,-0.174353,-0.116534,,-0.162519,-0.84397,-0.673345,-0.653926,-0.040822,,,-0.755023,0.173953,-0.371064,-0.562119,-0.139262,-0.301105,0.139762,-1.139434,,-1.203973,-0.941609,-0.314711,-0.673345,0.678034,0.239017,-0.462035,-0.072571,-0.634878,0.10436,-0.072571,-0.510826,-0.139262
1956-10,-0.415515,-0.287682,,0.09531,-0.462035,-0.139262,0.029559,-0.616186,-0.544727,-0.051293,,-0.430783,-0.84397,-1.108663,-0.18633,0.329304,-0.494296,-0.174353,-0.116534,,-0.162519,-0.84397,-0.673345,-0.653926,-0.040822,,,-0.755023,0.173953,-0.371064,-0.562119,-0.139262,-0.301105,0.139762,-1.139434,,-1.203973,-0.941609,-0.314711,-0.673345,0.678034,0.239017,-0.462035,-0.072571,-0.634878,0.10436,-0.072571,-0.510826,-0.139262
1956-11,-0.415515,-0.287682,,0.09531,-0.462035,-0.139262,0.029559,-0.616186,-0.544727,-0.051293,,-0.430783,-0.84397,-1.108663,-0.18633,0.329304,-0.494296,-0.174353,-0.116534,,-0.162519,-0.84397,-0.673345,-0.653926,-0.040822,,,-0.755023,0.173953,-0.371064,-0.562119,-0.139262,-0.301105,0.139762,-1.139434,,-1.203973,-0.941609,-0.314711,-0.673345,0.678034,0.239017,-0.462035,-0.072571,-0.634878,0.10436,-0.072571,-0.510826,-0.139262
1956-12,-0.415515,-0.287682,,0.09531,-0.462035,-0.139262,0.029559,-0.616186,-0.544727,-0.051293,,-0.430783,-0.84397,-1.108663,-0.18633,0.329304,-0.494296,-0.174353,-0.116534,,-0.162519,-0.84397,-0.673345,-0.653926,-0.040822,,,-0.755023,0.173953,-0.371064,-0.562119,-0.139262,-0.301105,0.139762,-1.139434,,-1.203973,-0.941609,-0.314711,-0.673345,0.678034,0.239017,-0.462035,-0.072571,-0.634878,0.10436,-0.072571,-0.510826,-0.139262
1957-01,-0.34249,-0.314711,,0.182322,-0.579818,-0.116534,0.14842,-0.673345,-0.527633,-0.116534,,-0.385662,-0.967584,-1.272966,-0.510826,0.364643,-0.597837,-0.150823,-0.356675,,-0.261365,-0.967584,-0.634878,-0.71335,-0.235722,,,-0.84397,-0.01005,-0.494296,-0.579818,-0.150823,-0.274437,0.131028,-1.237874,,-1.237874,-1.021651,-0.544727,-0.798508,0.593327,0.14842,-0.579818,-0.127833,-0.562119,0.223144,0.00995,-0.798508,-0.061875
1957-02,-0.34249,-0.314711,,0.182322,-0.579818,-0.116534,0.14842,-0.673345,-0.527633,-0.116534,,-0.385662,-0.967584,-1.272966,-0.510826,0.364643,-0.597837,-0.150823,-0.356675,,-0.261365,-0.967584,-0.634878,-0.71335,-0.235722,,,-0.84397,-0.01005,-0.494296,-0.579818,-0.150823,-0.274437,0.131028,-1.237874,,-1.237874,-1.021651,-0.544727,-0.798508,0.593327,0.14842,-0.579818,-0.127833,-0.562119,0.223144,0.00995,-0.798508,-0.061875
1957-03,-0.34249,-0.314711,,0.182322,-0.579818,-0.116534,0.14842,-0.673345,-0.527633,-0.116534,,-0.385662,-0.967584,-1.272966,-0.510826,0.364643,-0.597837,-0.150823,-0.356675,,-0.261365,-0.967584,-0.634878,-0.71335,-0.235722,,,-0.84397,-0.01005,-0.494296,-0.579818,-0.150823,-0.274437,0.131028,-1.237874,,-1.237874,-1.021651,-0.544727,-0.798508,0.593327,0.14842,-0.579818,-0.127833,-0.562119,0.223144,0.00995,-0.798508,-0.061875
1957-04,-0.34249,-0.314711,,0.182322,-0.579818,-0.116534,0.14842,-0.673345,-0.527633,-0.116534,,-0.385662,-0.967584,-1.272966,-0.510826,0.364643,-0.597837,-0.150823,-0.356675,,-0.261365,-0.967584,-0.634878,-0.71335,-0.235722,,,-0.84397,-0.01005,-0.494296,-0.579818,-0.150823,-0.274437,0.131028,-1.237874,,-1.237874,-1.021651,-0.544727,-0.798508,0.593327,0.14842,-0.579818,-0.127833,-0.562119,0.223144,0.00995,-0.798508,-0.061875
1957-05,-0.34249,-0.314711,,0.182322,-0.579818,-0.116534,0.14842,-0.673345,-0.527633,-0.116534,,-0.385662,-0.967584,-1.272966,-0.510826,0.364643,-0.597837,-0.150823,-0.356675,,-0.261365,-0.967584,-0.634878,-0.71335,-0.235722,,,-0.84397,-0.01005,-0.494296,-0.579818,-0.150823,-0.274437,0.131028,-1.237874,,-1.237874,-1.021651,-0.544727,-0.798508,0.593327,0.14842,-0.579818,-0.127833,-0.562119,0.223144,0.00995,-0.798508,-0.061875
1957-06,-0.34249,-0.314711,,0.182322,-0.579818,-0.116534,0.14842,-0.673345,-0.527633,-0.116534,,-0.385662,-0.967584,-1.272966,-0.510826,0.364643,-0.597837,-0.150823,-0.356675,,-0.261365,-0.967584,-0.634878,-0.71335,-0.235722,,,-0.84397,-0.01005,-0.494296,-0.579818,-0.150823,-0.274437,0.131028,-1.237874,,-1.237874,-1.021651,-0.544727,-0.798508,0.593327,0.14842,-0.579818,-0.127833,-0.562119,0.223144,0.00995,-0.798508,-0.061875
1957-07,-0.34249,-0.314711,,0.182322,-0.579818,-0.116534,0.14842,-0.673345,-0.527633,-0.116534,,-0.385662,-0.967584,-1.272966,-0.510826,0.364643,-0.597837,-0.150823,-0.356675,,-0.261365,-0.967584,-0.634878,-0.71335,-0.235722,,,-0.84397,-0.01005,-0.494296,-0.579818,-0.150823,-0.274437,0.131028,-1.237874,,-1.237874,-1.021651,-0.544727,-0.798508,0.593327,0.14842,-0.579818,-0.127833,-0.562119,0.223144,0.00995,-0.798508,-0.061875
1957-08,-0.34249,-0.314711,,0.182322,-0.579818,-0.116534,0.14842,-0.673345,-0.527633,-0.116534,,-0.385662,-0.967584,-1.272966,-0.510826,0.364643,-0.597837,-0.150823,-0.356675,,-0.261365,-0.967584,-0.634878,-0.71335,-0.235722,,,-0.84397,-0.01005,-0.494296,-0.579818,-0.150823,-0.274437,0.131028,-1.237874,,-1.237874,-1.021651,-0.544727,-0.798508,0.593327,0.14842,-0.579818,-0.127833,-0.562119,0.223144,0.00995,-0.798508,-0.061875
1957-09,-0.34249,-0.314711,,0.182322,-0.579818,-0.116534,0.14842,-0.673345,-0.527633,-0.116534,,-0.385662,-0.967584,-1.272966,-0.510826,0.364643,-0.597837,-0.150823,-0.356675,,-0.261365,-0.967584,-0.634878,-0.71335,-0.235722,,,-0.84397,-0.01005,-0.494296,-0.579818,-0.150823,-0.274437,0.131028,-1.237874,,-1.237874,-1.021651,-0.544727,-0.798508,0.593327,0.14842,-0.579818,-0.127833,-0.562119,0.223144,0.00995,-0.798508,-0.061875
1957-10,-0.34249,-0.314711,,0.182322,-0.579818,-0.116534,0.14842,-0.673345,-0.527633,-0.116534,,-0.385662,-0.967584,-1.272966,-0.510826,0.364643,-0.597837,-0.150823,-0.356675,,-0.261365,-0.967584,-0.634878,-0.71335,-0.235722,,,-0.84397,-0.01005,-0.494296,-0.579818,-0.150823,-0.274437,0.131028,-1.237874,,-1.237874,-1.021651,-0.544727,-0.798508,0.593327,0.14842,-0.579818,-0.127833,-0.562119,0.223144,0.00995,-0.798508,-0.061875
1957-11,-0.34249,-0.314711,,0.182322,-0.579818,-0.116534,0.14842,-0.673345,-0.527633,-0.116534,,-0.385662,-0.967584,-1.272966,-0.510826,0.364643,-0.597837,-0.150823,-0.356675,,-0.261365,-0.967584,-0.634878,-0.71335,-0.235722,,,-0.84397,-0.01005,-0.494296,-0.579818,-0.150823,-0.274437,0.131028,-1.237874,,-1.237874,-1.021651,-0.544727,-0.798508,0.593327,0.14842,-0.579818,-0.127833,-0.562119,0.223144,0.00995,-0.798508,-0.061875
1957-12,-0.34249,-0.314711,,0.182322,-0.579818,-0.116534,0.14842,-0.673345,-0.527633,-0.116534,,-0.385662,-0.967584,-1.272966,-0.510826,0.364643,-0.597837,-0.150823,-0.356675,,-0.261365,-0.967584,-0.634878,-0.71335,-0.235722,,,-0.84397,-0.01005,-0.494296,-0.579818,-0.150823,-0.274437,0.131028,-1.237874,,-1.237874,-1.021651,-0.544727,-0.798508,0.593327,0.14842,-0.579818,-0.127833,-0.562119,0.223144,0.00995,-0.798508,-0.061875
1958-01,-0.18633,-0.174353,,0.10436,-0.494296,-0.301105,0.329304,-0.673345,-0.494296,0.086178,,-0.248461,-0.967584,-1.108663,0.19062,0.598837,-0.527633,-0.116534,-0.430783,,-0.430783,-0.891598,-0.579818,-0.733969,-0.274437,,,-0.616186,-0.274437,-0.562119,-0.446287,-0.105361,-0.371064,0.076961,-1.660731,,-1.139434,-1.07881,-0.34249,-0.693147,0.688135,0.058269,-0.356675,0.029559,-0.415515,0.41211,-0.040822,-0.798508,0.029559
1958-02,-0.18633,-0.174353,,0.10436,-0.494296,-0.301105,0.329304,-0.673345,-0.494296,0.086178,,-0.248461,-0.967584,-1.108663,0.19062,0.598837,-0.527633,-0.116534,-0.430783,,-0.430783,-0.891598,-0.579818,-0.733969,-0.274437,,,-0.616186,-0.274437,-0.562119,-0.446287,-0.105361,-0.371064,0.076961,-1.660731,,-1.139434,-1.07881,-0.34249,-0.693147,0.688135,0.058269,-0.356675,0.029559,-0.415515,0.41211,-0.040822,-0.798508,0.029559
1958-03,-0.18633,-0.174353,,0.10436,-0.494296,-0.301105,0.329304,-0.673345,-0.494296,0.086178,,-0.248461,-0.967584,-1.108663,0.19062,0.598837,-0.527633,-0.116534,-0.430783,,-0.430783,-0.891598,-0.579818,-0.733969,-0.274437,,,-0.616186,-0.274437,-0.562119,-0.446287,-0.105361,-0.371064,0.076961,-1.660731,,-1.139434,-1.07881,-0.34249,-0.693147,0.688135,0.058269,-0.356675,0.029559,-0.415515,0.41211,-0.040822,-0.798508,0.029559
1958-04,-0.18633,-0.174353,,0.10436,-0.494296,-0.301105,0.329304,-0.673345,-0.494296,0.086178,,-0.248461,-0.967584,-1.108663,0.19062,0.598837,-0.527633,-0.116534,-0.430783,,-0.430783,-0.891598,-0.579818,-0.733969,-0.274437,,,-0.616186,-0.274437,-0.562119,-0.446287,-0.105361,-0.371064,0.076961,-1.660731,,-1.139434,-1.07881,-0.34249,-0.693147,0.688135,0.058269,-0.356675,0.029559,-0.415515,0.41211,-0.040822,-0.798508,0.029559
1958-05,-0.18633,-0.174353,,0.10436,-0.494296,-0.301105,0.329304,-0.673345,-0.494296,0.086178,,-0.248461,-0.967584,-1.108663,0.19062,0.598837,-0.527633,-0.116534,-0.430783,,-0.430783,-0.891598,-0.579818,-0.733969,-0.274437,,,-0.616186,-0.274437,-0.562119,-0.446287,-0.105361,-0.371064,0.076961,-1.660731,,-1.139434,-1.07881,-0.34249,-0.693147,0.688135,0.058269,-0.356675,0.029559,-0.415515,0.41211,-0.040822,-0.798508,0.029559
1958-06,-0.18633,-0.174353,,0.10436,-0.494296,-0.301105,0.329304,-0.673345,-0.494296,0.086178,,-0.248461,-0.967584,-1.108663,0.19062,0.598837,-0.527633,-0.116534,-0.430783,,-0.430783,-0.891598,-0.579818,-0.733969,-0.274437,,,-0.616186,-0.274437,-0.562119,-0.446287,-0.105361,-0.371064,0.076961,-1.660731,,-1.139434,-1.07881,-0.34249,-0.693147,0.688135,0.058269,-0.356675,0.029559,-0.415515,0.41211,-0.040822,-0.798508,0.029559
1958-07,-0.18633,-0.174353,,0.10436,-0.494296,-0.301105,0.329304,-0.673345,-0.494296,0.086178,,-0.248461,-0.967584,-1.108663,0.19062,0.598837,-0.527633,-0.116534,-0.430783,,-0.430783,-0.891598,-0.579818,-0.733969,-0.274437,,,-0.616186,-0.274437,-0.562119,-0.446287,-0.105361,-0.371064,0.076961,-1.660731,,-1.139434,-1.07881,-0.34249,-0.693147,0.688135,0.058269,-0.356675,0.029559,-0.415515,0.41211,-0.040822,-0.798508,0.029559
1958-08,-0.18633,-0.174353,,0.10436,-0.494296,-0.301105,0.329304,-0.673345,-0.494296,0.086178,,-0.248461,-0.967584,-1.108663,0.19062,0.598837,-0.527633,-0.116534,-0.430783,,-0.430783,-0.891598,-0.579818,-0.733969,-0.274437,,,-0.616186,-0.274437,-0.562119,-0.446287,-0.105361,-0.371064,0.076961,-1.660731,,-1.139434,-1.07881,-0.34249,-0.693147,0.688135,0.058269,-0.356675,0.029559,-0.415515,0.41211,-0.040822,-0.798508,0.029559
1958-09,-0.18633,-0.174353,,0.10436,-0.494296,-0.301105,0.329304,-0.673345,-0.494296,0.086178,,-0.248461,-0.967584,-1.108663,0.19062,0.598837,-0.527633,-0.116534,-0.430783,,-0.430783,-0.891598,-0.579818,-0.733969,-0.274437,,,-0.616186,-0.274437,-0.562119,-0.446287,-0.105361,-0.371064,0.076961,-1.660731,,-1.139434,-1.07881,-0.34249,-0.693147,0.688135,0.058269,-0.356675,0.029559,-0.415515,0.41211,-0.040822,-0.798508,0.029559
1958-10,-0.18633,-0.174353,,0.10436,-0.494296,-0.301105,0.329304,-0.673345,-0.494296,0.086178,,-0.248461,-0.967584,-1.108663,0.19062,0.598837,-0.527633,-0.116534,-0.430783,,-0.430783,-0.891598,-0.579818,-0.733969,-0.274437,,,-0.616186,-0.274437,-0.562119,-0.446287,-0.105361,-0.371064,0.076961,-1.660731,,-1.139434,-1.07881,-0.34249,-0.693147,0.688135,0.058269,-0.356675,0.029559,-0.415515,0.41211,-0.040822,-0.798508,0.029559
1958-11,-0.18633,-0.174353,,0.10436,-0.494296,-0.301105,0.329304,-0.673345,-0.494296,0.086178,,-0.248461,-0.967584,-1.108663,0.19062,0.598837,-0.527633,-0.116534,-0.430783,,-0.430783,-0.891598,-0.579818,-0.733969,-0.274437,,,-0.616186,-0.274437,-0.562119,-0.446287,-0.105361,-0.371064,0.076961,-1.660731,,-1.139434,-1.07881,-0.34249,-0.693147,0.688135,0.058269,-0.356675,0.029559,-0.415515,0.41211,-0.040822,-0.798508,0.029559
1958-12,-0.18633,-0.174353,,0.10436,-0.494296,-0.301105,0.329304,-0.673345,-0.494296,0.086178,,-0.248461,-0.967584,-1.108663,0.19062,0.598837,-0.527633,-0.116534,-0.430783,,-0.430783,-0.891598,-0.579818,-0.733969,-0.274437,,,-0.616186,-0.274437,-0.562119,-0.446287,-0.105361,-0.371064,0.076961,-1.660731,,-1.139434,-1.07881,-0.34249,-0.693147,0.688135,0.058269,-0.356675,0.029559,-0.415515,0.41211,-0.040822,-0.798508,0.029559
1959-01,-0.040822,-0.150823,,0.165514,-0.579818,-0.261365,0.476234,-0.673345,-0.400478,0.24686,,-0.287682,-1.108663,-0.916291,0.500775,0.943906,-0.371064,0.231112,0.067659,,0.00995,-0.71335,-0.274437,-0.562119,-0.072571,,,-0.248461,0.10436,-0.301105,-0.415515,-0.072571,-0.71335,0.165514,-1.469676,,-0.967584,-1.139434,0.182322,-0.544727,1.095273,0.254642,-0.261365,0.285179,-0.446287,0.277632,-0.139262,-0.430783,0.285179
1959-02,-0.040822,-0.150823,,0.165514,-0.579818,-0.261365,0.476234,-0.673345,-0.400478,0.24686,,-0.287682,-1.108663,-0.916291,0.500775,0.943906,-0.371064,0.231112,0.067659,,0.00995,-0.71335,-0.274437,-0.562119,-0.072571,,,-0.248461,0.10436,-0.301105,-0.415515,-0.072571,-0.71335,0.165514,-1.469676,,-0.967584,-1.139434,0.182322,-0.544727,1.095273,0.254642,-0.261365,0.285179,-0.446287,0.277632,-0.139262,-0.430783,0.285179
1959-03,-0.040822,-0.150823,,0.165514,-0.579818,-0.261365,0.476234,-0.673345,-0.400478,0.24686,,-0.287682,-1.108663,-0.916291,0.500775,0.943906,-0.371064,0.231112,0.067659,,0.00995,-0.71335,-0.274437,-0.562119,-0.072571,,,-0.248461,0.10436,-0.301105,-0.415515,-0.072571,-0.71335,0.165514,-1.469676,,-0.967584,-1.139434,0.182322,-0.544727,1.095273,0.254642,-0.261365,0.285179,-0.446287,0.277632,-0.139262,-0.430783,0.285179
1959-04,-0.040822,-0.150823,,0.165514,-0.579818,-0.261365,0.476234,-0.673345,-0.400478,0.24686,,-0.287682,-1.108663,-0.916291,0.500775,0.943906,-0.371064,0.231112,0.067659,,0.00995,-0.71335,-0.274437,-0.562119,-0.072571,,,-0.248461,0.10436,-0.301105,-0.415515,-0.072571,-0.71335,0.165514,-1.469676,,-0.967584,-1.139434,0.182322,-0.544727,1.095273,0.254642,-0.261365,0.285179,-0.446287,0.277632,-0.139262,-0.430783,0.285179
1959-05,-0.040822,-0.150823,,0.165514,-0.579818,-0.261365,0.476234,-0.673345,-0.400478,0.24686,,-0.287682,-1.108663,-0.916291,0.500775,0.943906,-0.371064,0.231112,0.067659,,0.00995,-0.71335,-0.274437,-0.562119,-0.072571,,,-0.248461,0.10436,-0.301105,-0.415515,-0.072571,-0.71335,0.165514,-1.469676,,-0.967584,-1.139434,0.182322,-0.544727,1.095273,0.254642,-0.261365,0.285179,-0.446287,0.277632,-0.139262,-0.430783,0.285179
1959-06,-0.040822,-0.150823,,0.165514,-0.579818,-0.261365,0.476234,-0.673345,-0.400478,0.24686,,-0.287682,-1.108663,-0.916291,0.500775,0.943906,-0.371064,0.231112,0.067659,,0.00995,-0.71335,-0.274437,-0.562119,-0.072571,,,-0.248461,0.10436,-0.301105,-0.415515,-0.072571,-0.71335,0.165514,-1.469676,,-0.967584,-1.139434,0.182322,-0.544727,1.095273,0.254642,-0.261365,0.285179,-0.446287,0.277632,-0.139262,-0.430783,0.285179
1959-07,-0.040822,-0.150823,,0.165514,-0.579818,-0.261365,0.476234,-0.673345,-0.400478,0.24686,,-0.287682,-1.108663,-0.916291,0.500775,0.943906,-0.371064,0.231112,0.067659,,0.00995,-0.71335,-0.274437,-0.562119,-0.072571,,,-0.248461,0.10436,-0.301105,-0.415515,-0.072571,-0.71335,0.165514,-1.469676,,-0.967584,-1.139434,0.182322,-0.544727,1.095273,0.254642,-0.261365,0.285179,-0.446287,0.277632,-0.139262,-0.430783,0.285179
1959-08,-0.040822,-0.150823,,0.165514,-0.579818,-0.261365,0.476234,-0.673345,-0.400478,0.24686,,-0.287682,-1.108663,-0.916291,0.500775,0.943906,-0.371064,0.231112,0.067659,,0.00995,-0.71335,-0.274437,-0.562119,-0.072571,,,-0.248461,0.10436,-0.301105,-0.415515,-0.072571,-0.71335,0.165514,-1.469676,,-0.967584,-1.139434,0.182322,-0.544727,1.095273,0.254642,-0.261365,0.285179,-0.446287,0.277632,-0.139262,-0.430783,0.285179
1959-09,-0.040822,-0.150823,,0.165514,-0.579818,-0.261365,0.476234,-0.673345,-0.400478,0.24686,,-0.287682,-1.108663,-0.916291,0.500775,0.943906,-0.371064,0.231112,0.067659,,0.00995,-0.71335,-0.274437,-0.562119,-0.072571,,,-0.248461,0.10436,-0.301105,-0.415515,-0.072571,-0.71335,0.165514,-1.469676,,-0.967584,-1.139434,0.182322,-0.544727,1.095273,0.254642,-0.261365,0.285179,-0.446287,0.277632,-0.139262,-0.430783,0.285179
1959-10,-0.040822,-0.150823,,0.165514,-0.579818,-0.261365,0.476234,-0.673345,-0.400478,0.24686,,-0.287682,-1.108663,-0.916291,0.500775,0.943906,-0.371064,0.231112,0.067659,,0.00995,-0.71335,-0.274437,-0.562119,-0.072571,,,-0.248461,0.10436,-0.301105,-0.415515,-0.072571,-0.71335,0.165514,-1.469676,,-0.967584,-1.139434,0.182322,-0.544727,1.095273,0.254642,-0.261365,0.285179,-0.446287,0.277632,-0.139262,-0.430783,0.285179
1959-11,-0.040822,-0.150823,,0.165514,-0.579818,-0.261365,0.476234,-0.673345,-0.400478,0.24686,,-0.287682,-1.108663,-0.916291,0.500775,0.943906,-0.371064,0.231112,0.067659,,0.00995,-0.71335,-0.274437,-0.562119,-0.072571,,,-0.248461,0.10436,-0.301105,-0.415515,-0.072571,-0.71335,0.165514,-1.469676,,-0.967584,-1.139434,0.182322,-0.544727,1.095273,0.254642,-0.261365,0.285179,-0.446287,0.277632,-0.139262,-0.430783,0.285179
1959-12,-0.040822,-0.150823,,0.165514,-0.579818,-0.261365,0.476234,-0.673345,-0.400478,0.24686,,-0.287682,-1.108663,-0.916291,0.500775,0.943906,-0.371064,0.231112,0.067659,,0.00995,-0.71335,-0.274437,-0.562119,-0.072571,,,-0.248461,0.10436,-0.301105,-0.415515,-0.072571,-0.71335,0.165514,-1.469676,,-0.967584,-1.139434,0.182322,-0.544727,1.095273,0.254642,-0.261365,0.285179,-0.446287,0.277632,-0.139262,-0.430783,0.285179
1960-01,-0.446287,-0.400478,,-0.248461,-0.820981,-0.673345,-0.030459,-0.891598,-0.71335,-0.040822,,-0.673345,-1.560648,-1.108663,0.300105,0.438255,-0.634878,-0.400478,-0.400478,,-0.356675,-0.994252,-0.653926,-0.693147,-0.314711,,,-0.653926,-0.139262,-0.462035,-0.673345,-0.328504,-0.941609,-0.127833,-1.832581,,-1.203973,-1.469676,-0.139262,-0.820981,0.672944,-0.030459,-0.693147,-0.248461,-0.653926,0.029559,-0.430783,-0.634878,-0.127833
1960-02,-0.446287,-0.400478,,-0.248461,-0.820981,-0.673345,-0.030459,-0.891598,-0.71335,-0.040822,,-0.673345,-1.560648,-1.108663,0.300105,0.438255,-0.634878,-0.400478,-0.400478,,-0.356675,-0.994252,-0.653926,-0.693147,-0.314711,,,-0.653926,-0.139262,-0.462035,-0.673345,-0.328504,-0.941609,-0.127833,-1.832581,,-1.203973,-1.469676,-0.139262,-0.820981,0.672944,-0.030459,-0.693147,-0.248461,-0.653926,0.029559,-0.430783,-0.634878,-0.127833
1960-03,-0.446287,-0.400478,,-0.248461,-0.820981,-0.673345,-0.030459,-0.891598,-0.71335,-0.040822,,-0.673345,-1.560648,-1.108663,0.300105,0.438255,-0.634878,-0.400478,-0.400478,,-0.356675,-0.994252,-0.653926,-0.693147,-0.314711,,,-0.653926,-0.139262,-0.462035,-0.673345,-0.328504,-0.941609,-0.127833,-1.832581,,-1.203973,-1.469676,-0.139262,-0.820981,0.672944,-0.030459,-0.693147,-0.248461,-0.653926,0.029559,-0.430783,-0.634878,-0.127833
1960-04,-0.446287,-0.400478,,-0.248461,-0.820981,-0.673345,-0.030459,-0.891598,-0.71335,-0.040822,,-0.673345,-1.560648,-1.108663,0.300105,0.438255,-0.634878,-0.400478,-0.400478,,-0.356675,-0.994252,-0.653926,-0.693147,-0.314711,,,-0.653926,-0.139262,-0.462035,-0.673345,-0.328504,-0.941609,-0.127833,-1.832581,,-1.203973,-1.469676,-0.139262,-0.820981,0.672944,-0.030459,-0.693147,-0.248461,-0.653926,0.029559,-0.430783,-0.634878,-0.127833
1960-05,-0.446287,-0.400478,,-0.248461,-0.820981,-0.673345,-0.030459,-0.891598,-0.71335,-0.040822,,-0.673345,-1.560648,-1.108663,0.300105,0.438255,-0.634878,-0.400478,-0.400478,,-0.356675,-0.994252,-0.653926,-0.693147,-0.314711,,,-0.653926,-0.139262,-0.462035,-0.673345,-0.328504,-0.941609,-0.127833,-1.832581,,-1.203973,-1.469676,-0.139262,-0.820981,0.672944,-0.030459,-0.693147,-0.248461,-0.653926,0.029559,-0.430783,-0.634878,-0.127833
1960-06,-0.446287,-0.400478,,-0.248461,-0.820981,-0.673345,-0.030459,-0.891598,-0.71335,-0.040822,,-0.673345,-1.560648,-1.108663,0.300105,0.438255,-0.634878,-0.400478,-0.400478,,-0.356675,-0.994252,-0.653926,-0.693147,-0.314711,,,-0.653926,-0.139262,-0.462035,-0.673345,-0.328504,-0.941609,-0.127833,-1.832581,,-1.203973,-1.469676,-0.139262,-0.820981,0.672944,-0.030459,-0.693147,-0.248461,-0.653926,0.029559,-0.430783,-0.634878,-0.127833
1960-07,-0.446287,-0.400478,,-0.248461,-0.820981,-0.673345,-0.030459,-0.891598,-0.71335,-0.040822,,-0.673345,-1.560648,-1.108663,0.300105,0.438255,-0.634878,-0.400478,-0.400478,,-0.356675,-0.994252,-0.653926,-0.693147,-0.314711,,,-0.653926,-0.139262,-0.462035,-0.673345,-0.328504,-0.941609,-0.127833,-1.832581,,-1.203973,-1.469676,-0.139262,-0.820981,0.672944,-0.030459,-0.693147,-0.248461,-0.653926,0.029559,-0.430783,-0.634878,-0.127833
1960-08,-0.446287,-0.400478,,-0.248461,-0.820981,-0.673345,-0.030459,-0.891598,-0.71335,-0.040822,,-0.673345,-1.560648,-1.108663,0.300105,0.438255,-0.634878,-0.400478,-0.400478,,-0.356675,-0.994252,-0.653926,-0.693147,-0.314711,,,-0.653926,-0.139262,-0.462035,-0.673345,-0.328504,-0.941609,-0.127833,-1.832581,,-1.203973,-1.469676,-0.139262,-0.820981,0.672944,-0.030459,-0.693147,-0.248461,-0.653926,0.029559,-0.430783,-0.634878,-0.127833
1960-09,-0.446287,-0.400478,,-0.248461,-0.820981,-0.673345,-0.030459,-0.891598,-0.71335,-0.040822,,-0.673345,-1.560648,-1.108663,0.300105,0.438255,-0.634878,-0.400478,-0.400478,,-0.356675,-0.994252,-0.653926,-0.693147,-0.314711,,,-0.653926,-0.139262,-0.462035,-0.673345,-0.328504,-0.941609,-0.127833,-1.832581,,-1.203973,-1.469676,-0.139262,-0.820981,0.672944,-0.030459,-0.693147,-0.248461,-0.653926,0.029559,-0.430783,-0.634878,-0.127833
1960-10,-0.446287,-0.400478,,-0.248461,-0.820981,-0.673345,-0.030459,-0.891598,-0.71335,-0.040822,,-0.673345,-1.560648,-1.108663,0.300105,0.438255,-0.634878,-0.400478,-0.400478,,-0.356675,-0.994252,-0.653926,-0.693147,-0.314711,,,-0.653926,-0.139262,-0.462035,-0.673345,-0.328504,-0.941609,-0.127833,-1.832581,,-1.203973,-1.469676,-0.139262,-0.820981,0.672944,-0.030459,-0.693147,-0.248461,-0.653926,0.029559,-0.430783,-0.634878,-0.127833
1960-11,-0.446287,-0.400478,,-0.248461,-0.820981,-0.673345,-0.030459,-0.891598,-0.71335,-0.040822,,-0.673345,-1.560648,-1.108663,0.300105,0.438255,-0.634878,-0.400478,-0.400478,,-0.356675,-0.994252,-0.653926,-0.693147,-0.314711,,,-0.653926,-0.139262,-0.462035,-0.673345,-0.328504,-0.941609,-0.127833,-1.832581,,-1.203973,-1.469676,-0.139262,-0.820981,0.672944,-0.030459,-0.693147,-0.248461,-0.653926,0.029559,-0.430783,-0.634878,-0.127833
1960-12,-0.446287,-0.400478,,-0.248461,-0.820981,-0.673345,-0.030459,-0.891598,-0.71335,-0.040822,,-0.673345,-1.560648,-1.108663,0.300105,0.438255,-0.634878,-0.400478,-0.400478,,-0.356675,-0.994252,-0.653926,-0.693147,-0.314711,,,-0.653926,-0.139262,-0.462035,-0.673345,-0.328504,-0.941609,-0.127833,-1.832581,,-1.203973,-1.469676,-0.139262,-0.820981,0.672944,-0.030459,-0.693147,-0.248461,-0.653926,0.029559,-0.430783,-0.634878,-0.127833
1961-01,-0.798508,-0.510826,,-0.301105,-0.597837,-1.171183,-0.223144,-0.941609,-0.820981,-0.18633,,-0.820981,-1.660731,-1.237874,-0.127833,0.277632,-0.673345,-0.072571,-0.446287,,-0.415515,-1.203973,-0.71335,-0.673345,-0.223144,,,-0.544727,-0.162519,-0.301105,-0.562119,-0.400478,-1.07881,-0.400478,-1.966113,,-1.309333,-1.832581,-0.18633,-0.891598,0.667829,-0.162519,-0.693147,-0.385662,-0.478036,0.182322,-0.462035,-0.430783,-0.150823
1961-02,-0.798508,-0.510826,,-0.301105,-0.597837,-1.171183,-0.223144,-0.941609,-0.820981,-0.18633,,-0.820981,-1.660731,-1.237874,-0.127833,0.277632,-0.673345,-0.072571,-0.446287,,-0.415515,-1.203973,-0.71335,-0.673345,-0.223144,,,-0.544727,-0.162519,-0.301105,-0.562119,-0.400478,-1.07881,-0.400478,-1.966113,,-1.309333,-1.832581,-0.18633,-0.891598,0.667829,-0.162519,-0.693147,-0.385662,-0.478036,0.182322,-0.462035,-0.430783,-0.150823
1961-03,-0.798508,-0.510826,,-0.301105,-0.597837,-1.171183,-0.223144,-0.941609,-0.820981,-0.18633,,-0.820981,-1.660731,-1.237874,-0.127833,0.277632,-0.673345,-0.072571,-0.446287,,-0.415515,-1.203973,-0.71335,-0.673345,-0.223144,,,-0.544727,-0.162519,-0.301105,-0.562119,-0.400478,-1.07881,-0.400478,-1.966113,,-1.309333,-1.832581,-0.18633,-0.891598,0.667829,-0.162519,-0.693147,-0.385662,-0.478036,0.182322,-0.462035,-0.430783,-0.150823
1961-04,-0.798508,-0.510826,,-0.301105,-0.597837,-1.171183,-0.223144,-0.941609,-0.820981,-0.18633,,-0.820981,-1.660731,-1.237874,-0.127833,0.277632,-0.673345,-0.072571,-0.446287,,-0.415515,-1.203973,-0.71335,-0.673345,-0.223144,,,-0.544727,-0.162519,-0.301105,-0.562119,-0.400478,-1.07881,-0.400478,-1.966113,,-1.309333,-1.832581,-0.18633,-0.891598,0.667829,-0.162519,-0.693147,-0.385662,-0.478036,0.182322,-0.462035,-0.430783,-0.150823
1961-05,-0.798508,-0.510826,,-0.301105,-0.597837,-1.171183,-0.223144,-0.941609,-0.820981,-0.18633,,-0.820981,-1.660731,-1.237874,-0.127833,0.277632,-0.673345,-0.072571,-0.446287,,-0.415515,-1.203973,-0.71335,-0.673345,-0.223144,,,-0.544727,-0.162519,-0.301105,-0.562119,-0.400478,-1.07881,-0.400478,-1.966113,,-1.309333,-1.832581,-0.18633,-0.891598,0.667829,-0.162519,-0.693147,-0.385662,-0.478036,0.182322,-0.462035,-0.430783,-0.150823
1961-06,-0.798508,-0.510826,,-0.301105,-0.597837,-1.171183,-0.223144,-0.941609,-0.820981,-0.18633,,-0.820981,-1.660731,-1.237874,-0.127833,0.277632,-0.673345,-0.072571,-0.446287,,-0.415515,-1.203973,-0.71335,-0.673345,-0.223144,,,-0.544727,-0.162519,-0.301105,-0.562119,-0.400478,-1.07881,-0.400478,-1.966113,,-1.309333,-1.832581,-0.18633,-0.891598,0.667829,-0.162519,-0.693147,-0.385662,-0.478036,0.182322,-0.462035,-0.430783,-0.150823
1961-07,-0.798508,-0.510826,,-0.301105,-0.597837,-1.171183,-0.223144,-0.941609,-0.820981,-0.18633,,-0.820981,-1.660731,-1.237874,-0.127833,0.277632,-0.673345,-0.072571,-0.446287,,-0.415515,-1.203973,-0.71335,-0.673345,-0.223144,,,-0.544727,-0.162519,-0.301105,-0.562119,-0.400478,-1.07881,-0.400478,-1.966113,,-1.309333,-1.832581,-0.18633,-0.891598,0.667829,-0.162519,-0.693147,-0.385662,-0.478036,0.182322,-0.462035,-0.430783,-0.150823
1961-08,-0.798508,-0.510826,,-0.301105,-0.597837,-1.171183,-0.223144,-0.941609,-0.820981,-0.18633,,-0.820981,-1.660731,-1.237874,-0.127833,0.277632,-0.673345,-0.072571,-0.446287,,-0.415515,-1.203973,-0.71335,-0.673345,-0.223144,,,-0.544727,-0.162519,-0.301105,-0.562119,-0.400478,-1.07881,-0.400478,-1.966113,,-1.309333,-1.832581,-0.18633,-0.891598,0.667829,-0.162519,-0.693147,-0.385662,-0.478036,0.182322,-0.462035,-0.430783,-0.150823
1961-09,-0.798508,-0.510826,,-0.301105,-0.597837,-1.171183,-0.223144,-0.941609,-0.820981,-0.18633,,-0.820981,-1.660731,-1.237874,-0.127833,0.277632,-0.673345,-0.072571,-0.446287,,-0.415515,-1.203973,-0.71335,-0.673345,-0.223144,,,-0.544727,-0.162519,-0.301105,-0.562119,-0.400478,-1.07881,-0.400478,-1.966113,,-1.309333,-1.832581,-0.18633,-0.891598,0.667829,-0.162519,-0.693147,-0.385662,-0.478036,0.182322,-0.462035,-0.430783,-0.150823
1961-10,-0.798508,-0.510826,,-0.301105,-0.597837,-1.171183,-0.223144,-0.941609,-0.820981,-0.18633,,-0.820981,-1.660731,-1.237874,-0.127833,0.277632,-0.673345,-0.072571,-0.446287,,-0.415515,-1.203973,-0.71335,-0.673345,-0.223144,,,-0.544727,-0.162519,-0.301105,-0.562119,-0.400478,-1.07881,-0.400478,-1.966113,,-1.309333,-1.832581,-0.18633,-0.891598,0.667829,-0.162519,-0.693147,-0.385662,-0.478036,0.182322,-0.462035,-0.430783,-0.150823
1961-11,-0.798508,-0.510826,,-0.301105,-0.597837,-1.171183,-0.223144,-0.941609,-0.820981,-0.18633,,-0.820981,-1.660731,-1.237874,-0.127833,0.277632,-0.673345,-0.072571,-0.446287,,-0.415515,-1.203973,-0.71335,-0.673345,-0.223144,,,-0.544727,-0.162519,-0.301105,-0.562119,-0.400478,-1.07881,-0.400478,-1.966113,,-1.309333,-1.832581,-0.18633,-0.891598,0.667829,-0.162519,-0.693147,-0.385662,-0.478036,0.182322,-0.462035,-0.430783,-0.150823
1961-12,-0.798508,-0.510826,,-0.301105,-0.597837,-1.171183,-0.223144,-0.941609,-0.820981,-0.18633,,-0.820981,-1.660731,-1.237874,-0.127833,0.277632,-0.673345,-0.072571,-0.446287,,-0.415515,-1.203973,-0.71335,-0.673345,-0.223144,,,-0.544727,-0.162519,-0.301105,-0.562119,-0.400478,-1.07881,-0.400478,-1.966113,,-1.309333,-1.832581,-0.18633,-0.891598,0.667829,-0.162519,-0.693147,-0.385662,-0.478036,0.182322,-0.462035,-0.430783,-0.150823
1962-01,-0.867501,-0.755023,,-0.210721,-0.798508,-1.609438,-0.314711,-1.108663,-0.867501,-0.105361,,-0.941609,-1.609438,-0.941609,-0.083382,0.576613,-0.634878,-0.18633,-0.139262,,-0.301105,-0.941609,-0.328504,-0.673345,-0.210721,,,-0.446287,-0.094311,-0.198451,-0.693147,-0.597837,-1.347074,-0.248461,-2.120264,,-1.07881,-1.771957,0.198851,-0.776529,0.770108,-0.274437,-0.616186,-0.34249,-0.673345,0.165514,-0.446287,-0.400478,-0.301105
1962-02,-0.867501,-0.755023,,-0.210721,-0.798508,-1.609438,-0.314711,-1.108663,-0.867501,-0.105361,,-0.941609,-1.609438,-0.941609,-0.083382,0.576613,-0.634878,-0.18633,-0.139262,,-0.301105,-0.941609,-0.328504,-0.673345,-0.210721,,,-0.446287,-0.094311,-0.198451,-0.693147,-0.597837,-1.347074,-0.248461,-2.120264,,-1.07881,-1.771957,0.198851,-0.776529,0.770108,-0.274437,-0.616186,-0.34249,-0.673345,0.165514,-0.446287,-0.400478,-0.301105
1962-03,-0.867501,-0.755023,,-0.210721,-0.798508,-1.609438,-0.314711,-1.108663,-0.867501,-0.105361,,-0.941609,-1.609438,-0.941609,-0.083382,0.576613,-0.634878,-0.18633,-0.139262,,-0.301105,-0.941609,-0.328504,-0.673345,-0.210721,,,-0.446287,-0.094311,-0.198451,-0.693147,-0.597837,-1.347074,-0.248461,-2.120264,,-1.07881,-1.771957,0.198851,-0.776529,0.770108,-0.274437,-0.616186,-0.34249,-0.673345,0.165514,-0.446287,-0.400478,-0.301105
1962-04,-0.867501,-0.755023,,-0.210721,-0.798508,-1.609438,-0.314711,-1.108663,-0.867501,-0.105361,,-0.941609,-1.609438,-0.941609,-0.083382,0.576613,-0.634878,-0.18633,-0.139262,,-0.301105,-0.941609,-0.328504,-0.673345,-0.210721,,,-0.446287,-0.094311,-0.198451,-0.693147,-0.597837,-1.347074,-0.248461,-2.120264,,-1.07881,-1.771957,0.198851,-0.776529,0.770108,-0.274437,-0.616186,-0.34249,-0.673345,0.165514,-0.446287,-0.400478,-0.301105
1962-05,-0.867501,-0.755023,,-0.210721,-0.798508,-1.609438,-0.314711,-1.108663,-0.867501,-0.105361,,-0.941609,-1.609438,-0.941609,-0.083382,0.576613,-0.634878,-0.18633,-0.139262,,-0.301105,-0.941609,-0.328504,-0.673345,-0.210721,,,-0.446287,-0.094311,-0.198451,-0.693147,-0.597837,-1.347074,-0.248461,-2.120264,,-1.07881,-1.771957,0.198851,-0.776529,0.770108,-0.274437,-0.616186,-0.34249,-0.673345,0.165514,-0.446287,-0.400478,-0.301105
1962-06,-0.867501,-0.755023,,-0.210721,-0.798508,-1.609438,-0.314711,-1.108663,-0.867501,-0.105361,,-0.941609,-1.609438,-0.941609,-0.083382,0.576613,-0.634878,-0.18633,-0.139262,,-0.301105,-0.941609,-0.328504,-0.673345,-0.210721,,,-0.446287,-0.094311,-0.198451,-0.693147,-0.597837,-1.347074,-0.248461,-2.120264,,-1.07881,-1.771957,0.198851,-0.776529,0.770108,-0.274437,-0.616186,-0.34249,-0.673345,0.165514,-0.446287,-0.400478,-0.301105
1962-07,-0.867501,-0.755023,,-0.210721,-0.798508,-1.609438,-0.314711,-1.108663,-0.867501,-0.105361,,-0.941609,-1.609438,-0.941609,-0.083382,0.576613,-0.634878,-0.18633,-0.139262,,-0.301105,-0.941609,-0.328504,-0.673345,-0.210721,,,-0.446287,-0.094311,-0.198451,-0.693147,-0.597837,-1.347074,-0.248461,-2.120264,,-1.07881,-1.771957,0.198851,-0.776529,0.770108,-0.274437,-0.616186,-0.34249,-0.673345,0.165514,-0.446287,-0.400478,-0.301105
1962-08,-0.867501,-0.755023,,-0.210721,-0.798508,-1.609438,-0.314711,-1.108663,-0.867501,-0.105361,,-0.941609,-1.609438,-0.941609,-0.083382,0.576613,-0.634878,-0.18633,-0.139262,,-0.301105,-0.941609,-0.328504,-0.673345,-0.210721,,,-0.446287,-0.094311,-0.198451,-0.693147,-0.597837,-1.347074,-0.248461,-2.120264,,-1.07881,-1.771957,0.198851,-0.776529,0.770108,-0.274437,-0.616186,-0.34249,-0.673345,0.165514,-0.446287,-0.400478,-0.301105
1962-09,-0.867501,-0.755023,,-0.210721,-0.798508,-1.609438,-0.314711,-1.108663,-0.867501,-0.105361,,-0.941609,-1.609438,-0.941609,-0.083382,0.576613,-0.634878,-0.18633,-0.139262,,-0.301105,-0.941609,-0.328504,-0.673345,-0.210721,,,-0.446287,-0.094311,-0.198451,-0.693147,-0.597837,-1.347074,-0.248461,-2.120264,,-1.07881,-1.771957,0.198851,-0.776529,0.770108,-0.274437,-0.616186,-0.34249,-0.673345,0.165514,-0.446287,-0.400478,-0.301105
1962-10,-0.867501,-0.755023,,-0.210721,-0.798508,-1.609438,-0.314711,-1.108663,-0.867501,-0.105361,,-0.941609,-1.609438,-0.941609,-0.083382,0.576613,-0.634878,-0.18633,-0.139262,,-0.301105,-0.941609,-0.328504,-0.673345,-0.210721,,,-0.446287,-0.094311,-0.198451,-0.693147,-0.597837,-1.347074,-0.248461,-2.120264,,-1.07881,-1.771957,0.198851,-0.776529,0.770108,-0.274437,-0.616186,-0.34249,-0.673345,0.165514,-0.446287,-0.400478,-0.301105
1962-11,-0.867501,-0.755023,,-0.210721,-0.798508,-1.609438,-0.314711,-1.108663,-0.867501,-0.105361,,-0.941609,-1.609438,-0.941609,-0.083382,0.576613,-0.634878,-0.18633,-0.139262,,-0.301105,-0.941609,-0.328504,-0.673345,-0.210721,,,-0.446287,-0.094311,-0.198451,-0.693147,-0.597837,-1.347074,-0.248461,-2.120264,,-1.07881,-1.771957,0.198851,-0.776529,0.770108,-0.274437,-0.616186,-0.34249,-0.673345,0.165514,-0.446287,-0.400478,-0.301105
1962-12,-0.867501,-0.755023,,-0.210721,-0.798508,-1.609438,-0.314711,-1.108663,-0.867501,-0.105361,,-0.941609,-1.609438,-0.941609,-0.083382,0.576613,-0.634878,-0.18633,-0.139262,,-0.301105,-0.941609,-0.328504,-0.673345,-0.210721,,,-0.446287,-0.094311,-0.198451,-0.693147,-0.597837,-1.347074,-0.248461,-2.120264,,-1.07881,-1.771957,0.198851,-0.776529,0.770108,-0.274437,-0.616186,-0.34249,-0.673345,0.165514,-0.446287,-0.400478,-0.301105
1963-01,-0.616186,-0.967584,,-0.400478,-1.171183,-1.427116,-0.597837,-1.347074,-1.139434,-0.634878,,-1.07881,-1.714798,-1.021651,-0.385662,0.270027,-0.755023,-0.562119,-0.223144,,-0.446287,-1.049822,-0.616186,-0.579818,-0.371064,,,-0.562119,-0.371064,-0.314711,-0.798508,-0.71335,-1.386294,-0.314711,-2.302585,,-1.108663,-1.771957,0.086178,-0.820981,0.71784,-0.562119,-0.916291,-0.371064,-1.108663,0.04879,-0.84397,-0.653926,-0.562119
1963-02,-0.616186,-0.967584,,-0.400478,-1.171183,-1.427116,-0.597837,-1.347074,-1.139434,-0.634878,,-1.07881,-1.714798,-1.021651,-0.385662,0.270027,-0.755023,-0.562119,-0.223144,,-0.446287,-1.049822,-0.616186,-0.579818,-0.371064,,,-0.562119,-0.371064,-0.314711,-0.798508,-0.71335,-1.386294,-0.314711,-2.302585,,-1.108663,-1.771957,0.086178,-0.820981,0.71784,-0.562119,-0.916291,-0.371064,-1.108663,0.04879,-0.84397,-0.653926,-0.562119
1963-03,-0.616186,-0.967584,,-0.400478,-1.171183,-1.427116,-0.597837,-1.347074,-1.139434,-0.634878,,-1.07881,-1.714798,-1.021651,-0.385662,0.270027,-0.755023,-0.562119,-0.223144,,-0.446287,-1.049822,-0.616186,-0.579818,-0.371064,,,-0.562119,-0.371064,-0.314711,-0.798508,-0.71335,-1.386294,-0.314711,-2.302585,,-1.108663,-1.771957,0.086178,-0.820981,0.71784,-0.562119,-0.916291,-0.371064,-1.108663,0.04879,-0.84397,-0.653926,-0.562119
1963-04,-0.616186,-0.967584,,-0.400478,-1.171183,-1.427116,-0.597837,-1.347074,-1.139434,-0.634878,,-1.07881,-1.714798,-1.021651,-0.385662,0.270027,-0.755023,-0.562119,-0.223144,,-0.446287,-1.049822,-0.616186,-0.579818,-0.371064,,,-0.562119,-0.371064,-0.314711,-0.798508,-0.71335,-1.386294,-0.314711,-2.302585,,-1.108663,-1.771957,0.086178,-0.820981,0.71784,-0.562119,-0.916291,-0.371064,-1.108663,0.04879,-0.84397,-0.653926,-0.562119
1963-05,-0.616186,-0.967584,,-0.400478,-1.171183,-1.427116,-0.597837,-1.347074,-1.139434,-0.634878,,-1.07881,-1.714798,-1.021651,-0.385662,0.270027,-0.755023,-0.562119,-0.223144,,-0.446287,-1.049822,-0.616186,-0.579818,-0.371064,,,-0.562119,-0.371064,-0.314711,-0.798508,-0.71335,-1.386294,-0.314711,-2.302585,,-1.108663,-1.771957,0.086178,-0.820981,0.71784,-0.562119,-0.916291,-0.371064,-1.108663,0.04879,-0.84397,-0.653926,-0.562119
1963-06,-0.616186,-0.967584,,-0.400478,-1.171183,-1.427116,-0.597837,-1.347074,-1.139434,-0.634878,,-1.07881,-1.714798,-1.021651,-0.385662,0.270027,-0.755023,-0.562119,-0.223144,,-0.446287,-1.049822,-0.616186,-0.579818,-0.371064,,,-0.562119,-0.371064,-0.314711,-0.798508,-0.71335,-1.386294,-0.314711,-2.302585,,-1.108663,-1.771957,0.086178,-0.820981,0.71784,-0.562119,-0.916291,-0.371064,-1.108663,0.04879,-0.84397,-0.653926,-0.562119
1963-07,-0.616186,-0.967584,,-0.400478,-1.171183,-1.427116,-0.597837,-1.347074,-1.139434,-0.634878,,-1.07881,-1.714798,-1.021651,-0.385662,0.270027,-0.755023,-0.562119,-0.223144,,-0.446287,-1.049822,-0.616186,-0.579818,-0.371064,,,-0.562119,-0.371064,-0.314711,-0.798508,-0.71335,-1.386294,-0.314711,-2.302585,,-1.108663,-1.771957,0.086178,-0.820981,0.71784,-0.562119,-0.916291,-0.371064,-1.108663,0.04879,-0.84397,-0.653926,-0.562119
1963-08,-0.616186,-0.967584,,-0.400478,-1.171183,-1.427116,-0.597837,-1.347074,-1.139434,-0.634878,,-1.07881,-1.714798,-1.021651,-0.385662,0.270027,-0.755023,-0.562119,-0.223144,,-0.446287,-1.049822,-0.616186,-0.579818,-0.371064,,,-0.562119,-0.371064,-0.314711,-0.798508,-0.71335,-1.386294,-0.314711,-2.302585,,-1.108663,-1.771957,0.086178,-0.820981,0.71784,-0.562119,-0.916291,-0.371064,-1.108663,0.04879,-0.84397,-0.653926,-0.562119
1963-09,-0.616186,-0.967584,,-0.400478,-1.171183,-1.427116,-0.597837,-1.347074,-1.139434,-0.634878,,-1.07881,-1.714798,-1.021651,-0.385662,0.270027,-0.755023,-0.562119,-0.223144,,-0.446287,-1.049822,-0.616186,-0.579818,-0.371064,,,-0.562119,-0.371064,-0.314711,-0.798508,-0.71335,-1.386294,-0.314711,-2.302585,,-1.108663,-1.771957,0.086178,-0.820981,0.71784,-0.562119,-0.916291,-0.371064,-1.108663,0.04879,-0.84397,-0.653926,-0.562119
1963-10,-0.616186,-0.967584,,-0.400478,-1.171183,-1.427116,-0.597837,-1.347074,-1.139434,-0.634878,,-1.07881,-1.714798,-1.021651,-0.385662,0.270027,-0.755023,-0.562119,-0.223144,,-0.446287,-1.049822,-0.616186,-0.579818,-0.371064,,,-0.562119,-0.371064,-0.314711,-0.798508,-0.71335,-1.386294,-0.314711,-2.302585,,-1.108663,-1.771957,0.086178,-0.820981,0.71784,-0.562119,-0.916291,-0.371064,-1.108663,0.04879,-0.84397,-0.653926,-0.562119
1963-11,-0.616186,-0.967584,,-0.400478,-1.171183,-1.427116,-0.597837,-1.347074,-1.139434,-0.634878,,-1.07881,-1.714798,-1.021651,-0.385662,0.270027,-0.755023,-0.562119,-0.223144,,-0.446287,-1.049822,-0.616186,-0.579818,-0.371064,,,-0.562119,-0.371064,-0.314711,-0.798508,-0.71335,-1.386294,-0.314711,-2.302585,,-1.108663,-1.771957,0.086178,-0.820981,0.71784,-0.562119,-0.916291,-0.371064,-1.108663,0.04879,-0.84397,-0.653926,-0.562119
1963-12,-0.616186,-0.967584,,-0.400478,-1.171183,-1.427116,-0.597837,-1.347074,-1.139434,-0.634878,,-1.07881,-1.714798,-1.021651,-0.385662,0.270027,-0.755023,-0.562119,-0.223144,,-0.446287,-1.049822,-0.616186,-0.579818,-0.371064,,,-0.562119,-0.371064,-0.314711,-0.798508,-0.71335,-1.386294,-0.314711,-2.302585,,-1.108663,-1.771957,0.086178,-0.820981,0.71784,-0.562119,-0.916291,-0.371064,-1.108663,0.04879,-0.84397,-0.653926,-0.562119
1964-01,-0.083382,-0.597837,-1.203973,-0.34249,-0.579818,-0.71335,-0.356675,-1.021651,-1.272966,-0.328504,,-0.867501,-1.272966,-0.941609,-0.34249,0.392042,-0.301105,0.19062,0.14842,-0.051293,-0.223144,-0.274437,-0.527633,-0.328504,0.029559,-0.579818,-0.673345,-0.162519,-0.174353,-0.385662,-0.71335,-0.597837,-0.755023,-0.328504,-1.609438,,-0.653926,-0.616186,-0.287682,-0.84397,0.760806,-0.223144,-0.616186,-0.248461,-0.693147,0.039221,-0.634878,-0.673345,0.113329
1964-02,-0.083382,-0.597837,-1.203973,-0.34249,-0.579818,-0.71335,-0.356675,-1.021651,-1.272966,-0.328504,,-0.867501,-1.272966,-0.941609,-0.34249,0.392042,-0.301105,0.19062,0.14842,-0.051293,-0.223144,-0.274437,-0.527633,-0.328504,0.029559,-0.579818,-0.673345,-0.162519,-0.174353,-0.385662,-0.71335,-0.597837,-0.755023,-0.328504,-1.609438,,-0.653926,-0.616186,-0.287682,-0.84397,0.760806,-0.223144,-0.616186,-0.248461,-0.693147,0.039221,-0.634878,-0.673345,0.113329
1964-03,-0.083382,-0.597837,-1.203973,-0.34249,-0.579818,-0.71335,-0.356675,-1.021651,-1.272966,-0.328504,,-0.867501,-1.272966,-0.941609,-0.34249,0.392042,-0.301105,0.19062,0.14842,-0.051293,-0.223144,-0.274437,-0.527633,-0.328504,0.029559,-0.579818,-0.673345,-0.162519,-0.174353,-0.385662,-0.71335,-0.597837,-0.755023,-0.328504,-1.609438,,-0.653926,-0.616186,-0.287682,-0.84397,0.760806,-0.223144,-0.616186,-0.248461,-0.693147,0.039221,-0.634878,-0.673345,0.113329
1964-04,-0.083382,-0.597837,-1.203973,-0.34249,-0.579818,-0.71335,-0.356675,-1.021651,-1.272966,-0.328504,,-0.867501,-1.272966,-0.941609,-0.34249,0.392042,-0.301105,0.19062,0.14842,-0.051293,-0.223144,-0.274437,-0.527633,-0.328504,0.029559,-0.579818,-0.673345,-0.162519,-0.174353,-0.385662,-0.71335,-0.597837,-0.755023,-0.328504,-1.609438,,-0.653926,-0.616186,-0.287682,-0.84397,0.760806,-0.223144,-0.616186,-0.248461,-0.693147,0.039221,-0.634878,-0.673345,0.113329
1964-05,-0.083382,-0.597837,-1.203973,-0.34249,-0.579818,-0.71335,-0.356675,-1.021651,-1.272966,-0.328504,,-0.867501,-1.272966,-0.941609,-0.34249,0.392042,-0.301105,0.19062,0.14842,-0.051293,-0.223144,-0.274437,-0.527633,-0.328504,0.029559,-0.579818,-0.673345,-0.162519,-0.174353,-0.385662,-0.71335,-0.597837,-0.755023,-0.328504,-1.609438,,-0.653926,-0.616186,-0.287682,-0.84397,0.760806,-0.223144,-0.616186,-0.248461,-0.693147,0.039221,-0.634878,-0.673345,0.113329
1964-06,-0.083382,-0.597837,-1.203973,-0.34249,-0.579818,-0.71335,-0.356675,-1.021651,-1.272966,-0.328504,,-0.867501,-1.272966,-0.941609,-0.34249,0.392042,-0.301105,0.19062,0.14842,-0.051293,-0.223144,-0.274437,-0.527633,-0.328504,0.029559,-0.579818,-0.673345,-0.162519,-0.174353,-0.385662,-0.71335,-0.597837,-0.755023,-0.328504,-1.609438,,-0.653926,-0.616186,-0.287682,-0.84397,0.760806,-0.223144,-0.616186,-0.248461,-0.693147,0.039221,-0.634878,-0.673345,0.113329
1964-07,-0.083382,-0.597837,-1.203973,-0.34249,-0.579818,-0.71335,-0.356675,-1.021651,-1.272966,-0.328504,,-0.867501,-1.272966,-0.941609,-0.34249,0.392042,-0.301105,0.19062,0.14842,-0.051293,-0.223144,-0.274437,-0.527633,-0.328504,0.029559,-0.579818,-0.673345,-0.162519,-0.174353,-0.385662,-0.71335,-0.597837,-0.755023,-0.328504,-1.609438,,-0.653926,-0.616186,-0.287682,-0.84397,0.760806,-0.223144,-0.616186,-0.248461,-0.693147,0.039221,-0.634878,-0.673345,0.113329
1964-08,-0.083382,-0.597837,-1.203973,-0.34249,-0.579818,-0.71335,-0.356675,-1.021651,-1.272966,-0.328504,,-0.867501,-1.272966,-0.941609,-0.34249,0.392042,-0.301105,0.19062,0.14842,-0.051293,-0.223144,-0.274437,-0.527633,-0.328504,0.029559,-0.579818,-0.673345,-0.162519,-0.174353,-0.385662,-0.71335,-0.597837,-0.755023,-0.328504,-1.609438,,-0.653926,-0.616186,-0.287682,-0.84397,0.760806,-0.223144,-0.616186,-0.248461,-0.693147,0.039221,-0.634878,-0.673345,0.113329
1964-09,-0.083382,-0.597837,-1.203973,-0.34249,-0.579818,-0.71335,-0.356675,-1.021651,-1.272966,-0.328504,,-0.867501,-1.272966,-0.941609,-0.34249,0.392042,-0.301105,0.19062,0.14842,-0.051293,-0.223144,-0.274437,-0.527633,-0.328504,0.029559,-0.579818,-0.673345,-0.162519,-0.174353,-0.385662,-0.71335,-0.597837,-0.755023,-0.328504,-1.609438,,-0.653926,-0.616186,-0.287682,-0.84397,0.760806,-0.223144,-0.616186,-0.248461,-0.693147,0.039221,-0.634878,-0.673345,0.113329
1964-10,-0.083382,-0.597837,-1.203973,-0.34249,-0.579818,-0.71335,-0.356675,-1.021651,-1.272966,-0.328504,,-0.867501,-1.272966,-0.941609,-0.34249,0.392042,-0.301105,0.19062,0.14842,-0.051293,-0.223144,-0.274437,-0.527633,-0.328504,0.029559,-0.579818,-0.673345,-0.162519,-0.174353,-0.385662,-0.71335,-0.597837,-0.755023,-0.328504,-1.609438,,-0.653926,-0.616186,-0.287682,-0.84397,0.760806,-0.223144,-0.616186,-0.248461,-0.693147,0.039221,-0.634878,-0.673345,0.113329
1964-11,-0.083382,-0.597837,-1.203973,-0.34249,-0.579818,-0.71335,-0.356675,-1.021651,-1.272966,-0.328504,,-0.867501,-1.272966,-0.941609,-0.34249,0.392042,-0.301105,0.19062,0.14842,-0.051293,-0.223144,-0.274437,-0.527633,-0.328504,0.029559,-0.579818,-0.673345,-0.162519,-0.174353,-0.385662,-0.71335,-0.597837,-0.755023,-0.328504,-1.609438,,-0.653926,-0.616186,-0.287682,-0.84397,0.760806,-0.223144,-0.616186,-0.248461,-0.693147,0.039221,-0.634878,-0.673345,0.113329
1964-12,-0.083382,-0.597837,-1.203973,-0.34249,-0.579818,-0.71335,-0.356675,-1.021651,-1.272966,-0.328504,,-0.867501,-1.272966,-0.941609,-0.34249,0.392042,-0.301105,0.19062,0.14842,-0.051293,-0.223144,-0.274437,-0.527633,-0.328504,0.029559,-0.579818,-0.673345,-0.162519,-0.174353,-0.385662,-0.71335,-0.597837,-0.755023,-0.328504,-1.609438,,-0.653926,-0.616186,-0.287682,-0.84397,0.760806,-0.223144,-0.616186,-0.248461,-0.693147,0.039221,-0.634878,-0.673345,0.113329
1965-01,-0.020203,-0.693147,-1.386294,-0.223144,-0.562119,-0.994252,-0.527633,-0.494296,-1.309333,-0.314711,,-0.916291,-1.427116,-1.021651,-0.385662,0.113329,-0.385662,-0.673345,-0.030459,-0.083382,-0.356675,-0.415515,-0.693147,-0.174353,-0.083382,-0.415515,-0.84397,-0.462035,-0.462035,-0.478036,-0.733969,-0.71335,-0.820981,-0.371064,-1.771957,,-0.891598,-0.562119,-0.446287,-0.941609,0.476234,-0.274437,-0.693147,-0.356675,-0.673345,0.239017,-0.673345,-0.653926,-1.347074
1965-02,-0.020203,-0.693147,-1.386294,-0.223144,-0.562119,-0.994252,-0.527633,-0.494296,-1.309333,-0.314711,,-0.916291,-1.427116,-1.021651,-0.385662,0.113329,-0.385662,-0.673345,-0.030459,-0.083382,-0.356675,-0.415515,-0.693147,-0.174353,-0.083382,-0.415515,-0.84397,-0.462035,-0.462035,-0.478036,-0.733969,-0.71335,-0.820981,-0.371064,-1.771957,,-0.891598,-0.562119,-0.446287,-0.941609,0.476234,-0.274437,-0.693147,-0.356675,-0.673345,0.239017,-0.673345,-0.653926,-1.347074
1965-03,-0.020203,-0.693147,-1.386294,-0.223144,-0.562119,-0.994252,-0.527633,-0.494296,-1.309333,-0.314711,,-0.916291,-1.427116,-1.021651,-0.385662,0.113329,-0.385662,-0.673345,-0.030459,-0.083382,-0.356675,-0.415515,-0.693147,-0.174353,-0.083382,-0.415515,-0.84397,-0.462035,-0.462035,-0.478036,-0.733969,-0.71335,-0.820981,-0.371064,-1.771957,,-0.891598,-0.562119,-0.446287,-0.941609,0.476234,-0.274437,-0.693147,-0.356675,-0.673345,0.239017,-0.673345,-0.653926,-1.347074
1965-04,-0.020203,-0.693147,-1.386294,-0.223144,-0.562119,-0.994252,-0.527633,-0.494296,-1.309333,-0.314711,,-0.916291,-1.427116,-1.021651,-0.385662,0.113329,-0.385662,-0.673345,-0.030459,-0.083382,-0.356675,-0.415515,-0.693147,-0.174353,-0.083382,-0.415515,-0.84397,-0.462035,-0.462035,-0.478036,-0.733969,-0.71335,-0.820981,-0.371064,-1.771957,,-0.891598,-0.562119,-0.446287,-0.941609,0.476234,-0.274437,-0.693147,-0.356675,-0.673345,0.239017,-0.673345,-0.653926,-1.347074
1965-05,-0.020203,-0.693147,-1.386294,-0.223144,-0.562119,-0.994252,-0.527633,-0.494296,-1.309333,-0.314711,,-0.916291,-1.427116,-1.021651,-0.385662,0.113329,-0.385662,-0.673345,-0.030459,-0.083382,-0.356675,-0.415515,-0.693147,-0.174353,-0.083382,-0.415515,-0.84397,-0.462035,-0.462035,-0.478036,-0.733969,-0.71335,-0.820981,-0.371064,-1.771957,,-0.891598,-0.562119,-0.446287,-0.941609,0.476234,-0.274437,-0.693147,-0.356675,-0.673345,0.239017,-0.673345,-0.653926,-1.347074
1965-06,-0.020203,-0.693147,-1.386294,-0.223144,-0.562119,-0.994252,-0.527633,-0.494296,-1.309333,-0.314711,,-0.916291,-1.427116,-1.021651,-0.385662,0.113329,-0.385662,-0.673345,-0.030459,-0.083382,-0.356675,-0.415515,-0.693147,-0.174353,-0.083382,-0.415515,-0.84397,-0.462035,-0.462035,-0.478036,-0.733969,-0.71335,-0.820981,-0.371064,-1.771957,,-0.891598,-0.562119,-0.446287,-0.941609,0.476234,-0.274437,-0.693147,-0.356675,-0.673345,0.239017,-0.673345,-0.653926,-1.347074
1965-07,-0.020203,-0.693147,-1.386294,-0.223144,-0.562119,-0.994252,-0.527633,-0.494296,-1.309333,-0.314711,,-0.916291,-1.427116,-1.021651,-0.385662,0.113329,-0.385662,-0.673345,-0.030459,-0.083382,-0.356675,-0.415515,-0.693147,-0.174353,-0.083382,-0.415515,-0.84397,-0.462035,-0.462035,-0.478036,-0.733969,-0.71335,-0.820981,-0.371064,-1.771957,,-0.891598,-0.562119,-0.446287,-0.941609,0.476234,-0.274437,-0.693147,-0.356675,-0.673345,0.239017,-0.673345,-0.653926,-1.347074
1965-08,-0.020203,-0.693147,-1.386294,-0.223144,-0.562119,-0.994252,-0.527633,-0.494296,-1.309333,-0.314711,,-0.916291,-1.427116,-1.021651,-0.385662,0.113329,-0.385662,-0.673345,-0.030459,-0.083382,-0.356675,-0.415515,-0.693147,-0.174353,-0.083382,-0.415515,-0.84397,-0.462035,-0.462035,-0.478036,-0.733969,-0.71335,-0.820981,-0.371064,-1.771957,,-0.891598,-0.562119,-0.446287,-0.941609,0.476234,-0.274437,-0.693147,-0.356675,-0.673345,0.239017,-0.673345,-0.653926,-1.347074
1965-09,-0.020203,-0.693147,-1.386294,-0.223144,-0.562119,-0.994252,-0.527633,-0.494296,-1.309333,-0.314711,,-0.916291,-1.427116,-1.021651,-0.385662,0.113329,-0.385662,-0.673345,-0.030459,-0.083382,-0.356675,-0.415515,-0.693147,-0.174353,-0.083382,-0.415515,-0.84397,-0.462035,-0.462035,-0.478036,-0.733969,-0.71335,-0.820981,-0.371064,-1.771957,,-0.891598,-0.562119,-0.446287,-0.941609,0.476234,-0.274437,-0.693147,-0.356675,-0.673345,0.239017,-0.673345,-0.653926,-1.347074
1965-10,-0.020203,-0.693147,-1.386294,-0.223144,-0.562119,-0.994252,-0.527633,-0.494296,-1.309333,-0.314711,,-0.916291,-1.427116,-1.021651,-0.385662,0.113329,-0.385662,-0.673345,-0.030459,-0.083382,-0.356675,-0.415515,-0.693147,-0.174353,-0.083382,-0.415515,-0.84397,-0.462035,-0.462035,-0.478036,-0.733969,-0.71335,-0.820981,-0.371064,-1.771957,,-0.891598,-0.562119,-0.446287,-0.941609,0.476234,-0.274437,-0.693147,-0.356675,-0.673345,0.239017,-0.673345,-0.653926,-1.347074
1965-11,-0.020203,-0.693147,-1.386294,-0.223144,-0.562119,-0.994252,-0.527633,-0.494296,-1.309333,-0.314711,,-0.916291,-1.427116,-1.021651,-0.385662,0.113329,-0.385662,-0.673345,-0.030459,-0.083382,-0.356675,-0.415515,-0.693147,-0.174353,-0.083382,-0.415515,-0.84397,-0.462035,-0.462035,-0.478036,-0.733969,-0.71335,-0.820981,-0.371064,-1.771957,,-0.891598,-0.562119,-0.446287,-0.941609,0.476234,-0.274437,-0.693147,-0.356675,-0.673345,0.239017,-0.673345,-0.653926,-1.347074
1965-12,-0.020203,-0.693147,-1.386294,-0.223144,-0.562119,-0.994252,-0.527633,-0.494296,-1.309333,-0.314711,,-0.916291,-1.427116,-1.021651,-0.385662,0.113329,-0.385662,-0.673345,-0.030459,-0.083382,-0.356675,-0.415515,-0.693147,-0.174353,-0.083382,-0.415515,-0.84397,-0.462035,-0.462035,-0.478036,-0.733969,-0.71335,-0.820981,-0.371064,-1.771957,,-0.891598,-0.562119,-0.446287,-0.941609,0.476234,-0.274437,-0.693147,-0.356675,-0.673345,0.239017,-0.673345,-0.653926,-1.347074
1966-01,-0.162519,-0.71335,-1.469676,-0.400478,-0.544727,-0.84397,-0.400478,-0.941609,-1.469676,-0.446287,,-0.941609,-1.560648,-1.07881,-0.400478,-0.01005,-0.385662,-0.494296,-0.030459,-0.301105,-0.478036,-0.562119,-0.820981,-0.385662,-0.223144,-0.162519,-1.171183,-0.71335,-0.430783,-0.653926,-0.798508,-0.634878,-0.776529,-0.462035,-1.514128,,-0.916291,-0.776529,-0.446287,-0.84397,0.371564,-0.34249,-0.916291,-0.430783,-0.162519,-0.328504,-0.562119,-0.415515,-0.139262
1966-02,-0.162519,-0.71335,-1.469676,-0.400478,-0.544727,-0.84397,-0.400478,-0.941609,-1.469676,-0.446287,,-0.941609,-1.560648,-1.07881,-0.400478,-0.01005,-0.385662,-0.494296,-0.030459,-0.301105,-0.478036,-0.562119,-0.820981,-0.385662,-0.223144,-0.162519,-1.171183,-0.71335,-0.430783,-0.653926,-0.798508,-0.634878,-0.776529,-0.462035,-1.514128,,-0.916291,-0.776529,-0.446287,-0.84397,0.371564,-0.34249,-0.916291,-0.430783,-0.162519,-0.328504,-0.562119,-0.415515,-0.139262
1966-03,-0.162519,-0.71335,-1.469676,-0.400478,-0.544727,-0.84397,-0.400478,-0.941609,-1.469676,-0.446287,,-0.941609,-1.560648,-1.07881,-0.400478,-0.01005,-0.385662,-0.494296,-0.030459,-0.301105,-0.478036,-0.562119,-0.820981,-0.385662,-0.223144,-0.162519,-1.171183,-0.71335,-0.430783,-0.653926,-0.798508,-0.634878,-0.776529,-0.462035,-1.514128,,-0.916291,-0.776529,-0.446287,-0.84397,0.371564,-0.34249,-0.916291,-0.430783,-0.162519,-0.328504,-0.562119,-0.415515,-0.139262
1966-04,-0.162519,-0.71335,-1.469676,-0.400478,-0.544727,-0.84397,-0.400478,-0.941609,-1.469676,-0.446287,,-0.941609,-1.560648,-1.07881,-0.400478,-0.01005,-0.385662,-0.494296,-0.030459,-0.301105,-0.478036,-0.562119,-0.820981,-0.385662,-0.223144,-0.162519,-1.171183,-0.71335,-0.430783,-0.653926,-0.798508,-0.634878,-0.776529,-0.462035,-1.514128,,-0.916291,-0.776529,-0.446287,-0.84397,0.371564,-0.34249,-0.916291,-0.430783,-0.162519,-0.328504,-0.562119,-0.415515,-0.139262
1966-05,-0.162519,-0.71335,-1.469676,-0.400478,-0.544727,-0.84397,-0.400478,-0.941609,-1.469676,-0.446287,,-0.941609,-1.560648,-1.07881,-0.400478,-0.01005,-0.385662,-0.494296,-0.030459,-0.301105,-0.478036,-0.562119,-0.820981,-0.385662,-0.223144,-0.162519,-1.171183,-0.71335,-0.430783,-0.653926,-0.798508,-0.634878,-0.776529,-0.462035,-1.514128,,-0.916291,-0.776529,-0.446287,-0.84397,0.371564,-0.34249,-0.916291,-0.430783,-0.162519,-0.328504,-0.562119,-0.415515,-0.139262
1966-06,-0.162519,-0.71335,-1.469676,-0.400478,-0.544727,-0.84397,-0.400478,-0.941609,-1.469676,-0.446287,,-0.941609,-1.560648,-1.07881,-0.400478,-0.01005,-0.385662,-0.494296,-0.030459,-0.301105,-0.478036,-0.562119,-0.820981,-0.385662,-0.223144,-0.162519,-1.171183,-0.71335,-0.430783,-0.653926,-0.798508,-0.634878,-0.776529,-0.462035,-1.514128,,-0.916291,-0.776529,-0.446287,-0.84397,0.371564,-0.34249,-0.916291,-0.430783,-0.162519,-0.328504,-0.562119,-0.415515,-0.139262
1966-07,-0.162519,-0.71335,-1.469676,-0.400478,-0.544727,-0.84397,-0.400478,-0.941609,-1.469676,-0.446287,,-0.941609,-1.560648,-1.07881,-0.400478,-0.01005,-0.385662,-0.494296,-0.030459,-0.301105,-0.478036,-0.562119,-0.820981,-0.385662,-0.223144,-0.162519,-1.171183,-0.71335,-0.430783,-0.653926,-0.798508,-0.634878,-0.776529,-0.462035,-1.514128,,-0.916291,-0.776529,-0.446287,-0.84397,0.371564,-0.34249,-0.916291,-0.430783,-0.162519,-0.328504,-0.562119,-0.415515,-0.139262
1966-08,-0.162519,-0.71335,-1.469676,-0.400478,-0.544727,-0.84397,-0.400478,-0.941609,-1.469676,-0.446287,,-0.941609,-1.560648,-1.07881,-0.400478,-0.01005,-0.385662,-0.494296,-0.030459,-0.301105,-0.478036,-0.562119,-0.820981,-0.385662,-0.223144,-0.162519,-1.171183,-0.71335,-0.430783,-0.653926,-0.798508,-0.634878,-0.776529,-0.462035,-1.514128,,-0.916291,-0.776529,-0.446287,-0.84397,0.371564,-0.34249,-0.916291,-0.430783,-0.162519,-0.328504,-0.562119,-0.415515,-0.139262
1966-09,-0.162519,-0.71335,-1.469676,-0.400478,-0.544727,-0.84397,-0.400478,-0.941609,-1.469676,-0.446287,,-0.941609,-1.560648,-1.07881,-0.400478,-0.01005,-0.385662,-0.494296,-0.030459,-0.301105,-0.478036,-0.562119,-0.820981,-0.385662,-0.223144,-0.162519,-1.171183,-0.71335,-0.430783,-0.653926,-0.798508,-0.634878,-0.776529,-0.462035,-1.514128,,-0.916291,-0.776529,-0.446287,-0.84397,0.371564,-0.34249,-0.916291,-0.430783,-0.162519,-0.328504,-0.562119,-0.415515,-0.139262
1966-10,-0.162519,-0.71335,-1.469676,-0.400478,-0.544727,-0.84397,-0.400478,-0.941609,-1.469676,-0.446287,,-0.941609,-1.560648,-1.07881,-0.400478,-0.01005,-0.385662,-0.494296,-0.030459,-0.301105,-0.478036,-0.562119,-0.820981,-0.385662,-0.223144,-0.162519,-1.171183,-0.71335,-0.430783,-0.653926,-0.798508,-0.634878,-0.776529,-0.462035,-1.514128,,-0.916291,-0.776529,-0.446287,-0.84397,0.371564,-0.34249,-0.916291,-0.430783,-0.162519,-0.328504,-0.562119,-0.415515,-0.139262
1966-11,-0.162519,-0.71335,-1.469676,-0.400478,-0.544727,-0.84397,-0.400478,-0.941609,-1.469676,-0.446287,,-0.941609,-1.560648,-1.07881,-0.400478,-0.01005,-0.385662,-0.494296,-0.030459,-0.301105,-0.478036,-0.562119,-0.820981,-0.385662,-0.223144,-0.162519,-1.171183,-0.71335,-0.430783,-0.653926,-0.798508,-0.634878,-0.776529,-0.462035,-1.514128,,-0.916291,-0.776529,-0.446287,-0.84397,0.371564,-0.34249,-0.916291,-0.430783,-0.162519,-0.328504,-0.562119,-0.415515,-0.139262
1966-12,-0.162519,-0.71335,-1.469676,-0.400478,-0.544727,-0.84397,-0.400478,-0.941609,-1.469676,-0.446287,,-0.941609,-1.560648,-1.07881,-0.400478,-0.01005,-0.385662,-0.494296,-0.030459,-0.301105,-0.478036,-0.562119,-0.820981,-0.385662,-0.223144,-0.162519,-1.171183,-0.71335,-0.430783,-0.653926,-0.798508,-0.634878,-0.776529,-0.462035,-1.514128,,-0.916291,-0.776529,-0.446287,-0.84397,0.371564,-0.34249,-0.916291,-0.430783,-0.162519,-0.328504,-0.562119,-0.415515,-0.139262
1967-01,-0.446287,-0.673345,-1.514128,-0.579818,-0.579818,-1.560648,-0.616186,-1.272966,-1.714798,-0.71335,,-1.108663,-1.771957,-1.049822,-0.478036,-0.356675,-0.494296,-0.891598,-0.174353,-0.462035,-0.653926,-0.84397,-0.798508,-0.798508,-0.34249,-0.415515,-0.941609,-0.776529,-0.462035,-0.616186,-0.733969,-0.494296,-1.049822,-0.776529,-1.660731,,-1.171183,-1.108663,-0.430783,-0.967584,0.157004,-0.544727,-0.867501,-0.597837,-0.415515,-0.274437,-0.653926,-0.415515,-0.478036
1967-02,-0.446287,-0.673345,-1.514128,-0.579818,-0.579818,-1.560648,-0.616186,-1.272966,-1.714798,-0.71335,,-1.108663,-1.771957,-1.049822,-0.478036,-0.356675,-0.494296,-0.891598,-0.174353,-0.462035,-0.653926,-0.84397,-0.798508,-0.798508,-0.34249,-0.415515,-0.941609,-0.776529,-0.462035,-0.616186,-0.733969,-0.494296,-1.049822,-0.776529,-1.660731,,-1.171183,-1.108663,-0.430783,-0.967584,0.157004,-0.544727,-0.867501,-0.597837,-0.415515,-0.274437,-0.653926,-0.415515,-0.478036
1967-03,-0.446287,-0.673345,-1.514128,-0.579818,-0.579818,-1.560648,-0.616186,-1.272966,-1.714798,-0.71335,,-1.108663,-1.771957,-1.049822,-0.478036,-0.356675,-0.494296,-0.891598,-0.174353,-0.462035,-0.653926,-0.84397,-0.798508,-0.798508,-0.34249,-0.415515,-0.941609,-0.776529,-0.462035,-0.616186,-0.733969,-0.494296,-1.049822,-0.776529,-1.660731,,-1.171183,-1.108663,-0.430783,-0.967584,0.157004,-0.544727,-0.867501,-0.597837,-0.415515,-0.274437,-0.653926,-0.415515,-0.478036
1967-04,-0.446287,-0.673345,-1.514128,-0.579818,-0.579818,-1.560648,-0.616186,-1.272966,-1.714798,-0.71335,,-1.108663,-1.771957,-1.049822,-0.478036,-0.356675,-0.494296,-0.891598,-0.174353,-0.462035,-0.653926,-0.84397,-0.798508,-0.798508,-0.34249,-0.415515,-0.941609,-0.776529,-0.462035,-0.616186,-0.733969,-0.494296,-1.049822,-0.776529,-1.660731,,-1.171183,-1.108663,-0.430783,-0.967584,0.157004,-0.544727,-0.867501,-0.597837,-0.415515,-0.274437,-0.653926,-0.415515,-0.478036
1967-05,-0.446287,-0.673345,-1.514128,-0.579818,-0.579818,-1.560648,-0.616186,-1.272966,-1.714798,-0.71335,,-1.108663,-1.771957,-1.049822,-0.478036,-0.356675,-0.494296,-0.891598,-0.174353,-0.462035,-0.653926,-0.84397,-0.798508,-0.798508,-0.34249,-0.415515,-0.941609,-0.776529,-0.462035,-0.616186,-0.733969,-0.494296,-1.049822,-0.776529,-1.660731,,-1.171183,-1.108663,-0.430783,-0.967584,0.157004,-0.544727,-0.867501,-0.597837,-0.415515,-0.274437,-0.653926,-0.415515,-0.478036
1967-06,-0.446287,-0.673345,-1.514128,-0.579818,-0.579818,-1.560648,-0.616186,-1.272966,-1.714798,-0.71335,,-1.108663,-1.771957,-1.049822,-0.478036,-0.356675,-0.494296,-0.891598,-0.174353,-0.462035,-0.653926,-0.84397,-0.798508,-0.798508,-0.34249,-0.415515,-0.941609,-0.776529,-0.462035,-0.616186,-0.733969,-0.494296,-1.049822,-0.776529,-1.660731,,-1.171183,-1.108663,-0.430783,-0.967584,0.157004,-0.544727,-0.867501,-0.597837,-0.415515,-0.274437,-0.653926,-0.415515,-0.478036
1967-07,-0.446287,-0.673345,-1.514128,-0.579818,-0.579818,-1.560648,-0.616186,-1.272966,-1.714798,-0.71335,,-1.108663,-1.771957,-1.049822,-0.478036,-0.356675,-0.494296,-0.891598,-0.174353,-0.462035,-0.653926,-0.84397,-0.798508,-0.798508,-0.34249,-0.415515,-0.941609,-0.776529,-0.462035,-0.616186,-0.733969,-0.494296,-1.049822,-0.776529,-1.660731,,-1.171183,-1.108663,-0.430783,-0.967584,0.157004,-0.544727,-0.867501,-0.597837,-0.415515,-0.274437,-0.653926,-0.415515,-0.478036
1967-08,-0.446287,-0.673345,-1.514128,-0.579818,-0.579818,-1.560648,-0.616186,-1.272966,-1.714798,-0.71335,,-1.108663,-1.771957,-1.049822,-0.478036,-0.356675,-0.494296,-0.891598,-0.174353,-0.462035,-0.653926,-0.84397,-0.798508,-0.798508,-0.34249,-0.415515,-0.941609,-0.776529,-0.462035,-0.616186,-0.733969,-0.494296,-1.049822,-0.776529,-1.660731,,-1.171183,-1.108663,-0.430783,-0.967584,0.157004,-0.544727,-0.867501,-0.597837,-0.415515,-0.274437,-0.653926,-0.415515,-0.478036
1967-09,-0.446287,-0.673345,-1.514128,-0.579818,-0.579818,-1.560648,-0.616186,-1.272966,-1.714798,-0.71335,,-1.108663,-1.771957,-1.049822,-0.478036,-0.356675,-0.494296,-0.891598,-0.174353,-0.462035,-0.653926,-0.84397,-0.798508,-0.798508,-0.34249,-0.415515,-0.941609,-0.776529,-0.462035,-0.616186,-0.733969,-0.494296,-1.049822,-0.776529,-1.660731,,-1.171183,-1.108663,-0.430783,-0.967584,0.157004,-0.544727,-0.867501,-0.597837,-0.415515,-0.274437,-0.653926,-0.415515,-0.478036
1967-10,-0.446287,-0.673345,-1.514128,-0.579818,-0.579818,-1.560648,-0.616186,-1.272966,-1.714798,-0.71335,,-1.108663,-1.771957,-1.049822,-0.478036,-0.356675,-0.494296,-0.891598,-0.174353,-0.462035,-0.653926,-0.84397,-0.798508,-0.798508,-0.34249,-0.415515,-0.941609,-0.776529,-0.462035,-0.616186,-0.733969,-0.494296,-1.049822,-0.776529,-1.660731,,-1.171183,-1.108663,-0.430783,-0.967584,0.157004,-0.544727,-0.867501,-0.597837,-0.415515,-0.274437,-0.653926,-0.415515,-0.478036
1967-11,-0.446287,-0.673345,-1.514128,-0.579818,-0.579818,-1.560648,-0.616186,-1.272966,-1.714798,-0.71335,,-1.108663,-1.771957,-1.049822,-0.478036,-0.356675,-0.494296,-0.891598,-0.174353,-0.462035,-0.653926,-0.84397,-0.798508,-0.798508,-0.34249,-0.415515,-0.941609,-0.776529,-0.462035,-0.616186,-0.733969,-0.494296,-1.049822,-0.776529,-1.660731,,-1.171183,-1.108663,-0.430783,-0.967584,0.157004,-0.544727,-0.867501,-0.597837,-0.415515,-0.274437,-0.653926,-0.415515,-0.478036
1967-12,-0.446287,-0.673345,-1.514128,-0.579818,-0.579818,-1.560648,-0.616186,-1.272966,-1.714798,-0.71335,,-1.108663,-1.771957,-1.049822,-0.478036,-0.356675,-0.494296,-0.891598,-0.174353,-0.462035,-0.653926,-0.84397,-0.798508,-0.798508,-0.34249,-0.415515,-0.941609,-0.776529,-0.462035,-0.616186,-0.733969,-0.494296,-1.049822,-0.776529,-1.660731,,-1.171183,-1.108663,-0.430783,-0.967584,0.157004,-0.544727,-0.867501,-0.597837,-0.415515,-0.274437,-0.653926,-0.415515,-0.478036
1968-01,-0.356675,-0.478036,-1.427116,-0.301105,-0.314711,-1.139434,-0.527633,-1.386294,-1.560648,-0.371064,,-1.203973,-1.660731,-0.653926,-0.356675,0.09531,-0.261365,-0.510826,0.019803,-0.18633,-0.356675,-0.673345,-0.371064,-0.653926,-0.162519,-0.287682,-0.916291,-0.71335,-0.371064,-0.510826,-0.579818,-0.371064,-0.673345,-0.510826,-1.609438,,-1.07881,-0.994252,-0.223144,-0.84397,0.223144,-0.415515,-0.544727,-0.400478,-0.274437,-0.462035,-0.248461,-0.223144,-0.18633
1968-02,-0.356675,-0.478036,-1.427116,-0.301105,-0.314711,-1.139434,-0.527633,-1.386294,-1.560648,-0.371064,,-1.203973,-1.660731,-0.653926,-0.356675,0.09531,-0.261365,-0.510826,0.019803,-0.18633,-0.356675,-0.673345,-0.371064,-0.653926,-0.162519,-0.287682,-0.916291,-0.71335,-0.371064,-0.510826,-0.579818,-0.371064,-0.673345,-0.510826,-1.609438,,-1.07881,-0.994252,-0.223144,-0.84397,0.223144,-0.415515,-0.544727,-0.400478,-0.274437,-0.462035,-0.248461,-0.223144,-0.18633
1968-03,-0.356675,-0.478036,-1.427116,-0.301105,-0.314711,-1.139434,-0.527633,-1.386294,-1.560648,-0.371064,,-1.203973,-1.660731,-0.653926,-0.356675,0.09531,-0.261365,-0.510826,0.019803,-0.18633,-0.356675,-0.673345,-0.371064,-0.653926,-0.162519,-0.287682,-0.916291,-0.71335,-0.371064,-0.510826,-0.579818,-0.371064,-0.673345,-0.510826,-1.609438,,-1.07881,-0.994252,-0.223144,-0.84397,0.223144,-0.415515,-0.544727,-0.400478,-0.274437,-0.462035,-0.248461,-0.223144,-0.18633
1968-04,-0.356675,-0.478036,-1.427116,-0.301105,-0.314711,-1.139434,-0.527633,-1.386294,-1.560648,-0.371064,,-1.203973,-1.660731,-0.653926,-0.356675,0.09531,-0.261365,-0.510826,0.019803,-0.18633,-0.356675,-0.673345,-0.371064,-0.653926,-0.162519,-0.287682,-0.916291,-0.71335,-0.371064,-0.510826,-0.579818,-0.371064,-0.673345,-0.510826,-1.609438,,-1.07881,-0.994252,-0.223144,-0.84397,0.223144,-0.415515,-0.544727,-0.400478,-0.274437,-0.462035,-0.248461,-0.223144,-0.18633
1968-05,-0.356675,-0.478036,-1.427116,-0.301105,-0.314711,-1.139434,-0.527633,-1.386294,-1.560648,-0.371064,,-1.203973,-1.660731,-0.653926,-0.356675,0.09531,-0.261365,-0.510826,0.019803,-0.18633,-0.356675,-0.673345,-0.371064,-0.653926,-0.162519,-0.287682,-0.916291,-0.71335,-0.371064,-0.510826,-0.579818,-0.371064,-0.673345,-0.510826,-1.609438,,-1.07881,-0.994252,-0.223144,-0.84397,0.223144,-0.415515,-0.544727,-0.400478,-0.274437,-0.462035,-0.248461,-0.223144,-0.18633
1968-06,-0.356675,-0.478036,-1.427116,-0.301105,-0.314711,-1.139434,-0.527633,-1.386294,-1.560648,-0.371064,,-1.203973,-1.660731,-0.653926,-0.356675,0.09531,-0.261365,-0.510826,0.019803,-0.18633,-0.356675,-0.673345,-0.371064,-0.653926,-0.162519,-0.287682,-0.916291,-0.71335,-0.371064,-0.510826,-0.579818,-0.371064,-0.673345,-0.510826,-1.609438,,-1.07881,-0.994252,-0.223144,-0.84397,0.223144,-0.415515,-0.544727,-0.400478,-0.274437,-0.462035,-0.248461,-0.223144,-0.18633
1968-07,-0.356675,-0.478036,-1.427116,-0.301105,-0.314711,-1.139434,-0.527633,-1.386294,-1.560648,-0.371064,,-1.203973,-1.660731,-0.653926,-0.356675,0.09531,-0.261365,-0.510826,0.019803,-0.18633,-0.356675,-0.673345,-0.371064,-0.653926,-0.162519,-0.287682,-0.916291,-0.71335,-0.371064,-0.510826,-0.579818,-0.371064,-0.673345,-0.510826,-1.609438,,-1.07881,-0.994252,-0.223144,-0.84397,0.223144,-0.415515,-0.544727,-0.400478,-0.274437,-0.462035,-0.248461,-0.223144,-0.18633
1968-08,-0.356675,-0.478036,-1.427116,-0.301105,-0.314711,-1.139434,-0.527633,-1.386294,-1.560648,-0.371064,,-1.203973,-1.660731,-0.653926,-0.356675,0.09531,-0.261365,-0.510826,0.019803,-0.18633,-0.356675,-0.673345,-0.371064,-0.653926,-0.162519,-0.287682,-0.916291,-0.71335,-0.371064,-0.510826,-0.579818,-0.371064,-0.673345,-0.510826,-1.609438,,-1.07881,-0.994252,-0.223144,-0.84397,0.223144,-0.415515,-0.544727,-0.400478,-0.274437,-0.462035,-0.248461,-0.223144,-0.18633
1968-09,-0.356675,-0.478036,-1.427116,-0.301105,-0.314711,-1.139434,-0.527633,-1.386294,-1.560648,-0.371064,,-1.203973,-1.660731,-0.653926,-0.356675,0.09531,-0.261365,-0.510826,0.019803,-0.18633,-0.356675,-0.673345,-0.371064,-0.653926,-0.162519,-0.287682,-0.916291,-0.71335,-0.371064,-0.510826,-0.579818,-0.371064,-0.673345,-0.510826,-1.609438,,-1.07881,-0.994252,-0.223144,-0.84397,0.223144,-0.415515,-0.544727,-0.400478,-0.274437,-0.462035,-0.248461,-0.223144,-0.18633
1968-10,-0.356675,-0.478036,-1.427116,-0.301105,-0.314711,-1.139434,-0.527633,-1.386294,-1.560648,-0.371064,,-1.203973,-1.660731,-0.653926,-0.356675,0.09531,-0.261365,-0.510826,0.019803,-0.18633,-0.356675,-0.673345,-0.371064,-0.653926,-0.162519,-0.287682,-0.916291,-0.71335,-0.371064,-0.510826,-0.579818,-0.371064,-0.673345,-0.510826,-1.609438,,-1.07881,-0.994252,-0.223144,-0.84397,0.223144,-0.415515,-0.544727,-0.400478,-0.274437,-0.462035,-0.248461,-0.223144,-0.18633
1968-11,-0.356675,-0.478036,-1.427116,-0.301105,-0.314711,-1.139434,-0.527633,-1.386294,-1.560648,-0.371064,,-1.203973,-1.660731,-0.653926,-0.356675,0.09531,-0.261365,-0.510826,0.019803,-0.18633,-0.356675,-0.673345,-0.371064,-0.653926,-0.162519,-0.287682,-0.916291,-0.71335,-0.371064,-0.510826,-0.579818,-0.371064,-0.673345,-0.510826,-1.609438,,-1.07881,-0.994252,-0.223144,-0.84397,0.223144,-0.415515,-0.544727,-0.400478,-0.274437,-0.462035,-0.248461,-0.223144,-0.18633
1968-12,-0.356675,-0.478036,-1.427116,-0.301105,-0.314711,-1.139434,-0.527633,-1.386294,-1.560648,-0.371064,,-1.203973,-1.660731,-0.653926,-0.356675,0.09531,-0.261365,-0.510826,0.019803,-0.18633,-0.356675,-0.673345,-0.371064,-0.653926,-0.162519,-0.287682,-0.916291,-0.71335,-0.371064,-0.510826,-0.579818,-0.371064,-0.673345,-0.510826,-1.609438,,-1.07881,-0.994252,-0.223144,-0.84397,0.223144,-0.415515,-0.544727,-0.400478,-0.274437,-0.462035,-0.248461,-0.223144,-0.18633
1969-01,-0.430783,-0.597837,-1.609438,-0.562119,-0.462035,-1.347074,-1.07881,-1.347074,-1.714798,-0.776529,,-1.560648,-1.660731,-0.776529,-1.272966,-0.210721,-0.597837,-1.171183,-0.127833,-0.462035,-0.673345,-1.07881,-0.597837,-0.941609,-0.162519,-0.274437,-1.237874,-0.967584,-0.693147,-0.597837,-0.510826,-0.274437,-1.660731,-1.07881,-2.040221,,-1.272966,-1.309333,-0.328504,-0.994252,0.165514,-0.967584,-0.776529,-1.108663,-0.34249,-0.287682,-0.755023,-0.634878,-0.693147
1969-02,-0.430783,-0.597837,-1.609438,-0.562119,-0.462035,-1.347074,-1.07881,-1.347074,-1.714798,-0.776529,,-1.560648,-1.660731,-0.776529,-1.272966,-0.210721,-0.597837,-1.171183,-0.127833,-0.462035,-0.673345,-1.07881,-0.597837,-0.941609,-0.162519,-0.274437,-1.237874,-0.967584,-0.693147,-0.597837,-0.510826,-0.274437,-1.660731,-1.07881,-2.040221,,-1.272966,-1.309333,-0.328504,-0.994252,0.165514,-0.967584,-0.776529,-1.108663,-0.34249,-0.287682,-0.755023,-0.634878,-0.693147
1969-03,-0.430783,-0.597837,-1.609438,-0.562119,-0.462035,-1.347074,-1.07881,-1.347074,-1.714798,-0.776529,,-1.560648,-1.660731,-0.776529,-1.272966,-0.210721,-0.597837,-1.171183,-0.127833,-0.462035,-0.673345,-1.07881,-0.597837,-0.941609,-0.162519,-0.274437,-1.237874,-0.967584,-0.693147,-0.597837,-0.510826,-0.274437,-1.660731,-1.07881,-2.040221,,-1.272966,-1.309333,-0.328504,-0.994252,0.165514,-0.967584,-0.776529,-1.108663,-0.34249,-0.287682,-0.755023,-0.634878,-0.693147
1969-04,-0.430783,-0.597837,-1.609438,-0.562119,-0.462035,-1.347074,-1.07881,-1.347074,-1.714798,-0.776529,,-1.560648,-1.660731,-0.776529,-1.272966,-0.210721,-0.597837,-1.171183,-0.127833,-0.462035,-0.673345,-1.07881,-0.597837,-0.941609,-0.162519,-0.274437,-1.237874,-0.967584,-0.693147,-0.597837,-0.510826,-0.274437,-1.660731,-1.07881,-2.040221,,-1.272966,-1.309333,-0.328504,-0.994252,0.165514,-0.967584,-0.776529,-1.108663,-0.34249,-0.287682,-0.755023,-0.634878,-0.693147
1969-05,-0.430783,-0.597837,-1.609438,-0.562119,-0.462035,-1.347074,-1.07881,-1.347074,-1.714798,-0.776529,,-1.560648,-1.660731,-0.776529,-1.272966,-0.210721,-0.597837,-1.171183,-0.127833,-0.462035,-0.673345,-1.07881,-0.597837,-0.941609,-0.162519,-0.274437,-1.237874,-0.967584,-0.693147,-0.597837,-0.510826,-0.274437,-1.660731,-1.07881,-2.040221,,-1.272966,-1.309333,-0.328504,-0.994252,0.165514,-0.967584,-0.776529,-1.108663,-0.34249,-0.287682,-0.755023,-0.634878,-0.693147
1969-06,-0.430783,-0.597837,-1.609438,-0.562119,-0.462035,-1.347074,-1.07881,-1.347074,-1.714798,-0.776529,,-1.560648,-1.660731,-0.776529,-1.272966,-0.210721,-0.597837,-1.171183,-0.127833,-0.462035,-0.673345,-1.07881,-0.597837,-0.941609,-0.162519,-0.274437,-1.237874,-0.967584,-0.693147,-0.597837,-0.510826,-0.274437,-1.660731,-1.07881,-2.040221,,-1.272966,-1.309333,-0.328504,-0.994252,0.165514,-0.967584,-0.776529,-1.108663,-0.34249,-0.287682,-0.755023,-0.634878,-0.693147
1969-07,-0.430783,-0.597837,-1.609438,-0.562119,-0.462035,-1.347074,-1.07881,-1.347074,-1.714798,-0.776529,,-1.560648,-1.660731,-0.776529,-1.272966,-0.210721,-0.597837,-1.171183,-0.127833,-0.462035,-0.673345,-1.07881,-0.597837,-0.941609,-0.162519,-0.274437,-1.237874,-0.967584,-0.693147,-0.597837,-0.510826,-0.274437,-1.660731,-1.07881,-2.040221,,-1.272966,-1.309333,-0.328504,-0.994252,0.165514,-0.967584,-0.776529,-1.108663,-0.34249,-0.287682,-0.755023,-0.634878,-0.693147
1969-08,-0.430783,-0.597837,-1.609438,-0.562119,-0.462035,-1.347074,-1.07881,-1.347074,-1.714798,-0.776529,,-1.560648,-1.660731,-0.776529,-1.272966,-0.210721,-0.597837,-1.171183,-0.127833,-0.462035,-0.673345,-1.07881,-0.597837,-0.941609,-0.162519,-0.274437,-1.237874,-0.967584,-0.693147,-0.597837,-0.510826,-0.274437,-1.660731,-1.07881,-2.040221,,-1.272966,-1.309333,-0.328504,-0.994252,0.165514,-0.967584,-0.776529,-1.108663,-0.34249,-0.287682,-0.755023,-0.634878,-0.693147
1969-09,-0.430783,-0.597837,-1.609438,-0.562119,-0.462035,-1.347074,-1.07881,-1.347074,-1.714798,-0.776529,,-1.560648,-1.660731,-0.776529,-1.272966,-0.210721,-0.597837,-1.171183,-0.127833,-0.462035,-0.673345,-1.07881,-0.597837,-0.941609,-0.162519,-0.274437,-1.237874,-0.967584,-0.693147,-0.597837,-0.510826,-0.274437,-1.660731,-1.07881,-2.040221,,-1.272966,-1.309333,-0.328504,-0.994252,0.165514,-0.967584,-0.776529,-1.108663,-0.34249,-0.287682,-0.755023,-0.634878,-0.693147
1969-10,-0.430783,-0.597837,-1.609438,-0.562119,-0.462035,-1.347074,-1.07881,-1.347074,-1.714798,-0.776529,,-1.560648,-1.660731,-0.776529,-1.272966,-0.210721,-0.597837,-1.171183,-0.127833,-0.462035,-0.673345,-1.07881,-0.597837,-0.941609,-0.162519,-0.274437,-1.237874,-0.967584,-0.693147,-0.597837,-0.510826,-0.274437,-1.660731,-1.07881,-2.040221,,-1.272966,-1.309333,-0.328504,-0.994252,0.165514,-0.967584,-0.776529,-1.108663,-0.34249,-0.287682,-0.755023,-0.634878,-0.693147
1969-11,-0.430783,-0.597837,-1.609438,-0.562119,-0.462035,-1.347074,-1.07881,-1.347074,-1.714798,-0.776529,,-1.560648,-1.660731,-0.776529,-1.272966,-0.210721,-0.597837,-1.171183,-0.127833,-0.462035,-0.673345,-1.07881,-0.597837,-0.941609,-0.162519,-0.274437,-1.237874,-0.967584,-0.693147,-0.597837,-0.510826,-0.274437,-1.660731,-1.07881,-2.040221,,-1.272966,-1.309333,-0.328504,-0.994252,0.165514,-0.967584,-0.776529,-1.108663,-0.34249,-0.287682,-0.755023,-0.634878,-0.693147
1969-12,-0.430783,-0.597837,-1.609438,-0.562119,-0.462035,-1.347074,-1.07881,-1.347074,-1.714798,-0.776529,,-1.560648,-1.660731,-0.776529,-1.272966,-0.210721,-0.597837,-1.171183,-0.127833,-0.462035,-0.673345,-1.07881,-0.597837,-0.941609,-0.162519,-0.274437,-1.237874,-0.967584,-0.693147,-0.597837,-0.510826,-0.274437,-1.660731,-1.07881,-2.040221,,-1.272966,-1.309333,-0.328504,-0.994252,0.165514,-0.967584,-0.776529,-1.108663,-0.34249,-0.287682,-0.755023,-0.634878,-0.693147
1970-01,-0.287682,-0.798508,-1.660731,-0.71335,-0.579818,-1.309333,-1.347074,-1.171183,-1.560648,-0.891598,-1.660731,-1.560648,-1.609438,-0.776529,-1.108663,-0.400478,-0.798508,-1.021651,-0.162519,-0.415515,-0.733969,-1.021651,-0.597837,-0.733969,-0.510826,-0.494296,-1.469676,-0.755023,-0.776529,-0.673345,-0.527633,-0.301105,-1.832581,-1.049822,-1.832581,,-1.171183,-1.386294,-0.544727,-1.07881,0.04879,-0.994252,-0.891598,-1.427116,-0.34249,-0.798508,-1.309333,-0.430783,-0.755023
1970-02,-0.287682,-0.798508,-1.660731,-0.71335,-0.579818,-1.309333,-1.347074,-1.171183,-1.560648,-0.891598,-1.660731,-1.560648,-1.609438,-0.776529,-1.108663,-0.400478,-0.798508,-1.021651,-0.162519,-0.415515,-0.733969,-1.021651,-0.597837,-0.733969,-0.510826,-0.494296,-1.469676,-0.755023,-0.776529,-0.673345,-0.527633,-0.301105,-1.832581,-1.049822,-1.832581,,-1.171183,-1.386294,-0.544727,-1.07881,0.04879,-0.994252,-0.891598,-1.427116,-0.34249,-0.798508,-1.309333,-0.430783,-0.755023
1970-03,-0.287682,-0.798508,-1.660731,-0.71335,-0.579818,-1.309333,-1.347074,-1.171183,-1.560648,-0.891598,-1.660731,-1.560648,-1.609438,-0.776529,-1.108663,-0.400478,-0.798508,-1.021651,-0.162519,-0.415515,-0.733969,-1.021651,-0.597837,-0.733969,-0.510826,-0.494296,-1.469676,-0.755023,-0.776529,-0.673345,-0.527633,-0.301105,-1.832581,-1.049822,-1.832581,,-1.171183,-1.386294,-0.544727,-1.07881,0.04879,-0.994252,-0.891598,-1.427116,-0.34249,-0.798508,-1.309333,-0.430783,-0.755023
1970-04,-0.287682,-0.798508,-1.660731,-0.71335,-0.579818,-1.309333,-1.347074,-1.171183,-1.560648,-0.891598,-1.660731,-1.560648,-1.609438,-0.776529,-1.108663,-0.400478,-0.798508,-1.021651,-0.162519,-0.415515,-0.733969,-1.021651,-0.597837,-0.733969,-0.510826,-0.494296,-1.469676,-0.755023,-0.776529,-0.673345,-0.527633,-0.301105,-1.832581,-1.049822,-1.832581,,-1.171183,-1.386294,-0.544727,-1.07881,0.04879,-0.994252,-0.891598,-1.427116,-0.34249,-0.798508,-1.309333,-0.430783,-0.755023
1970-05,-0.287682,-0.798508,-1.660731,-0.71335,-0.579818,-1.309333,-1.347074,-1.171183,-1.560648,-0.891598,-1.660731,-1.560648,-1.609438,-0.776529,-1.108663,-0.400478,-0.798508,-1.021651,-0.162519,-0.415515,-0.733969,-1.021651,-0.597837,-0.733969,-0.510826,-0.494296,-1.469676,-0.755023,-0.776529,-0.673345,-0.527633,-0.301105,-1.832581,-1.049822,-1.832581,,-1.171183,-1.386294,-0.544727,-1.07881,0.04879,-0.994252,-0.891598,-1.427116,-0.34249,-0.798508,-1.309333,-0.430783,-0.755023
1970-06,-0.287682,-0.798508,-1.660731,-0.71335,-0.579818,-1.309333,-1.347074,-1.171183,-1.560648,-0.891598,-1.660731,-1.560648,-1.609438,-0.776529,-1.108663,-0.400478,-0.798508,-1.021651,-0.162519,-0.415515,-0.733969,-1.021651,-0.597837,-0.733969,-0.510826,-0.494296,-1.469676,-0.755023,-0.776529,-0.673345,-0.527633,-0.301105,-1.832581,-1.049822,-1.832581,,-1.171183,-1.386294,-0.544727,-1.07881,0.04879,-0.994252,-0.891598,-1.427116,-0.34249,-0.798508,-1.309333,-0.430783,-0.755023
1970-07,-0.287682,-0.798508,-1.660731,-0.71335,-0.579818,-1.309333,-1.347074,-1.171183,-1.560648,-0.891598,-1.660731,-1.560648,-1.609438,-0.776529,-1.108663,-0.400478,-0.798508,-1.021651,-0.162519,-0.415515,-0.733969,-1.021651,-0.597837,-0.733969,-0.510826,-0.494296,-1.469676,-0.755023,-0.776529,-0.673345,-0.527633,-0.301105,-1.832581,-1.049822,-1.832581,,-1.171183,-1.386294,-0.544727,-1.07881,0.04879,-0.994252,-0.891598,-1.427116,-0.34249,-0.798508,-1.309333,-0.430783,-0.755023
1970-08,-0.287682,-0.798508,-1.660731,-0.71335,-0.579818,-1.309333,-1.347074,-1.171183,-1.560648,-0.891598,-1.660731,-1.560648,-1.609438,-0.776529,-1.108663,-0.400478,-0.798508,-1.021651,-0.162519,-0.415515,-0.733969,-1.021651,-0.597837,-0.733969,-0.510826,-0.494296,-1.469676,-0.755023,-0.776529,-0.673345,-0.527633,-0.301105,-1.832581,-1.049822,-1.832581,,-1.171183,-1.386294,-0.544727,-1.07881,0.04879,-0.994252,-0.891598,-1.427116,-0.34249,-0.798508,-1.309333,-0.430783,-0.755023
1970-09,-0.287682,-0.798508,-1.660731,-0.71335,-0.579818,-1.309333,-1.347074,-1.171183,-1.560648,-0.891598,-1.660731,-1.560648,-1.609438,-0.776529,-1.108663,-0.400478,-0.798508,-1.021651,-0.162519,-0.415515,-0.733969,-1.021651,-0.597837,-0.733969,-0.510826,-0.494296,-1.469676,-0.755023,-0.776529,-0.673345,-0.527633,-0.301105,-1.832581,-1.049822,-1.832581,,-1.171183,-1.386294,-0.544727,-1.07881,0.04879,-0.994252,-0.891598,-1.427116,-0.34249,-0.798508,-1.309333,-0.430783,-0.755023
1970-10,-0.287682,-0.798508,-1.660731,-0.71335,-0.579818,-1.309333,-1.347074,-1.171183,-1.560648,-0.891598,-1.660731,-1.560648,-1.609438,-0.776529,-1.108663,-0.400478,-0.798508,-1.021651,-0.162519,-0.415515,-0.733969,-1.021651,-0.597837,-0.733969,-0.510826,-0.494296,-1.469676,-0.755023,-0.776529,-0.673345,-0.527633,-0.301105,-1.832581,-1.049822,-1.832581,,-1.171183,-1.386294,-0.544727,-1.07881,0.04879,-0.994252,-0.891598,-1.427116,-0.34249,-0.798508,-1.309333,-0.430783,-0.755023
1970-11,-0.287682,-0.798508,-1.660731,-0.71335,-0.579818,-1.309333,-1.347074,-1.171183,-1.560648,-0.891598,-1.660731,-1.560648,-1.609438,-0.776529,-1.108663,-0.400478,-0.798508,-1.021651,-0.162519,-0.415515,-0.733969,-1.021651,-0.597837,-0.733969,-0.510826,-0.494296,-1.469676,-0.755023,-0.776529,-0.673345,-0.527633,-0.301105,-1.832581,-1.049822,-1.832581,,-1.171183,-1.386294,-0.544727,-1.07881,0.04879,-0.994252,-0.891598,-1.427116,-0.34249,-0.798508,-1.309333,-0.430783,-0.755023
1970-12,-0.287682,-0.798508,-1.660731,-0.71335,-0.579818,-1.309333,-1.347074,-1.171183,-1.560648,-0.891598,-1.660731,-1.560648,-1.609438,-0.776529,-1.108663,-0.400478,-0.798508,-1.021651,-0.162519,-0.415515,-0.733969,-1.021651,-0.597837,-0.733969,-0.510826,-0.494296,-1.469676,-0.755023,-0.776529,-0.673345,-0.527633,-0.301105,-1.832581,-1.049822,-1.832581,,-1.171183,-1.386294,-0.544727,-1.07881,0.04879,-0.994252,-0.891598,-1.427116,-0.34249,-0.798508,-1.309333,-0.430783,-0.755023
1971-01,-0.210721,-0.616186,-1.660731,-0.693147,-0.579818,-0.916291,-1.272966,-0.967584,-1.514128,-0.446287,-1.771957,-1.771957,-1.609438,-0.430783,-0.462035,-0.01005,-0.527633,-0.462035,0.157004,0.019803,-0.446287,-0.733969,-0.356675,-0.127833,-0.072571,0.14842,-1.049822,-0.527633,-0.673345,-0.314711,-0.287682,-0.150823,-1.514128,-1.049822,-1.832581,-1.714798,-0.916291,-1.203973,-0.446287,-0.820981,0.536493,-0.71335,-0.798508,-1.203973,-0.385662,-0.478036,-0.994252,-0.162519,-0.314711
1971-02,-0.210721,-0.616186,-1.660731,-0.693147,-0.579818,-0.916291,-1.272966,-0.967584,-1.514128,-0.446287,-1.771957,-1.771957,-1.609438,-0.430783,-0.462035,-0.01005,-0.527633,-0.462035,0.157004,0.019803,-0.446287,-0.733969,-0.356675,-0.127833,-0.072571,0.14842,-1.049822,-0.527633,-0.673345,-0.314711,-0.287682,-0.150823,-1.514128,-1.049822,-1.832581,-1.714798,-0.916291,-1.203973,-0.446287,-0.820981,0.536493,-0.71335,-0.798508,-1.203973,-0.385662,-0.478036,-0.994252,-0.162519,-0.314711
1971-03,-0.210721,-0.616186,-1.660731,-0.693147,-0.579818,-0.916291,-1.272966,-0.967584,-1.514128,-0.446287,-1.771957,-1.771957,-1.609438,-0.430783,-0.462035,-0.01005,-0.527633,-0.462035,0.157004,0.019803,-0.446287,-0.733969,-0.356675,-0.127833,-0.072571,0.14842,-1.049822,-0.527633,-0.673345,-0.314711,-0.287682,-0.150823,-1.514128,-1.049822,-1.832581,-1.714798,-0.916291,-1.203973,-0.446287,-0.820981,0.536493,-0.71335,-0.798508,-1.203973,-0.385662,-0.478036,-0.994252,-0.162519,-0.314711
1971-04,-0.210721,-0.616186,-1.660731,-0.693147,-0.579818,-0.916291,-1.272966,-0.967584,-1.514128,-0.446287,-1.771957,-1.771957,-1.609438,-0.430783,-0.462035,-0.01005,-0.527633,-0.462035,0.157004,0.019803,-0.446287,-0.733969,-0.356675,-0.127833,-0.072571,0.14842,-1.049822,-0.527633,-0.673345,-0.314711,-0.287682,-0.150823,-1.514128,-1.049822,-1.832581,-1.714798,-0.916291,-1.203973,-0.446287,-0.820981,0.536493,-0.71335,-0.798508,-1.203973,-0.385662,-0.478036,-0.994252,-0.162519,-0.314711
1971-05,-0.210721,-0.616186,-1.660731,-0.693147,-0.579818,-0.916291,-1.272966,-0.967584,-1.514128,-0.446287,-1.771957,-1.771957,-1.609438,-0.430783,-0.462035,-0.01005,-0.527633,-0.462035,0.157004,0.019803,-0.446287,-0.733969,-0.356675,-0.127833,-0.072571,0.14842,-1.049822,-0.527633,-0.673345,-0.314711,-0.287682,-0.150823,-1.514128,-1.049822,-1.832581,-1.714798,-0.916291,-1.203973,-0.446287,-0.820981,0.536493,-0.71335,-0.798508,-1.203973,-0.385662,-0.478036,-0.994252,-0.162519,-0.314711
1971-06,-0.210721,-0.616186,-1.660731,-0.693147,-0.579818,-0.916291,-1.272966,-0.967584,-1.514128,-0.446287,-1.771957,-1.771957,-1.609438,-0.430783,-0.462035,-0.01005,-0.527633,-0.462035,0.157004,0.019803,-0.446287,-0.733969,-0.356675,-0.127833,-0.072571,0.14842,-1.049822,-0.527633,-0.673345,-0.314711,-0.287682,-0.150823,-1.514128,-1.049822,-1.832581,-1.714798,-0.916291,-1.203973,-0.446287,-0.820981,0.536493,-0.71335,-0.798508,-1.203973,-0.385662,-0.478036,-0.994252,-0.162519,-0.314711
1971-07,-0.210721,-0.616186,-1.660731,-0.693147,-0.579818,-0.916291,-1.272966,-0.967584,-1.514128,-0.446287,-1.771957,-1.771957,-1.609438,-0.430783,-0.462035,-0.01005,-0.527633,-0.462035,0.157004,0.019803,-0.446287,-0.733969,-0.356675,-0.127833,-0.072571,0.14842,-1.049822,-0.527633,-0.673345,-0.314711,-0.287682,-0.150823,-1.514128,-1.049822,-1.832581,-1.714798,-0.916291,-1.203973,-0.446287,-0.820981,0.536493,-0.71335,-0.798508,-1.203973,-0.385662,-0.478036,-0.994252,-0.162519,-0.314711
1971-08,-0.210721,-0.616186,-1.660731,-0.693147,-0.579818,-0.916291,-1.272966,-0.967584,-1.514128,-0.446287,-1.771957,-1.771957,-1.609438,-0.430783,-0.462035,-0.01005,-0.527633,-0.462035,0.157004,0.019803,-0.446287,-0.733969,-0.356675,-0.127833,-0.072571,0.14842,-1.049822,-0.527633,-0.673345,-0.314711,-0.287682,-0.150823,-1.514128,-1.049822,-1.832581,-1.714798,-0.916291,-1.203973,-0.446287,-0.820981,0.536493,-0.71335,-0.798508,-1.203973,-0.385662,-0.478036,-0.994252,-0.162519,-0.314711
1971-09,-0.210721,-0.616186,-1.660731,-0.693147,-0.579818,-0.916291,-1.272966,-0.967584,-1.514128,-0.446287,-1.771957,-1.771957,-1.609438,-0.430783,-0.462035,-0.01005,-0.527633,-0.462035,0.157004,0.019803,-0.446287,-0.733969,-0.356675,-0.127833,-0.072571,0.14842,-1.049822,-0.527633,-0.673345,-0.314711,-0.287682,-0.150823,-1.514128,-1.049822,-1.832581,-1.714798,-0.916291,-1.203973,-0.446287,-0.820981,0.536493,-0.71335,-0.798508,-1.203973,-0.385662,-0.478036,-0.994252,-0.162519,-0.314711
1971-10,-0.210721,-0.616186,-1.660731,-0.693147,-0.579818,-0.916291,-1.272966,-0.967584,-1.514128,-0.446287,-1.771957,-1.771957,-1.609438,-0.430783,-0.462035,-0.01005,-0.527633,-0.462035,0.157004,0.019803,-0.446287,-0.733969,-0.356675,-0.127833,-0.072571,0.14842,-1.049822,-0.527633,-0.673345,-0.314711,-0.287682,-0.150823,-1.514128,-1.049822,-1.832581,-1.714798,-0.916291,-1.203973,-0.446287,-0.820981,0.536493,-0.71335,-0.798508,-1.203973,-0.385662,-0.478036,-0.994252,-0.162519,-0.314711
1971-11,-0.210721,-0.616186,-1.660731,-0.693147,-0.579818,-0.916291,-1.272966,-0.967584,-1.514128,-0.446287,-1.771957,-1.771957,-1.609438,-0.430783,-0.462035,-0.01005,-0.527633,-0.462035,0.157004,0.019803,-0.446287,-0.733969,-0.356675,-0.127833,-0.072571,0.14842,-1.049822,-0.527633,-0.673345,-0.314711,-0.287682,-0.150823,-1.514128,-1.049822,-1.832581,-1.714798,-0.916291,-1.203973,-0.446287,-0.820981,0.536493,-0.71335,-0.798508,-1.203973,-0.385662,-0.478036,-0.994252,-0.162519,-0.314711
1971-12,-0.210721,-0.616186,-1.660731,-0.693147,-0.579818,-0.916291,-1.272966,-0.967584,-1.514128,-0.446287,-1.771957,-1.771957,-1.609438,-0.430783,-0.462035,-0.01005,-0.527633,-0.462035,0.157004,0.019803,-0.446287,-0.733969,-0.356675,-0.127833,-0.072571,0.14842,-1.049822,-0.527633,-0.673345,-0.314711,-0.287682,-0.150823,-1.514128,-1.049822,-1.832581,-1.714798,-0.916291,-1.203973,-0.446287,-0.820981,0.536493,-0.71335,-0.798508,-1.203973,-0.385662,-0.478036,-0.994252,-0.162519,-0.314711
1972-01,0.086178,-0.562119,-1.609438,-0.693147,-0.673345,-0.798508,-1.049822,-0.776529,-1.386294,-0.385662,-0.941609,-1.386294,-1.514128,-0.462035,-0.478036,-0.072571,-0.494296,-0.287682,0.34359,0.131028,-0.371064,-0.733969,-0.446287,0.157004,-0.094311,0.19062,-0.994252,-0.371064,-0.916291,-0.356675,-0.328504,-0.105361,-1.07881,-0.673345,-1.427116,-0.274437,-0.673345,-0.967584,-0.430783,-0.776529,0.536493,-0.356675,-0.776529,-0.867501,-0.328504,-0.314711,-0.562119,-0.051293,0.058269
1972-02,0.086178,-0.562119,-1.609438,-0.693147,-0.673345,-0.798508,-1.049822,-0.776529,-1.386294,-0.385662,-0.941609,-1.386294,-1.514128,-0.462035,-0.478036,-0.072571,-0.494296,-0.287682,0.34359,0.131028,-0.371064,-0.733969,-0.446287,0.157004,-0.094311,0.19062,-0.994252,-0.371064,-0.916291,-0.356675,-0.328504,-0.105361,-1.07881,-0.673345,-1.427116,-0.274437,-0.673345,-0.967584,-0.430783,-0.776529,0.536493,-0.356675,-0.776529,-0.867501,-0.328504,-0.314711,-0.562119,-0.051293,0.058269
1972-03,0.086178,-0.562119,-1.609438,-0.693147,-0.673345,-0.798508,-1.049822,-0.776529,-1.386294,-0.385662,-0.941609,-1.386294,-1.514128,-0.462035,-0.478036,-0.072571,-0.494296,-0.287682,0.34359,0.131028,-0.371064,-0.733969,-0.446287,0.157004,-0.094311,0.19062,-0.994252,-0.371064,-0.916291,-0.356675,-0.328504,-0.105361,-1.07881,-0.673345,-1.427116,-0.274437,-0.673345,-0.967584,-0.430783,-0.776529,0.536493,-0.356675,-0.776529,-0.867501,-0.328504,-0.314711,-0.562119,-0.051293,0.058269
1972-04,0.086178,-0.562119,-1.609438,-0.693147,-0.673345,-0.798508,-1.049822,-0.776529,-1.386294,-0.385662,-0.941609,-1.386294,-1.514128,-0.462035,-0.478036,-0.072571,-0.494296,-0.287682,0.34359,0.131028,-0.371064,-0.733969,-0.446287,0.157004,-0.094311,0.19062,-0.994252,-0.371064,-0.916291,-0.356675,-0.328504,-0.105361,-1.07881,-0.673345,-1.427116,-0.274437,-0.673345,-0.967584,-0.430783,-0.776529,0.536493,-0.356675,-0.776529,-0.867501,-0.328504,-0.314711,-0.562119,-0.051293,0.058269
1972-05,0.086178,-0.562119,-1.609438,-0.693147,-0.673345,-0.798508,-1.049822,-0.776529,-1.386294,-0.385662,-0.941609,-1.386294,-1.514128,-0.462035,-0.478036,-0.072571,-0.494296,-0.287682,0.34359,0.131028,-0.371064,-0.733969,-0.446287,0.157004,-0.094311,0.19062,-0.994252,-0.371064,-0.916291,-0.356675,-0.328504,-0.105361,-1.07881,-0.673345,-1.427116,-0.274437,-0.673345,-0.967584,-0.430783,-0.776529,0.536493,-0.356675,-0.776529,-0.867501,-0.328504,-0.314711,-0.562119,-0.051293,0.058269
1972-06,0.086178,-0.562119,-1.609438,-0.693147,-0.673345,-0.798508,-1.049822,-0.776529,-1.386294,-0.385662,-0.941609,-1.386294,-1.514128,-0.462035,-0.478036,-0.072571,-0.494296,-0.287682,0.34359,0.131028,-0.371064,-0.733969,-0.446287,0.157004,-0.094311,0.19062,-0.994252,-0.371064,-0.916291,-0.356675,-0.328504,-0.105361,-1.07881,-0.673345,-1.427116,-0.274437,-0.673345,-0.967584,-0.430783,-0.776529,0.536493,-0.356675,-0.776529,-0.867501,-0.328504,-0.314711,-0.562119,-0.051293,0.058269
1972-07,0.086178,-0.562119,-1.609438,-0.693147,-0.673345,-0.798508,-1.049822,-0.776529,-1.386294,-0.385662,-0.941609,-1.386294,-1.514128,-0.462035,-0.478036,-0.072571,-0.494296,-0.287682,0.34359,0.131028,-0.371064,-0.733969,-0.446287,0.157004,-0.094311,0.19062,-0.994252,-0.371064,-0.916291,-0.356675,-0.328504,-0.105361,-1.07881,-0.673345,-1.427116,-0.274437,-0.673345,-0.967584,-0.430783,-0.776529,0.536493,-0.356675,-0.776529,-0.867501,-0.328504,-0.314711,-0.562119,-0.051293,0.058269
1972-08,0.086178,-0.562119,-1.609438,-0.693147,-0.673345,-0.798508,-1.049822,-0.776529,-1.386294,-0.385662,-0.941609,-1.386294,-1.514128,-0.462035,-0.478036,-0.072571,-0.494296,-0.287682,0.34359,0.131028,-0.371064,-0.733969,-0.446287,0.157004,-0.094311,0.19062,-0.994252,-0.371064,-0.916291,-0.356675,-0.328504,-0.105361,-1.07881,-0.673345,-1.427116,-0.274437,-0.673345,-0.967584,-0.430783,-0.776529,0.536493,-0.356675,-0.776529,-0.867501,-0.328504,-0.314711,-0.562119,-0.051293,0.058269
1972-09,0.086178,-0.562119,-1.609438,-0.693147,-0.673345,-0.798508,-1.049822,-0.776529,-1.386294,-0.385662,-0.941609,-1.386294,-1.514128,-0.462035,-0.478036,-0.072571,-0.494296,-0.287682,0.34359,0.131028,-0.371064,-0.733969,-0.446287,0.157004,-0.094311,0.19062,-0.994252,-0.371064,-0.916291,-0.356675,-0.328504,-0.105361,-1.07881,-0.673345,-1.427116,-0.274437,-0.673345,-0.967584,-0.430783,-0.776529,0.536493,-0.356675,-0.776529,-0.867501,-0.328504,-0.314711,-0.562119,-0.051293,0.058269
1972-10,0.086178,-0.562119,-1.609438,-0.693147,-0.673345,-0.798508,-1.049822,-0.776529,-1.386294,-0.385662,-0.941609,-1.386294,-1.514128,-0.462035,-0.478036,-0.072571,-0.494296,-0.287682,0.34359,0.131028,-0.371064,-0.733969,-0.446287,0.157004,-0.094311,0.19062,-0.994252,-0.371064,-0.916291,-0.356675,-0.328504,-0.105361,-1.07881,-0.673345,-1.427116,-0.274437,-0.673345,-0.967584,-0.430783,-0.776529,0.536493,-0.356675,-0.776529,-0.867501,-0.328504,-0.314711,-0.562119,-0.051293,0.058269
1972-11,0.086178,-0.562119,-1.609438,-0.693147,-0.673345,-0.798508,-1.049822,-0.776529,-1.386294,-0.385662,-0.941609,-1.386294,-1.514128,-0.462035,-0.478036,-0.072571,-0.494296,-0.287682,0.34359,0.131028,-0.371064,-0.733969,-0.446287,0.157004,-0.094311,0.19062,-0.994252,-0.371064,-0.916291,-0.356675,-0.328504,-0.105361,-1.07881,-0.673345,-1.427116,-0.274437,-0.673345,-0.967584,-0.430783,-0.776529,0.536493,-0.356675,-0.776529,-0.867501,-0.328504,-0.314711,-0.562119,-0.051293,0.058269
1972-12,0.086178,-0.562119,-1.609438,-0.693147,-0.673345,-0.798508,-1.049822,-0.776529,-1.386294,-0.385662,-0.941609,-1.386294,-1.514128,-0.462035,-0.478036,-0.072571,-0.494296,-0.287682,0.34359,0.131028,-0.371064,-0.733969,-0.446287,0.157004,-0.094311,0.19062,-0.994252,-0.371064,-0.916291,-0.356675,-0.328504,-0.105361,-1.07881,-0.673345,-1.427116,-0.274437,-0.673345,-0.967584,-0.430783,-0.776529,0.536493,-0.356675,-0.776529,-0.867501,-0.328504,-0.314711,-0.562119,-0.051293,0.058269
1973-01,0.14842,-0.597837,-1.832581,-0.798508,-0.71335,-0.994252,-0.967584,-0.867501,-1.560648,-0.634878,-0.867501,-1.660731,-1.560648,-0.544727,-0.562119,-0.072571,-0.510826,-0.693147,0.470004,-0.235722,-0.478036,-0.916291,-0.478036,-0.061875,-0.248461,0.067659,-0.867501,-0.301105,-0.820981,-0.328504,-0.223144,-0.040822,-1.203973,-0.733969,-1.427116,-0.051293,-0.941609,-1.021651,-0.328504,-0.820981,0.04879,-0.71335,-0.994252,-1.171183,-0.385662,-0.248461,-0.579818,-0.314711,-1.139434
1973-02,0.14842,-0.597837,-1.832581,-0.798508,-0.71335,-0.994252,-0.967584,-0.867501,-1.560648,-0.634878,-0.867501,-1.660731,-1.560648,-0.544727,-0.562119,-0.072571,-0.510826,-0.693147,0.470004,-0.235722,-0.478036,-0.916291,-0.478036,-0.061875,-0.248461,0.067659,-0.867501,-0.301105,-0.820981,-0.328504,-0.223144,-0.040822,-1.203973,-0.733969,-1.427116,-0.051293,-0.941609,-1.021651,-0.328504,-0.820981,0.04879,-0.71335,-0.994252,-1.171183,-0.385662,-0.248461,-0.579818,-0.314711,-1.139434
1973-03,0.14842,-0.597837,-1.832581,-0.798508,-0.71335,-0.994252,-0.967584,-0.867501,-1.560648,-0.634878,-0.867501,-1.660731,-1.560648,-0.544727,-0.562119,-0.072571,-0.510826,-0.693147,0.470004,-0.235722,-0.478036,-0.916291,-0.478036,-0.061875,-0.248461,0.067659,-0.867501,-0.301105,-0.820981,-0.328504,-0.223144,-0.040822,-1.203973,-0.733969,-1.427116,-0.051293,-0.941609,-1.021651,-0.328504,-0.820981,0.04879,-0.71335,-0.994252,-1.171183,-0.385662,-0.248461,-0.579818,-0.314711,-1.139434
1973-04,0.14842,-0.597837,-1.832581,-0.798508,-0.71335,-0.994252,-0.967584,-0.867501,-1.560648,-0.634878,-0.867501,-1.660731,-1.560648,-0.544727,-0.562119,-0.072571,-0.510826,-0.693147,0.470004,-0.235722,-0.478036,-0.916291,-0.478036,-0.061875,-0.248461,0.067659,-0.867501,-0.301105,-0.820981,-0.328504,-0.223144,-0.040822,-1.203973,-0.733969,-1.427116,-0.051293,-0.941609,-1.021651,-0.328504,-0.820981,0.04879,-0.71335,-0.994252,-1.171183,-0.385662,-0.248461,-0.579818,-0.314711,-1.139434
1973-05,0.14842,-0.597837,-1.832581,-0.798508,-0.71335,-0.994252,-0.967584,-0.867501,-1.560648,-0.634878,-0.867501,-1.660731,-1.560648,-0.544727,-0.562119,-0.072571,-0.510826,-0.693147,0.470004,-0.235722,-0.478036,-0.916291,-0.478036,-0.061875,-0.248461,0.067659,-0.867501,-0.301105,-0.820981,-0.328504,-0.223144,-0.040822,-1.203973,-0.733969,-1.427116,-0.051293,-0.941609,-1.021651,-0.328504,-0.820981,0.04879,-0.71335,-0.994252,-1.171183,-0.385662,-0.248461,-0.579818,-0.314711,-1.139434
1973-06,0.14842,-0.597837,-1.832581,-0.798508,-0.71335,-0.994252,-0.967584,-0.867501,-1.560648,-0.634878,-0.867501,-1.660731,-1.560648,-0.544727,-0.562119,-0.072571,-0.510826,-0.693147,0.470004,-0.235722,-0.478036,-0.916291,-0.478036,-0.061875,-0.248461,0.067659,-0.867501,-0.301105,-0.820981,-0.328504,-0.223144,-0.040822,-1.203973,-0.733969,-1.427116,-0.051293,-0.941609,-1.021651,-0.328504,-0.820981,0.04879,-0.71335,-0.994252,-1.171183,-0.385662,-0.248461,-0.579818,-0.314711,-1.139434
1973-07,0.14842,-0.597837,-1.832581,-0.798508,-0.71335,-0.994252,-0.967584,-0.867501,-1.560648,-0.634878,-0.867501,-1.660731,-1.560648,-0.544727,-0.562119,-0.072571,-0.510826,-0.693147,0.470004,-0.235722,-0.478036,-0.916291,-0.478036,-0.061875,-0.248461,0.067659,-0.867501,-0.301105,-0.820981,-0.328504,-0.223144,-0.040822,-1.203973,-0.733969,-1.427116,-0.051293,-0.941609,-1.021651,-0.328504,-0.820981,0.04879,-0.71335,-0.994252,-1.171183,-0.385662,-0.248461,-0.579818,-0.314711,-1.139434
1973-08,0.14842,-0.597837,-1.832581,-0.798508,-0.71335,-0.994252,-0.967584,-0.867501,-1.560648,-0.634878,-0.867501,-1.660731,-1.560648,-0.544727,-0.562119,-0.072571,-0.510826,-0.693147,0.470004,-0.235722,-0.478036,-0.916291,-0.478036,-0.061875,-0.248461,0.067659,-0.867501,-0.301105,-0.820981,-0.328504,-0.223144,-0.040822,-1.203973,-0.733969,-1.427116,-0.051293,-0.941609,-1.021651,-0.328504,-0.820981,0.04879,-0.71335,-0.994252,-1.171183,-0.385662,-0.248461,-0.579818,-0.314711,-1.139434
1973-09,0.14842,-0.597837,-1.832581,-0.798508,-0.71335,-0.994252,-0.967584,-0.867501,-1.560648,-0.634878,-0.867501,-1.660731,-1.560648,-0.544727,-0.562119,-0.072571,-0.510826,-0.693147,0.470004,-0.235722,-0.478036,-0.916291,-0.478036,-0.061875,-0.248461,0.067659,-0.867501,-0.301105,-0.820981,-0.328504,-0.223144,-0.040822,-1.203973,-0.733969,-1.427116,-0.051293,-0.941609,-1.021651,-0.328504,-0.820981,0.04879,-0.71335,-0.994252,-1.171183,-0.385662,-0.248461,-0.579818,-0.314711,-1.139434
1973-10,0.14842,-0.597837,-1.832581,-0.798508,-0.71335,-0.994252,-0.967584,-0.867501,-1.560648,-0.634878,-0.867501,-1.660731,-1.560648,-0.544727,-0.562119,-0.072571,-0.510826,-0.693147,0.470004,-0.235722,-0.478036,-0.916291,-0.478036,-0.061875,-0.248461,0.067659,-0.867501,-0.301105,-0.820981,-0.328504,-0.223144,-0.040822,-1.203973,-0.733969,-1.427116,-0.051293,-0.941609,-1.021651,-0.328504,-0.820981,0.04879,-0.71335,-0.994252,-1.171183,-0.385662,-0.248461,-0.579818,-0.314711,-1.139434
1973-11,0.14842,-0.597837,-1.832581,-0.798508,-0.71335,-0.994252,-0.967584,-0.867501,-1.560648,-0.634878,-0.867501,-1.660731,-1.560648,-0.544727,-0.562119,-0.072571,-0.510826,-0.693147,0.470004,-0.235722,-0.478036,-0.916291,-0.478036,-0.061875,-0.248461,0.067659,-0.867501,-0.301105,-0.820981,-0.328504,-0.223144,-0.040822,-1.203973,-0.733969,-1.427116,-0.051293,-0.941609,-1.021651,-0.328504,-0.820981,0.04879,-0.71335,-0.994252,-1.171183,-0.385662,-0.248461,-0.579818,-0.314711,-1.139434
1973-12,0.14842,-0.597837,-1.832581,-0.798508,-0.71335,-0.994252,-0.967584,-0.867501,-1.560648,-0.634878,-0.867501,-1.660731,-1.560648,-0.544727,-0.562119,-0.072571,-0.510826,-0.693147,0.470004,-0.235722,-0.478036,-0.916291,-0.478036,-0.061875,-0.248461,0.067659,-0.867501,-0.301105,-0.820981,-0.328504,-0.223144,-0.040822,-1.203973,-0.733969,-1.427116,-0.051293,-0.941609,-1.021651,-0.328504,-0.820981,0.04879,-0.71335,-0.994252,-1.171183,-0.385662,-0.248461,-0.579818,-0.314711,-1.139434
1974-01,-0.248461,-0.673345,-1.89712,-0.967584,-0.71335,-0.994252,-1.272966,-0.867501,-1.714798,-0.462035,-0.494296,-1.714798,-1.714798,-0.673345,-0.462035,-0.020203,-0.446287,-0.579818,0.451076,-0.430783,-0.634878,-0.941609,-0.430783,-0.150823,-0.072571,0.139762,-0.967584,-0.415515,-0.301105,-0.446287,-0.210721,-0.139262,-1.021651,-0.891598,-1.514128,-0.356675,-0.867501,-1.171183,-0.510826,-0.967584,0.086178,-0.653926,-0.994252,-1.386294,-0.616186,-0.223144,-0.400478,-0.415515,-0.867501
1974-02,-0.248461,-0.673345,-1.89712,-0.967584,-0.71335,-0.994252,-1.272966,-0.867501,-1.714798,-0.462035,-0.494296,-1.714798,-1.714798,-0.673345,-0.462035,-0.020203,-0.446287,-0.579818,0.451076,-0.430783,-0.634878,-0.941609,-0.430783,-0.150823,-0.072571,0.139762,-0.967584,-0.415515,-0.301105,-0.446287,-0.210721,-0.139262,-1.021651,-0.891598,-1.514128,-0.356675,-0.867501,-1.171183,-0.510826,-0.967584,0.086178,-0.653926,-0.994252,-1.386294,-0.616186,-0.223144,-0.400478,-0.415515,-0.867501
1974-03,-0.248461,-0.673345,-1.89712,-0.967584,-0.71335,-0.994252,-1.272966,-0.867501,-1.714798,-0.462035,-0.494296,-1.714798,-1.714798,-0.673345,-0.462035,-0.020203,-0.446287,-0.579818,0.451076,-0.430783,-0.634878,-0.941609,-0.430783,-0.150823,-0.072571,0.139762,-0.967584,-0.415515,-0.301105,-0.446287,-0.210721,-0.139262,-1.021651,-0.891598,-1.514128,-0.356675,-0.867501,-1.171183,-0.510826,-0.967584,0.086178,-0.653926,-0.994252,-1.386294,-0.616186,-0.223144,-0.400478,-0.415515,-0.867501
1974-04,-0.248461,-0.673345,-1.89712,-0.967584,-0.71335,-0.994252,-1.272966,-0.867501,-1.714798,-0.462035,-0.494296,-1.714798,-1.714798,-0.673345,-0.462035,-0.020203,-0.446287,-0.579818,0.451076,-0.430783,-0.634878,-0.941609,-0.430783,-0.150823,-0.072571,0.139762,-0.967584,-0.415515,-0.301105,-0.446287,-0.210721,-0.139262,-1.021651,-0.891598,-1.514128,-0.356675,-0.867501,-1.171183,-0.510826,-0.967584,0.086178,-0.653926,-0.994252,-1.386294,-0.616186,-0.223144,-0.400478,-0.415515,-0.867501
1974-05,-0.248461,-0.673345,-1.89712,-0.967584,-0.71335,-0.994252,-1.272966,-0.867501,-1.714798,-0.462035,-0.494296,-1.714798,-1.714798,-0.673345,-0.462035,-0.020203,-0.446287,-0.579818,0.451076,-0.430783,-0.634878,-0.941609,-0.430783,-0.150823,-0.072571,0.139762,-0.967584,-0.415515,-0.301105,-0.446287,-0.210721,-0.139262,-1.021651,-0.891598,-1.514128,-0.356675,-0.867501,-1.171183,-0.510826,-0.967584,0.086178,-0.653926,-0.994252,-1.386294,-0.616186,-0.223144,-0.400478,-0.415515,-0.867501
1974-06,-0.248461,-0.673345,-1.89712,-0.967584,-0.71335,-0.994252,-1.272966,-0.867501,-1.714798,-0.462035,-0.494296,-1.714798,-1.714798,-0.673345,-0.462035,-0.020203,-0.446287,-0.579818,0.451076,-0.430783,-0.634878,-0.941609,-0.430783,-0.150823,-0.072571,0.139762,-0.967584,-0.415515,-0.301105,-0.446287,-0.210721,-0.139262,-1.021651,-0.891598,-1.514128,-0.356675,-0.867501,-1.171183,-0.510826,-0.967584,0.086178,-0.653926,-0.994252,-1.386294,-0.616186,-0.223144,-0.400478,-0.415515,-0.867501
1974-07,-0.248461,-0.673345,-1.89712,-0.967584,-0.71335,-0.994252,-1.272966,-0.867501,-1.714798,-0.462035,-0.494296,-1.714798,-1.714798,-0.673345,-0.462035,-0.020203,-0.446287,-0.579818,0.451076,-0.430783,-0.634878,-0.941609,-0.430783,-0.150823,-0.072571,0.139762,-0.967584,-0.415515,-0.301105,-0.446287,-0.210721,-0.139262,-1.021651,-0.891598,-1.514128,-0.356675,-0.867501,-1.171183,-0.510826,-0.967584,0.086178,-0.653926,-0.994252,-1.386294,-0.616186,-0.223144,-0.400478,-0.415515,-0.867501
1974-08,-0.248461,-0.673345,-1.89712,-0.967584,-0.71335,-0.994252,-1.272966,-0.867501,-1.714798,-0.462035,-0.494296,-1.714798,-1.714798,-0.673345,-0.462035,-0.020203,-0.446287,-0.579818,0.451076,-0.430783,-0.634878,-0.941609,-0.430783,-0.150823,-0.072571,0.139762,-0.967584,-0.415515,-0.301105,-0.446287,-0.210721,-0.139262,-1.021651,-0.891598,-1.514128,-0.356675,-0.867501,-1.171183,-0.510826,-0.967584,0.086178,-0.653926,-0.994252,-1.386294,-0.616186,-0.223144,-0.400478,-0.415515,-0.867501
1974-09,-0.248461,-0.673345,-1.89712,-0.967584,-0.71335,-0.994252,-1.272966,-0.867501,-1.714798,-0.462035,-0.494296,-1.714798,-1.714798,-0.673345,-0.462035,-0.020203,-0.446287,-0.579818,0.451076,-0.430783,-0.634878,-0.941609,-0.430783,-0.150823,-0.072571,0.139762,-0.967584,-0.415515,-0.301105,-0.446287,-0.210721,-0.139262,-1.021651,-0.891598,-1.514128,-0.356675,-0.867501,-1.171183,-0.510826,-0.967584,0.086178,-0.653926,-0.994252,-1.386294,-0.616186,-0.223144,-0.400478,-0.415515,-0.867501
1974-10,-0.248461,-0.673345,-1.89712,-0.967584,-0.71335,-0.994252,-1.272966,-0.867501,-1.714798,-0.462035,-0.494296,-1.714798,-1.714798,-0.673345,-0.462035,-0.020203,-0.446287,-0.579818,0.451076,-0.430783,-0.634878,-0.941609,-0.430783,-0.150823,-0.072571,0.139762,-0.967584,-0.415515,-0.301105,-0.446287,-0.210721,-0.139262,-1.021651,-0.891598,-1.514128,-0.356675,-0.867501,-1.171183,-0.510826,-0.967584,0.086178,-0.653926,-0.994252,-1.386294,-0.616186,-0.223144,-0.400478,-0.415515,-0.867501
1974-11,-0.248461,-0.673345,-1.89712,-0.967584,-0.71335,-0.994252,-1.272966,-0.867501,-1.714798,-0.462035,-0.494296,-1.714798,-1.714798,-0.673345,-0.462035,-0.020203,-0.446287,-0.579818,0.451076,-0.430783,-0.634878,-0.941609,-0.430783,-0.150823,-0.072571,0.139762,-0.967584,-0.415515,-0.301105,-0.446287,-0.210721,-0.139262,-1.021651,-0.891598,-1.514128,-0.356675,-0.867501,-1.171183,-0.510826,-0.967584,0.086178,-0.653926,-0.994252,-1.386294,-0.616186,-0.223144,-0.400478,-0.415515,-0.867501
1974-12,-0.248461,-0.673345,-1.89712,-0.967584,-0.71335,-0.994252,-1.272966,-0.867501,-1.714798,-0.462035,-0.494296,-1.714798,-1.714798,-0.673345,-0.462035,-0.020203,-0.446287,-0.579818,0.451076,-0.430783,-0.634878,-0.941609,-0.430783,-0.150823,-0.072571,0.139762,-0.967584,-0.415515,-0.301105,-0.446287,-0.210721,-0.139262,-1.021651,-0.891598,-1.514128,-0.356675,-0.867501,-1.171183,-0.510826,-0.967584,0.086178,-0.653926,-0.994252,-1.386294,-0.616186,-0.223144,-0.400478,-0.415515,-0.867501
1975-01,-0.301105,-0.301105,-1.514128,-0.673345,-0.430783,-0.274437,-0.287682,-0.248461,-1.272966,0.41871,0.457425,-1.386294,-1.427116,-0.478036,0.122218,0.647103,-0.040822,-0.261365,0.470004,-0.510826,-0.400478,-0.510826,0.254642,0.576613,-0.328504,0.512824,-1.347074,-0.579818,-0.385662,-0.385662,0.157004,0.10436,-0.18633,-0.34249,-1.108663,0.837248,-0.301105,-0.867501,-0.494296,-0.693147,0.482426,-0.105361,-0.462035,-0.616186,-0.385662,-0.040822,0.444686,-0.083382,-0.494296
1975-02,-0.301105,-0.301105,-1.514128,-0.673345,-0.430783,-0.274437,-0.287682,-0.248461,-1.272966,0.41871,0.457425,-1.386294,-1.427116,-0.478036,0.122218,0.647103,-0.040822,-0.261365,0.470004,-0.510826,-0.400478,-0.510826,0.254642,0.576613,-0.328504,0.512824,-1.347074,-0.579818,-0.385662,-0.385662,0.157004,0.10436,-0.18633,-0.34249,-1.108663,0.837248,-0.301105,-0.867501,-0.494296,-0.693147,0.482426,-0.105361,-0.462035,-0.616186,-0.385662,-0.040822,0.444686,-0.083382,-0.494296
1975-03,-0.301105,-0.301105,-1.514128,-0.673345,-0.430783,-0.274437,-0.287682,-0.248461,-1.272966,0.41871,0.457425,-1.386294,-1.427116,-0.478036,0.122218,0.647103,-0.040822,-0.261365,0.470004,-0.510826,-0.400478,-0.510826,0.254642,0.576613,-0.328504,0.512824,-1.347074,-0.579818,-0.385662,-0.385662,0.157004,0.10436,-0.18633,-0.34249,-1.108663,0.837248,-0.301105,-0.867501,-0.494296,-0.693147,0.482426,-0.105361,-0.462035,-0.616186,-0.385662,-0.040822,0.444686,-0.083382,-0.494296
1975-04,-0.301105,-0.301105,-1.514128,-0.673345,-0.430783,-0.274437,-0.287682,-0.248461,-1.272966,0.41871,0.457425,-1.386294,-1.427116,-0.478036,0.122218,0.647103,-0.040822,-0.261365,0.470004,-0.510826,-0.400478,-0.510826,0.254642,0.576613,-0.328504,0.512824,-1.347074,-0.579818,-0.385662,-0.385662,0.157004,0.10436,-0.18633,-0.34249,-1.108663,0.837248,-0.301105,-0.867501,-0.494296,-0.693147,0.482426,-0.105361,-0.462035,-0.616186,-0.385662,-0.040822,0.444686,-0.083382,-0.494296
1975-05,-0.301105,-0.301105,-1.514128,-0.673345,-0.430783,-0.274437,-0.287682,-0.248461,-1.272966,0.41871,0.457425,-1.386294,-1.427116,-0.478036,0.122218,0.647103,-0.040822,-0.261365,0.470004,-0.510826,-0.400478,-0.510826,0.254642,0.576613,-0.328504,0.512824,-1.347074,-0.579818,-0.385662,-0.385662,0.157004,0.10436,-0.18633,-0.34249,-1.108663,0.837248,-0.301105,-0.867501,-0.494296,-0.693147,0.482426,-0.105361,-0.462035,-0.616186,-0.385662,-0.040822,0.444686,-0.083382,-0.494296
1975-06,-0.301105,-0.301105,-1.514128,-0.673345,-0.430783,-0.274437,-0.287682,-0.248461,-1.272966,0.41871,0.457425,-1.386294,-1.427116,-0.478036,0.122218,0.647103,-0.040822,-0.261365,0.470004,-0.510826,-0.400478,-0.510826,0.254642,0.576613,-0.328504,0.512824,-1.347074,-0.579818,-0.385662,-0.385662,0.157004,0.10436,-0.18633,-0.34249,-1.108663,0.837248,-0.301105,-0.867501,-0.494296,-0.693147,0.482426,-0.105361,-0.462035,-0.616186,-0.385662,-0.040822,0.444686,-0.083382,-0.494296
1975-07,-0.301105,-0.301105,-1.514128,-0.673345,-0.430783,-0.274437,-0.287682,-0.248461,-1.272966,0.41871,0.457425,-1.386294,-1.427116,-0.478036,0.122218,0.647103,-0.040822,-0.261365,0.470004,-0.510826,-0.400478,-0.510826,0.254642,0.576613,-0.328504,0.512824,-1.347074,-0.579818,-0.385662,-0.385662,0.157004,0.10436,-0.18633,-0.34249,-1.108663,0.837248,-0.301105,-0.867501,-0.494296,-0.693147,0.482426,-0.105361,-0.462035,-0.616186,-0.385662,-0.040822,0.444686,-0.083382,-0.494296
1975-08,-0.301105,-0.301105,-1.514128,-0.673345,-0.430783,-0.274437,-0.287682,-0.248461,-1.272966,0.41871,0.457425,-1.386294,-1.427116,-0.478036,0.122218,0.647103,-0.040822,-0.261365,0.470004,-0.510826,-0.400478,-0.510826,0.254642,0.576613,-0.328504,0.512824,-1.347074,-0.579818,-0.385662,-0.385662,0.157004,0.10436,-0.18633,-0.34249,-1.108663,0.837248,-0.301105,-0.867501,-0.494296,-0.693147,0.482426,-0.105361,-0.462035,-0.616186,-0.385662,-0.040822,0.444686,-0.083382,-0.494296
1975-09,-0.301105,-0.301105,-1.514128,-0.673345,-0.430783,-0.274437,-0.287682,-0.248461,-1.272966,0.41871,0.457425,-1.386294,-1.427116,-0.478036,0.122218,0.647103,-0.040822,-0.261365,0.470004,-0.510826,-0.400478,-0.510826,0.254642,0.576613,-0.328504,0.512824,-1.347074,-0.579818,-0.385662,-0.385662,0.157004,0.10436,-0.18633,-0.34249,-1.108663,0.837248,-0.301105,-0.867501,-0.494296,-0.693147,0.482426,-0.105361,-0.462035,-0.616186,-0.385662,-0.040822,0.444686,-0.083382,-0.494296
1975-10,-0.301105,-0.301105,-1.514128,-0.673345,-0.430783,-0.274437,-0.287682,-0.248461,-1.272966,0.41871,0.457425,-1.386294,-1.427116,-0.478036,0.122218,0.647103,-0.040822,-0.261365,0.470004,-0.510826,-0.400478,-0.510826,0.254642,0.576613,-0.328504,0.512824,-1.347074,-0.579818,-0.385662,-0.385662,0.157004,0.10436,-0.18633,-0.34249,-1.108663,0.837248,-0.301105,-0.867501,-0.494296,-0.693147,0.482426,-0.105361,-0.462035,-0.616186,-0.385662,-0.040822,0.444686,-0.083382,-0.494296
1975-11,-0.301105,-0.301105,-1.514128,-0.673345,-0.430783,-0.274437,-0.287682,-0.248461,-1.272966,0.41871,0.457425,-1.386294,-1.427116,-0.478036,0.122218,0.647103,-0.040822,-0.261365,0.470004,-0.510826,-0.400478,-0.510826,0.254642,0.576613,-0.328504,0.512824,-1.347074,-0.579818,-0.385662,-0.385662,0.157004,0.10436,-0.18633,-0.34249,-1.108663,0.837248,-0.301105,-0.867501,-0.494296,-0.693147,0.482426,-0.105361,-0.462035,-0.616186,-0.385662,-0.040822,0.444686,-0.083382,-0.494296
1975-12,-0.301105,-0.301105,-1.514128,-0.673345,-0.430783,-0.274437,-0.287682,-0.248461,-1.272966,0.41871,0.457425,-1.386294,-1.427116,-0.478036,0.122218,0.647103,-0.040822,-0.261365,0.470004,-0.510826,-0.400478,-0.510826,0.254642,0.576613,-0.328504,0.512824,-1.347074,-0.579818,-0.385662,-0.385662,0.157004,0.10436,-0.18633,-0.34249,-1.108663,0.837248,-0.301105,-0.867501,-0.494296,-0.693147,0.482426,-0.105361,-0.462035,-0.616186,-0.385662,-0.040822,0.444686,-0.083382,-0.494296
1976-01,-0.030459,-0.020203,-0.673345,0.165514,-0.274437,0.285179,0.215111,0.285179,-0.634878,0.916291,0.932164,-0.891598,-1.07881,-0.127833,0.609766,1.036737,0.444686,0.364643,0.765468,0.231112,0.067659,0.139762,0.625938,0.683097,0.425268,0.760806,-1.203973,-0.094311,-0.328504,0.10436,0.518794,0.329304,0.067659,0.223144,-0.579818,1.134623,0.29267,-0.287682,-0.01005,-0.198451,0.86289,0.231112,0.04879,0.173953,0.182322,0.231112,1.181727,0.392042,0.019803
1976-02,-0.030459,-0.020203,-0.673345,0.165514,-0.274437,0.285179,0.215111,0.285179,-0.634878,0.916291,0.932164,-0.891598,-1.07881,-0.127833,0.609766,1.036737,0.444686,0.364643,0.765468,0.231112,0.067659,0.139762,0.625938,0.683097,0.425268,0.760806,-1.203973,-0.094311,-0.328504,0.10436,0.518794,0.329304,0.067659,0.223144,-0.579818,1.134623,0.29267,-0.287682,-0.01005,-0.198451,0.86289,0.231112,0.04879,0.173953,0.182322,0.231112,1.181727,0.392042,0.019803
1976-03,-0.030459,-0.020203,-0.673345,0.165514,-0.274437,0.285179,0.215111,0.285179,-0.634878,0.916291,0.932164,-0.891598,-1.07881,-0.127833,0.609766,1.036737,0.444686,0.364643,0.765468,0.231112,0.067659,0.139762,0.625938,0.683097,0.425268,0.760806,-1.203973,-0.094311,-0.328504,0.10436,0.518794,0.329304,0.067659,0.223144,-0.579818,1.134623,0.29267,-0.287682,-0.01005,-0.198451,0.86289,0.231112,0.04879,0.173953,0.182322,0.231112,1.181727,0.392042,0.019803
1976-04,-0.030459,-0.020203,-0.673345,0.165514,-0.274437,0.285179,0.215111,0.285179,-0.634878,0.916291,0.932164,-0.891598,-1.07881,-0.127833,0.609766,1.036737,0.444686,0.364643,0.765468,0.231112,0.067659,0.139762,0.625938,0.683097,0.425268,0.760806,-1.203973,-0.094311,-0.328504,0.10436,0.518794,0.329304,0.067659,0.223144,-0.579818,1.134623,0.29267,-0.287682,-0.01005,-0.198451,0.86289,0.231112,0.04879,0.173953,0.182322,0.231112,1.181727,0.392042,0.019803
1976-05,-0.030459,-0.020203,-0.673345,0.165514,-0.274437,0.285179,0.215111,0.285179,-0.634878,0.916291,0.932164,-0.891598,-1.07881,-0.127833,0.609766,1.036737,0.444686,0.364643,0.765468,0.231112,0.067659,0.139762,0.625938,0.683097,0.425268,0.760806,-1.203973,-0.094311,-0.328504,0.10436,0.518794,0.329304,0.067659,0.223144,-0.579818,1.134623,0.29267,-0.287682,-0.01005,-0.198451,0.86289,0.231112,0.04879,0.173953,0.182322,0.231112,1.181727,0.392042,0.019803
1976-06,-0.030459,-0.020203,-0.673345,0.165514,-0.274437,0.285179,0.215111,0.285179,-0.634878,0.916291,0.932164,-0.891598,-1.07881,-0.127833,0.609766,1.036737,0.444686,0.364643,0.765468,0.231112,0.067659,0.139762,0.625938,0.683097,0.425268,0.760806,-1.203973,-0.094311,-0.328504,0.10436,0.518794,0.329304,0.067659,0.223144,-0.579818,1.134623,0.29267,-0.287682,-0.01005,-0.198451,0.86289,0.231112,0.04879,0.173953,0.182322,0.231112,1.181727,0.392042,0.019803
1976-07,-0.030459,-0.020203,-0.673345,0.165514,-0.274437,0.285179,0.215111,0.285179,-0.634878,0.916291,0.932164,-0.891598,-1.07881,-0.127833,0.609766,1.036737,0.444686,0.364643,0.765468,0.231112,0.067659,0.139762,0.625938,0.683097,0.425268,0.760806,-1.203973,-0.094311,-0.328504,0.10436,0.518794,0.329304,0.067659,0.223144,-0.579818,1.134623,0.29267,-0.287682,-0.01005,-0.198451,0.86289,0.231112,0.04879,0.173953,0.182322,0.231112,1.181727,0.392042,0.019803
1976-08,-0.030459,-0.020203,-0.673345,0.165514,-0.274437,0.285179,0.215111,0.285179,-0.634878,0.916291,0.932164,-0.891598,-1.07881,-0.127833,0.609766,1.036737,0.444686,0.364643,0.765468,0.231112,0.067659,0.139762,0.625938,0.683097,0.425268,0.760806,-1.203973,-0.094311,-0.328504,0.10436,0.518794,0.329304,0.067659,0.223144,-0.579818,1.134623,0.29267,-0.287682,-0.01005,-0.198451,0.86289,0.231112,0.04879,0.173953,0.182322,0.231112,1.181727,0.392042,0.019803
1976-09,-0.030459,-0.020203,-0.673345,0.165514,-0.274437,0.285179,0.215111,0.285179,-0.634878,0.916291,0.932164,-0.891598,-1.07881,-0.127833,0.609766,1.036737,0.444686,0.364643,0.765468,0.231112,0.067659,0.139762,0.625938,0.683097,0.425268,0.760806,-1.203973,-0.094311,-0.328504,0.10436,0.518794,0.329304,0.067659,0.223144,-0.579818,1.134623,0.29267,-0.287682,-0.01005,-0.198451,0.86289,0.231112,0.04879,0.173953,0.182322,0.231112,1.181727,0.392042,0.019803
1976-10,-0.030459,-0.020203,-0.673345,0.165514,-0.274437,0.285179,0.215111,0.285179,-0.634878,0.916291,0.932164,-0.891598,-1.07881,-0.127833,0.609766,1.036737,0.444686,0.364643,0.765468,0.231112,0.067659,0.139762,0.625938,0.683097,0.425268,0.760806,-1.203973,-0.094311,-0.328504,0.10436,0.518794,0.329304,0.067659,0.223144,-0.579818,1.134623,0.29267,-0.287682,-0.01005,-0.198451,0.86289,0.231112,0.04879,0.173953,0.182322,0.231112,1.181727,0.392042,0.019803
1976-11,-0.030459,-0.020203,-0.673345,0.165514,-0.274437,0.285179,0.215111,0.285179,-0.634878,0.916291,0.932164,-0.891598,-1.07881,-0.127833,0.609766,1.036737,0.444686,0.364643,0.765468,0.231112,0.067659,0.139762,0.625938,0.683097,0.425268,0.760806,-1.203973,-0.094311,-0.328504,0.10436,0.518794,0.329304,0.067659,0.223144,-0.579818,1.134623,0.29267,-0.287682,-0.01005,-0.198451,0.86289,0.231112,0.04879,0.173953,0.182322,0.231112,1.181727,0.392042,0.019803
1976-12,-0.030459,-0.020203,-0.673345,0.165514,-0.274437,0.285179,0.215111,0.285179,-0.634878,0.916291,0.932164,-0.891598,-1.07881,-0.127833,0.609766,1.036737,0.444686,0.364643,0.765468,0.231112,0.067659,0.139762,0.625938,0.683097,0.425268,0.760806,-1.203973,-0.094311,-0.328504,0.10436,0.518794,0.329304,0.067659,0.223144,-0.579818,1.134623,0.29267,-0.287682,-0.01005,-0.198451,0.86289,0.231112,0.04879,0.173953,0.182322,0.231112,1.181727,0.392042,0.019803
1977-01,-0.127833,-0.356675,-1.021651,-0.18633,-0.34249,-0.139262,-0.430783,-0.174353,-0.891598,0.215111,0.405465,-0.967584,-1.021651,-0.371064,0.262364,0.500775,0.067659,0.113329,0.559616,0.207014,-0.18633,-0.18633,0.139762,0.277632,0.405465,0.548121,-1.049822,-0.301105,-0.462035,0.019803,0.270027,0.262364,-0.18633,-0.072571,-0.820981,-3.912023,-0.139262,-0.653926,-0.301105,-0.356675,0.582216,-0.030459,-0.597837,-0.510826,0.086178,0.165514,0.916291,0.29267,-0.094311
1977-02,-0.127833,-0.356675,-1.021651,-0.18633,-0.34249,-0.139262,-0.430783,-0.174353,-0.891598,0.215111,0.405465,-0.967584,-1.021651,-0.371064,0.262364,0.500775,0.067659,0.113329,0.559616,0.207014,-0.18633,-0.18633,0.139762,0.277632,0.405465,0.548121,-1.049822,-0.301105,-0.462035,0.019803,0.270027,0.262364,-0.18633,-0.072571,-0.820981,-3.912023,-0.139262,-0.653926,-0.301105,-0.356675,0.582216,-0.030459,-0.597837,-0.510826,0.086178,0.165514,0.916291,0.29267,-0.094311
1977-03,-0.127833,-0.356675,-1.021651,-0.18633,-0.34249,-0.139262,-0.430783,-0.174353,-0.891598,0.215111,0.405465,-0.967584,-1.021651,-0.371064,0.262364,0.500775,0.067659,0.113329,0.559616,0.207014,-0.18633,-0.18633,0.139762,0.277632,0.405465,0.548121,-1.049822,-0.301105,-0.462035,0.019803,0.270027,0.262364,-0.18633,-0.072571,-0.820981,-3.912023,-0.139262,-0.653926,-0.301105,-0.356675,0.582216,-0.030459,-0.597837,-0.510826,0.086178,0.165514,0.916291,0.29267,-0.094311
1977-04,-0.127833,-0.356675,-1.021651,-0.18633,-0.34249,-0.139262,-0.430783,-0.174353,-0.891598,0.215111,0.405465,-0.967584,-1.021651,-0.371064,0.262364,0.500775,0.067659,0.113329,0.559616,0.207014,-0.18633,-0.18633,0.139762,0.277632,0.405465,0.548121,-1.049822,-0.301105,-0.462035,0.019803,0.270027,0.262364,-0.18633,-0.072571,-0.820981,-3.912023,-0.139262,-0.653926,-0.301105,-0.356675,0.582216,-0.030459,-0.597837,-0.510826,0.086178,0.165514,0.916291,0.29267,-0.094311
1977-05,-0.127833,-0.356675,-1.021651,-0.18633,-0.34249,-0.139262,-0.430783,-0.174353,-0.891598,0.215111,0.405465,-0.967584,-1.021651,-0.371064,0.262364,0.500775,0.067659,0.113329,0.559616,0.207014,-0.18633,-0.18633,0.139762,0.277632,0.405465,0.548121,-1.049822,-0.301105,-0.462035,0.019803,0.270027,0.262364,-0.18633,-0.072571,-0.820981,-3.912023,-0.139262,-0.653926,-0.301105,-0.356675,0.582216,-0.030459,-0.597837,-0.510826,0.086178,0.165514,0.916291,0.29267,-0.094311
1977-06,-0.127833,-0.356675,-1.021651,-0.18633,-0.34249,-0.139262,-0.430783,-0.174353,-0.891598,0.215111,0.405465,-0.967584,-1.021651,-0.371064,0.262364,0.500775,0.067659,0.113329,0.559616,0.207014,-0.18633,-0.18633,0.139762,0.277632,0.405465,0.548121,-1.049822,-0.301105,-0.462035,0.019803,0.270027,0.262364,-0.18633,-0.072571,-0.820981,-3.912023,-0.139262,-0.653926,-0.301105,-0.356675,0.582216,-0.030459,-0.597837,-0.510826,0.086178,0.165514,0.916291,0.29267,-0.094311
1977-07,-0.127833,-0.356675,-1.021651,-0.18633,-0.34249,-0.139262,-0.430783,-0.174353,-0.891598,0.215111,0.405465,-0.967584,-1.021651,-0.371064,0.262364,0.500775,0.067659,0.113329,0.559616,0.207014,-0.18633,-0.18633,0.139762,0.277632,0.405465,0.548121,-1.049822,-0.301105,-0.462035,0.019803,0.270027,0.262364,-0.18633,-0.072571,-0.820981,-3.912023,-0.139262,-0.653926,-0.301105,-0.356675,0.582216,-0.030459,-0.597837,-0.510826,0.086178,0.165514,0.916291,0.29267,-0.094311
1977-08,-0.127833,-0.356675,-1.021651,-0.18633,-0.34249,-0.139262,-0.430783,-0.174353,-0.891598,0.215111,0.405465,-0.967584,-1.021651,-0.371064,0.262364,0.500775,0.067659,0.113329,0.559616,0.207014,-0.18633,-0.18633,0.139762,0.277632,0.405465,0.548121,-1.049822,-0.301105,-0.462035,0.019803,0.270027,0.262364,-0.18633,-0.072571,-0.820981,-3.912023,-0.139262,-0.653926,-0.301105,-0.356675,0.582216,-0.030459,-0.597837,-0.510826,0.086178,0.165514,0.916291,0.29267,-0.094311
1977-09,-0.127833,-0.356675,-1.021651,-0.18633,-0.34249,-0.139262,-0.430783,-0.174353,-0.891598,0.215111,0.405465,-0.967584,-1.021651,-0.371064,0.262364,0.500775,0.067659,0.113329,0.559616,0.207014,-0.18633,-0.18633,0.139762,0.277632,0.405465,0.548121,-1.049822,-0.301105,-0.462035,0.019803,0.270027,0.262364,-0.18633,-0.072571,-0.820981,-3.912023,-0.139262,-0.653926,-0.301105,-0.356675,0.582216,-0.030459,-0.597837,-0.510826,0.086178,0.165514,0.916291,0.29267,-0.094311
1977-10,-0.127833,-0.356675,-1.021651,-0.18633,-0.34249,-0.139262,-0.430783,-0.174353,-0.891598,0.215111,0.405465,-0.967584,-1.021651,-0.371064,0.262364,0.500775,0.067659,0.113329,0.559616,0.207014,-0.18633,-0.18633,0.139762,0.277632,0.405465,0.548121,-1.049822,-0.301105,-0.462035,0.019803,0.270027,0.262364,-0.18633,-0.072571,-0.820981,-3.912023,-0.139262,-0.653926,-0.301105,-0.356675,0.582216,-0.030459,-0.597837,-0.510826,0.086178,0.165514,0.916291,0.29267,-0.094311
1977-11,-0.127833,-0.356675,-1.021651,-0.18633,-0.34249,-0.139262,-0.430783,-0.174353,-0.891598,0.215111,0.405465,-0.967584,-1.021651,-0.371064,0.262364,0.500775,0.067659,0.113329,0.559616,0.207014,-0.18633,-0.18633,0.139762,0.277632,0.405465,0.548121,-1.049822,-0.301105,-0.462035,0.019803,0.270027,0.262364,-0.18633,-0.072571,-0.820981,-3.912023,-0.139262,-0.653926,-0.301105,-0.356675,0.582216,-0.030459,-0.597837,-0.510826,0.086178,0.165514,0.916291,0.29267,-0.094311
1977-12,-0.127833,-0.356675,-1.021651,-0.18633,-0.34249,-0.139262,-0.430783,-0.174353,-0.891598,0.215111,0.405465,-0.967584,-1.021651,-0.371064,0.262364,0.500775,0.067659,0.113329,0.559616,0.207014,-0.18633,-0.18633,0.139762,0.277632,0.405465,0.548121,-1.049822,-0.301105,-0.462035,0.019803,0.270027,0.262364,-0.18633,-0.072571,-0.820981,-3.912023,-0.139262,-0.653926,-0.301105,-0.356675,0.582216,-0.030459,-0.597837,-0.510826,0.086178,0.165514,0.916291,0.29267,-0.094311
1978-01,-0.162519,-0.385662,-0.941609,-0.314711,-0.400478,-0.356675,-0.415515,-0.385662,-0.84397,0.039221,0.19062,-0.84397,-0.916291,-0.34249,-0.040822,0.438255,-0.18633,-0.072571,0.364643,-0.01005,-0.34249,-0.287682,-0.072571,-0.051293,0.254642,0.215111,-1.07881,-0.356675,-0.562119,-0.162519,0.131028,0.086178,-0.34249,-0.235722,-0.916291,,-0.34249,-0.693147,-0.415515,-0.371064,0.457425,-0.139262,-0.446287,-0.446287,-0.072571,0.039221,0.438255,0.09531,-0.18633
1978-02,-0.162519,-0.385662,-0.941609,-0.314711,-0.400478,-0.356675,-0.415515,-0.385662,-0.84397,0.039221,0.19062,-0.84397,-0.916291,-0.34249,-0.040822,0.438255,-0.18633,-0.072571,0.364643,-0.01005,-0.34249,-0.287682,-0.072571,-0.051293,0.254642,0.215111,-1.07881,-0.356675,-0.562119,-0.162519,0.131028,0.086178,-0.34249,-0.235722,-0.916291,,-0.34249,-0.693147,-0.415515,-0.371064,0.457425,-0.139262,-0.446287,-0.446287,-0.072571,0.039221,0.438255,0.09531,-0.18633
1978-03,-0.162519,-0.385662,-0.941609,-0.314711,-0.400478,-0.356675,-0.415515,-0.385662,-0.84397,0.039221,0.19062,-0.84397,-0.916291,-0.34249,-0.040822,0.438255,-0.18633,-0.072571,0.364643,-0.01005,-0.34249,-0.287682,-0.072571,-0.051293,0.254642,0.215111,-1.07881,-0.356675,-0.562119,-0.162519,0.131028,0.086178,-0.34249,-0.235722,-0.916291,,-0.34249,-0.693147,-0.415515,-0.371064,0.457425,-0.139262,-0.446287,-0.446287,-0.072571,0.039221,0.438255,0.09531,-0.18633
1978-04,-0.162519,-0.385662,-0.941609,-0.314711,-0.400478,-0.356675,-0.415515,-0.385662,-0.84397,0.039221,0.19062,-0.84397,-0.916291,-0.34249,-0.040822,0.438255,-0.18633,-0.072571,0.364643,-0.01005,-0.34249,-0.287682,-0.072571,-0.051293,0.254642,0.215111,-1.07881,-0.356675,-0.562119,-0.162519,0.131028,0.086178,-0.34249,-0.235722,-0.916291,,-0.34249,-0.693147,-0.415515,-0.371064,0.457425,-0.139262,-0.446287,-0.446287,-0.072571,0.039221,0.438255,0.09531,-0.18633
1978-05,-0.162519,-0.385662,-0.941609,-0.314711,-0.400478,-0.356675,-0.415515,-0.385662,-0.84397,0.039221,0.19062,-0.84397,-0.916291,-0.34249,-0.040822,0.438255,-0.18633,-0.072571,0.364643,-0.01005,-0.34249,-0.287682,-0.072571,-0.051293,0.254642,0.215111,-1.07881,-0.356675,-0.562119,-0.162519,0.131028,0.086178,-0.34249,-0.235722,-0.916291,,-0.34249,-0.693147,-0.415515,-0.371064,0.457425,-0.139262,-0.446287,-0.446287,-0.072571,0.039221,0.438255,0.09531,-0.18633
1978-06,-0.162519,-0.385662,-0.941609,-0.314711,-0.400478,-0.356675,-0.415515,-0.385662,-0.84397,0.039221,0.19062,-0.84397,-0.916291,-0.34249,-0.040822,0.438255,-0.18633,-0.072571,0.364643,-0.01005,-0.34249,-0.287682,-0.072571,-0.051293,0.254642,0.215111,-1.07881,-0.356675,-0.562119,-0.162519,0.131028,0.086178,-0.34249,-0.235722,-0.916291,,-0.34249,-0.693147,-0.415515,-0.371064,0.457425,-0.139262,-0.446287,-0.446287,-0.072571,0.039221,0.438255,0.09531,-0.18633
1978-07,-0.162519,-0.385662,-0.941609,-0.314711,-0.400478,-0.356675,-0.415515,-0.385662,-0.84397,0.039221,0.19062,-0.84397,-0.916291,-0.34249,-0.040822,0.438255,-0.18633,-0.072571,0.364643,-0.01005,-0.34249,-0.287682,-0.072571,-0.051293,0.254642,0.215111,-1.07881,-0.356675,-0.562119,-0.162519,0.131028,0.086178,-0.34249,-0.235722,-0.916291,,-0.34249,-0.693147,-0.415515,-0.371064,0.457425,-0.139262,-0.446287,-0.446287,-0.072571,0.039221,0.438255,0.09531,-0.18633
1978-08,-0.162519,-0.385662,-0.941609,-0.314711,-0.400478,-0.356675,-0.415515,-0.385662,-0.84397,0.039221,0.19062,-0.84397,-0.916291,-0.34249,-0.040822,0.438255,-0.18633,-0.072571,0.364643,-0.01005,-0.34249,-0.287682,-0.072571,-0.051293,0.254642,0.215111,-1.07881,-0.356675,-0.562119,-0.162519,0.131028,0.086178,-0.34249,-0.235722,-0.916291,,-0.34249,-0.693147,-0.415515,-0.371064,0.457425,-0.139262,-0.446287,-0.446287,-0.072571,0.039221,0.438255,0.09531,-0.18633
1978-09,-0.162519,-0.385662,-0.941609,-0.314711,-0.400478,-0.356675,-0.415515,-0.385662,-0.84397,0.039221,0.19062,-0.84397,-0.916291,-0.34249,-0.040822,0.438255,-0.18633,-0.072571,0.364643,-0.01005,-0.34249,-0.287682,-0.072571,-0.051293,0.254642,0.215111,-1.07881,-0.356675,-0.562119,-0.162519,0.131028,0.086178,-0.34249,-0.235722,-0.916291,,-0.34249,-0.693147,-0.415515,-0.371064,0.457425,-0.139262,-0.446287,-0.446287,-0.072571,0.039221,0.438255,0.09531,-0.18633
1978-10,-0.162519,-0.385662,-0.941609,-0.314711,-0.400478,-0.356675,-0.415515,-0.385662,-0.84397,0.039221,0.19062,-0.84397,-0.916291,-0.34249,-0.040822,0.438255,-0.18633,-0.072571,0.364643,-0.01005,-0.34249,-0.287682,-0.072571,-0.051293,0.254642,0.215111,-1.07881,-0.356675,-0.562119,-0.162519,0.131028,0.086178,-0.34249,-0.235722,-0.916291,,-0.34249,-0.693147,-0.415515,-0.371064,0.457425,-0.139262,-0.446287,-0.446287,-0.072571,0.039221,0.438255,0.09531,-0.18633
1978-11,-0.162519,-0.385662,-0.941609,-0.314711,-0.400478,-0.356675,-0.415515,-0.385662,-0.84397,0.039221,0.19062,-0.84397,-0.916291,-0.34249,-0.040822,0.438255,-0.18633,-0.072571,0.364643,-0.01005,-0.34249,-0.287682,-0.072571,-0.051293,0.254642,0.215111,-1.07881,-0.356675,-0.562119,-0.162519,0.131028,0.086178,-0.34249,-0.235722,-0.916291,,-0.34249,-0.693147,-0.415515,-0.371064,0.457425,-0.139262,-0.446287,-0.446287,-0.072571,0.039221,0.438255,0.09531,-0.18633
1978-12,-0.162519,-0.385662,-0.941609,-0.314711,-0.400478,-0.356675,-0.415515,-0.385662,-0.84397,0.039221,0.19062,-0.84397,-0.916291,-0.34249,-0.040822,0.438255,-0.18633,-0.072571,0.364643,-0.01005,-0.34249,-0.287682,-0.072571,-0.051293,0.254642,0.215111,-1.07881,-0.356675,-0.562119,-0.162519,0.131028,0.086178,-0.34249,-0.235722,-0.916291,,-0.34249,-0.693147,-0.415515,-0.371064,0.457425,-0.139262,-0.446287,-0.446287,-0.072571,0.039221,0.438255,0.09531,-0.18633
1979-01,-0.072571,-0.235722,-0.820981,-0.030459,-0.223144,-0.051293,-0.356675,-0.385662,-0.544727,0.058269,-0.105361,-0.673345,-0.71335,-0.040822,0.029559,0.57098,-0.040822,0.0,0.604316,-0.030459,-0.198451,-0.223144,0.207014,0.00995,0.451076,0.322083,-1.139434,-0.040822,-0.301105,-0.01005,0.19062,0.198851,-0.314711,-0.287682,-0.891598,,-0.198451,-0.544727,-0.020203,-0.18633,0.524729,-0.040822,-0.198451,-0.371064,0.14842,0.122218,0.300105,0.215111,-0.105361
1979-02,-0.072571,-0.235722,-0.820981,-0.030459,-0.223144,-0.051293,-0.356675,-0.385662,-0.544727,0.058269,-0.105361,-0.673345,-0.71335,-0.040822,0.029559,0.57098,-0.040822,0.0,0.604316,-0.030459,-0.198451,-0.223144,0.207014,0.00995,0.451076,0.322083,-1.139434,-0.040822,-0.301105,-0.01005,0.19062,0.198851,-0.314711,-0.287682,-0.891598,,-0.198451,-0.544727,-0.020203,-0.18633,0.524729,-0.040822,-0.198451,-0.371064,0.14842,0.122218,0.300105,0.215111,-0.105361
1979-03,-0.072571,-0.235722,-0.820981,-0.030459,-0.223144,-0.051293,-0.356675,-0.385662,-0.544727,0.058269,-0.105361,-0.673345,-0.71335,-0.040822,0.029559,0.57098,-0.040822,0.0,0.604316,-0.030459,-0.198451,-0.223144,0.207014,0.00995,0.451076,0.322083,-1.139434,-0.040822,-0.301105,-0.01005,0.19062,0.198851,-0.314711,-0.287682,-0.891598,,-0.198451,-0.544727,-0.020203,-0.18633,0.524729,-0.040822,-0.198451,-0.371064,0.14842,0.122218,0.300105,0.215111,-0.105361
1979-04,-0.072571,-0.235722,-0.820981,-0.030459,-0.223144,-0.051293,-0.356675,-0.385662,-0.544727,0.058269,-0.105361,-0.673345,-0.71335,-0.040822,0.029559,0.57098,-0.040822,0.0,0.604316,-0.030459,-0.198451,-0.223144,0.207014,0.00995,0.451076,0.322083,-1.139434,-0.040822,-0.301105,-0.01005,0.19062,0.198851,-0.314711,-0.287682,-0.891598,,-0.198451,-0.544727,-0.020203,-0.18633,0.524729,-0.040822,-0.198451,-0.371064,0.14842,0.122218,0.300105,0.215111,-0.105361
1979-05,-0.072571,-0.235722,-0.820981,-0.030459,-0.223144,-0.051293,-0.356675,-0.385662,-0.544727,0.058269,-0.105361,-0.673345,-0.71335,-0.040822,0.029559,0.57098,-0.040822,0.0,0.604316,-0.030459,-0.198451,-0.223144,0.207014,0.00995,0.451076,0.322083,-1.139434,-0.040822,-0.301105,-0.01005,0.19062,0.198851,-0.314711,-0.287682,-0.891598,,-0.198451,-0.544727,-0.020203,-0.18633,0.524729,-0.040822,-0.198451,-0.371064,0.14842,0.122218,0.300105,0.215111,-0.105361
1979-06,-0.072571,-0.235722,-0.820981,-0.030459,-0.223144,-0.051293,-0.356675,-0.385662,-0.544727,0.058269,-0.105361,-0.673345,-0.71335,-0.040822,0.029559,0.57098,-0.040822,0.0,0.604316,-0.030459,-0.198451,-0.223144,0.207014,0.00995,0.451076,0.322083,-1.139434,-0.040822,-0.301105,-0.01005,0.19062,0.198851,-0.314711,-0.287682,-0.891598,,-0.198451,-0.544727,-0.020203,-0.18633,0.524729,-0.040822,-0.198451,-0.371064,0.14842,0.122218,0.300105,0.215111,-0.105361
1979-07,-0.072571,-0.235722,-0.820981,-0.030459,-0.223144,-0.051293,-0.356675,-0.385662,-0.544727,0.058269,-0.105361,-0.673345,-0.71335,-0.040822,0.029559,0.57098,-0.040822,0.0,0.604316,-0.030459,-0.198451,-0.223144,0.207014,0.00995,0.451076,0.322083,-1.139434,-0.040822,-0.301105,-0.01005,0.19062,0.198851,-0.314711,-0.287682,-0.891598,,-0.198451,-0.544727,-0.020203,-0.18633,0.524729,-0.040822,-0.198451,-0.371064,0.14842,0.122218,0.300105,0.215111,-0.105361
1979-08,-0.072571,-0.235722,-0.820981,-0.030459,-0.223144,-0.051293,-0.356675,-0.385662,-0.544727,0.058269,-0.105361,-0.673345,-0.71335,-0.040822,0.029559,0.57098,-0.040822,0.0,0.604316,-0.030459,-0.198451,-0.223144,0.207014,0.00995,0.451076,0.322083,-1.139434,-0.040822,-0.301105,-0.01005,0.19062,0.198851,-0.314711,-0.287682,-0.891598,,-0.198451,-0.544727,-0.020203,-0.18633,0.524729,-0.040822,-0.198451,-0.371064,0.14842,0.122218,0.300105,0.215111,-0.105361
1979-09,-0.072571,-0.235722,-0.820981,-0.030459,-0.223144,-0.051293,-0.356675,-0.385662,-0.544727,0.058269,-0.105361,-0.673345,-0.71335,-0.040822,0.029559,0.57098,-0.040822,0.0,0.604316,-0.030459,-0.198451,-0.223144,0.207014,0.00995,0.451076,0.322083,-1.139434,-0.040822,-0.301105,-0.01005,0.19062,0.198851,-0.314711,-0.287682,-0.891598,,-0.198451,-0.544727,-0.020203,-0.18633,0.524729,-0.040822,-0.198451,-0.371064,0.14842,0.122218,0.300105,0.215111,-0.105361
1979-10,-0.072571,-0.235722,-0.820981,-0.030459,-0.223144,-0.051293,-0.356675,-0.385662,-0.544727,0.058269,-0.105361,-0.673345,-0.71335,-0.040822,0.029559,0.57098,-0.040822,0.0,0.604316,-0.030459,-0.198451,-0.223144,0.207014,0.00995,0.451076,0.322083,-1.139434,-0.040822,-0.301105,-0.01005,0.19062,0.198851,-0.314711,-0.287682,-0.891598,,-0.198451,-0.544727,-0.020203,-0.18633,0.524729,-0.040822,-0.198451,-0.371064,0.14842,0.122218,0.300105,0.215111,-0.105361
1979-11,-0.072571,-0.235722,-0.820981,-0.030459,-0.223144,-0.051293,-0.356675,-0.385662,-0.544727,0.058269,-0.105361,-0.673345,-0.71335,-0.040822,0.029559,0.57098,-0.040822,0.0,0.604316,-0.030459,-0.198451,-0.223144,0.207014,0.00995,0.451076,0.322083,-1.139434,-0.040822,-0.301105,-0.01005,0.19062,0.198851,-0.314711,-0.287682,-0.891598,,-0.198451,-0.544727,-0.020203,-0.18633,0.524729,-0.040822,-0.198451,-0.371064,0.14842,0.122218,0.300105,0.215111,-0.105361
1979-12,-0.072571,-0.235722,-0.820981,-0.030459,-0.223144,-0.051293,-0.356675,-0.385662,-0.544727,0.058269,-0.105361,-0.673345,-0.71335,-0.040822,0.029559,0.57098,-0.040822,0.0,0.604316,-0.030459,-0.198451,-0.223144,0.207014,0.00995,0.451076,0.322083,-1.139434,-0.040822,-0.301105,-0.01005,0.19062,0.198851,-0.314711,-0.287682,-0.891598,,-0.198451,-0.544727,-0.020203,-0.18633,0.524729,-0.040822,-0.198451,-0.371064,0.14842,0.122218,0.300105,0.215111,-0.105361
1980-01,-0.061875,-0.094311,-0.776529,-0.072571,-0.174353,0.0,-0.400478,-0.385662,-0.478036,0.182322,-0.478036,-0.579818,-0.733969,0.10436,0.086178,0.652325,0.067659,0.165514,0.693147,0.04879,-0.150823,-0.162519,0.385262,-0.223144,0.262364,0.182322,-1.272966,-0.083382,0.00995,0.067659,0.364643,0.24686,-0.261365,-0.274437,-0.916291,-1.386294,-0.127833,-0.579818,0.086178,-0.223144,0.553885,-0.030459,-0.030459,-0.371064,0.231112,0.182322,0.19062,0.277632,-0.094311
1980-02,-0.061875,-0.094311,-0.776529,-0.072571,-0.174353,0.0,-0.400478,-0.385662,-0.478036,0.182322,-0.478036,-0.579818,-0.733969,0.10436,0.086178,0.652325,0.067659,0.165514,0.693147,0.04879,-0.150823,-0.162519,0.385262,-0.223144,0.262364,0.182322,-1.272966,-0.083382,0.00995,0.067659,0.364643,0.24686,-0.261365,-0.274437,-0.916291,-1.386294,-0.127833,-0.579818,0.086178,-0.223144,0.553885,-0.030459,-0.030459,-0.371064,0.231112,0.182322,0.19062,0.277632,-0.094311
1980-03,-0.061875,-0.094311,-0.776529,-0.072571,-0.174353,0.0,-0.400478,-0.385662,-0.478036,0.182322,-0.478036,-0.579818,-0.733969,0.10436,0.086178,0.652325,0.067659,0.165514,0.693147,0.04879,-0.150823,-0.162519,0.385262,-0.223144,0.262364,0.182322,-1.272966,-0.083382,0.00995,0.067659,0.364643,0.24686,-0.261365,-0.274437,-0.916291,-1.386294,-0.127833,-0.579818,0.086178,-0.223144,0.553885,-0.030459,-0.030459,-0.371064,0.231112,0.182322,0.19062,0.277632,-0.094311
1980-04,-0.061875,-0.094311,-0.776529,-0.072571,-0.174353,0.0,-0.400478,-0.385662,-0.478036,0.182322,-0.478036,-0.579818,-0.733969,0.10436,0.086178,0.652325,0.067659,0.165514,0.693147,0.04879,-0.150823,-0.162519,0.385262,-0.223144,0.262364,0.182322,-1.272966,-0.083382,0.00995,0.067659,0.364643,0.24686,-0.261365,-0.274437,-0.916291,-1.386294,-0.127833,-0.579818,0.086178,-0.223144,0.553885,-0.030459,-0.030459,-0.371064,0.231112,0.182322,0.19062,0.277632,-0.094311
1980-05,-0.061875,-0.094311,-0.776529,-0.072571,-0.174353,0.0,-0.400478,-0.385662,-0.478036,0.182322,-0.478036,-0.579818,-0.733969,0.10436,0.086178,0.652325,0.067659,0.165514,0.693147,0.04879,-0.150823,-0.162519,0.385262,-0.223144,0.262364,0.182322,-1.272966,-0.083382,0.00995,0.067659,0.364643,0.24686,-0.261365,-0.274437,-0.916291,-1.386294,-0.127833,-0.579818,0.086178,-0.223144,0.553885,-0.030459,-0.030459,-0.371064,0.231112,0.182322,0.19062,0.277632,-0.094311
1980-06,-0.061875,-0.094311,-0.776529,-0.072571,-0.174353,0.0,-0.400478,-0.385662,-0.478036,0.182322,-0.478036,-0.579818,-0.733969,0.10436,0.086178,0.652325,0.067659,0.165514,0.693147,0.04879,-0.150823,-0.162519,0.385262,-0.223144,0.262364,0.182322,-1.272966,-0.083382,0.00995,0.067659,0.364643,0.24686,-0.261365,-0.274437,-0.916291,-1.386294,-0.127833,-0.579818,0.086178,-0.223144,0.553885,-0.030459,-0.030459,-0.371064,0.231112,0.182322,0.19062,0.277632,-0.094311
1980-07,-0.061875,-0.094311,-0.776529,-0.072571,-0.174353,0.0,-0.400478,-0.385662,-0.478036,0.182322,-0.478036,-0.579818,-0.733969,0.10436,0.086178,0.652325,0.067659,0.165514,0.693147,0.04879,-0.150823,-0.162519,0.385262,-0.223144,0.262364,0.182322,-1.272966,-0.083382,0.00995,0.067659,0.364643,0.24686,-0.261365,-0.274437,-0.916291,-1.386294,-0.127833,-0.579818,0.086178,-0.223144,0.553885,-0.030459,-0.030459,-0.371064,0.231112,0.182322,0.19062,0.277632,-0.094311
1980-08,-0.061875,-0.094311,-0.776529,-0.072571,-0.174353,0.0,-0.400478,-0.385662,-0.478036,0.182322,-0.478036,-0.579818,-0.733969,0.10436,0.086178,0.652325,0.067659,0.165514,0.693147,0.04879,-0.150823,-0.162519,0.385262,-0.223144,0.262364,0.182322,-1.272966,-0.083382,0.00995,0.067659,0.364643,0.24686,-0.261365,-0.274437,-0.916291,-1.386294,-0.127833,-0.579818,0.086178,-0.223144,0.553885,-0.030459,-0.030459,-0.371064,0.231112,0.182322,0.19062,0.277632,-0.094311
1980-09,-0.061875,-0.094311,-0.776529,-0.072571,-0.174353,0.0,-0.400478,-0.385662,-0.478036,0.182322,-0.478036,-0.579818,-0.733969,0.10436,0.086178,0.652325,0.067659,0.165514,0.693147,0.04879,-0.150823,-0.162519,0.385262,-0.223144,0.262364,0.182322,-1.272966,-0.083382,0.00995,0.067659,0.364643,0.24686,-0.261365,-0.274437,-0.916291,-1.386294,-0.127833,-0.579818,0.086178,-0.223144,0.553885,-0.030459,-0.030459,-0.371064,0.231112,0.182322,0.19062,0.277632,-0.094311
1980-10,-0.061875,-0.094311,-0.776529,-0.072571,-0.174353,0.0,-0.400478,-0.385662,-0.478036,0.182322,-0.478036,-0.579818,-0.733969,0.10436,0.086178,0.652325,0.067659,0.165514,0.693147,0.04879,-0.150823,-0.162519,0.385262,-0.223144,0.262364,0.182322,-1.272966,-0.083382,0.00995,0.067659,0.364643,0.24686,-0.261365,-0.274437,-0.916291,-1.386294,-0.127833,-0.579818,0.086178,-0.223144,0.553885,-0.030459,-0.030459,-0.371064,0.231112,0.182322,0.19062,0.277632,-0.094311
1980-11,-0.061875,-0.094311,-0.776529,-0.072571,-0.174353,0.0,-0.400478,-0.385662,-0.478036,0.182322,-0.478036,-0.579818,-0.733969,0.10436,0.086178,0.652325,0.067659,0.165514,0.693147,0.04879,-0.150823,-0.162519,0.385262,-0.223144,0.262364,0.182322,-1.272966,-0.083382,0.00995,0.067659,0.364643,0.24686,-0.261365,-0.274437,-0.916291,-1.386294,-0.127833,-0.579818,0.086178,-0.223144,0.553885,-0.030459,-0.030459,-0.371064,0.231112,0.182322,0.19062,0.277632,-0.094311
1980-12,-0.061875,-0.094311,-0.776529,-0.072571,-0.174353,0.0,-0.400478,-0.385662,-0.478036,0.182322,-0.478036,-0.579818,-0.733969,0.10436,0.086178,0.652325,0.067659,0.165514,0.693147,0.04879,-0.150823,-0.162519,0.385262,-0.223144,0.262364,0.182322,-1.272966,-0.083382,0.00995,0.067659,0.364643,0.24686,-0.261365,-0.274437,-0.916291,-1.386294,-0.127833,-0.579818,0.086178,-0.223144,0.553885,-0.030459,-0.030459,-0.371064,0.231112,0.182322,0.19062,0.277632,-0.094311
1981-01,-0.287682,-0.051293,-0.544727,-0.020203,-0.174353,-0.105361,-0.385662,-0.430783,-0.328504,0.058269,-0.755023,-0.597837,-0.755023,-0.040822,-0.030459,0.593327,0.0,-0.198451,0.576613,0.039221,-0.198451,-0.287682,0.48858,-0.174353,-0.01005,0.029559,-1.609438,-0.415515,-0.301105,-0.18633,0.378436,0.405465,-0.261365,-0.446287,-0.755023,-1.469676,-0.210721,-0.755023,0.067659,-0.051293,0.482426,-0.248461,-0.01005,-0.385662,0.24686,0.157004,-0.162519,0.198851,-0.248461
1981-02,-0.287682,-0.051293,-0.544727,-0.020203,-0.174353,-0.105361,-0.385662,-0.430783,-0.328504,0.058269,-0.755023,-0.597837,-0.755023,-0.040822,-0.030459,0.593327,0.0,-0.198451,0.576613,0.039221,-0.198451,-0.287682,0.48858,-0.174353,-0.01005,0.029559,-1.609438,-0.415515,-0.301105,-0.18633,0.378436,0.405465,-0.261365,-0.446287,-0.755023,-1.469676,-0.210721,-0.755023,0.067659,-0.051293,0.482426,-0.248461,-0.01005,-0.385662,0.24686,0.157004,-0.162519,0.198851,-0.248461
1981-03,-0.287682,-0.051293,-0.544727,-0.020203,-0.174353,-0.105361,-0.385662,-0.430783,-0.328504,0.058269,-0.755023,-0.597837,-0.755023,-0.040822,-0.030459,0.593327,0.0,-0.198451,0.576613,0.039221,-0.198451,-0.287682,0.48858,-0.174353,-0.01005,0.029559,-1.609438,-0.415515,-0.301105,-0.18633,0.378436,0.405465,-0.261365,-0.446287,-0.755023,-1.469676,-0.210721,-0.755023,0.067659,-0.051293,0.482426,-0.248461,-0.01005,-0.385662,0.24686,0.157004,-0.162519,0.198851,-0.248461
1981-04,-0.287682,-0.051293,-0.544727,-0.020203,-0.174353,-0.105361,-0.385662,-0.430783,-0.328504,0.058269,-0.755023,-0.597837,-0.755023,-0.040822,-0.030459,0.593327,0.0,-0.198451,0.576613,0.039221,-0.198451,-0.287682,0.48858,-0.174353,-0.01005,0.029559,-1.609438,-0.415515,-0.301105,-0.18633,0.378436,0.405465,-0.261365,-0.446287,-0.755023,-1.469676,-0.210721,-0.755023,0.067659,-0.051293,0.482426,-0.248461,-0.01005,-0.385662,0.24686,0.157004,-0.162519,0.198851,-0.248461
1981-05,-0.287682,-0.051293,-0.544727,-0.020203,-0.174353,-0.105361,-0.385662,-0.430783,-0.328504,0.058269,-0.755023,-0.597837,-0.755023,-0.040822,-0.030459,0.593327,0.0,-0.198451,0.576613,0.039221,-0.198451,-0.287682,0.48858,-0.174353,-0.01005,0.029559,-1.609438,-0.415515,-0.301105,-0.18633,0.378436,0.405465,-0.261365,-0.446287,-0.755023,-1.469676,-0.210721,-0.755023,0.067659,-0.051293,0.482426,-0.248461,-0.01005,-0.385662,0.24686,0.157004,-0.162519,0.198851,-0.248461
1981-06,-0.287682,-0.051293,-0.544727,-0.020203,-0.174353,-0.105361,-0.385662,-0.430783,-0.328504,0.058269,-0.755023,-0.597837,-0.755023,-0.040822,-0.030459,0.593327,0.0,-0.198451,0.576613,0.039221,-0.198451,-0.287682,0.48858,-0.174353,-0.01005,0.029559,-1.609438,-0.415515,-0.301105,-0.18633,0.378436,0.405465,-0.261365,-0.446287,-0.755023,-1.469676,-0.210721,-0.755023,0.067659,-0.051293,0.482426,-0.248461,-0.01005,-0.385662,0.24686,0.157004,-0.162519,0.198851,-0.248461
1981-07,-0.287682,-0.051293,-0.544727,-0.020203,-0.174353,-0.105361,-0.385662,-0.430783,-0.328504,0.058269,-0.755023,-0.597837,-0.755023,-0.040822,-0.030459,0.593327,0.0,-0.198451,0.576613,0.039221,-0.198451,-0.287682,0.48858,-0.174353,-0.01005,0.029559,-1.609438,-0.415515,-0.301105,-0.18633,0.378436,0.405465,-0.261365,-0.446287,-0.755023,-1.469676,-0.210721,-0.755023,0.067659,-0.051293,0.482426,-0.248461,-0.01005,-0.385662,0.24686,0.157004,-0.162519,0.198851,-0.248461
1981-08,-0.287682,-0.051293,-0.544727,-0.020203,-0.174353,-0.105361,-0.385662,-0.430783,-0.328504,0.058269,-0.755023,-0.597837,-0.755023,-0.040822,-0.030459,0.593327,0.0,-0.198451,0.576613,0.039221,-0.198451,-0.287682,0.48858,-0.174353,-0.01005,0.029559,-1.609438,-0.415515,-0.301105,-0.18633,0.378436,0.405465,-0.261365,-0.446287,-0.755023,-1.469676,-0.210721,-0.755023,0.067659,-0.051293,0.482426,-0.248461,-0.01005,-0.385662,0.24686,0.157004,-0.162519,0.198851,-0.248461
1981-09,-0.287682,-0.051293,-0.544727,-0.020203,-0.174353,-0.105361,-0.385662,-0.430783,-0.328504,0.058269,-0.755023,-0.597837,-0.755023,-0.040822,-0.030459,0.593327,0.0,-0.198451,0.576613,0.039221,-0.198451,-0.287682,0.48858,-0.174353,-0.01005,0.029559,-1.609438,-0.415515,-0.301105,-0.18633,0.378436,0.405465,-0.261365,-0.446287,-0.755023,-1.469676,-0.210721,-0.755023,0.067659,-0.051293,0.482426,-0.248461,-0.01005,-0.385662,0.24686,0.157004,-0.162519,0.198851,-0.248461
1981-10,-0.287682,-0.051293,-0.544727,-0.020203,-0.174353,-0.105361,-0.385662,-0.430783,-0.328504,0.058269,-0.755023,-0.597837,-0.755023,-0.040822,-0.030459,0.593327,0.0,-0.198451,0.576613,0.039221,-0.198451,-0.287682,0.48858,-0.174353,-0.01005,0.029559,-1.609438,-0.415515,-0.301105,-0.18633,0.378436,0.405465,-0.261365,-0.446287,-0.755023,-1.469676,-0.210721,-0.755023,0.067659,-0.051293,0.482426,-0.248461,-0.01005,-0.385662,0.24686,0.157004,-0.162519,0.198851,-0.248461
1981-11,-0.287682,-0.051293,-0.544727,-0.020203,-0.174353,-0.105361,-0.385662,-0.430783,-0.328504,0.058269,-0.755023,-0.597837,-0.755023,-0.040822,-0.030459,0.593327,0.0,-0.198451,0.576613,0.039221,-0.198451,-0.287682,0.48858,-0.174353,-0.01005,0.029559,-1.609438,-0.415515,-0.301105,-0.18633,0.378436,0.405465,-0.261365,-0.446287,-0.755023,-1.469676,-0.210721,-0.755023,0.067659,-0.051293,0.482426,-0.248461,-0.01005,-0.385662,0.24686,0.157004,-0.162519,0.198851,-0.248461
1981-12,-0.287682,-0.051293,-0.544727,-0.020203,-0.174353,-0.105361,-0.385662,-0.430783,-0.328504,0.058269,-0.755023,-0.597837,-0.755023,-0.040822,-0.030459,0.593327,0.0,-0.198451,0.576613,0.039221,-0.198451,-0.287682,0.48858,-0.174353,-0.01005,0.029559,-1.609438,-0.415515,-0.301105,-0.18633,0.378436,0.405465,-0.261365,-0.446287,-0.755023,-1.469676,-0.210721,-0.755023,0.067659,-0.051293,0.482426,-0.248461,-0.01005,-0.385662,0.24686,0.157004,-0.162519,0.198851,-0.248461
1982-01,-0.527633,-0.030459,-0.462035,-0.051293,-0.274437,-0.287682,-0.527633,-0.494296,-0.385662,-0.030459,-1.171183,-0.776529,-0.798508,-0.139262,-0.030459,0.582216,-0.040822,-0.755023,0.438255,-0.616186,-0.430783,-0.430783,0.364643,-0.328504,-0.18633,-0.127833,-1.832581,-0.400478,-0.400478,-0.494296,0.307485,0.457425,-0.328504,-0.71335,-0.84397,-1.771957,-0.478036,-0.994252,0.019803,-0.051293,0.239017,-0.385662,0.0,-0.400478,0.239017,0.231112,-0.01005,0.058269,-0.430783
1982-02,-0.527633,-0.030459,-0.462035,-0.051293,-0.274437,-0.287682,-0.527633,-0.494296,-0.385662,-0.030459,-1.171183,-0.776529,-0.798508,-0.139262,-0.030459,0.582216,-0.040822,-0.755023,0.438255,-0.616186,-0.430783,-0.430783,0.364643,-0.328504,-0.18633,-0.127833,-1.832581,-0.400478,-0.400478,-0.494296,0.307485,0.457425,-0.328504,-0.71335,-0.84397,-1.771957,-0.478036,-0.994252,0.019803,-0.051293,0.239017,-0.385662,0.0,-0.400478,0.239017,0.231112,-0.01005,0.058269,-0.430783
1982-03,-0.527633,-0.030459,-0.462035,-0.051293,-0.274437,-0.287682,-0.527633,-0.494296,-0.385662,-0.030459,-1.171183,-0.776529,-0.798508,-0.139262,-0.030459,0.582216,-0.040822,-0.755023,0.438255,-0.616186,-0.430783,-0.430783,0.364643,-0.328504,-0.18633,-0.127833,-1.832581,-0.400478,-0.400478,-0.494296,0.307485,0.457425,-0.328504,-0.71335,-0.84397,-1.771957,-0.478036,-0.994252,0.019803,-0.051293,0.239017,-0.385662,0.0,-0.400478,0.239017,0.231112,-0.01005,0.058269,-0.430783
1982-04,-0.527633,-0.030459,-0.462035,-0.051293,-0.274437,-0.287682,-0.527633,-0.494296,-0.385662,-0.030459,-1.171183,-0.776529,-0.798508,-0.139262,-0.030459,0.582216,-0.040822,-0.755023,0.438255,-0.616186,-0.430783,-0.430783,0.364643,-0.328504,-0.18633,-0.127833,-1.832581,-0.400478,-0.400478,-0.494296,0.307485,0.457425,-0.328504,-0.71335,-0.84397,-1.771957,-0.478036,-0.994252,0.019803,-0.051293,0.239017,-0.385662,0.0,-0.400478,0.239017,0.231112,-0.01005,0.058269,-0.430783
1982-05,-0.527633,-0.030459,-0.462035,-0.051293,-0.274437,-0.287682,-0.527633,-0.494296,-0.385662,-0.030459,-1.171183,-0.776529,-0.798508,-0.139262,-0.030459,0.582216,-0.040822,-0.755023,0.438255,-0.616186,-0.430783,-0.430783,0.364643,-0.328504,-0.18633,-0.127833,-1.832581,-0.400478,-0.400478,-0.494296,0.307485,0.457425,-0.328504,-0.71335,-0.84397,-1.771957,-0.478036,-0.994252,0.019803,-0.051293,0.239017,-0.385662,0.0,-0.400478,0.239017,0.231112,-0.01005,0.058269,-0.430783
1982-06,-0.527633,-0.030459,-0.462035,-0.051293,-0.274437,-0.287682,-0.527633,-0.494296,-0.385662,-0.030459,-1.171183,-0.776529,-0.798508,-0.139262,-0.030459,0.582216,-0.040822,-0.755023,0.438255,-0.616186,-0.430783,-0.430783,0.364643,-0.328504,-0.18633,-0.127833,-1.832581,-0.400478,-0.400478,-0.494296,0.307485,0.457425,-0.328504,-0.71335,-0.84397,-1.771957,-0.478036,-0.994252,0.019803,-0.051293,0.239017,-0.385662,0.0,-0.400478,0.239017,0.231112,-0.01005,0.058269,-0.430783
1982-07,-0.527633,-0.030459,-0.462035,-0.051293,-0.274437,-0.287682,-0.527633,-0.494296,-0.385662,-0.030459,-1.171183,-0.776529,-0.798508,-0.139262,-0.030459,0.582216,-0.040822,-0.755023,0.438255,-0.616186,-0.430783,-0.430783,0.364643,-0.328504,-0.18633,-0.127833,-1.832581,-0.400478,-0.400478,-0.494296,0.307485,0.457425,-0.328504,-0.71335,-0.84397,-1.771957,-0.478036,-0.994252,0.019803,-0.051293,0.239017,-0.385662,0.0,-0.400478,0.239017,0.231112,-0.01005,0.058269,-0.430783
1982-08,-0.527633,-0.030459,-0.462035,-0.051293,-0.274437,-0.287682,-0.527633,-0.494296,-0.385662,-0.030459,-1.171183,-0.776529,-0.798508,-0.139262,-0.030459,0.582216,-0.040822,-0.755023,0.438255,-0.616186,-0.430783,-0.430783,0.364643,-0.328504,-0.18633,-0.127833,-1.832581,-0.400478,-0.400478,-0.494296,0.307485,0.457425,-0.328504,-0.71335,-0.84397,-1.771957,-0.478036,-0.994252,0.019803,-0.051293,0.239017,-0.385662,0.0,-0.400478,0.239017,0.231112,-0.01005,0.058269,-0.430783
1982-09,-0.527633,-0.030459,-0.462035,-0.051293,-0.274437,-0.287682,-0.527633,-0.494296,-0.385662,-0.030459,-1.171183,-0.776529,-0.798508,-0.139262,-0.030459,0.582216,-0.040822,-0.755023,0.438255,-0.616186,-0.430783,-0.430783,0.364643,-0.328504,-0.18633,-0.127833,-1.832581,-0.400478,-0.400478,-0.494296,0.307485,0.457425,-0.328504,-0.71335,-0.84397,-1.771957,-0.478036,-0.994252,0.019803,-0.051293,0.239017,-0.385662,0.0,-0.400478,0.239017,0.231112,-0.01005,0.058269,-0.430783
1982-10,-0.527633,-0.030459,-0.462035,-0.051293,-0.274437,-0.287682,-0.527633,-0.494296,-0.385662,-0.030459,-1.171183,-0.776529,-0.798508,-0.139262,-0.030459,0.582216,-0.040822,-0.755023,0.438255,-0.616186,-0.430783,-0.430783,0.364643,-0.328504,-0.18633,-0.127833,-1.832581,-0.400478,-0.400478,-0.494296,0.307485,0.457425,-0.328504,-0.71335,-0.84397,-1.771957,-0.478036,-0.994252,0.019803,-0.051293,0.239017,-0.385662,0.0,-0.400478,0.239017,0.231112,-0.01005,0.058269,-0.430783
1982-11,-0.527633,-0.030459,-0.462035,-0.051293,-0.274437,-0.287682,-0.527633,-0.494296,-0.385662,-0.030459,-1.171183,-0.776529,-0.798508,-0.139262,-0.030459,0.582216,-0.040822,-0.755023,0.438255,-0.616186,-0.430783,-0.430783,0.364643,-0.328504,-0.18633,-0.127833,-1.832581,-0.400478,-0.400478,-0.494296,0.307485,0.457425,-0.328504,-0.71335,-0.84397,-1.771957,-0.478036,-0.994252,0.019803,-0.051293,0.239017,-0.385662,0.0,-0.400478,0.239017,0.231112,-0.01005,0.058269,-0.430783
1982-12,-0.527633,-0.030459,-0.462035,-0.051293,-0.274437,-0.287682,-0.527633,-0.494296,-0.385662,-0.030459,-1.171183,-0.776529,-0.798508,-0.139262,-0.030459,0.582216,-0.040822,-0.755023,0.438255,-0.616186,-0.430783,-0.430783,0.364643,-0.328504,-0.18633,-0.127833,-1.832581,-0.400478,-0.400478,-0.494296,0.307485,0.457425,-0.328504,-0.71335,-0.84397,-1.771957,-0.478036,-0.994252,0.019803,-0.051293,0.239017,-0.385662,0.0,-0.400478,0.239017,0.231112,-0.01005,0.058269,-0.430783
1983-01,-0.527633,0.00995,-0.510826,-0.127833,-0.198451,-0.18633,-0.527633,-0.544727,-0.287682,0.0,-0.867501,-0.693147,-0.776529,0.086178,-0.030459,0.582216,0.09531,-0.105361,0.609766,-0.328504,-0.210721,-0.371064,0.431782,0.139762,0.307485,0.350657,-1.771957,-0.261365,-0.235722,-0.030459,0.405465,0.322083,-0.356675,-0.597837,-0.527633,-1.309333,-0.274437,-0.673345,0.165514,0.00995,0.285179,-0.235722,0.0,-0.371064,0.29267,0.139762,0.14842,0.198851,-0.385662
1983-02,-0.527633,0.00995,-0.510826,-0.127833,-0.198451,-0.18633,-0.527633,-0.544727,-0.287682,0.0,-0.867501,-0.693147,-0.776529,0.086178,-0.030459,0.582216,0.09531,-0.105361,0.609766,-0.328504,-0.210721,-0.371064,0.431782,0.139762,0.307485,0.350657,-1.771957,-0.261365,-0.235722,-0.030459,0.405465,0.322083,-0.356675,-0.597837,-0.527633,-1.309333,-0.274437,-0.673345,0.165514,0.00995,0.285179,-0.235722,0.0,-0.371064,0.29267,0.139762,0.14842,0.198851,-0.385662
1983-03,-0.527633,0.00995,-0.510826,-0.127833,-0.198451,-0.18633,-0.527633,-0.544727,-0.287682,0.0,-0.867501,-0.693147,-0.776529,0.086178,-0.030459,0.582216,0.09531,-0.105361,0.609766,-0.328504,-0.210721,-0.371064,0.431782,0.139762,0.307485,0.350657,-1.771957,-0.261365,-0.235722,-0.030459,0.405465,0.322083,-0.356675,-0.597837,-0.527633,-1.309333,-0.274437,-0.673345,0.165514,0.00995,0.285179,-0.235722,0.0,-0.371064,0.29267,0.139762,0.14842,0.198851,-0.385662
1983-04,-0.527633,0.00995,-0.510826,-0.127833,-0.198451,-0.18633,-0.527633,-0.544727,-0.287682,0.0,-0.867501,-0.693147,-0.776529,0.086178,-0.030459,0.582216,0.09531,-0.105361,0.609766,-0.328504,-0.210721,-0.371064,0.431782,0.139762,0.307485,0.350657,-1.771957,-0.261365,-0.235722,-0.030459,0.405465,0.322083,-0.356675,-0.597837,-0.527633,-1.309333,-0.274437,-0.673345,0.165514,0.00995,0.285179,-0.235722,0.0,-0.371064,0.29267,0.139762,0.14842,0.198851,-0.385662
1983-05,-0.527633,0.00995,-0.510826,-0.127833,-0.198451,-0.18633,-0.527633,-0.544727,-0.287682,0.0,-0.867501,-0.693147,-0.776529,0.086178,-0.030459,0.582216,0.09531,-0.105361,0.609766,-0.328504,-0.210721,-0.371064,0.431782,0.139762,0.307485,0.350657,-1.771957,-0.261365,-0.235722,-0.030459,0.405465,0.322083,-0.356675,-0.597837,-0.527633,-1.309333,-0.274437,-0.673345,0.165514,0.00995,0.285179,-0.235722,0.0,-0.371064,0.29267,0.139762,0.14842,0.198851,-0.385662
1983-06,-0.527633,0.00995,-0.510826,-0.127833,-0.198451,-0.18633,-0.527633,-0.544727,-0.287682,0.0,-0.867501,-0.693147,-0.776529,0.086178,-0.030459,0.582216,0.09531,-0.105361,0.609766,-0.328504,-0.210721,-0.371064,0.431782,0.139762,0.307485,0.350657,-1.771957,-0.261365,-0.235722,-0.030459,0.405465,0.322083,-0.356675,-0.597837,-0.527633,-1.309333,-0.274437,-0.673345,0.165514,0.00995,0.285179,-0.235722,0.0,-0.371064,0.29267,0.139762,0.14842,0.198851,-0.385662
1983-07,-0.527633,0.00995,-0.510826,-0.127833,-0.198451,-0.18633,-0.527633,-0.544727,-0.287682,0.0,-0.867501,-0.693147,-0.776529,0.086178,-0.030459,0.582216,0.09531,-0.105361,0.609766,-0.328504,-0.210721,-0.371064,0.431782,0.139762,0.307485,0.350657,-1.771957,-0.261365,-0.235722,-0.030459,0.405465,0.322083,-0.356675,-0.597837,-0.527633,-1.309333,-0.274437,-0.673345,0.165514,0.00995,0.285179,-0.235722,0.0,-0.371064,0.29267,0.139762,0.14842,0.198851,-0.385662
1983-08,-0.527633,0.00995,-0.510826,-0.127833,-0.198451,-0.18633,-0.527633,-0.544727,-0.287682,0.0,-0.867501,-0.693147,-0.776529,0.086178,-0.030459,0.582216,0.09531,-0.105361,0.609766,-0.328504,-0.210721,-0.371064,0.431782,0.139762,0.307485,0.350657,-1.771957,-0.261365,-0.235722,-0.030459,0.405465,0.322083,-0.356675,-0.597837,-0.527633,-1.309333,-0.274437,-0.673345,0.165514,0.00995,0.285179,-0.235722,0.0,-0.371064,0.29267,0.139762,0.14842,0.198851,-0.385662
1983-09,-0.527633,0.00995,-0.510826,-0.127833,-0.198451,-0.18633,-0.527633,-0.544727,-0.287682,0.0,-0.867501,-0.693147,-0.776529,0.086178,-0.030459,0.582216,0.09531,-0.105361,0.609766,-0.328504,-0.210721,-0.371064,0.431782,0.139762,0.307485,0.350657,-1.771957,-0.261365,-0.235722,-0.030459,0.405465,0.322083,-0.356675,-0.597837,-0.527633,-1.309333,-0.274437,-0.673345,0.165514,0.00995,0.285179,-0.235722,0.0,-0.371064,0.29267,0.139762,0.14842,0.198851,-0.385662
1983-10,-0.527633,0.00995,-0.510826,-0.127833,-0.198451,-0.18633,-0.527633,-0.544727,-0.287682,0.0,-0.867501,-0.693147,-0.776529,0.086178,-0.030459,0.582216,0.09531,-0.105361,0.609766,-0.328504,-0.210721,-0.371064,0.431782,0.139762,0.307485,0.350657,-1.771957,-0.261365,-0.235722,-0.030459,0.405465,0.322083,-0.356675,-0.597837,-0.527633,-1.309333,-0.274437,-0.673345,0.165514,0.00995,0.285179,-0.235722,0.0,-0.371064,0.29267,0.139762,0.14842,0.198851,-0.385662
1983-11,-0.527633,0.00995,-0.510826,-0.127833,-0.198451,-0.18633,-0.527633,-0.544727,-0.287682,0.0,-0.867501,-0.693147,-0.776529,0.086178,-0.030459,0.582216,0.09531,-0.105361,0.609766,-0.328504,-0.210721,-0.371064,0.431782,0.139762,0.307485,0.350657,-1.771957,-0.261365,-0.235722,-0.030459,0.405465,0.322083,-0.356675,-0.597837,-0.527633,-1.309333,-0.274437,-0.673345,0.165514,0.00995,0.285179,-0.235722,0.0,-0.371064,0.29267,0.139762,0.14842,0.198851,-0.385662
1983-12,-0.527633,0.00995,-0.510826,-0.127833,-0.198451,-0.18633,-0.527633,-0.544727,-0.287682,0.0,-0.867501,-0.693147,-0.776529,0.086178,-0.030459,0.582216,0.09531,-0.105361,0.609766,-0.328504,-0.210721,-0.371064,0.431782,0.139762,0.307485,0.350657,-1.771957,-0.261365,-0.235722,-0.030459,0.405465,0.322083,-0.356675,-0.597837,-0.527633,-1.309333,-0.274437,-0.673345,0.165514,0.00995,0.285179,-0.235722,0.0,-0.371064,0.29267,0.139762,0.14842,0.198851,-0.385662
1984-01,-0.462035,-0.235722,-0.693147,-0.235722,-0.328504,-0.385662,-0.478036,-0.820981,-0.527633,-0.328504,-1.108663,-0.916291,-0.84397,0.139762,-0.248461,0.322083,-0.083382,-0.072571,0.576613,0.058269,-0.139262,-0.616186,-0.020203,-0.083382,0.223144,0.173953,-2.040221,0.10436,0.207014,0.285179,0.364643,0.277632,-0.562119,-0.820981,-0.84397,-1.386294,-0.597837,-0.941609,0.04879,-0.223144,0.10436,-0.527633,-0.415515,-0.616186,0.262364,0.0,-0.287682,0.113329,-0.616186
1984-02,-0.462035,-0.235722,-0.693147,-0.235722,-0.328504,-0.385662,-0.478036,-0.820981,-0.527633,-0.328504,-1.108663,-0.916291,-0.84397,0.139762,-0.248461,0.322083,-0.083382,-0.072571,0.576613,0.058269,-0.139262,-0.616186,-0.020203,-0.083382,0.223144,0.173953,-2.040221,0.10436,0.207014,0.285179,0.364643,0.277632,-0.562119,-0.820981,-0.84397,-1.386294,-0.597837,-0.941609,0.04879,-0.223144,0.10436,-0.527633,-0.415515,-0.616186,0.262364,0.0,-0.287682,0.113329,-0.616186
1984-03,-0.462035,-0.235722,-0.693147,-0.235722,-0.328504,-0.385662,-0.478036,-0.820981,-0.527633,-0.328504,-1.108663,-0.916291,-0.84397,0.139762,-0.248461,0.322083,-0.083382,-0.072571,0.576613,0.058269,-0.139262,-0.616186,-0.020203,-0.083382,0.223144,0.173953,-2.040221,0.10436,0.207014,0.285179,0.364643,0.277632,-0.562119,-0.820981,-0.84397,-1.386294,-0.597837,-0.941609,0.04879,-0.223144,0.10436,-0.527633,-0.415515,-0.616186,0.262364,0.0,-0.287682,0.113329,-0.616186
1984-04,-0.462035,-0.235722,-0.693147,-0.235722,-0.328504,-0.385662,-0.478036,-0.820981,-0.527633,-0.328504,-1.108663,-0.916291,-0.84397,0.139762,-0.248461,0.322083,-0.083382,-0.072571,0.576613,0.058269,-0.139262,-0.616186,-0.020203,-0.083382,0.223144,0.173953,-2.040221,0.10436,0.207014,0.285179,0.364643,0.277632,-0.562119,-0.820981,-0.84397,-1.386294,-0.597837,-0.941609,0.04879,-0.223144,0.10436,-0.527633,-0.415515,-0.616186,0.262364,0.0,-0.287682,0.113329,-0.616186
1984-05,-0.462035,-0.235722,-0.693147,-0.235722,-0.328504,-0.385662,-0.478036,-0.820981,-0.527633,-0.328504,-1.108663,-0.916291,-0.84397,0.139762,-0.248461,0.322083,-0.083382,-0.072571,0.576613,0.058269,-0.139262,-0.616186,-0.020203,-0.083382,0.223144,0.173953,-2.040221,0.10436,0.207014,0.285179,0.364643,0.277632,-0.562119,-0.820981,-0.84397,-1.386294,-0.597837,-0.941609,0.04879,-0.223144,0.10436,-0.527633,-0.415515,-0.616186,0.262364,0.0,-0.287682,0.113329,-0.616186
1984-06,-0.462035,-0.235722,-0.693147,-0.235722,-0.328504,-0.385662,-0.478036,-0.820981,-0.527633,-0.328504,-1.108663,-0.916291,-0.84397,0.139762,-0.248461,0.322083,-0.083382,-0.072571,0.576613,0.058269,-0.139262,-0.616186,-0.020203,-0.083382,0.223144,0.173953,-2.040221,0.10436,0.207014,0.285179,0.364643,0.277632,-0.562119,-0.820981,-0.84397,-1.386294,-0.597837,-0.941609,0.04879,-0.223144,0.10436,-0.527633,-0.415515,-0.616186,0.262364,0.0,-0.287682,0.113329,-0.616186
1984-07,-0.462035,-0.235722,-0.693147,-0.235722,-0.328504,-0.385662,-0.478036,-0.820981,-0.527633,-0.328504,-1.108663,-0.916291,-0.84397,0.139762,-0.248461,0.322083,-0.083382,-0.072571,0.576613,0.058269,-0.139262,-0.616186,-0.020203,-0.083382,0.223144,0.173953,-2.040221,0.10436,0.207014,0.285179,0.364643,0.277632,-0.562119,-0.820981,-0.84397,-1.386294,-0.597837,-0.941609,0.04879,-0.223144,0.10436,-0.527633,-0.415515,-0.616186,0.262364,0.0,-0.287682,0.113329,-0.616186
1984-08,-0.462035,-0.235722,-0.693147,-0.235722,-0.328504,-0.385662,-0.478036,-0.820981,-0.527633,-0.328504,-1.108663,-0.916291,-0.84397,0.139762,-0.248461,0.322083,-0.083382,-0.072571,0.576613,0.058269,-0.139262,-0.616186,-0.020203,-0.083382,0.223144,0.173953,-2.040221,0.10436,0.207014,0.285179,0.364643,0.277632,-0.562119,-0.820981,-0.84397,-1.386294,-0.597837,-0.941609,0.04879,-0.223144,0.10436,-0.527633,-0.415515,-0.616186,0.262364,0.0,-0.287682,0.113329,-0.616186
1984-09,-0.462035,-0.235722,-0.693147,-0.235722,-0.328504,-0.385662,-0.478036,-0.820981,-0.527633,-0.328504,-1.108663,-0.916291,-0.84397,0.139762,-0.248461,0.322083,-0.083382,-0.072571,0.576613,0.058269,-0.139262,-0.616186,-0.020203,-0.083382,0.223144,0.173953,-2.040221,0.10436,0.207014,0.285179,0.364643,0.277632,-0.562119,-0.820981,-0.84397,-1.386294,-0.597837,-0.941609,0.04879,-0.223144,0.10436,-0.527633,-0.415515,-0.616186,0.262364,0.0,-0.287682,0.113329,-0.616186
1984-10,-0.462035,-0.235722,-0.693147,-0.235722,-0.328504,-0.385662,-0.478036,-0.820981,-0.527633,-0.328504,-1.108663,-0.916291,-0.84397,0.139762,-0.248461,0.322083,-0.083382,-0.072571,0.576613,0.058269,-0.139262,-0.616186,-0.020203,-0.083382,0.223144,0.173953,-2.040221,0.10436,0.207014,0.285179,0.364643,0.277632,-0.562119,-0.820981,-0.84397,-1.386294,-0.597837,-0.941609,0.04879,-0.223144,0.10436,-0.527633,-0.415515,-0.616186,0.262364,0.0,-0.287682,0.113329,-0.616186
1984-11,-0.462035,-0.235722,-0.693147,-0.235722,-0.328504,-0.385662,-0.478036,-0.820981,-0.527633,-0.328504,-1.108663,-0.916291,-0.84397,0.139762,-0.248461,0.322083,-0.083382,-0.072571,0.576613,0.058269,-0.139262,-0.616186,-0.020203,-0.083382,0.223144,0.173953,-2.040221,0.10436,0.207014,0.285179,0.364643,0.277632,-0.562119,-0.820981,-0.84397,-1.386294,-0.597837,-0.941609,0.04879,-0.223144,0.10436,-0.527633,-0.415515,-0.616186,0.262364,0.0,-0.287682,0.113329,-0.616186
1984-12,-0.462035,-0.235722,-0.693147,-0.235722,-0.328504,-0.385662,-0.478036,-0.820981,-0.527633,-0.328504,-1.108663,-0.916291,-0.84397,0.139762,-0.248461,0.322083,-0.083382,-0.072571,0.576613,0.058269,-0.139262,-0.616186,-0.020203,-0.083382,0.223144,0.173953,-2.040221,0.10436,0.207014,0.285179,0.364643,0.277632,-0.562119,-0.820981,-0.84397,-1.386294,-0.597837,-0.941609,0.04879,-0.223144,0.10436,-0.527633,-0.415515,-0.616186,0.262364,0.0,-0.287682,0.113329,-0.616186
1985-01,-0.673345,-0.385662,-0.653926,-0.248461,-0.446287,-0.733969,-0.562119,-0.916291,-0.562119,-0.430783,-0.84397,-0.776529,-0.84397,-0.105361,-0.544727,0.0,-0.198451,-0.139262,0.076961,-0.127833,-0.400478,-0.776529,-0.174353,-0.301105,-0.287682,-0.105361,-1.832581,-0.083382,0.04879,0.131028,0.34359,0.19062,-0.776529,-0.916291,-0.916291,-1.514128,-0.755023,-1.021651,-0.094311,-0.415515,-0.174353,-0.673345,-0.579818,-0.733969,0.139762,0.0,-0.544727,0.04879,-0.820981
1985-02,-0.673345,-0.385662,-0.653926,-0.248461,-0.446287,-0.733969,-0.562119,-0.916291,-0.562119,-0.430783,-0.84397,-0.776529,-0.84397,-0.105361,-0.544727,0.0,-0.198451,-0.139262,0.076961,-0.127833,-0.400478,-0.776529,-0.174353,-0.301105,-0.287682,-0.105361,-1.832581,-0.083382,0.04879,0.131028,0.34359,0.19062,-0.776529,-0.916291,-0.916291,-1.514128,-0.755023,-1.021651,-0.094311,-0.415515,-0.174353,-0.673345,-0.579818,-0.733969,0.139762,0.0,-0.544727,0.04879,-0.820981
1985-03,-0.673345,-0.385662,-0.653926,-0.248461,-0.446287,-0.733969,-0.562119,-0.916291,-0.562119,-0.430783,-0.84397,-0.776529,-0.84397,-0.105361,-0.544727,0.0,-0.198451,-0.139262,0.076961,-0.127833,-0.400478,-0.776529,-0.174353,-0.301105,-0.287682,-0.105361,-1.832581,-0.083382,0.04879,0.131028,0.34359,0.19062,-0.776529,-0.916291,-0.916291,-1.514128,-0.755023,-1.021651,-0.094311,-0.415515,-0.174353,-0.673345,-0.579818,-0.733969,0.139762,0.0,-0.544727,0.04879,-0.820981
1985-04,-0.673345,-0.385662,-0.653926,-0.248461,-0.446287,-0.733969,-0.562119,-0.916291,-0.562119,-0.430783,-0.84397,-0.776529,-0.84397,-0.105361,-0.544727,0.0,-0.198451,-0.139262,0.076961,-0.127833,-0.400478,-0.776529,-0.174353,-0.301105,-0.287682,-0.105361,-1.832581,-0.083382,0.04879,0.131028,0.34359,0.19062,-0.776529,-0.916291,-0.916291,-1.514128,-0.755023,-1.021651,-0.094311,-0.415515,-0.174353,-0.673345,-0.579818,-0.733969,0.139762,0.0,-0.544727,0.04879,-0.820981
1985-05,-0.673345,-0.385662,-0.653926,-0.248461,-0.446287,-0.733969,-0.562119,-0.916291,-0.562119,-0.430783,-0.84397,-0.776529,-0.84397,-0.105361,-0.544727,0.0,-0.198451,-0.139262,0.076961,-0.127833,-0.400478,-0.776529,-0.174353,-0.301105,-0.287682,-0.105361,-1.832581,-0.083382,0.04879,0.131028,0.34359,0.19062,-0.776529,-0.916291,-0.916291,-1.514128,-0.755023,-1.021651,-0.094311,-0.415515,-0.174353,-0.673345,-0.579818,-0.733969,0.139762,0.0,-0.544727,0.04879,-0.820981
1985-06,-0.673345,-0.385662,-0.653926,-0.248461,-0.446287,-0.733969,-0.562119,-0.916291,-0.562119,-0.430783,-0.84397,-0.776529,-0.84397,-0.105361,-0.544727,0.0,-0.198451,-0.139262,0.076961,-0.127833,-0.400478,-0.776529,-0.174353,-0.301105,-0.287682,-0.105361,-1.832581,-0.083382,0.04879,0.131028,0.34359,0.19062,-0.776529,-0.916291,-0.916291,-1.514128,-0.755023,-1.021651,-0.094311,-0.415515,-0.174353,-0.673345,-0.579818,-0.733969,0.139762,0.0,-0.544727,0.04879,-0.820981
1985-07,-0.673345,-0.385662,-0.653926,-0.248461,-0.446287,-0.733969,-0.562119,-0.916291,-0.562119,-0.430783,-0.84397,-0.776529,-0.84397,-0.105361,-0.544727,0.0,-0.198451,-0.139262,0.076961,-0.127833,-0.400478,-0.776529,-0.174353,-0.301105,-0.287682,-0.105361,-1.832581,-0.083382,0.04879,0.131028,0.34359,0.19062,-0.776529,-0.916291,-0.916291,-1.514128,-0.755023,-1.021651,-0.094311,-0.415515,-0.174353,-0.673345,-0.579818,-0.733969,0.139762,0.0,-0.544727,0.04879,-0.820981
1985-08,-0.673345,-0.385662,-0.653926,-0.248461,-0.446287,-0.733969,-0.562119,-0.916291,-0.562119,-0.430783,-0.84397,-0.776529,-0.84397,-0.105361,-0.544727,0.0,-0.198451,-0.139262,0.076961,-0.127833,-0.400478,-0.776529,-0.174353,-0.301105,-0.287682,-0.105361,-1.832581,-0.083382,0.04879,0.131028,0.34359,0.19062,-0.776529,-0.916291,-0.916291,-1.514128,-0.755023,-1.021651,-0.094311,-0.415515,-0.174353,-0.673345,-0.579818,-0.733969,0.139762,0.0,-0.544727,0.04879,-0.820981
1985-09,-0.673345,-0.385662,-0.653926,-0.248461,-0.446287,-0.733969,-0.562119,-0.916291,-0.562119,-0.430783,-0.84397,-0.776529,-0.84397,-0.105361,-0.544727,0.0,-0.198451,-0.139262,0.076961,-0.127833,-0.400478,-0.776529,-0.174353,-0.301105,-0.287682,-0.105361,-1.832581,-0.083382,0.04879,0.131028,0.34359,0.19062,-0.776529,-0.916291,-0.916291,-1.514128,-0.755023,-1.021651,-0.094311,-0.415515,-0.174353,-0.673345,-0.579818,-0.733969,0.139762,0.0,-0.544727,0.04879,-0.820981
1985-10,-0.673345,-0.385662,-0.653926,-0.248461,-0.446287,-0.733969,-0.562119,-0.916291,-0.562119,-0.430783,-0.84397,-0.776529,-0.84397,-0.105361,-0.544727,0.0,-0.198451,-0.139262,0.076961,-0.127833,-0.400478,-0.776529,-0.174353,-0.301105,-0.287682,-0.105361,-1.832581,-0.083382,0.04879,0.131028,0.34359,0.19062,-0.776529,-0.916291,-0.916291,-1.514128,-0.755023,-1.021651,-0.094311,-0.415515,-0.174353,-0.673345,-0.579818,-0.733969,0.139762,0.0,-0.544727,0.04879,-0.820981
1985-11,-0.673345,-0.385662,-0.653926,-0.248461,-0.446287,-0.733969,-0.562119,-0.916291,-0.562119,-0.430783,-0.84397,-0.776529,-0.84397,-0.105361,-0.544727,0.0,-0.198451,-0.139262,0.076961,-0.127833,-0.400478,-0.776529,-0.174353,-0.301105,-0.287682,-0.105361,-1.832581,-0.083382,0.04879,0.131028,0.34359,0.19062,-0.776529,-0.916291,-0.916291,-1.514128,-0.755023,-1.021651,-0.094311,-0.415515,-0.174353,-0.673345,-0.579818,-0.733969,0.139762,0.0,-0.544727,0.04879,-0.820981
1985-12,-0.673345,-0.385662,-0.653926,-0.248461,-0.446287,-0.733969,-0.562119,-0.916291,-0.562119,-0.430783,-0.84397,-0.776529,-0.84397,-0.105361,-0.544727,0.0,-0.198451,-0.139262,0.076961,-0.127833,-0.400478,-0.776529,-0.174353,-0.301105,-0.287682,-0.105361,-1.832581,-0.083382,0.04879,0.131028,0.34359,0.19062,-0.776529,-0.916291,-0.916291,-1.514128,-0.755023,-1.021651,-0.094311,-0.415515,-0.174353,-0.673345,-0.579818,-0.733969,0.139762,0.0,-0.544727,0.04879,-0.820981
1986-01,-0.994252,-0.430783,-0.733969,-0.116534,-0.562119,-0.430783,-0.616186,-0.820981,-0.494296,-0.210721,-0.776529,-0.527633,-0.798508,0.039221,-0.527633,0.24686,-0.094311,0.039221,0.262364,0.019803,-0.287682,-0.634878,-0.020203,-0.314711,-0.223144,-0.287682,-1.237874,0.09531,0.09531,0.198851,0.329304,0.04879,-0.597837,-0.755023,-0.755023,-0.916291,-0.462035,-0.673345,-0.061875,-0.415515,-0.01005,-0.579818,-0.415515,-0.616186,0.113329,-0.116534,-0.371064,0.09531,-0.478036
1986-02,-0.994252,-0.430783,-0.733969,-0.116534,-0.562119,-0.430783,-0.616186,-0.820981,-0.494296,-0.210721,-0.776529,-0.527633,-0.798508,0.039221,-0.527633,0.24686,-0.094311,0.039221,0.262364,0.019803,-0.287682,-0.634878,-0.020203,-0.314711,-0.223144,-0.287682,-1.237874,0.09531,0.09531,0.198851,0.329304,0.04879,-0.597837,-0.755023,-0.755023,-0.916291,-0.462035,-0.673345,-0.061875,-0.415515,-0.01005,-0.579818,-0.415515,-0.616186,0.113329,-0.116534,-0.371064,0.09531,-0.478036
1986-03,-0.994252,-0.430783,-0.733969,-0.116534,-0.562119,-0.430783,-0.616186,-0.820981,-0.494296,-0.210721,-0.776529,-0.527633,-0.798508,0.039221,-0.527633,0.24686,-0.094311,0.039221,0.262364,0.019803,-0.287682,-0.634878,-0.020203,-0.314711,-0.223144,-0.287682,-1.237874,0.09531,0.09531,0.198851,0.329304,0.04879,-0.597837,-0.755023,-0.755023,-0.916291,-0.462035,-0.673345,-0.061875,-0.415515,-0.01005,-0.579818,-0.415515,-0.616186,0.113329,-0.116534,-0.371064,0.09531,-0.478036
1986-04,-0.994252,-0.430783,-0.733969,-0.116534,-0.562119,-0.430783,-0.616186,-0.820981,-0.494296,-0.210721,-0.776529,-0.527633,-0.798508,0.039221,-0.527633,0.24686,-0.094311,0.039221,0.262364,0.019803,-0.287682,-0.634878,-0.020203,-0.314711,-0.223144,-0.287682,-1.237874,0.09531,0.09531,0.198851,0.329304,0.04879,-0.597837,-0.755023,-0.755023,-0.916291,-0.462035,-0.673345,-0.061875,-0.415515,-0.01005,-0.579818,-0.415515,-0.616186,0.113329,-0.116534,-0.371064,0.09531,-0.478036
1986-05,-0.994252,-0.430783,-0.733969,-0.116534,-0.562119,-0.430783,-0.616186,-0.820981,-0.494296,-0.210721,-0.776529,-0.527633,-0.798508,0.039221,-0.527633,0.24686,-0.094311,0.039221,0.262364,0.019803,-0.287682,-0.634878,-0.020203,-0.314711,-0.223144,-0.287682,-1.237874,0.09531,0.09531,0.198851,0.329304,0.04879,-0.597837,-0.755023,-0.755023,-0.916291,-0.462035,-0.673345,-0.061875,-0.415515,-0.01005,-0.579818,-0.415515,-0.616186,0.113329,-0.116534,-0.371064,0.09531,-0.478036
1986-06,-0.994252,-0.430783,-0.733969,-0.116534,-0.562119,-0.430783,-0.616186,-0.820981,-0.494296,-0.210721,-0.776529,-0.527633,-0.798508,0.039221,-0.527633,0.24686,-0.094311,0.039221,0.262364,0.019803,-0.287682,-0.634878,-0.020203,-0.314711,-0.223144,-0.287682,-1.237874,0.09531,0.09531,0.198851,0.329304,0.04879,-0.597837,-0.755023,-0.755023,-0.916291,-0.462035,-0.673345,-0.061875,-0.415515,-0.01005,-0.579818,-0.415515,-0.616186,0.113329,-0.116534,-0.371064,0.09531,-0.478036
1986-07,-0.994252,-0.430783,-0.733969,-0.116534,-0.562119,-0.430783,-0.616186,-0.820981,-0.494296,-0.210721,-0.776529,-0.527633,-0.798508,0.039221,-0.527633,0.24686,-0.094311,0.039221,0.262364,0.019803,-0.287682,-0.634878,-0.020203,-0.314711,-0.223144,-0.287682,-1.237874,0.09531,0.09531,0.198851,0.329304,0.04879,-0.597837,-0.755023,-0.755023,-0.916291,-0.462035,-0.673345,-0.061875,-0.415515,-0.01005,-0.579818,-0.415515,-0.616186,0.113329,-0.116534,-0.371064,0.09531,-0.478036
1986-08,-0.994252,-0.430783,-0.733969,-0.116534,-0.562119,-0.430783,-0.616186,-0.820981,-0.494296,-0.210721,-0.776529,-0.527633,-0.798508,0.039221,-0.527633,0.24686,-0.094311,0.039221,0.262364,0.019803,-0.287682,-0.634878,-0.020203,-0.314711,-0.223144,-0.287682,-1.237874,0.09531,0.09531,0.198851,0.329304,0.04879,-0.597837,-0.755023,-0.755023,-0.916291,-0.462035,-0.673345,-0.061875,-0.415515,-0.01005,-0.579818,-0.415515,-0.616186,0.113329,-0.116534,-0.371064,0.09531,-0.478036
1986-09,-0.994252,-0.430783,-0.733969,-0.116534,-0.562119,-0.430783,-0.616186,-0.820981,-0.494296,-0.210721,-0.776529,-0.527633,-0.798508,0.039221,-0.527633,0.24686,-0.094311,0.039221,0.262364,0.019803,-0.287682,-0.634878,-0.020203,-0.314711,-0.223144,-0.287682,-1.237874,0.09531,0.09531,0.198851,0.329304,0.04879,-0.597837,-0.755023,-0.755023,-0.916291,-0.462035,-0.673345,-0.061875,-0.415515,-0.01005,-0.579818,-0.415515,-0.616186,0.113329,-0.116534,-0.371064,0.09531,-0.478036
1986-10,-0.994252,-0.430783,-0.733969,-0.116534,-0.562119,-0.430783,-0.616186,-0.820981,-0.494296,-0.210721,-0.776529,-0.527633,-0.798508,0.039221,-0.527633,0.24686,-0.094311,0.039221,0.262364,0.019803,-0.287682,-0.634878,-0.020203,-0.314711,-0.223144,-0.287682,-1.237874,0.09531,0.09531,0.198851,0.329304,0.04879,-0.597837,-0.755023,-0.755023,-0.916291,-0.462035,-0.673345,-0.061875,-0.415515,-0.01005,-0.579818,-0.415515,-0.616186,0.113329,-0.116534,-0.371064,0.09531,-0.478036
1986-11,-0.994252,-0.430783,-0.733969,-0.116534,-0.562119,-0.430783,-0.616186,-0.820981,-0.494296,-0.210721,-0.776529,-0.527633,-0.798508,0.039221,-0.527633,0.24686,-0.094311,0.039221,0.262364,0.019803,-0.287682,-0.634878,-0.020203,-0.314711,-0.223144,-0.287682,-1.237874,0.09531,0.09531,0.198851,0.329304,0.04879,-0.597837,-0.755023,-0.755023,-0.916291,-0.462035,-0.673345,-0.061875,-0.415515,-0.01005,-0.579818,-0.415515,-0.616186,0.113329,-0.116534,-0.371064,0.09531,-0.478036
1986-12,-0.994252,-0.430783,-0.733969,-0.116534,-0.562119,-0.430783,-0.616186,-0.820981,-0.494296,-0.210721,-0.776529,-0.527633,-0.798508,0.039221,-0.527633,0.24686,-0.094311,0.039221,0.262364,0.019803,-0.287682,-0.634878,-0.020203,-0.314711,-0.223144,-0.287682,-1.237874,0.09531,0.09531,0.198851,0.329304,0.04879,-0.597837,-0.755023,-0.755023,-0.916291,-0.462035,-0.673345,-0.061875,-0.415515,-0.01005,-0.579818,-0.415515,-0.616186,0.113329,-0.116534,-0.371064,0.09531,-0.478036
1987-01,-0.994252,-0.733969,-0.994252,-0.446287,-0.579818,-0.597837,-1.021651,-1.07881,-0.673345,-0.616186,-0.693147,-0.820981,-1.049822,-0.248461,-0.634878,-0.01005,-0.301105,-0.198451,0.139762,-0.162519,-0.415515,-0.891598,0.086178,-0.430783,-0.116534,-0.34249,-1.203973,-0.223144,0.00995,0.09531,0.207014,-0.139262,-0.755023,-1.021651,-0.84397,-1.021651,-0.544727,-0.634878,-0.235722,-0.544727,-0.127833,-0.798508,-0.634878,-0.84397,-0.116534,-0.415515,-0.34249,-0.139262,-0.941609
1987-02,-0.994252,-0.733969,-0.994252,-0.446287,-0.579818,-0.597837,-1.021651,-1.07881,-0.673345,-0.616186,-0.693147,-0.820981,-1.049822,-0.248461,-0.634878,-0.01005,-0.301105,-0.198451,0.139762,-0.162519,-0.415515,-0.891598,0.086178,-0.430783,-0.116534,-0.34249,-1.203973,-0.223144,0.00995,0.09531,0.207014,-0.139262,-0.755023,-1.021651,-0.84397,-1.021651,-0.544727,-0.634878,-0.235722,-0.544727,-0.127833,-0.798508,-0.634878,-0.84397,-0.116534,-0.415515,-0.34249,-0.139262,-0.941609
1987-03,-0.994252,-0.733969,-0.994252,-0.446287,-0.579818,-0.597837,-1.021651,-1.07881,-0.673345,-0.616186,-0.693147,-0.820981,-1.049822,-0.248461,-0.634878,-0.01005,-0.301105,-0.198451,0.139762,-0.162519,-0.415515,-0.891598,0.086178,-0.430783,-0.116534,-0.34249,-1.203973,-0.223144,0.00995,0.09531,0.207014,-0.139262,-0.755023,-1.021651,-0.84397,-1.021651,-0.544727,-0.634878,-0.235722,-0.544727,-0.127833,-0.798508,-0.634878,-0.84397,-0.116534,-0.415515,-0.34249,-0.139262,-0.941609
1987-04,-0.994252,-0.733969,-0.994252,-0.446287,-0.579818,-0.597837,-1.021651,-1.07881,-0.673345,-0.616186,-0.693147,-0.820981,-1.049822,-0.248461,-0.634878,-0.01005,-0.301105,-0.198451,0.139762,-0.162519,-0.415515,-0.891598,0.086178,-0.430783,-0.116534,-0.34249,-1.203973,-0.223144,0.00995,0.09531,0.207014,-0.139262,-0.755023,-1.021651,-0.84397,-1.021651,-0.544727,-0.634878,-0.235722,-0.544727,-0.127833,-0.798508,-0.634878,-0.84397,-0.116534,-0.415515,-0.34249,-0.139262,-0.941609
1987-05,-0.994252,-0.733969,-0.994252,-0.446287,-0.579818,-0.597837,-1.021651,-1.07881,-0.673345,-0.616186,-0.693147,-0.820981,-1.049822,-0.248461,-0.634878,-0.01005,-0.301105,-0.198451,0.139762,-0.162519,-0.415515,-0.891598,0.086178,-0.430783,-0.116534,-0.34249,-1.203973,-0.223144,0.00995,0.09531,0.207014,-0.139262,-0.755023,-1.021651,-0.84397,-1.021651,-0.544727,-0.634878,-0.235722,-0.544727,-0.127833,-0.798508,-0.634878,-0.84397,-0.116534,-0.415515,-0.34249,-0.139262,-0.941609
1987-06,-0.994252,-0.733969,-0.994252,-0.446287,-0.579818,-0.597837,-1.021651,-1.07881,-0.673345,-0.616186,-0.693147,-0.820981,-1.049822,-0.248461,-0.634878,-0.01005,-0.301105,-0.198451,0.139762,-0.162519,-0.415515,-0.891598,0.086178,-0.430783,-0.116534,-0.34249,-1.203973,-0.223144,0.00995,0.09531,0.207014,-0.139262,-0.755023,-1.021651,-0.84397,-1.021651,-0.544727,-0.634878,-0.235722,-0.544727,-0.127833,-0.798508,-0.634878,-0.84397,-0.116534,-0.415515,-0.34249,-0.139262,-0.941609
1987-07,-0.994252,-0.733969,-0.994252,-0.446287,-0.579818,-0.597837,-1.021651,-1.07881,-0.673345,-0.616186,-0.693147,-0.820981,-1.049822,-0.248461,-0.634878,-0.01005,-0.301105,-0.198451,0.139762,-0.162519,-0.415515,-0.891598,0.086178,-0.430783,-0.116534,-0.34249,-1.203973,-0.223144,0.00995,0.09531,0.207014,-0.139262,-0.755023,-1.021651,-0.84397,-1.021651,-0.544727,-0.634878,-0.235722,-0.544727,-0.127833,-0.798508,-0.634878,-0.84397,-0.116534,-0.415515,-0.34249,-0.139262,-0.941609
1987-08,-0.994252,-0.733969,-0.994252,-0.446287,-0.579818,-0.597837,-1.021651,-1.07881,-0.673345,-0.616186,-0.693147,-0.820981,-1.049822,-0.248461,-0.634878,-0.01005,-0.301105,-0.198451,0.139762,-0.162519,-0.415515,-0.891598,0.086178,-0.430783,-0.116534,-0.34249,-1.203973,-0.223144,0.00995,0.09531,0.207014,-0.139262,-0.755023,-1.021651,-0.84397,-1.021651,-0.544727,-0.634878,-0.235722,-0.544727,-0.127833,-0.798508,-0.634878,-0.84397,-0.116534,-0.415515,-0.34249,-0.139262,-0.941609
1987-09,-0.994252,-0.733969,-0.994252,-0.446287,-0.579818,-0.597837,-1.021651,-1.07881,-0.673345,-0.616186,-0.693147,-0.820981,-1.049822,-0.248461,-0.634878,-0.01005,-0.301105,-0.198451,0.139762,-0.162519,-0.415515,-0.891598,0.086178,-0.430783,-0.116534,-0.34249,-1.203973,-0.223144,0.00995,0.09531,0.207014,-0.139262,-0.755023,-1.021651,-0.84397,-1.021651,-0.544727,-0.634878,-0.235722,-0.544727,-0.127833,-0.798508,-0.634878,-0.84397,-0.116534,-0.415515,-0.34249,-0.139262,-0.941609
1987-10,-0.994252,-0.733969,-0.994252,-0.446287,-0.579818,-0.597837,-1.021651,-1.07881,-0.673345,-0.616186,-0.693147,-0.820981,-1.049822,-0.248461,-0.634878,-0.01005,-0.301105,-0.198451,0.139762,-0.162519,-0.415515,-0.891598,0.086178,-0.430783,-0.116534,-0.34249,-1.203973,-0.223144,0.00995,0.09531,0.207014,-0.139262,-0.755023,-1.021651,-0.84397,-1.021651,-0.544727,-0.634878,-0.235722,-0.544727,-0.127833,-0.798508,-0.634878,-0.84397,-0.116534,-0.415515,-0.34249,-0.139262,-0.941609
1987-11,-0.994252,-0.733969,-0.994252,-0.446287,-0.579818,-0.597837,-1.021651,-1.07881,-0.673345,-0.616186,-0.693147,-0.820981,-1.049822,-0.248461,-0.634878,-0.01005,-0.301105,-0.198451,0.139762,-0.162519,-0.415515,-0.891598,0.086178,-0.430783,-0.116534,-0.34249,-1.203973,-0.223144,0.00995,0.09531,0.207014,-0.139262,-0.755023,-1.021651,-0.84397,-1.021651,-0.544727,-0.634878,-0.235722,-0.544727,-0.127833,-0.798508,-0.634878,-0.84397,-0.116534,-0.415515,-0.34249,-0.139262,-0.941609
1987-12,-0.994252,-0.733969,-0.994252,-0.446287,-0.579818,-0.597837,-1.021651,-1.07881,-0.673345,-0.616186,-0.693147,-0.820981,-1.049822,-0.248461,-0.634878,-0.01005,-0.301105,-0.198451,0.139762,-0.162519,-0.415515,-0.891598,0.086178,-0.430783,-0.116534,-0.34249,-1.203973,-0.223144,0.00995,0.09531,0.207014,-0.139262,-0.755023,-1.021651,-0.84397,-1.021651,-0.544727,-0.634878,-0.235722,-0.544727,-0.127833,-0.798508,-0.634878,-0.84397,-0.116534,-0.415515,-0.34249,-0.139262,-0.941609
1988-01,-0.941609,-0.941609,-0.994252,-0.510826,-0.84397,-0.597837,-1.021651,-0.733969,-0.798508,-0.71335,-0.478036,-1.021651,-1.272966,-0.415515,-0.634878,-0.083382,-0.446287,-0.150823,-0.139262,-0.274437,-0.579818,-0.84397,0.09531,-0.385662,-0.430783,-0.34249,-1.609438,-0.287682,-0.01005,0.0,0.076961,-0.223144,-0.994252,-1.049822,-0.653926,-1.171183,-0.527633,-0.634878,-0.371064,-0.755023,-0.223144,-0.798508,-0.71335,-0.84397,-0.18633,-0.314711,-0.127833,-0.248461,-1.049822
1988-02,-0.941609,-0.941609,-0.994252,-0.510826,-0.84397,-0.597837,-1.021651,-0.733969,-0.798508,-0.71335,-0.478036,-1.021651,-1.272966,-0.415515,-0.634878,-0.083382,-0.446287,-0.150823,-0.139262,-0.274437,-0.579818,-0.84397,0.09531,-0.385662,-0.430783,-0.34249,-1.609438,-0.287682,-0.01005,0.0,0.076961,-0.223144,-0.994252,-1.049822,-0.653926,-1.171183,-0.527633,-0.634878,-0.371064,-0.755023,-0.223144,-0.798508,-0.71335,-0.84397,-0.18633,-0.314711,-0.127833,-0.248461,-1.049822
1988-03,-0.941609,-0.941609,-0.994252,-0.510826,-0.84397,-0.597837,-1.021651,-0.733969,-0.798508,-0.71335,-0.478036,-1.021651,-1.272966,-0.415515,-0.634878,-0.083382,-0.446287,-0.150823,-0.139262,-0.274437,-0.579818,-0.84397,0.09531,-0.385662,-0.430783,-0.34249,-1.609438,-0.287682,-0.01005,0.0,0.076961,-0.223144,-0.994252,-1.049822,-0.653926,-1.171183,-0.527633,-0.634878,-0.371064,-0.755023,-0.223144,-0.798508,-0.71335,-0.84397,-0.18633,-0.314711,-0.127833,-0.248461,-1.049822
1988-04,-0.941609,-0.941609,-0.994252,-0.510826,-0.84397,-0.597837,-1.021651,-0.733969,-0.798508,-0.71335,-0.478036,-1.021651,-1.272966,-0.415515,-0.634878,-0.083382,-0.446287,-0.150823,-0.139262,-0.274437,-0.579818,-0.84397,0.09531,-0.385662,-0.430783,-0.34249,-1.609438,-0.287682,-0.01005,0.0,0.076961,-0.223144,-0.994252,-1.049822,-0.653926,-1.171183,-0.527633,-0.634878,-0.371064,-0.755023,-0.223144,-0.798508,-0.71335,-0.84397,-0.18633,-0.314711,-0.127833,-0.248461,-1.049822
1988-05,-0.941609,-0.941609,-0.994252,-0.510826,-0.84397,-0.597837,-1.021651,-0.733969,-0.798508,-0.71335,-0.478036,-1.021651,-1.272966,-0.415515,-0.634878,-0.083382,-0.446287,-0.150823,-0.139262,-0.274437,-0.579818,-0.84397,0.09531,-0.385662,-0.430783,-0.34249,-1.609438,-0.287682,-0.01005,0.0,0.076961,-0.223144,-0.994252,-1.049822,-0.653926,-1.171183,-0.527633,-0.634878,-0.371064,-0.755023,-0.223144,-0.798508,-0.71335,-0.84397,-0.18633,-0.314711,-0.127833,-0.248461,-1.049822
1988-06,-0.941609,-0.941609,-0.994252,-0.510826,-0.84397,-0.597837,-1.021651,-0.733969,-0.798508,-0.71335,-0.478036,-1.021651,-1.272966,-0.415515,-0.634878,-0.083382,-0.446287,-0.150823,-0.139262,-0.274437,-0.579818,-0.84397,0.09531,-0.385662,-0.430783,-0.34249,-1.609438,-0.287682,-0.01005,0.0,0.076961,-0.223144,-0.994252,-1.049822,-0.653926,-1.171183,-0.527633,-0.634878,-0.371064,-0.755023,-0.223144,-0.798508,-0.71335,-0.84397,-0.18633,-0.314711,-0.127833,-0.248461,-1.049822
1988-07,-0.941609,-0.941609,-0.994252,-0.510826,-0.84397,-0.597837,-1.021651,-0.733969,-0.798508,-0.71335,-0.478036,-1.021651,-1.272966,-0.415515,-0.634878,-0.083382,-0.446287,-0.150823,-0.139262,-0.274437,-0.579818,-0.84397,0.09531,-0.385662,-0.430783,-0.34249,-1.609438,-0.287682,-0.01005,0.0,0.076961,-0.223144,-0.994252,-1.049822,-0.653926,-1.171183,-0.527633,-0.634878,-0.371064,-0.755023,-0.223144,-0.798508,-0.71335,-0.84397,-0.18633,-0.314711,-0.127833,-0.248461,-1.049822
1988-08,-0.941609,-0.941609,-0.994252,-0.510826,-0.84397,-0.597837,-1.021651,-0.733969,-0.798508,-0.71335,-0.478036,-1.021651,-1.272966,-0.415515,-0.634878,-0.083382,-0.446287,-0.150823,-0.139262,-0.274437,-0.579818,-0.84397,0.09531,-0.385662,-0.430783,-0.34249,-1.609438,-0.287682,-0.01005,0.0,0.076961,-0.223144,-0.994252,-1.049822,-0.653926,-1.171183,-0.527633,-0.634878,-0.371064,-0.755023,-0.223144,-0.798508,-0.71335,-0.84397,-0.18633,-0.314711,-0.127833,-0.248461,-1.049822
1988-09,-0.941609,-0.941609,-0.994252,-0.510826,-0.84397,-0.597837,-1.021651,-0.733969,-0.798508,-0.71335,-0.478036,-1.021651,-1.272966,-0.415515,-0.634878,-0.083382,-0.446287,-0.150823,-0.139262,-0.274437,-0.579818,-0.84397,0.09531,-0.385662,-0.430783,-0.34249,-1.609438,-0.287682,-0.01005,0.0,0.076961,-0.223144,-0.994252,-1.049822,-0.653926,-1.171183,-0.527633,-0.634878,-0.371064,-0.755023,-0.223144,-0.798508,-0.71335,-0.84397,-0.18633,-0.314711,-0.127833,-0.248461,-1.049822
1988-10,-0.941609,-0.941609,-0.994252,-0.510826,-0.84397,-0.597837,-1.021651,-0.733969,-0.798508,-0.71335,-0.478036,-1.021651,-1.272966,-0.415515,-0.634878,-0.083382,-0.446287,-0.150823,-0.139262,-0.274437,-0.579818,-0.84397,0.09531,-0.385662,-0.430783,-0.34249,-1.609438,-0.287682,-0.01005,0.0,0.076961,-0.223144,-0.994252,-1.049822,-0.653926,-1.171183,-0.527633,-0.634878,-0.371064,-0.755023,-0.223144,-0.798508,-0.71335,-0.84397,-0.18633,-0.314711,-0.127833,-0.248461,-1.049822
1988-11,-0.941609,-0.941609,-0.994252,-0.510826,-0.84397,-0.597837,-1.021651,-0.733969,-0.798508,-0.71335,-0.478036,-1.021651,-1.272966,-0.415515,-0.634878,-0.083382,-0.446287,-0.150823,-0.139262,-0.274437,-0.579818,-0.84397,0.09531,-0.385662,-0.430783,-0.34249,-1.609438,-0.287682,-0.01005,0.0,0.076961,-0.223144,-0.994252,-1.049822,-0.653926,-1.171183,-0.527633,-0.634878,-0.371064,-0.755023,-0.223144,-0.798508,-0.71335,-0.84397,-0.18633,-0.314711,-0.127833,-0.248461,-1.049822
1988-12,-0.941609,-0.941609,-0.994252,-0.510826,-0.84397,-0.597837,-1.021651,-0.733969,-0.798508,-0.71335,-0.478036,-1.021651,-1.272966,-0.415515,-0.634878,-0.083382,-0.446287,-0.150823,-0.139262,-0.274437,-0.579818,-0.84397,0.09531,-0.385662,-0.430783,-0.34249,-1.609438,-0.287682,-0.01005,0.0,0.076961,-0.223144,-0.994252,-1.049822,-0.653926,-1.171183,-0.527633,-0.634878,-0.371064,-0.755023,-0.223144,-0.798508,-0.71335,-0.84397,-0.18633,-0.314711,-0.127833,-0.248461,-1.049822
1989-01,-0.494296,-0.776529,-0.385662,-0.967584,-0.820981,-0.71335,-0.634878,-1.049822,-0.597837,-0.527633,-0.328504,-0.733969,-1.386294,-0.544727,-0.597837,-0.083382,-0.356675,-0.150823,-0.301105,-0.040822,-0.356675,-0.891598,0.182322,-0.127833,0.029559,-0.415515,-2.120264,-0.478036,0.113329,-0.051293,0.277632,-0.18633,-0.597837,-0.891598,-0.653926,-1.049822,-0.371064,-0.328504,-0.430783,-0.400478,0.122218,-0.430783,-0.527633,-0.820981,-0.040822,-0.116534,-0.478036,-0.385662,-1.272966
1989-02,-0.494296,-0.776529,-0.385662,-0.967584,-0.820981,-0.71335,-0.634878,-1.049822,-0.597837,-0.527633,-0.328504,-0.733969,-1.386294,-0.544727,-0.597837,-0.083382,-0.356675,-0.150823,-0.301105,-0.040822,-0.356675,-0.891598,0.182322,-0.127833,0.029559,-0.415515,-2.120264,-0.478036,0.113329,-0.051293,0.277632,-0.18633,-0.597837,-0.891598,-0.653926,-1.049822,-0.371064,-0.328504,-0.430783,-0.400478,0.122218,-0.430783,-0.527633,-0.820981,-0.040822,-0.116534,-0.478036,-0.385662,-1.272966
1989-03,-0.494296,-0.776529,-0.385662,-0.967584,-0.820981,-0.71335,-0.634878,-1.049822,-0.597837,-0.527633,-0.328504,-0.733969,-1.386294,-0.544727,-0.597837,-0.083382,-0.356675,-0.150823,-0.301105,-0.040822,-0.356675,-0.891598,0.182322,-0.127833,0.029559,-0.415515,-2.120264,-0.478036,0.113329,-0.051293,0.277632,-0.18633,-0.597837,-0.891598,-0.653926,-1.049822,-0.371064,-0.328504,-0.430783,-0.400478,0.122218,-0.430783,-0.527633,-0.820981,-0.040822,-0.116534,-0.478036,-0.385662,-1.272966
1989-04,-0.494296,-0.776529,-0.385662,-0.967584,-0.820981,-0.71335,-0.634878,-1.049822,-0.597837,-0.527633,-0.328504,-0.733969,-1.386294,-0.544727,-0.597837,-0.083382,-0.356675,-0.150823,-0.301105,-0.040822,-0.356675,-0.891598,0.182322,-0.127833,0.029559,-0.415515,-2.120264,-0.478036,0.113329,-0.051293,0.277632,-0.18633,-0.597837,-0.891598,-0.653926,-1.049822,-0.371064,-0.328504,-0.430783,-0.400478,0.122218,-0.430783,-0.527633,-0.820981,-0.040822,-0.116534,-0.478036,-0.385662,-1.272966
1989-05,-0.494296,-0.776529,-0.385662,-0.967584,-0.820981,-0.71335,-0.634878,-1.049822,-0.597837,-0.527633,-0.328504,-0.733969,-1.386294,-0.544727,-0.597837,-0.083382,-0.356675,-0.150823,-0.301105,-0.040822,-0.356675,-0.891598,0.182322,-0.127833,0.029559,-0.415515,-2.120264,-0.478036,0.113329,-0.051293,0.277632,-0.18633,-0.597837,-0.891598,-0.653926,-1.049822,-0.371064,-0.328504,-0.430783,-0.400478,0.122218,-0.430783,-0.527633,-0.820981,-0.040822,-0.116534,-0.478036,-0.385662,-1.272966
1989-06,-0.494296,-0.776529,-0.385662,-0.967584,-0.820981,-0.71335,-0.634878,-1.049822,-0.597837,-0.527633,-0.328504,-0.733969,-1.386294,-0.544727,-0.597837,-0.083382,-0.356675,-0.150823,-0.301105,-0.040822,-0.356675,-0.891598,0.182322,-0.127833,0.029559,-0.415515,-2.120264,-0.478036,0.113329,-0.051293,0.277632,-0.18633,-0.597837,-0.891598,-0.653926,-1.049822,-0.371064,-0.328504,-0.430783,-0.400478,0.122218,-0.430783,-0.527633,-0.820981,-0.040822,-0.116534,-0.478036,-0.385662,-1.272966
1989-07,-0.494296,-0.776529,-0.385662,-0.967584,-0.820981,-0.71335,-0.634878,-1.049822,-0.597837,-0.527633,-0.328504,-0.733969,-1.386294,-0.544727,-0.597837,-0.083382,-0.356675,-0.150823,-0.301105,-0.040822,-0.356675,-0.891598,0.182322,-0.127833,0.029559,-0.415515,-2.120264,-0.478036,0.113329,-0.051293,0.277632,-0.18633,-0.597837,-0.891598,-0.653926,-1.049822,-0.371064,-0.328504,-0.430783,-0.400478,0.122218,-0.430783,-0.527633,-0.820981,-0.040822,-0.116534,-0.478036,-0.385662,-1.272966
1989-08,-0.494296,-0.776529,-0.385662,-0.967584,-0.820981,-0.71335,-0.634878,-1.049822,-0.597837,-0.527633,-0.328504,-0.733969,-1.386294,-0.544727,-0.597837,-0.083382,-0.356675,-0.150823,-0.301105,-0.040822,-0.356675,-0.891598,0.182322,-0.127833,0.029559,-0.415515,-2.120264,-0.478036,0.113329,-0.051293,0.277632,-0.18633,-0.597837,-0.891598,-0.653926,-1.049822,-0.371064,-0.328504,-0.430783,-0.400478,0.122218,-0.430783,-0.527633,-0.820981,-0.040822,-0.116534,-0.478036,-0.385662,-1.272966
1989-09,-0.494296,-0.776529,-0.385662,-0.967584,-0.820981,-0.71335,-0.634878,-1.049822,-0.597837,-0.527633,-0.328504,-0.733969,-1.386294,-0.544727,-0.597837,-0.083382,-0.356675,-0.150823,-0.301105,-0.040822,-0.356675,-0.891598,0.182322,-0.127833,0.029559,-0.415515,-2.120264,-0.478036,0.113329,-0.051293,0.277632,-0.18633,-0.597837,-0.891598,-0.653926,-1.049822,-0.371064,-0.328504,-0.430783,-0.400478,0.122218,-0.430783,-0.527633,-0.820981,-0.040822,-0.116534,-0.478036,-0.385662,-1.272966
1989-10,-0.494296,-0.776529,-0.385662,-0.967584,-0.820981,-0.71335,-0.634878,-1.049822,-0.597837,-0.527633,-0.328504,-0.733969,-1.386294,-0.544727,-0.597837,-0.083382,-0.356675,-0.150823,-0.301105,-0.040822,-0.356675,-0.891598,0.182322,-0.127833,0.029559,-0.415515,-2.120264,-0.478036,0.113329,-0.051293,0.277632,-0.18633,-0.597837,-0.891598,-0.653926,-1.049822,-0.371064,-0.328504,-0.430783,-0.400478,0.122218,-0.430783,-0.527633,-0.820981,-0.040822,-0.116534,-0.478036,-0.385662,-1.272966
1989-11,-0.494296,-0.776529,-0.385662,-0.967584,-0.820981,-0.71335,-0.634878,-1.049822,-0.597837,-0.527633,-0.328504,-0.733969,-1.386294,-0.544727,-0.597837,-0.083382,-0.356675,-0.150823,-0.301105,-0.040822,-0.356675,-0.891598,0.182322,-0.127833,0.029559,-0.415515,-2.120264,-0.478036,0.113329,-0.051293,0.277632,-0.18633,-0.597837,-0.891598,-0.653926,-1.049822,-0.371064,-0.328504,-0.430783,-0.400478,0.122218,-0.430783,-0.527633,-0.820981,-0.040822,-0.116534,-0.478036,-0.385662,-1.272966
1989-12,-0.494296,-0.776529,-0.385662,-0.967584,-0.820981,-0.71335,-0.634878,-1.049822,-0.597837,-0.527633,-0.328504,-0.733969,-1.386294,-0.544727,-0.597837,-0.083382,-0.356675,-0.150823,-0.301105,-0.040822,-0.356675,-0.891598,0.182322,-0.127833,0.029559,-0.415515,-2.120264,-0.478036,0.113329,-0.051293,0.277632,-0.18633,-0.597837,-0.891598,-0.653926,-1.049822,-0.371064,-0.328504,-0.430783,-0.400478,0.122218,-0.430783,-0.527633,-0.820981,-0.040822,-0.116534,-0.478036,-0.385662,-1.272966
1990-01,-0.84397,-0.941609,-0.150823,-1.021651,-0.916291,-0.84397,-0.71335,-0.967584,-0.616186,-0.634878,-0.462035,-0.693147,-1.347074,-0.510826,-0.653926,-0.198451,-0.494296,-0.371064,-0.400478,-0.400478,-0.494296,-0.653926,0.131028,-0.18633,-0.051293,-0.328504,-1.771957,-0.494296,0.039221,-0.162519,0.198851,-0.356675,-0.478036,-0.916291,-0.562119,-0.994252,-0.328504,-0.446287,-0.34249,-0.579818,-0.051293,-0.510826,-0.798508,-0.891598,-0.116534,-0.083382,-0.71335,-0.371064,-1.237874
1990-02,-0.84397,-0.941609,-0.150823,-1.021651,-0.916291,-0.84397,-0.71335,-0.967584,-0.616186,-0.634878,-0.462035,-0.693147,-1.347074,-0.510826,-0.653926,-0.198451,-0.494296,-0.371064,-0.400478,-0.400478,-0.494296,-0.653926,0.131028,-0.18633,-0.051293,-0.328504,-1.771957,-0.494296,0.039221,-0.162519,0.198851,-0.356675,-0.478036,-0.916291,-0.562119,-0.994252,-0.328504,-0.446287,-0.34249,-0.579818,-0.051293,-0.510826,-0.798508,-0.891598,-0.116534,-0.083382,-0.71335,-0.371064,-1.237874
1990-03,-0.84397,-0.941609,-0.150823,-1.021651,-0.916291,-0.84397,-0.71335,-0.967584,-0.616186,-0.634878,-0.462035,-0.693147,-1.347074,-0.510826,-0.653926,-0.198451,-0.494296,-0.371064,-0.400478,-0.400478,-0.494296,-0.653926,0.131028,-0.18633,-0.051293,-0.328504,-1.771957,-0.494296,0.039221,-0.162519,0.198851,-0.356675,-0.478036,-0.916291,-0.562119,-0.994252,-0.328504,-0.446287,-0.34249,-0.579818,-0.051293,-0.510826,-0.798508,-0.891598,-0.116534,-0.083382,-0.71335,-0.371064,-1.237874
1990-04,-0.84397,-0.941609,-0.150823,-1.021651,-0.916291,-0.84397,-0.71335,-0.967584,-0.616186,-0.634878,-0.462035,-0.693147,-1.347074,-0.510826,-0.653926,-0.198451,-0.494296,-0.371064,-0.400478,-0.400478,-0.494296,-0.653926,0.131028,-0.18633,-0.051293,-0.328504,-1.771957,-0.494296,0.039221,-0.162519,0.198851,-0.356675,-0.478036,-0.916291,-0.562119,-0.994252,-0.328504,-0.446287,-0.34249,-0.579818,-0.051293,-0.510826,-0.798508,-0.891598,-0.116534,-0.083382,-0.71335,-0.371064,-1.237874
1990-05,-0.84397,-0.941609,-0.150823,-1.021651,-0.916291,-0.84397,-0.71335,-0.967584,-0.616186,-0.634878,-0.462035,-0.693147,-1.347074,-0.510826,-0.653926,-0.198451,-0.494296,-0.371064,-0.400478,-0.400478,-0.494296,-0.653926,0.131028,-0.18633,-0.051293,-0.328504,-1.771957,-0.494296,0.039221,-0.162519,0.198851,-0.356675,-0.478036,-0.916291,-0.562119,-0.994252,-0.328504,-0.446287,-0.34249,-0.579818,-0.051293,-0.510826,-0.798508,-0.891598,-0.116534,-0.083382,-0.71335,-0.371064,-1.237874
1990-06,-0.84397,-0.941609,-0.150823,-1.021651,-0.916291,-0.84397,-0.71335,-0.967584,-0.616186,-0.634878,-0.462035,-0.693147,-1.347074,-0.510826,-0.653926,-0.198451,-0.494296,-0.371064,-0.400478,-0.400478,-0.494296,-0.653926,0.131028,-0.18633,-0.051293,-0.328504,-1.771957,-0.494296,0.039221,-0.162519,0.198851,-0.356675,-0.478036,-0.916291,-0.562119,-0.994252,-0.328504,-0.446287,-0.34249,-0.579818,-0.051293,-0.510826,-0.798508,-0.891598,-0.116534,-0.083382,-0.71335,-0.371064,-1.237874
1990-07,-0.84397,-0.941609,-0.150823,-1.021651,-0.916291,-0.84397,-0.71335,-0.967584,-0.616186,-0.634878,-0.462035,-0.693147,-1.347074,-0.510826,-0.653926,-0.198451,-0.494296,-0.371064,-0.400478,-0.400478,-0.494296,-0.653926,0.131028,-0.18633,-0.051293,-0.328504,-1.771957,-0.494296,0.039221,-0.162519,0.198851,-0.356675,-0.478036,-0.916291,-0.562119,-0.994252,-0.328504,-0.446287,-0.34249,-0.579818,-0.051293,-0.510826,-0.798508,-0.891598,-0.116534,-0.083382,-0.71335,-0.371064,-1.237874
1990-08,-0.84397,-0.941609,-0.150823,-1.021651,-0.916291,-0.84397,-0.71335,-0.967584,-0.616186,-0.634878,-0.462035,-0.693147,-1.347074,-0.510826,-0.653926,-0.198451,-0.494296,-0.371064,-0.400478,-0.400478,-0.494296,-0.653926,0.131028,-0.18633,-0.051293,-0.328504,-1.771957,-0.494296,0.039221,-0.162519,0.198851,-0.356675,-0.478036,-0.916291,-0.562119,-0.994252,-0.328504,-0.446287,-0.34249,-0.579818,-0.051293,-0.510826,-0.798508,-0.891598,-0.116534,-0.083382,-0.71335,-0.371064,-1.237874
1990-09,-0.84397,-0.941609,-0.150823,-1.021651,-0.916291,-0.84397,-0.71335,-0.967584,-0.616186,-0.634878,-0.462035,-0.693147,-1.347074,-0.510826,-0.653926,-0.198451,-0.494296,-0.371064,-0.400478,-0.400478,-0.494296,-0.653926,0.131028,-0.18633,-0.051293,-0.328504,-1.771957,-0.494296,0.039221,-0.162519,0.198851,-0.356675,-0.478036,-0.916291,-0.562119,-0.994252,-0.328504,-0.446287,-0.34249,-0.579818,-0.051293,-0.510826,-0.798508,-0.891598,-0.116534,-0.083382,-0.71335,-0.371064,-1.237874
1990-10,-0.84397,-0.941609,-0.150823,-1.021651,-0.916291,-0.84397,-0.71335,-0.967584,-0.616186,-0.634878,-0.462035,-0.693147,-1.347074,-0.510826,-0.653926,-0.198451,-0.494296,-0.371064,-0.400478,-0.400478,-0.494296,-0.653926,0.131028,-0.18633,-0.051293,-0.328504,-1.771957,-0.494296,0.039221,-0.162519,0.198851,-0.356675,-0.478036,-0.916291,-0.562119,-0.994252,-0.328504,-0.446287,-0.34249,-0.579818,-0.051293,-0.510826,-0.798508,-0.891598,-0.116534,-0.083382,-0.71335,-0.371064,-1.237874
1990-11,-0.84397,-0.941609,-0.150823,-1.021651,-0.916291,-0.84397,-0.71335,-0.967584,-0.616186,-0.634878,-0.462035,-0.693147,-1.347074,-0.510826,-0.653926,-0.198451,-0.494296,-0.371064,-0.400478,-0.400478,-0.494296,-0.653926,0.131028,-0.18633,-0.051293,-0.328504,-1.771957,-0.494296,0.039221,-0.162519,0.198851,-0.356675,-0.478036,-0.916291,-0.562119,-0.994252,-0.328504,-0.446287,-0.34249,-0.579818,-0.051293,-0.510826,-0.798508,-0.891598,-0.116534,-0.083382,-0.71335,-0.371064,-1.237874
1990-12,-0.84397,-0.941609,-0.150823,-1.021651,-0.916291,-0.84397,-0.71335,-0.967584,-0.616186,-0.634878,-0.462035,-0.693147,-1.347074,-0.510826,-0.653926,-0.198451,-0.494296,-0.371064,-0.400478,-0.400478,-0.494296,-0.653926,0.131028,-0.18633,-0.051293,-0.328504,-1.771957,-0.494296,0.039221,-0.162519,0.198851,-0.356675,-0.478036,-0.916291,-0.562119,-0.994252,-0.328504,-0.446287,-0.34249,-0.579818,-0.051293,-0.510826,-0.798508,-0.891598,-0.116534,-0.083382,-0.71335,-0.371064,-1.237874
1991-01,-0.941609,-1.171183,-0.198451,-1.347074,-0.994252,-0.462035,-0.967584,-0.967584,-0.916291,-0.798508,-0.776529,-0.916291,-1.609438,-0.634878,-0.776529,-0.328504,-0.673345,-0.616186,-0.314711,-0.446287,-0.616186,-0.916291,0.19062,-0.287682,-0.105361,-0.274437,-1.89712,-0.544727,-0.301105,-0.415515,0.0,-0.776529,-0.579818,-0.941609,-0.385662,-1.139434,-0.328504,-0.356675,-0.400478,-0.693147,-0.150823,-0.579818,-0.916291,-1.021651,-0.287682,-0.328504,-2.65926,-0.415515,-1.427116
1991-02,-0.941609,-1.171183,-0.198451,-1.347074,-0.994252,-0.462035,-0.967584,-0.967584,-0.916291,-0.798508,-0.776529,-0.916291,-1.609438,-0.634878,-0.776529,-0.328504,-0.673345,-0.616186,-0.314711,-0.446287,-0.616186,-0.916291,0.19062,-0.287682,-0.105361,-0.274437,-1.89712,-0.544727,-0.301105,-0.415515,0.0,-0.776529,-0.579818,-0.941609,-0.385662,-1.139434,-0.328504,-0.356675,-0.400478,-0.693147,-0.150823,-0.579818,-0.916291,-1.021651,-0.287682,-0.328504,-2.65926,-0.415515,-1.427116
1991-03,-0.941609,-1.171183,-0.198451,-1.347074,-0.994252,-0.462035,-0.967584,-0.967584,-0.916291,-0.798508,-0.776529,-0.916291,-1.609438,-0.634878,-0.776529,-0.328504,-0.673345,-0.616186,-0.314711,-0.446287,-0.616186,-0.916291,0.19062,-0.287682,-0.105361,-0.274437,-1.89712,-0.544727,-0.301105,-0.415515,0.0,-0.776529,-0.579818,-0.941609,-0.385662,-1.139434,-0.328504,-0.356675,-0.400478,-0.693147,-0.150823,-0.579818,-0.916291,-1.021651,-0.287682,-0.328504,-2.65926,-0.415515,-1.427116
1991-04,-0.941609,-1.171183,-0.198451,-1.347074,-0.994252,-0.462035,-0.967584,-0.967584,-0.916291,-0.798508,-0.776529,-0.916291,-1.609438,-0.634878,-0.776529,-0.328504,-0.673345,-0.616186,-0.314711,-0.446287,-0.616186,-0.916291,0.19062,-0.287682,-0.105361,-0.274437,-1.89712,-0.544727,-0.301105,-0.415515,0.0,-0.776529,-0.579818,-0.941609,-0.385662,-1.139434,-0.328504,-0.356675,-0.400478,-0.693147,-0.150823,-0.579818,-0.916291,-1.021651,-0.287682,-0.328504,-2.65926,-0.415515,-1.427116
1991-05,-0.941609,-1.171183,-0.198451,-1.347074,-0.994252,-0.462035,-0.967584,-0.967584,-0.916291,-0.798508,-0.776529,-0.916291,-1.609438,-0.634878,-0.776529,-0.328504,-0.673345,-0.616186,-0.314711,-0.446287,-0.616186,-0.916291,0.19062,-0.287682,-0.105361,-0.274437,-1.89712,-0.544727,-0.301105,-0.415515,0.0,-0.776529,-0.579818,-0.941609,-0.385662,-1.139434,-0.328504,-0.356675,-0.400478,-0.693147,-0.150823,-0.579818,-0.916291,-1.021651,-0.287682,-0.328504,-2.65926,-0.415515,-1.427116
1991-06,-0.941609,-1.171183,-0.198451,-1.347074,-0.994252,-0.462035,-0.967584,-0.967584,-0.916291,-0.798508,-0.776529,-0.916291,-1.609438,-0.634878,-0.776529,-0.328504,-0.673345,-0.616186,-0.314711,-0.446287,-0.616186,-0.916291,0.19062,-0.287682,-0.105361,-0.274437,-1.89712,-0.544727,-0.301105,-0.415515,0.0,-0.776529,-0.579818,-0.941609,-0.385662,-1.139434,-0.328504,-0.356675,-0.400478,-0.693147,-0.150823,-0.579818,-0.916291,-1.021651,-0.287682,-0.328504,-2.65926,-0.415515,-1.427116
1991-07,-0.941609,-1.171183,-0.198451,-1.347074,-0.994252,-0.462035,-0.967584,-0.967584,-0.916291,-0.798508,-0.776529,-0.916291,-1.609438,-0.634878,-0.776529,-0.328504,-0.673345,-0.616186,-0.314711,-0.446287,-0.616186,-0.916291,0.19062,-0.287682,-0.105361,-0.274437,-1.89712,-0.544727,-0.301105,-0.415515,0.0,-0.776529,-0.579818,-0.941609,-0.385662,-1.139434,-0.328504,-0.356675,-0.400478,-0.693147,-0.150823,-0.579818,-0.916291,-1.021651,-0.287682,-0.328504,-2.65926,-0.415515,-1.427116
1991-08,-0.941609,-1.171183,-0.198451,-1.347074,-0.994252,-0.462035,-0.967584,-0.967584,-0.916291,-0.798508,-0.776529,-0.916291,-1.609438,-0.634878,-0.776529,-0.328504,-0.673345,-0.616186,-0.314711,-0.446287,-0.616186,-0.916291,0.19062,-0.287682,-0.105361,-0.274437,-1.89712,-0.544727,-0.301105,-0.415515,0.0,-0.776529,-0.579818,-0.941609,-0.385662,-1.139434,-0.328504,-0.356675,-0.400478,-0.693147,-0.150823,-0.579818,-0.916291,-1.021651,-0.287682,-0.328504,-2.65926,-0.415515,-1.427116
1991-09,-0.941609,-1.171183,-0.198451,-1.347074,-0.994252,-0.462035,-0.967584,-0.967584,-0.916291,-0.798508,-0.776529,-0.916291,-1.609438,-0.634878,-0.776529,-0.328504,-0.673345,-0.616186,-0.314711,-0.446287,-0.616186,-0.916291,0.19062,-0.287682,-0.105361,-0.274437,-1.89712,-0.544727,-0.301105,-0.415515,0.0,-0.776529,-0.579818,-0.941609,-0.385662,-1.139434,-0.328504,-0.356675,-0.400478,-0.693147,-0.150823,-0.579818,-0.916291,-1.021651,-0.287682,-0.328504,-2.65926,-0.415515,-1.427116
1991-10,-0.941609,-1.171183,-0.198451,-1.347074,-0.994252,-0.462035,-0.967584,-0.967584,-0.916291,-0.798508,-0.776529,-0.916291,-1.609438,-0.634878,-0.776529,-0.328504,-0.673345,-0.616186,-0.314711,-0.446287,-0.616186,-0.916291,0.19062,-0.287682,-0.105361,-0.274437,-1.89712,-0.544727,-0.301105,-0.415515,0.0,-0.776529,-0.579818,-0.941609,-0.385662,-1.139434,-0.328504,-0.356675,-0.400478,-0.693147,-0.150823,-0.579818,-0.916291,-1.021651,-0.287682,-0.328504,-2.65926,-0.415515,-1.427116
1991-11,-0.941609,-1.171183,-0.198451,-1.347074,-0.994252,-0.462035,-0.967584,-0.967584,-0.916291,-0.798508,-0.776529,-0.916291,-1.609438,-0.634878,-0.776529,-0.328504,-0.673345,-0.616186,-0.314711,-0.446287,-0.616186,-0.916291,0.19062,-0.287682,-0.105361,-0.274437,-1.89712,-0.544727,-0.301105,-0.415515,0.0,-0.776529,-0.579818,-0.941609,-0.385662,-1.139434,-0.328504,-0.356675,-0.400478,-0.693147,-0.150823,-0.579818,-0.916291,-1.021651,-0.287682,-0.328504,-2.65926,-0.415515,-1.427116
1991-12,-0.941609,-1.171183,-0.198451,-1.347074,-0.994252,-0.462035,-0.967584,-0.967584,-0.916291,-0.798508,-0.776529,-0.916291,-1.609438,-0.634878,-0.776529,-0.328504,-0.673345,-0.616186,-0.314711,-0.446287,-0.616186,-0.916291,0.19062,-0.287682,-0.105361,-0.274437,-1.89712,-0.544727,-0.301105,-0.415515,0.0,-0.776529,-0.579818,-0.941609,-0.385662,-1.139434,-0.328504,-0.356675,-0.400478,-0.693147,-0.150823,-0.579818,-0.916291,-1.021651,-0.287682,-0.328504,-2.65926,-0.415515,-1.427116
1992-01,-0.634878,-1.108663,-0.510826,-1.347074,-0.162519,-0.139262,-0.733969,-0.776529,-0.798508,-0.494296,-0.820981,-0.967584,-1.660731,-0.400478,-0.544727,0.067659,-0.597837,-0.446287,0.0,-0.314711,-0.371064,-0.71335,0.438255,-0.174353,0.24686,-0.18633,-1.514128,-0.116534,-0.020203,-0.34249,0.086178,-0.544727,-0.527633,-0.673345,-0.328504,-1.049822,-0.210721,-0.478036,-0.210721,-0.579818,0.019803,-0.462035,-0.867501,-0.616186,0.039221,-0.116534,-0.597837,-0.01005,-1.171183
1992-02,-0.634878,-1.108663,-0.510826,-1.347074,-0.162519,-0.139262,-0.733969,-0.776529,-0.798508,-0.494296,-0.820981,-0.967584,-1.660731,-0.400478,-0.544727,0.067659,-0.597837,-0.446287,0.0,-0.314711,-0.371064,-0.71335,0.438255,-0.174353,0.24686,-0.18633,-1.514128,-0.116534,-0.020203,-0.34249,0.086178,-0.544727,-0.527633,-0.673345,-0.328504,-1.049822,-0.210721,-0.478036,-0.210721,-0.579818,0.019803,-0.462035,-0.867501,-0.616186,0.039221,-0.116534,-0.597837,-0.01005,-1.171183
1992-03,-0.634878,-1.108663,-0.510826,-1.347074,-0.162519,-0.139262,-0.733969,-0.776529,-0.798508,-0.494296,-0.820981,-0.967584,-1.660731,-0.400478,-0.544727,0.067659,-0.597837,-0.446287,0.0,-0.314711,-0.371064,-0.71335,0.438255,-0.174353,0.24686,-0.18633,-1.514128,-0.116534,-0.020203,-0.34249,0.086178,-0.544727,-0.527633,-0.673345,-0.328504,-1.049822,-0.210721,-0.478036,-0.210721,-0.579818,0.019803,-0.462035,-0.867501,-0.616186,0.039221,-0.116534,-0.597837,-0.01005,-1.171183
1992-04,-0.634878,-1.108663,-0.510826,-1.347074,-0.162519,-0.139262,-0.733969,-0.776529,-0.798508,-0.494296,-0.820981,-0.967584,-1.660731,-0.400478,-0.544727,0.067659,-0.597837,-0.446287,0.0,-0.314711,-0.371064,-0.71335,0.438255,-0.174353,0.24686,-0.18633,-1.514128,-0.116534,-0.020203,-0.34249,0.086178,-0.544727,-0.527633,-0.673345,-0.328504,-1.049822,-0.210721,-0.478036,-0.210721,-0.579818,0.019803,-0.462035,-0.867501,-0.616186,0.039221,-0.116534,-0.597837,-0.01005,-1.171183
1992-05,-0.634878,-1.108663,-0.510826,-1.347074,-0.162519,-0.139262,-0.733969,-0.776529,-0.798508,-0.494296,-0.820981,-0.967584,-1.660731,-0.400478,-0.544727,0.067659,-0.597837,-0.446287,0.0,-0.314711,-0.371064,-0.71335,0.438255,-0.174353,0.24686,-0.18633,-1.514128,-0.116534,-0.020203,-0.34249,0.086178,-0.544727,-0.527633,-0.673345,-0.328504,-1.049822,-0.210721,-0.478036,-0.210721,-0.579818,0.019803,-0.462035,-0.867501,-0.616186,0.039221,-0.116534,-0.597837,-0.01005,-1.171183
1992-06,-0.634878,-1.108663,-0.510826,-1.347074,-0.162519,-0.139262,-0.733969,-0.776529,-0.798508,-0.494296,-0.820981,-0.967584,-1.660731,-0.400478,-0.544727,0.067659,-0.597837,-0.446287,0.0,-0.314711,-0.371064,-0.71335,0.438255,-0.174353,0.24686,-0.18633,-1.514128,-0.116534,-0.020203,-0.34249,0.086178,-0.544727,-0.527633,-0.673345,-0.328504,-1.049822,-0.210721,-0.478036,-0.210721,-0.579818,0.019803,-0.462035,-0.867501,-0.616186,0.039221,-0.116534,-0.597837,-0.01005,-1.171183
1992-07,-0.634878,-1.108663,-0.510826,-1.347074,-0.162519,-0.139262,-0.733969,-0.776529,-0.798508,-0.494296,-0.820981,-0.967584,-1.660731,-0.400478,-0.544727,0.067659,-0.597837,-0.446287,0.0,-0.314711,-0.371064,-0.71335,0.438255,-0.174353,0.24686,-0.18633,-1.514128,-0.116534,-0.020203,-0.34249,0.086178,-0.544727,-0.527633,-0.673345,-0.328504,-1.049822,-0.210721,-0.478036,-0.210721,-0.579818,0.019803,-0.462035,-0.867501,-0.616186,0.039221,-0.116534,-0.597837,-0.01005,-1.171183
1992-08,-0.634878,-1.108663,-0.510826,-1.347074,-0.162519,-0.139262,-0.733969,-0.776529,-0.798508,-0.494296,-0.820981,-0.967584,-1.660731,-0.400478,-0.544727,0.067659,-0.597837,-0.446287,0.0,-0.314711,-0.371064,-0.71335,0.438255,-0.174353,0.24686,-0.18633,-1.514128,-0.116534,-0.020203,-0.34249,0.086178,-0.544727,-0.527633,-0.673345,-0.328504,-1.049822,-0.210721,-0.478036,-0.210721,-0.579818,0.019803,-0.462035,-0.867501,-0.616186,0.039221,-0.116534,-0.597837,-0.01005,-1.171183
1992-09,-0.634878,-1.108663,-0.510826,-1.347074,-0.162519,-0.139262,-0.733969,-0.776529,-0.798508,-0.494296,-0.820981,-0.967584,-1.660731,-0.400478,-0.544727,0.067659,-0.597837,-0.446287,0.0,-0.314711,-0.371064,-0.71335,0.438255,-0.174353,0.24686,-0.18633,-1.514128,-0.116534,-0.020203,-0.34249,0.086178,-0.544727,-0.527633,-0.673345,-0.328504,-1.049822,-0.210721,-0.478036,-0.210721,-0.579818,0.019803,-0.462035,-0.867501,-0.616186,0.039221,-0.116534,-0.597837,-0.01005,-1.171183
1992-10,-0.634878,-1.108663,-0.510826,-1.347074,-0.162519,-0.139262,-0.733969,-0.776529,-0.798508,-0.494296,-0.820981,-0.967584,-1.660731,-0.400478,-0.544727,0.067659,-0.597837,-0.446287,0.0,-0.314711,-0.371064,-0.71335,0.438255,-0.174353,0.24686,-0.18633,-1.514128,-0.116534,-0.020203,-0.34249,0.086178,-0.544727,-0.527633,-0.673345,-0.328504,-1.049822,-0.210721,-0.478036,-0.210721,-0.579818,0.019803,-0.462035,-0.867501,-0.616186,0.039221,-0.116534,-0.597837,-0.01005,-1.171183
1992-11,-0.634878,-1.108663,-0.510826,-1.347074,-0.162519,-0.139262,-0.733969,-0.776529,-0.798508,-0.494296,-0.820981,-0.967584,-1.660731,-0.400478,-0.544727,0.067659,-0.597837,-0.446287,0.0,-0.314711,-0.371064,-0.71335,0.438255,-0.174353,0.24686,-0.18633,-1.514128,-0.116534,-0.020203,-0.34249,0.086178,-0.544727,-0.527633,-0.673345,-0.328504,-1.049822,-0.210721,-0.478036,-0.210721,-0.579818,0.019803,-0.462035,-0.867501,-0.616186,0.039221,-0.116534,-0.597837,-0.01005,-1.171183
1992-12,-0.634878,-1.108663,-0.510826,-1.347074,-0.162519,-0.139262,-0.733969,-0.776529,-0.798508,-0.494296,-0.820981,-0.967584,-1.660731,-0.400478,-0.544727,0.067659,-0.597837,-0.446287,0.0,-0.314711,-0.371064,-0.71335,0.438255,-0.174353,0.24686,-0.18633,-1.514128,-0.116534,-0.020203,-0.34249,0.086178,-0.544727,-0.527633,-0.673345,-0.328504,-1.049822,-0.210721,-0.478036,-0.210721,-0.579818,0.019803,-0.462035,-0.867501,-0.616186,0.039221,-0.116534,-0.597837,-0.01005,-1.171183
1993-01,-0.867501,-1.427116,-0.400478,-1.609438,-0.653926,-0.820981,-0.798508,-0.867501,-1.049822,-1.021651,-0.941609,-1.469676,-1.966113,-0.673345,-0.941609,-0.562119,-1.07881,-0.544727,-0.261365,-0.84397,-0.430783,-1.021651,0.182322,-0.400478,-0.174353,-0.235722,-1.386294,-0.274437,0.113329,-0.371064,-0.072571,-0.673345,-0.916291,-0.941609,-0.415515,-1.660731,-0.446287,-0.84397,-0.261365,-0.967584,-0.301105,-0.693147,-1.272966,-0.916291,-0.400478,-0.274437,-0.71335,-0.415515,-1.347074
1993-02,-0.867501,-1.427116,-0.400478,-1.609438,-0.653926,-0.820981,-0.798508,-0.867501,-1.049822,-1.021651,-0.941609,-1.469676,-1.966113,-0.673345,-0.941609,-0.562119,-1.07881,-0.544727,-0.261365,-0.84397,-0.430783,-1.021651,0.182322,-0.400478,-0.174353,-0.235722,-1.386294,-0.274437,0.113329,-0.371064,-0.072571,-0.673345,-0.916291,-0.941609,-0.415515,-1.660731,-0.446287,-0.84397,-0.261365,-0.967584,-0.301105,-0.693147,-1.272966,-0.916291,-0.400478,-0.274437,-0.71335,-0.415515,-1.347074
1993-03,-0.867501,-1.427116,-0.400478,-1.609438,-0.653926,-0.820981,-0.798508,-0.867501,-1.049822,-1.021651,-0.941609,-1.469676,-1.966113,-0.673345,-0.941609,-0.562119,-1.07881,-0.544727,-0.261365,-0.84397,-0.430783,-1.021651,0.182322,-0.400478,-0.174353,-0.235722,-1.386294,-0.274437,0.113329,-0.371064,-0.072571,-0.673345,-0.916291,-0.941609,-0.415515,-1.660731,-0.446287,-0.84397,-0.261365,-0.967584,-0.301105,-0.693147,-1.272966,-0.916291,-0.400478,-0.274437,-0.71335,-0.415515,-1.347074
1993-04,-0.867501,-1.427116,-0.400478,-1.609438,-0.653926,-0.820981,-0.798508,-0.867501,-1.049822,-1.021651,-0.941609,-1.469676,-1.966113,-0.673345,-0.941609,-0.562119,-1.07881,-0.544727,-0.261365,-0.84397,-0.430783,-1.021651,0.182322,-0.400478,-0.174353,-0.235722,-1.386294,-0.274437,0.113329,-0.371064,-0.072571,-0.673345,-0.916291,-0.941609,-0.415515,-1.660731,-0.446287,-0.84397,-0.261365,-0.967584,-0.301105,-0.693147,-1.272966,-0.916291,-0.400478,-0.274437,-0.71335,-0.415515,-1.347074
1993-05,-0.867501,-1.427116,-0.400478,-1.609438,-0.653926,-0.820981,-0.798508,-0.867501,-1.049822,-1.021651,-0.941609,-1.469676,-1.966113,-0.673345,-0.941609,-0.562119,-1.07881,-0.544727,-0.261365,-0.84397,-0.430783,-1.021651,0.182322,-0.400478,-0.174353,-0.235722,-1.386294,-0.274437,0.113329,-0.371064,-0.072571,-0.673345,-0.916291,-0.941609,-0.415515,-1.660731,-0.446287,-0.84397,-0.261365,-0.967584,-0.301105,-0.693147,-1.272966,-0.916291,-0.400478,-0.274437,-0.71335,-0.415515,-1.347074
1993-06,-0.867501,-1.427116,-0.400478,-1.609438,-0.653926,-0.820981,-0.798508,-0.867501,-1.049822,-1.021651,-0.941609,-1.469676,-1.966113,-0.673345,-0.941609,-0.562119,-1.07881,-0.544727,-0.261365,-0.84397,-0.430783,-1.021651,0.182322,-0.400478,-0.174353,-0.235722,-1.386294,-0.274437,0.113329,-0.371064,-0.072571,-0.673345,-0.916291,-0.941609,-0.415515,-1.660731,-0.446287,-0.84397,-0.261365,-0.967584,-0.301105,-0.693147,-1.272966,-0.916291,-0.400478,-0.274437,-0.71335,-0.415515,-1.347074
1993-07,-0.867501,-1.427116,-0.400478,-1.609438,-0.653926,-0.820981,-0.798508,-0.867501,-1.049822,-1.021651,-0.941609,-1.469676,-1.966113,-0.673345,-0.941609,-0.562119,-1.07881,-0.544727,-0.261365,-0.84397,-0.430783,-1.021651,0.182322,-0.400478,-0.174353,-0.235722,-1.386294,-0.274437,0.113329,-0.371064,-0.072571,-0.673345,-0.916291,-0.941609,-0.415515,-1.660731,-0.446287,-0.84397,-0.261365,-0.967584,-0.301105,-0.693147,-1.272966,-0.916291,-0.400478,-0.274437,-0.71335,-0.415515,-1.347074
1993-08,-0.867501,-1.427116,-0.400478,-1.609438,-0.653926,-0.820981,-0.798508,-0.867501,-1.049822,-1.021651,-0.941609,-1.469676,-1.966113,-0.673345,-0.941609,-0.562119,-1.07881,-0.544727,-0.261365,-0.84397,-0.430783,-1.021651,0.182322,-0.400478,-0.174353,-0.235722,-1.386294,-0.274437,0.113329,-0.371064,-0.072571,-0.673345,-0.916291,-0.941609,-0.415515,-1.660731,-0.446287,-0.84397,-0.261365,-0.967584,-0.301105,-0.693147,-1.272966,-0.916291,-0.400478,-0.274437,-0.71335,-0.415515,-1.347074
1993-09,-0.867501,-1.427116,-0.400478,-1.609438,-0.653926,-0.820981,-0.798508,-0.867501,-1.049822,-1.021651,-0.941609,-1.469676,-1.966113,-0.673345,-0.941609,-0.562119,-1.07881,-0.544727,-0.261365,-0.84397,-0.430783,-1.021651,0.182322,-0.400478,-0.174353,-0.235722,-1.386294,-0.274437,0.113329,-0.371064,-0.072571,-0.673345,-0.916291,-0.941609,-0.415515,-1.660731,-0.446287,-0.84397,-0.261365,-0.967584,-0.301105,-0.693147,-1.272966,-0.916291,-0.400478,-0.274437,-0.71335,-0.415515,-1.347074
1993-10,-0.867501,-1.427116,-0.400478,-1.609438,-0.653926,-0.820981,-0.798508,-0.867501,-1.049822,-1.021651,-0.941609,-1.469676,-1.966113,-0.673345,-0.941609,-0.562119,-1.07881,-0.544727,-0.261365,-0.84397,-0.430783,-1.021651,0.182322,-0.400478,-0.174353,-0.235722,-1.386294,-0.274437,0.113329,-0.371064,-0.072571,-0.673345,-0.916291,-0.941609,-0.415515,-1.660731,-0.446287,-0.84397,-0.261365,-0.967584,-0.301105,-0.693147,-1.272966,-0.916291,-0.400478,-0.274437,-0.71335,-0.415515,-1.347074
1993-11,-0.867501,-1.427116,-0.400478,-1.609438,-0.653926,-0.820981,-0.798508,-0.867501,-1.049822,-1.021651,-0.941609,-1.469676,-1.966113,-0.673345,-0.941609,-0.562119,-1.07881,-0.544727,-0.261365,-0.84397,-0.430783,-1.021651,0.182322,-0.400478,-0.174353,-0.235722,-1.386294,-0.274437,0.113329,-0.371064,-0.072571,-0.673345,-0.916291,-0.941609,-0.415515,-1.660731,-0.446287,-0.84397,-0.261365,-0.967584,-0.301105,-0.693147,-1.272966,-0.916291,-0.400478,-0.274437,-0.71335,-0.415515,-1.347074
1993-12,-0.867501,-1.427116,-0.400478,-1.609438,-0.653926,-0.820981,-0.798508,-0.867501,-1.049822,-1.021651,-0.941609,-1.469676,-1.966113,-0.673345,-0.941609,-0.562119,-1.07881,-0.544727,-0.261365,-0.84397,-0.430783,-1.021651,0.182322,-0.400478,-0.174353,-0.235722,-1.386294,-0.274437,0.113329,-0.371064,-0.072571,-0.673345,-0.916291,-0.941609,-0.415515,-1.660731,-0.446287,-0.84397,-0.261365,-0.967584,-0.301105,-0.693147,-1.272966,-0.916291,-0.400478,-0.274437,-0.71335,-0.415515,-1.347074
1994-01,-0.653926,-1.347074,-0.210721,-1.771957,-0.616186,-0.916291,-1.108663,-1.049822,-1.049822,-1.049822,-0.616186,-1.309333,-1.714798,-0.84397,-0.967584,-0.755023,-1.07881,-0.673345,-0.478036,-0.798508,-0.733969,-1.021651,-0.891598,-0.579818,-0.415515,-0.579818,-1.272966,-0.579818,-0.061875,-0.430783,-0.083382,-0.798508,-0.891598,-1.07881,-0.527633,-1.609438,-0.733969,-0.84397,-0.356675,-1.139434,-0.478036,-0.84397,-1.309333,-2.302585,-0.510826,-0.371064,-0.84397,-0.527633,-1.171183
1994-02,-0.653926,-1.347074,-0.210721,-1.771957,-0.616186,-0.916291,-1.108663,-1.049822,-1.049822,-1.049822,-0.616186,-1.309333,-1.714798,-0.84397,-0.967584,-0.755023,-1.07881,-0.673345,-0.478036,-0.798508,-0.733969,-1.021651,-0.891598,-0.579818,-0.415515,-0.579818,-1.272966,-0.579818,-0.061875,-0.430783,-0.083382,-0.798508,-0.891598,-1.07881,-0.527633,-1.609438,-0.733969,-0.84397,-0.356675,-1.139434,-0.478036,-0.84397,-1.309333,-2.302585,-0.510826,-0.371064,-0.84397,-0.527633,-1.171183
1994-03,-0.653926,-1.347074,-0.210721,-1.771957,-0.616186,-0.916291,-1.108663,-1.049822,-1.049822,-1.049822,-0.616186,-1.309333,-1.714798,-0.84397,-0.967584,-0.755023,-1.07881,-0.673345,-0.478036,-0.798508,-0.733969,-1.021651,-0.891598,-0.579818,-0.415515,-0.579818,-1.272966,-0.579818,-0.061875,-0.430783,-0.083382,-0.798508,-0.891598,-1.07881,-0.527633,-1.609438,-0.733969,-0.84397,-0.356675,-1.139434,-0.478036,-0.84397,-1.309333,-2.302585,-0.510826,-0.371064,-0.84397,-0.527633,-1.171183
1994-04,-0.653926,-1.347074,-0.210721,-1.771957,-0.616186,-0.916291,-1.108663,-1.049822,-1.049822,-1.049822,-0.616186,-1.309333,-1.714798,-0.84397,-0.967584,-0.755023,-1.07881,-0.673345,-0.478036,-0.798508,-0.733969,-1.021651,-0.891598,-0.579818,-0.415515,-0.579818,-1.272966,-0.579818,-0.061875,-0.430783,-0.083382,-0.798508,-0.891598,-1.07881,-0.527633,-1.609438,-0.733969,-0.84397,-0.356675,-1.139434,-0.478036,-0.84397,-1.309333,-2.302585,-0.510826,-0.371064,-0.84397,-0.527633,-1.171183
1994-05,-0.653926,-1.347074,-0.210721,-1.771957,-0.616186,-0.916291,-1.108663,-1.049822,-1.049822,-1.049822,-0.616186,-1.309333,-1.714798,-0.84397,-0.967584,-0.755023,-1.07881,-0.673345,-0.478036,-0.798508,-0.733969,-1.021651,-0.891598,-0.579818,-0.415515,-0.579818,-1.272966,-0.579818,-0.061875,-0.430783,-0.083382,-0.798508,-0.891598,-1.07881,-0.527633,-1.609438,-0.733969,-0.84397,-0.356675,-1.139434,-0.478036,-0.84397,-1.309333,-2.302585,-0.510826,-0.371064,-0.84397,-0.527633,-1.171183
1994-06,-0.653926,-1.347074,-0.210721,-1.771957,-0.616186,-0.916291,-1.108663,-1.049822,-1.049822,-1.049822,-0.616186,-1.309333,-1.714798,-0.84397,-0.967584,-0.755023,-1.07881,-0.673345,-0.478036,-0.798508,-0.733969,-1.021651,-0.891598,-0.579818,-0.415515,-0.579818,-1.272966,-0.579818,-0.061875,-0.430783,-0.083382,-0.798508,-0.891598,-1.07881,-0.527633,-1.609438,-0.733969,-0.84397,-0.356675,-1.139434,-0.478036,-0.84397,-1.309333,-2.302585,-0.510826,-0.371064,-0.84397,-0.527633,-1.171183
1994-07,-0.653926,-1.347074,-0.210721,-1.771957,-0.616186,-0.916291,-1.108663,-1.049822,-1.049822,-1.049822,-0.616186,-1.309333,-1.714798,-0.84397,-0.967584,-0.755023,-1.07881,-0.673345,-0.478036,-0.798508,-0.733969,-1.021651,-0.891598,-0.579818,-0.415515,-0.579818,-1.272966,-0.579818,-0.061875,-0.430783,-0.083382,-0.798508,-0.891598,-1.07881,-0.527633,-1.609438,-0.733969,-0.84397,-0.356675,-1.139434,-0.478036,-0.84397,-1.309333,-2.302585,-0.510826,-0.371064,-0.84397,-0.527633,-1.171183
1994-08,-0.653926,-1.347074,-0.210721,-1.771957,-0.616186,-0.916291,-1.108663,-1.049822,-1.049822,-1.049822,-0.616186,-1.309333,-1.714798,-0.84397,-0.967584,-0.755023,-1.07881,-0.673345,-0.478036,-0.798508,-0.733969,-1.021651,-0.891598,-0.579818,-0.415515,-0.579818,-1.272966,-0.579818,-0.061875,-0.430783,-0.083382,-0.798508,-0.891598,-1.07881,-0.527633,-1.609438,-0.733969,-0.84397,-0.356675,-1.139434,-0.478036,-0.84397,-1.309333,-2.302585,-0.510826,-0.371064,-0.84397,-0.527633,-1.171183
1994-09,-0.653926,-1.347074,-0.210721,-1.771957,-0.616186,-0.916291,-1.108663,-1.049822,-1.049822,-1.049822,-0.616186,-1.309333,-1.714798,-0.84397,-0.967584,-0.755023,-1.07881,-0.673345,-0.478036,-0.798508,-0.733969,-1.021651,-0.891598,-0.579818,-0.415515,-0.579818,-1.272966,-0.579818,-0.061875,-0.430783,-0.083382,-0.798508,-0.891598,-1.07881,-0.527633,-1.609438,-0.733969,-0.84397,-0.356675,-1.139434,-0.478036,-0.84397,-1.309333,-2.302585,-0.510826,-0.371064,-0.84397,-0.527633,-1.171183
1994-10,-0.653926,-1.347074,-0.210721,-1.771957,-0.616186,-0.916291,-1.108663,-1.049822,-1.049822,-1.049822,-0.616186,-1.309333,-1.714798,-0.84397,-0.967584,-0.755023,-1.07881,-0.673345,-0.478036,-0.798508,-0.733969,-1.021651,-0.891598,-0.579818,-0.415515,-0.579818,-1.272966,-0.579818,-0.061875,-0.430783,-0.083382,-0.798508,-0.891598,-1.07881,-0.527633,-1.609438,-0.733969,-0.84397,-0.356675,-1.139434,-0.478036,-0.84397,-1.309333,-2.302585,-0.510826,-0.371064,-0.84397,-0.527633,-1.171183
1994-11,-0.653926,-1.347074,-0.210721,-1.771957,-0.616186,-0.916291,-1.108663,-1.049822,-1.049822,-1.049822,-0.616186,-1.309333,-1.714798,-0.84397,-0.967584,-0.755023,-1.07881,-0.673345,-0.478036,-0.798508,-0.733969,-1.021651,-0.891598,-0.579818,-0.415515,-0.579818,-1.272966,-0.579818,-0.061875,-0.430783,-0.083382,-0.798508,-0.891598,-1.07881,-0.527633,-1.609438,-0.733969,-0.84397,-0.356675,-1.139434,-0.478036,-0.84397,-1.309333,-2.302585,-0.510826,-0.371064,-0.84397,-0.527633,-1.171183
1994-12,-0.653926,-1.347074,-0.210721,-1.771957,-0.616186,-0.916291,-1.108663,-1.049822,-1.049822,-1.049822,-0.616186,-1.309333,-1.714798,-0.84397,-0.967584,-0.755023,-1.07881,-0.673345,-0.478036,-0.798508,-0.733969,-1.021651,-0.891598,-0.579818,-0.415515,-0.579818,-1.272966,-0.579818,-0.061875,-0.430783,-0.083382,-0.798508,-0.891598,-1.07881,-0.527633,-1.609438,-0.733969,-0.84397,-0.356675,-1.139434,-0.478036,-0.84397,-1.309333,-2.302585,-0.510826,-0.371064,-0.84397,-0.527633,-1.171183
1995-01,-0.867501,-1.347074,-1.309333,-1.832581,-0.71335,-1.139434,-1.427116,-1.237874,-1.427116,-0.916291,-0.798508,-1.139434,-1.560648,-1.021651,-1.171183,-1.021651,-1.139434,-0.71335,-0.867501,-0.941609,-1.049822,-1.237874,-1.347074,-0.755023,-0.755023,-0.891598,-1.660731,-0.967584,-0.967584,-0.733969,-0.478036,-1.347074,-1.203973,-1.272966,-0.84397,-1.609438,-1.021651,-1.021651,-0.798508,-1.108663,-0.967584,-0.967584,-1.203973,-1.386294,-0.400478,-0.415515,-1.021651,-0.415515,-1.021651
1995-02,-0.867501,-1.347074,-1.309333,-1.832581,-0.71335,-1.139434,-1.427116,-1.237874,-1.427116,-0.916291,-0.798508,-1.139434,-1.560648,-1.021651,-1.171183,-1.021651,-1.139434,-0.71335,-0.867501,-0.941609,-1.049822,-1.237874,-1.347074,-0.755023,-0.755023,-0.891598,-1.660731,-0.967584,-0.967584,-0.733969,-0.478036,-1.347074,-1.203973,-1.272966,-0.84397,-1.609438,-1.021651,-1.021651,-0.798508,-1.108663,-0.967584,-0.967584,-1.203973,-1.386294,-0.400478,-0.415515,-1.021651,-0.415515,-1.021651
1995-03,-0.867501,-1.347074,-1.309333,-1.832581,-0.71335,-1.139434,-1.427116,-1.237874,-1.427116,-0.916291,-0.798508,-1.139434,-1.560648,-1.021651,-1.171183,-1.021651,-1.139434,-0.71335,-0.867501,-0.941609,-1.049822,-1.237874,-1.347074,-0.755023,-0.755023,-0.891598,-1.660731,-0.967584,-0.967584,-0.733969,-0.478036,-1.347074,-1.203973,-1.272966,-0.84397,-1.609438,-1.021651,-1.021651,-0.798508,-1.108663,-0.967584,-0.967584,-1.203973,-1.386294,-0.400478,-0.415515,-1.021651,-0.415515,-1.021651
1995-04,-0.867501,-1.347074,-1.309333,-1.832581,-0.71335,-1.139434,-1.427116,-1.237874,-1.427116,-0.916291,-0.798508,-1.139434,-1.560648,-1.021651,-1.171183,-1.021651,-1.139434,-0.71335,-0.867501,-0.941609,-1.049822,-1.237874,-1.347074,-0.755023,-0.755023,-0.891598,-1.660731,-0.967584,-0.967584,-0.733969,-0.478036,-1.347074,-1.203973,-1.272966,-0.84397,-1.609438,-1.021651,-1.021651,-0.798508,-1.108663,-0.967584,-0.967584,-1.203973,-1.386294,-0.400478,-0.415515,-1.021651,-0.415515,-1.021651
1995-05,-0.867501,-1.347074,-1.309333,-1.832581,-0.71335,-1.139434,-1.427116,-1.237874,-1.427116,-0.916291,-0.798508,-1.139434,-1.560648,-1.021651,-1.171183,-1.021651,-1.139434,-0.71335,-0.867501,-0.941609,-1.049822,-1.237874,-1.347074,-0.755023,-0.755023,-0.891598,-1.660731,-0.967584,-0.967584,-0.733969,-0.478036,-1.347074,-1.203973,-1.272966,-0.84397,-1.609438,-1.021651,-1.021651,-0.798508,-1.108663,-0.967584,-0.967584,-1.203973,-1.386294,-0.400478,-0.415515,-1.021651,-0.415515,-1.021651
1995-06,-0.867501,-1.347074,-1.309333,-1.832581,-0.71335,-1.139434,-1.427116,-1.237874,-1.427116,-0.916291,-0.798508,-1.139434,-1.560648,-1.021651,-1.171183,-1.021651,-1.139434,-0.71335,-0.867501,-0.941609,-1.049822,-1.237874,-1.347074,-0.755023,-0.755023,-0.891598,-1.660731,-0.967584,-0.967584,-0.733969,-0.478036,-1.347074,-1.203973,-1.272966,-0.84397,-1.609438,-1.021651,-1.021651,-0.798508,-1.108663,-0.967584,-0.967584,-1.203973,-1.386294,-0.400478,-0.415515,-1.021651,-0.415515,-1.021651
1995-07,-0.867501,-1.347074,-1.309333,-1.832581,-0.71335,-1.139434,-1.427116,-1.237874,-1.427116,-0.916291,-0.798508,-1.139434,-1.560648,-1.021651,-1.171183,-1.021651,-1.139434,-0.71335,-0.867501,-0.941609,-1.049822,-1.237874,-1.347074,-0.755023,-0.755023,-0.891598,-1.660731,-0.967584,-0.967584,-0.733969,-0.478036,-1.347074,-1.203973,-1.272966,-0.84397,-1.609438,-1.021651,-1.021651,-0.798508,-1.108663,-0.967584,-0.967584,-1.203973,-1.386294,-0.400478,-0.415515,-1.021651,-0.415515,-1.021651
1995-08,-0.867501,-1.347074,-1.309333,-1.832581,-0.71335,-1.139434,-1.427116,-1.237874,-1.427116,-0.916291,-0.798508,-1.139434,-1.560648,-1.021651,-1.171183,-1.021651,-1.139434,-0.71335,-0.867501,-0.941609,-1.049822,-1.237874,-1.347074,-0.755023,-0.755023,-0.891598,-1.660731,-0.967584,-0.967584,-0.733969,-0.478036,-1.347074,-1.203973,-1.272966,-0.84397,-1.609438,-1.021651,-1.021651,-0.798508,-1.108663,-0.967584,-0.967584,-1.203973,-1.386294,-0.400478,-0.415515,-1.021651,-0.415515,-1.021651
1995-09,-0.867501,-1.347074,-1.309333,-1.832581,-0.71335,-1.139434,-1.427116,-1.237874,-1.427116,-0.916291,-0.798508,-1.139434,-1.560648,-1.021651,-1.171183,-1.021651,-1.139434,-0.71335,-0.867501,-0.941609,-1.049822,-1.237874,-1.347074,-0.755023,-0.755023,-0.891598,-1.660731,-0.967584,-0.967584,-0.733969,-0.478036,-1.347074,-1.203973,-1.272966,-0.84397,-1.609438,-1.021651,-1.021651,-0.798508,-1.108663,-0.967584,-0.967584,-1.203973,-1.386294,-0.400478,-0.415515,-1.021651,-0.415515,-1.021651
1995-10,-0.867501,-1.347074,-1.309333,-1.832581,-0.71335,-1.139434,-1.427116,-1.237874,-1.427116,-0.916291,-0.798508,-1.139434,-1.560648,-1.021651,-1.171183,-1.021651,-1.139434,-0.71335,-0.867501,-0.941609,-1.049822,-1.237874,-1.347074,-0.755023,-0.755023,-0.891598,-1.660731,-0.967584,-0.967584,-0.733969,-0.478036,-1.347074,-1.203973,-1.272966,-0.84397,-1.609438,-1.021651,-1.021651,-0.798508,-1.108663,-0.967584,-0.967584,-1.203973,-1.386294,-0.400478,-0.415515,-1.021651,-0.415515,-1.021651
1995-11,-0.867501,-1.347074,-1.309333,-1.832581,-0.71335,-1.139434,-1.427116,-1.237874,-1.427116,-0.916291,-0.798508,-1.139434,-1.560648,-1.021651,-1.171183,-1.021651,-1.139434,-0.71335,-0.867501,-0.941609,-1.049822,-1.237874,-1.347074,-0.755023,-0.755023,-0.891598,-1.660731,-0.967584,-0.967584,-0.733969,-0.478036,-1.347074,-1.203973,-1.272966,-0.84397,-1.609438,-1.021651,-1.021651,-0.798508,-1.108663,-0.967584,-0.967584,-1.203973,-1.386294,-0.400478,-0.415515,-1.021651,-0.415515,-1.021651
1995-12,-0.867501,-1.347074,-1.309333,-1.832581,-0.71335,-1.139434,-1.427116,-1.237874,-1.427116,-0.916291,-0.798508,-1.139434,-1.560648,-1.021651,-1.171183,-1.021651,-1.139434,-0.71335,-0.867501,-0.941609,-1.049822,-1.237874,-1.347074,-0.755023,-0.755023,-0.891598,-1.660731,-0.967584,-0.967584,-0.733969,-0.478036,-1.347074,-1.203973,-1.272966,-0.84397,-1.609438,-1.021651,-1.021651,-0.798508,-1.108663,-0.967584,-0.967584,-1.203973,-1.386294,-0.400478,-0.415515,-1.021651,-0.415515,-1.021651
1996-01,-0.776529,-1.139434,-0.84397,-1.832581,-1.021651,-1.469676,-0.733969,-0.967584,-1.309333,-0.867501,-0.916291,-1.07881,-1.514128,-1.049822,-0.994252,-0.891598,-0.941609,-0.462035,-0.755023,-0.891598,-0.941609,-1.171183,-0.755023,-0.462035,-0.673345,-0.891598,-1.609438,-0.916291,-0.994252,-0.733969,-0.261365,-1.139434,-0.916291,-1.171183,-0.941609,-1.609438,-1.021651,-0.967584,-0.84397,-1.021651,-0.733969,-1.021651,-0.967584,-1.07881,-0.301105,-0.446287,-0.867501,-0.301105,-0.84397
1996-02,-0.776529,-1.139434,-0.84397,-1.832581,-1.021651,-1.469676,-0.733969,-0.967584,-1.309333,-0.867501,-0.916291,-1.07881,-1.514128,-1.049822,-0.994252,-0.891598,-0.941609,-0.462035,-0.755023,-0.891598,-0.941609,-1.171183,-0.755023,-0.462035,-0.673345,-0.891598,-1.609438,-0.916291,-0.994252,-0.733969,-0.261365,-1.139434,-0.916291,-1.171183,-0.941609,-1.609438,-1.021651,-0.967584,-0.84397,-1.021651,-0.733969,-1.021651,-0.967584,-1.07881,-0.301105,-0.446287,-0.867501,-0.301105,-0.84397
1996-03,-0.776529,-1.139434,-0.84397,-1.832581,-1.021651,-1.469676,-0.733969,-0.967584,-1.309333,-0.867501,-0.916291,-1.07881,-1.514128,-1.049822,-0.994252,-0.891598,-0.941609,-0.462035,-0.755023,-0.891598,-0.941609,-1.171183,-0.755023,-0.462035,-0.673345,-0.891598,-1.609438,-0.916291,-0.994252,-0.733969,-0.261365,-1.139434,-0.916291,-1.171183,-0.941609,-1.609438,-1.021651,-0.967584,-0.84397,-1.021651,-0.733969,-1.021651,-0.967584,-1.07881,-0.301105,-0.446287,-0.867501,-0.301105,-0.84397
1996-04,-0.776529,-1.139434,-0.84397,-1.832581,-1.021651,-1.469676,-0.733969,-0.967584,-1.309333,-0.867501,-0.916291,-1.07881,-1.514128,-1.049822,-0.994252,-0.891598,-0.941609,-0.462035,-0.755023,-0.891598,-0.941609,-1.171183,-0.755023,-0.462035,-0.673345,-0.891598,-1.609438,-0.916291,-0.994252,-0.733969,-0.261365,-1.139434,-0.916291,-1.171183,-0.941609,-1.609438,-1.021651,-0.967584,-0.84397,-1.021651,-0.733969,-1.021651,-0.967584,-1.07881,-0.301105,-0.446287,-0.867501,-0.301105,-0.84397
1996-05,-0.776529,-1.139434,-0.84397,-1.832581,-1.021651,-1.469676,-0.733969,-0.967584,-1.309333,-0.867501,-0.916291,-1.07881,-1.514128,-1.049822,-0.994252,-0.891598,-0.941609,-0.462035,-0.755023,-0.891598,-0.941609,-1.171183,-0.755023,-0.462035,-0.673345,-0.891598,-1.609438,-0.916291,-0.994252,-0.733969,-0.261365,-1.139434,-0.916291,-1.171183,-0.941609,-1.609438,-1.021651,-0.967584,-0.84397,-1.021651,-0.733969,-1.021651,-0.967584,-1.07881,-0.301105,-0.446287,-0.867501,-0.301105,-0.84397
1996-06,-0.776529,-1.139434,-0.84397,-1.832581,-1.021651,-1.469676,-0.733969,-0.967584,-1.309333,-0.867501,-0.916291,-1.07881,-1.514128,-1.049822,-0.994252,-0.891598,-0.941609,-0.462035,-0.755023,-0.891598,-0.941609,-1.171183,-0.755023,-0.462035,-0.673345,-0.891598,-1.609438,-0.916291,-0.994252,-0.733969,-0.261365,-1.139434,-0.916291,-1.171183,-0.941609,-1.609438,-1.021651,-0.967584,-0.84397,-1.021651,-0.733969,-1.021651,-0.967584,-1.07881,-0.301105,-0.446287,-0.867501,-0.301105,-0.84397
1996-07,-0.776529,-1.139434,-0.84397,-1.832581,-1.021651,-1.469676,-0.733969,-0.967584,-1.309333,-0.867501,-0.916291,-1.07881,-1.514128,-1.049822,-0.994252,-0.891598,-0.941609,-0.462035,-0.755023,-0.891598,-0.941609,-1.171183,-0.755023,-0.462035,-0.673345,-0.891598,-1.609438,-0.916291,-0.994252,-0.733969,-0.261365,-1.139434,-0.916291,-1.171183,-0.941609,-1.609438,-1.021651,-0.967584,-0.84397,-1.021651,-0.733969,-1.021651,-0.967584,-1.07881,-0.301105,-0.446287,-0.867501,-0.301105,-0.84397
1996-08,-0.776529,-1.139434,-0.84397,-1.832581,-1.021651,-1.469676,-0.733969,-0.967584,-1.309333,-0.867501,-0.916291,-1.07881,-1.514128,-1.049822,-0.994252,-0.891598,-0.941609,-0.462035,-0.755023,-0.891598,-0.941609,-1.171183,-0.755023,-0.462035,-0.673345,-0.891598,-1.609438,-0.916291,-0.994252,-0.733969,-0.261365,-1.139434,-0.916291,-1.171183,-0.941609,-1.609438,-1.021651,-0.967584,-0.84397,-1.021651,-0.733969,-1.021651,-0.967584,-1.07881,-0.301105,-0.446287,-0.867501,-0.301105,-0.84397
1996-09,-0.776529,-1.139434,-0.84397,-1.832581,-1.021651,-1.469676,-0.733969,-0.967584,-1.309333,-0.867501,-0.916291,-1.07881,-1.514128,-1.049822,-0.994252,-0.891598,-0.941609,-0.462035,-0.755023,-0.891598,-0.941609,-1.171183,-0.755023,-0.462035,-0.673345,-0.891598,-1.609438,-0.916291,-0.994252,-0.733969,-0.261365,-1.139434,-0.916291,-1.171183,-0.941609,-1.609438,-1.021651,-0.967584,-0.84397,-1.021651,-0.733969,-1.021651,-0.967584,-1.07881,-0.301105,-0.446287,-0.867501,-0.301105,-0.84397
1996-10,-0.776529,-1.139434,-0.84397,-1.832581,-1.021651,-1.469676,-0.733969,-0.967584,-1.309333,-0.867501,-0.916291,-1.07881,-1.514128,-1.049822,-0.994252,-0.891598,-0.941609,-0.462035,-0.755023,-0.891598,-0.941609,-1.171183,-0.755023,-0.462035,-0.673345,-0.891598,-1.609438,-0.916291,-0.994252,-0.733969,-0.261365,-1.139434,-0.916291,-1.171183,-0.941609,-1.609438,-1.021651,-0.967584,-0.84397,-1.021651,-0.733969,-1.021651,-0.967584,-1.07881,-0.301105,-0.446287,-0.867501,-0.301105,-0.84397
1996-11,-0.776529,-1.139434,-0.84397,-1.832581,-1.021651,-1.469676,-0.733969,-0.967584,-1.309333,-0.867501,-0.916291,-1.07881,-1.514128,-1.049822,-0.994252,-0.891598,-0.941609,-0.462035,-0.755023,-0.891598,-0.941609,-1.171183,-0.755023,-0.462035,-0.673345,-0.891598,-1.609438,-0.916291,-0.994252,-0.733969,-0.261365,-1.139434,-0.916291,-1.171183,-0.941609,-1.609438,-1.021651,-0.967584,-0.84397,-1.021651,-0.733969,-1.021651,-0.967584,-1.07881,-0.301105,-0.446287,-0.867501,-0.301105,-0.84397
1996-12,-0.776529,-1.139434,-0.84397,-1.832581,-1.021651,-1.469676,-0.733969,-0.967584,-1.309333,-0.867501,-0.916291,-1.07881,-1.514128,-1.049822,-0.994252,-0.891598,-0.941609,-0.462035,-0.755023,-0.891598,-0.941609,-1.171183,-0.755023,-0.462035,-0.673345,-0.891598,-1.609438,-0.916291,-0.994252,-0.733969,-0.261365,-1.139434,-0.916291,-1.171183,-0.941609,-1.609438,-1.021651,-0.967584,-0.84397,-1.021651,-0.733969,-1.021651,-0.967584,-1.07881,-0.301105,-0.446287,-0.867501,-0.301105,-0.84397
1997-01,-1.272966,-1.203973,-1.049822,-2.120264,-1.609438,-0.867501,-0.84397,-1.07881,-1.514128,-0.891598,-1.021651,-1.514128,-1.771957,-1.203973,-0.994252,-0.733969,-1.171183,-0.798508,-0.653926,-0.798508,-1.108663,-1.386294,-0.653926,-0.941609,-0.820981,-1.07881,-1.427116,-1.309333,-0.84397,-0.916291,-0.446287,-1.427116,-1.108663,-1.427116,-1.237874,-1.832581,-1.203973,-1.171183,-0.891598,-0.941609,-0.891598,-0.867501,-0.994252,-1.171183,-0.562119,-0.510826,-0.820981,-0.478036,-0.941609
1997-02,-1.272966,-1.203973,-1.049822,-2.120264,-1.609438,-0.867501,-0.84397,-1.07881,-1.514128,-0.891598,-1.021651,-1.514128,-1.771957,-1.203973,-0.994252,-0.733969,-1.171183,-0.798508,-0.653926,-0.798508,-1.108663,-1.386294,-0.653926,-0.941609,-0.820981,-1.07881,-1.427116,-1.309333,-0.84397,-0.916291,-0.446287,-1.427116,-1.108663,-1.427116,-1.237874,-1.832581,-1.203973,-1.171183,-0.891598,-0.941609,-0.891598,-0.867501,-0.994252,-1.171183,-0.562119,-0.510826,-0.820981,-0.478036,-0.941609
1997-03,-1.272966,-1.203973,-1.049822,-2.120264,-1.609438,-0.867501,-0.84397,-1.07881,-1.514128,-0.891598,-1.021651,-1.514128,-1.771957,-1.203973,-0.994252,-0.733969,-1.171183,-0.798508,-0.653926,-0.798508,-1.108663,-1.386294,-0.653926,-0.941609,-0.820981,-1.07881,-1.427116,-1.309333,-0.84397,-0.916291,-0.446287,-1.427116,-1.108663,-1.427116,-1.237874,-1.832581,-1.203973,-1.171183,-0.891598,-0.941609,-0.891598,-0.867501,-0.994252,-1.171183,-0.562119,-0.510826,-0.820981,-0.478036,-0.941609
1997-04,-1.272966,-1.203973,-1.049822,-2.120264,-1.609438,-0.867501,-0.84397,-1.07881,-1.514128,-0.891598,-1.021651,-1.514128,-1.771957,-1.203973,-0.994252,-0.733969,-1.171183,-0.798508,-0.653926,-0.798508,-1.108663,-1.386294,-0.653926,-0.941609,-0.820981,-1.07881,-1.427116,-1.309333,-0.84397,-0.916291,-0.446287,-1.427116,-1.108663,-1.427116,-1.237874,-1.832581,-1.203973,-1.171183,-0.891598,-0.941609,-0.891598,-0.867501,-0.994252,-1.171183,-0.562119,-0.510826,-0.820981,-0.478036,-0.941609
1997-05,-1.272966,-1.203973,-1.049822,-2.120264,-1.609438,-0.867501,-0.84397,-1.07881,-1.514128,-0.891598,-1.021651,-1.514128,-1.771957,-1.203973,-0.994252,-0.733969,-1.171183,-0.798508,-0.653926,-0.798508,-1.108663,-1.386294,-0.653926,-0.941609,-0.820981,-1.07881,-1.427116,-1.309333,-0.84397,-0.916291,-0.446287,-1.427116,-1.108663,-1.427116,-1.237874,-1.832581,-1.203973,-1.171183,-0.891598,-0.941609,-0.891598,-0.867501,-0.994252,-1.171183,-0.562119,-0.510826,-0.820981,-0.478036,-0.941609
1997-06,-1.272966,-1.203973,-1.049822,-2.120264,-1.609438,-0.867501,-0.84397,-1.07881,-1.514128,-0.891598,-1.021651,-1.514128,-1.771957,-1.203973,-0.994252,-0.733969,-1.171183,-0.798508,-0.653926,-0.798508,-1.108663,-1.386294,-0.653926,-0.941609,-0.820981,-1.07881,-1.427116,-1.309333,-0.84397,-0.916291,-0.446287,-1.427116,-1.108663,-1.427116,-1.237874,-1.832581,-1.203973,-1.171183,-0.891598,-0.941609,-0.891598,-0.867501,-0.994252,-1.171183,-0.562119,-0.510826,-0.820981,-0.478036,-0.941609
1997-07,-1.272966,-1.203973,-1.049822,-2.120264,-1.609438,-0.867501,-0.84397,-1.07881,-1.514128,-0.891598,-1.021651,-1.514128,-1.771957,-1.203973,-0.994252,-0.733969,-1.171183,-0.798508,-0.653926,-0.798508,-1.108663,-1.386294,-0.653926,-0.941609,-0.820981,-1.07881,-1.427116,-1.309333,-0.84397,-0.916291,-0.446287,-1.427116,-1.108663,-1.427116,-1.237874,-1.832581,-1.203973,-1.171183,-0.891598,-0.941609,-0.891598,-0.867501,-0.994252,-1.171183,-0.562119,-0.510826,-0.820981,-0.478036,-0.941609
1997-08,-1.272966,-1.203973,-1.049822,-2.120264,-1.609438,-0.867501,-0.84397,-1.07881,-1.514128,-0.891598,-1.021651,-1.514128,-1.771957,-1.203973,-0.994252,-0.733969,-1.171183,-0.798508,-0.653926,-0.798508,-1.108663,-1.386294,-0.653926,-0.941609,-0.820981,-1.07881,-1.427116,-1.309333,-0.84397,-0.916291,-0.446287,-1.427116,-1.108663,-1.427116,-1.237874,-1.832581,-1.203973,-1.171183,-0.891598,-0.941609,-0.891598,-0.867501,-0.994252,-1.171183,-0.562119,-0.510826,-0.820981,-0.478036,-0.941609
1997-09,-1.272966,-1.203973,-1.049822,-2.120264,-1.609438,-0.867501,-0.84397,-1.07881,-1.514128,-0.891598,-1.021651,-1.514128,-1.771957,-1.203973,-0.994252,-0.733969,-1.171183,-0.798508,-0.653926,-0.798508,-1.108663,-1.386294,-0.653926,-0.941609,-0.820981,-1.07881,-1.427116,-1.309333,-0.84397,-0.916291,-0.446287,-1.427116,-1.108663,-1.427116,-1.237874,-1.832581,-1.203973,-1.171183,-0.891598,-0.941609,-0.891598,-0.867501,-0.994252,-1.171183,-0.562119,-0.510826,-0.820981,-0.478036,-0.941609
1997-10,-1.272966,-1.203973,-1.049822,-2.120264,-1.609438,-0.867501,-0.84397,-1.07881,-1.514128,-0.891598,-1.021651,-1.514128,-1.771957,-1.203973,-0.994252,-0.733969,-1.171183,-0.798508,-0.653926,-0.798508,-1.108663,-1.386294,-0.653926,-0.941609,-0.820981,-1.07881,-1.427116,-1.309333,-0.84397,-0.916291,-0.446287,-1.427116,-1.108663,-1.427116,-1.237874,-1.832581,-1.203973,-1.171183,-0.891598,-0.941609,-0.891598,-0.867501,-0.994252,-1.171183,-0.562119,-0.510826,-0.820981,-0.478036,-0.941609
1997-11,-1.272966,-1.203973,-1.049822,-2.120264,-1.609438,-0.867501,-0.84397,-1.07881,-1.514128,-0.891598,-1.021651,-1.514128,-1.771957,-1.203973,-0.994252,-0.733969,-1.171183,-0.798508,-0.653926,-0.798508,-1.108663,-1.386294,-0.653926,-0.941609,-0.820981,-1.07881,-1.427116,-1.309333,-0.84397,-0.916291,-0.446287,-1.427116,-1.108663,-1.427116,-1.237874,-1.832581,-1.203973,-1.171183,-0.891598,-0.941609,-0.891598,-0.867501,-0.994252,-1.171183,-0.562119,-0.510826,-0.820981,-0.478036,-0.941609
1997-12,-1.272966,-1.203973,-1.049822,-2.120264,-1.609438,-0.867501,-0.84397,-1.07881,-1.514128,-0.891598,-1.021651,-1.514128,-1.771957,-1.203973,-0.994252,-0.733969,-1.171183,-0.798508,-0.653926,-0.798508,-1.108663,-1.386294,-0.653926,-0.941609,-0.820981,-1.07881,-1.427116,-1.309333,-0.84397,-0.916291,-0.446287,-1.427116,-1.108663,-1.427116,-1.237874,-1.832581,-1.203973,-1.171183,-0.891598,-0.941609,-0.891598,-0.867501,-0.994252,-1.171183,-0.562119,-0.510826,-0.820981,-0.478036,-0.941609
1998-01,-1.347074,-1.203973,-1.386294,-2.302585,-1.771957,-0.446287,-0.673345,-1.237874,-1.609438,-1.171183,-0.994252,-1.469676,-1.832581,-1.272966,-1.386294,-0.820981,-1.171183,-0.597837,-0.673345,-0.867501,-1.07881,-1.514128,-0.673345,-1.309333,-0.867501,-1.07881,-1.272966,-0.941609,-0.867501,-1.049822,-0.415515,-1.07881,-1.272966,-1.427116,-1.469676,-1.966113,-1.347074,-1.237874,-1.021651,-1.272966,-0.776529,-0.891598,-1.07881,-0.994252,-0.820981,-0.527633,-0.994252,-0.616186,-1.049822
1998-02,-1.347074,-1.203973,-1.386294,-2.302585,-1.771957,-0.446287,-0.673345,-1.237874,-1.609438,-1.171183,-0.994252,-1.469676,-1.832581,-1.272966,-1.386294,-0.820981,-1.171183,-0.597837,-0.673345,-0.867501,-1.07881,-1.514128,-0.673345,-1.309333,-0.867501,-1.07881,-1.272966,-0.941609,-0.867501,-1.049822,-0.415515,-1.07881,-1.272966,-1.427116,-1.469676,-1.966113,-1.347074,-1.237874,-1.021651,-1.272966,-0.776529,-0.891598,-1.07881,-0.994252,-0.820981,-0.527633,-0.994252,-0.616186,-1.049822
1998-03,-1.347074,-1.203973,-1.386294,-2.302585,-1.771957,-0.446287,-0.673345,-1.237874,-1.609438,-1.171183,-0.994252,-1.469676,-1.832581,-1.272966,-1.386294,-0.820981,-1.171183,-0.597837,-0.673345,-0.867501,-1.07881,-1.514128,-0.673345,-1.309333,-0.867501,-1.07881,-1.272966,-0.941609,-0.867501,-1.049822,-0.415515,-1.07881,-1.272966,-1.427116,-1.469676,-1.966113,-1.347074,-1.237874,-1.021651,-1.272966,-0.776529,-0.891598,-1.07881,-0.994252,-0.820981,-0.527633,-0.994252,-0.616186,-1.049822
1998-04,-1.347074,-1.203973,-1.386294,-2.302585,-1.771957,-0.446287,-0.673345,-1.237874,-1.609438,-1.171183,-0.994252,-1.469676,-1.832581,-1.272966,-1.386294,-0.820981,-1.171183,-0.597837,-0.673345,-0.867501,-1.07881,-1.514128,-0.673345,-1.309333,-0.867501,-1.07881,-1.272966,-0.941609,-0.867501,-1.049822,-0.415515,-1.07881,-1.272966,-1.427116,-1.469676,-1.966113,-1.347074,-1.237874,-1.021651,-1.272966,-0.776529,-0.891598,-1.07881,-0.994252,-0.820981,-0.527633,-0.994252,-0.616186,-1.049822
1998-05,-1.347074,-1.203973,-1.386294,-2.302585,-1.771957,-0.446287,-0.673345,-1.237874,-1.609438,-1.171183,-0.994252,-1.469676,-1.832581,-1.272966,-1.386294,-0.820981,-1.171183,-0.597837,-0.673345,-0.867501,-1.07881,-1.514128,-0.673345,-1.309333,-0.867501,-1.07881,-1.272966,-0.941609,-0.867501,-1.049822,-0.415515,-1.07881,-1.272966,-1.427116,-1.469676,-1.966113,-1.347074,-1.237874,-1.021651,-1.272966,-0.776529,-0.891598,-1.07881,-0.994252,-0.820981,-0.527633,-0.994252,-0.616186,-1.049822
1998-06,-1.347074,-1.203973,-1.386294,-2.302585,-1.771957,-0.446287,-0.673345,-1.237874,-1.609438,-1.171183,-0.994252,-1.469676,-1.832581,-1.272966,-1.386294,-0.820981,-1.171183,-0.597837,-0.673345,-0.867501,-1.07881,-1.514128,-0.673345,-1.309333,-0.867501,-1.07881,-1.272966,-0.941609,-0.867501,-1.049822,-0.415515,-1.07881,-1.272966,-1.427116,-1.469676,-1.966113,-1.347074,-1.237874,-1.021651,-1.272966,-0.776529,-0.891598,-1.07881,-0.994252,-0.820981,-0.527633,-0.994252,-0.616186,-1.049822
1998-07,-1.347074,-1.203973,-1.386294,-2.302585,-1.771957,-0.446287,-0.673345,-1.237874,-1.609438,-1.171183,-0.994252,-1.469676,-1.832581,-1.272966,-1.386294,-0.820981,-1.171183,-0.597837,-0.673345,-0.867501,-1.07881,-1.514128,-0.673345,-1.309333,-0.867501,-1.07881,-1.272966,-0.941609,-0.867501,-1.049822,-0.415515,-1.07881,-1.272966,-1.427116,-1.469676,-1.966113,-1.347074,-1.237874,-1.021651,-1.272966,-0.776529,-0.891598,-1.07881,-0.994252,-0.820981,-0.527633,-0.994252,-0.616186,-1.049822
1998-08,-1.347074,-1.203973,-1.386294,-2.302585,-1.771957,-0.446287,-0.673345,-1.237874,-1.609438,-1.171183,-0.994252,-1.469676,-1.832581,-1.272966,-1.386294,-0.820981,-1.171183,-0.597837,-0.673345,-0.867501,-1.07881,-1.514128,-0.673345,-1.309333,-0.867501,-1.07881,-1.272966,-0.941609,-0.867501,-1.049822,-0.415515,-1.07881,-1.272966,-1.427116,-1.469676,-1.966113,-1.347074,-1.237874,-1.021651,-1.272966,-0.776529,-0.891598,-1.07881,-0.994252,-0.820981,-0.527633,-0.994252,-0.616186,-1.049822
1998-09,-1.347074,-1.203973,-1.386294,-2.302585,-1.771957,-0.446287,-0.673345,-1.237874,-1.609438,-1.171183,-0.994252,-1.469676,-1.832581,-1.272966,-1.386294,-0.820981,-1.171183,-0.597837,-0.673345,-0.867501,-1.07881,-1.514128,-0.673345,-1.309333,-0.867501,-1.07881,-1.272966,-0.941609,-0.867501,-1.049822,-0.415515,-1.07881,-1.272966,-1.427116,-1.469676,-1.966113,-1.347074,-1.237874,-1.021651,-1.272966,-0.776529,-0.891598,-1.07881,-0.994252,-0.820981,-0.527633,-0.994252,-0.616186,-1.049822
1998-10,-1.347074,-1.203973,-1.386294,-2.302585,-1.771957,-0.446287,-0.673345,-1.237874,-1.609438,-1.171183,-0.994252,-1.469676,-1.832581,-1.272966,-1.386294,-0.820981,-1.171183,-0.597837,-0.673345,-0.867501,-1.07881,-1.514128,-0.673345,-1.309333,-0.867501,-1.07881,-1.272966,-0.941609,-0.867501,-1.049822,-0.415515,-1.07881,-1.272966,-1.427116,-1.469676,-1.966113,-1.347074,-1.237874,-1.021651,-1.272966,-0.776529,-0.891598,-1.07881,-0.994252,-0.820981,-0.527633,-0.994252,-0.616186,-1.049822
1998-11,-1.347074,-1.203973,-1.386294,-2.302585,-1.771957,-0.446287,-0.673345,-1.237874,-1.609438,-1.171183,-0.994252,-1.469676,-1.832581,-1.272966,-1.386294,-0.820981,-1.171183,-0.597837,-0.673345,-0.867501,-1.07881,-1.514128,-0.673345,-1.309333,-0.867501,-1.07881,-1.272966,-0.941609,-0.867501,-1.049822,-0.415515,-1.07881,-1.272966,-1.427116,-1.469676,-1.966113,-1.347074,-1.237874,-1.021651,-1.272966,-0.776529,-0.891598,-1.07881,-0.994252,-0.820981,-0.527633,-0.994252,-0.616186,-1.049822
1998-12,-1.347074,-1.203973,-1.386294,-2.302585,-1.771957,-0.446287,-0.673345,-1.237874,-1.609438,-1.171183,-0.994252,-1.469676,-1.832581,-1.272966,-1.386294,-0.820981,-1.171183,-0.597837,-0.673345,-0.867501,-1.07881,-1.514128,-0.673345,-1.309333,-0.867501,-1.07881,-1.272966,-0.941609,-0.867501,-1.049822,-0.415515,-1.07881,-1.272966,-1.427116,-1.469676,-1.966113,-1.347074,-1.237874,-1.021651,-1.272966,-0.776529,-0.891598,-1.07881,-0.994252,-0.820981,-0.527633,-0.994252,-0.616186,-1.049822
1999-01,-1.514128,-1.514128,-1.966113,-2.407946,-2.040221,-1.171183,-0.798508,-1.469676,-1.832581,-1.049822,-1.049822,-1.660731,-2.120264,-1.347074,-1.309333,-0.755023,-1.347074,-0.891598,-0.673345,-0.776529,-1.171183,-1.771957,-0.84397,-1.386294,-1.07881,-1.272966,-0.967584,-0.776529,0.631272,-1.139434,-0.579818,-1.427116,-1.427116,-1.514128,-1.560648,-2.120264,-1.203973,-1.272966,-1.108663,-1.139434,-0.916291,-0.916291,-1.309333,-1.203973,-1.07881,-0.653926,-0.891598,-0.941609,-1.347074
1999-02,-1.514128,-1.514128,-1.966113,-2.407946,-2.040221,-1.171183,-0.798508,-1.469676,-1.832581,-1.049822,-1.049822,-1.660731,-2.120264,-1.347074,-1.309333,-0.755023,-1.347074,-0.891598,-0.673345,-0.776529,-1.171183,-1.771957,-0.84397,-1.386294,-1.07881,-1.272966,-0.967584,-0.776529,0.631272,-1.139434,-0.579818,-1.427116,-1.427116,-1.514128,-1.560648,-2.120264,-1.203973,-1.272966,-1.108663,-1.139434,-0.916291,-0.916291,-1.309333,-1.203973,-1.07881,-0.653926,-0.891598,-0.941609,-1.347074
1999-03,-1.514128,-1.514128,-1.966113,-2.407946,-2.040221,-1.171183,-0.798508,-1.469676,-1.832581,-1.049822,-1.049822,-1.660731,-2.120264,-1.347074,-1.309333,-0.755023,-1.347074,-0.891598,-0.673345,-0.776529,-1.171183,-1.771957,-0.84397,-1.386294,-1.07881,-1.272966,-0.967584,-0.776529,0.631272,-1.139434,-0.579818,-1.427116,-1.427116,-1.514128,-1.560648,-2.120264,-1.203973,-1.272966,-1.108663,-1.139434,-0.916291,-0.916291,-1.309333,-1.203973,-1.07881,-0.653926,-0.891598,-0.941609,-1.347074
1999-04,-1.514128,-1.514128,-1.966113,-2.407946,-2.040221,-1.171183,-0.798508,-1.469676,-1.832581,-1.049822,-1.049822,-1.660731,-2.120264,-1.347074,-1.309333,-0.755023,-1.347074,-0.891598,-0.673345,-0.776529,-1.171183,-1.771957,-0.84397,-1.386294,-1.07881,-1.272966,-0.967584,-0.776529,0.631272,-1.139434,-0.579818,-1.427116,-1.427116,-1.514128,-1.560648,-2.120264,-1.203973,-1.272966,-1.108663,-1.139434,-0.916291,-0.916291,-1.309333,-1.203973,-1.07881,-0.653926,-0.891598,-0.941609,-1.347074
1999-05,-1.514128,-1.514128,-1.966113,-2.407946,-2.040221,-1.171183,-0.798508,-1.469676,-1.832581,-1.049822,-1.049822,-1.660731,-2.120264,-1.347074,-1.309333,-0.755023,-1.347074,-0.891598,-0.673345,-0.776529,-1.171183,-1.771957,-0.84397,-1.386294,-1.07881,-1.272966,-0.967584,-0.776529,0.631272,-1.139434,-0.579818,-1.427116,-1.427116,-1.514128,-1.560648,-2.120264,-1.203973,-1.272966,-1.108663,-1.139434,-0.916291,-0.916291,-1.309333,-1.203973,-1.07881,-0.653926,-0.891598,-0.941609,-1.347074
1999-06,-1.514128,-1.514128,-1.966113,-2.407946,-2.040221,-1.171183,-0.798508,-1.469676,-1.832581,-1.049822,-1.049822,-1.660731,-2.120264,-1.347074,-1.309333,-0.755023,-1.347074,-0.891598,-0.673345,-0.776529,-1.171183,-1.771957,-0.84397,-1.386294,-1.07881,-1.272966,-0.967584,-0.776529,0.631272,-1.139434,-0.579818,-1.427116,-1.427116,-1.514128,-1.560648,-2.120264,-1.203973,-1.272966,-1.108663,-1.139434,-0.916291,-0.916291,-1.309333,-1.203973,-1.07881,-0.653926,-0.891598,-0.941609,-1.347074
1999-07,-1.514128,-1.514128,-1.966113,-2.407946,-2.040221,-1.171183,-0.798508,-1.469676,-1.832581,-1.049822,-1.049822,-1.660731,-2.120264,-1.347074,-1.309333,-0.755023,-1.347074,-0.891598,-0.673345,-0.776529,-1.171183,-1.771957,-0.84397,-1.386294,-1.07881,-1.272966,-0.967584,-0.776529,0.631272,-1.139434,-0.579818,-1.427116,-1.427116,-1.514128,-1.560648,-2.120264,-1.203973,-1.272966,-1.108663,-1.139434,-0.916291,-0.916291,-1.309333,-1.203973,-1.07881,-0.653926,-0.891598,-0.941609,-1.347074
1999-08,-1.514128,-1.514128,-1.966113,-2.407946,-2.040221,-1.171183,-0.798508,-1.469676,-1.832581,-1.049822,-1.049822,-1.660731,-2.120264,-1.347074,-1.309333,-0.755023,-1.347074,-0.891598,-0.673345,-0.776529,-1.171183,-1.771957,-0.84397,-1.386294,-1.07881,-1.272966,-0.967584,-0.776529,0.631272,-1.139434,-0.579818,-1.427116,-1.427116,-1.514128,-1.560648,-2.120264,-1.203973,-1.272966,-1.108663,-1.139434,-0.916291,-0.916291,-1.309333,-1.203973,-1.07881,-0.653926,-0.891598,-0.941609,-1.347074
1999-09,-1.514128,-1.514128,-1.966113,-2.407946,-2.040221,-1.171183,-0.798508,-1.469676,-1.832581,-1.049822,-1.049822,-1.660731,-2.120264,-1.347074,-1.309333,-0.755023,-1.347074,-0.891598,-0.673345,-0.776529,-1.171183,-1.771957,-0.84397,-1.386294,-1.07881,-1.272966,-0.967584,-0.776529,0.631272,-1.139434,-0.579818,-1.427116,-1.427116,-1.514128,-1.560648,-2.120264,-1.203973,-1.272966,-1.108663,-1.139434,-0.916291,-0.916291,-1.309333,-1.203973,-1.07881,-0.653926,-0.891598,-0.941609,-1.347074
1999-10,-1.514128,-1.514128,-1.966113,-2.407946,-2.040221,-1.171183,-0.798508,-1.469676,-1.832581,-1.049822,-1.049822,-1.660731,-2.120264,-1.347074,-1.309333,-0.755023,-1.347074,-0.891598,-0.673345,-0.776529,-1.171183,-1.771957,-0.84397,-1.386294,-1.07881,-1.272966,-0.967584,-0.776529,0.631272,-1.139434,-0.579818,-1.427116,-1.427116,-1.514128,-1.560648,-2.120264,-1.203973,-1.272966,-1.108663,-1.139434,-0.916291,-0.916291,-1.309333,-1.203973,-1.07881,-0.653926,-0.891598,-0.941609,-1.347074
1999-11,-1.514128,-1.514128,-1.966113,-2.407946,-2.040221,-1.171183,-0.798508,-1.469676,-1.832581,-1.049822,-1.049822,-1.660731,-2.120264,-1.347074,-1.309333,-0.755023,-1.347074,-0.891598,-0.673345,-0.776529,-1.171183,-1.771957,-0.84397,-1.386294,-1.07881,-1.272966,-0.967584,-0.776529,0.631272,-1.139434,-0.579818,-1.427116,-1.427116,-1.514128,-1.560648,-2.120264,-1.203973,-1.272966,-1.108663,-1.139434,-0.916291,-0.916291,-1.309333,-1.203973,-1.07881,-0.653926,-0.891598,-0.941609,-1.347074
1999-12,-1.514128,-1.514128,-1.966113,-2.407946,-2.040221,-1.171183,-0.798508,-1.469676,-1.832581,-1.049822,-1.049822,-1.660731,-2.120264,-1.347074,-1.309333,-0.755023,-1.347074,-0.891598,-0.673345,-0.776529,-1.171183,-1.771957,-0.84397,-1.386294,-1.07881,-1.272966,-0.967584,-0.776529,0.631272,-1.139434,-0.579818,-1.427116,-1.427116,-1.514128,-1.560648,-2.120264,-1.203973,-1.272966,-1.108663,-1.139434,-0.916291,-0.916291,-1.309333,-1.203973,-1.07881,-0.653926,-0.891598,-0.941609,-1.347074
2000-01,-1.108663,-1.560648,-1.89712,-2.407946,-1.660731,-0.820981,-0.755023,-1.609438,-2.040221,-0.994252,-0.733969,-1.89712,-2.407946,-1.139434,-1.386294,-0.527633,-1.309333,-0.616186,-0.562119,-0.385662,-1.021651,-1.966113,-1.021651,-1.237874,-1.07881,-0.994252,-0.916291,-0.733969,-1.660731,-1.07881,-0.653926,-1.469676,-1.021651,-1.469676,-2.040221,-2.407946,-1.609438,-1.139434,-0.994252,-0.798508,-0.733969,-0.916291,-1.660731,-1.386294,-1.07881,-0.579818,-0.579818,-0.867501,-1.347074
2000-02,-1.108663,-1.560648,-1.89712,-2.407946,-1.660731,-0.820981,-0.755023,-1.609438,-2.040221,-0.994252,-0.733969,-1.89712,-2.407946,-1.139434,-1.386294,-0.527633,-1.309333,-0.616186,-0.562119,-0.385662,-1.021651,-1.966113,-1.021651,-1.237874,-1.07881,-0.994252,-0.916291,-0.733969,-1.660731,-1.07881,-0.653926,-1.469676,-1.021651,-1.469676,-2.040221,-2.407946,-1.609438,-1.139434,-0.994252,-0.798508,-0.733969,-0.916291,-1.660731,-1.386294,-1.07881,-0.579818,-0.579818,-0.867501,-1.347074
2000-03,-1.108663,-1.560648,-1.89712,-2.407946,-1.660731,-0.820981,-0.755023,-1.609438,-2.040221,-0.994252,-0.733969,-1.89712,-2.407946,-1.139434,-1.386294,-0.527633,-1.309333,-0.616186,-0.562119,-0.385662,-1.021651,-1.966113,-1.021651,-1.237874,-1.07881,-0.994252,-0.916291,-0.733969,-1.660731,-1.07881,-0.653926,-1.469676,-1.021651,-1.469676,-2.040221,-2.407946,-1.609438,-1.139434,-0.994252,-0.798508,-0.733969,-0.916291,-1.660731,-1.386294,-1.07881,-0.579818,-0.579818,-0.867501,-1.347074
2000-04,-1.108663,-1.560648,-1.89712,-2.407946,-1.660731,-0.820981,-0.755023,-1.609438,-2.040221,-0.994252,-0.733969,-1.89712,-2.407946,-1.139434,-1.386294,-0.527633,-1.309333,-0.616186,-0.562119,-0.385662,-1.021651,-1.966113,-1.021651,-1.237874,-1.07881,-0.994252,-0.916291,-0.733969,-1.660731,-1.07881,-0.653926,-1.469676,-1.021651,-1.469676,-2.040221,-2.407946,-1.609438,-1.139434,-0.994252,-0.798508,-0.733969,-0.916291,-1.660731,-1.386294,-1.07881,-0.579818,-0.579818,-0.867501,-1.347074
2000-05,-1.108663,-1.560648,-1.89712,-2.407946,-1.660731,-0.820981,-0.755023,-1.609438,-2.040221,-0.994252,-0.733969,-1.89712,-2.407946,-1.139434,-1.386294,-0.527633,-1.309333,-0.616186,-0.562119,-0.385662,-1.021651,-1.966113,-1.021651,-1.237874,-1.07881,-0.994252,-0.916291,-0.733969,-1.660731,-1.07881,-0.653926,-1.469676,-1.021651,-1.469676,-2.040221,-2.407946,-1.609438,-1.139434,-0.994252,-0.798508,-0.733969,-0.916291,-1.660731,-1.386294,-1.07881,-0.579818,-0.579818,-0.867501,-1.347074
2000-06,-1.108663,-1.560648,-1.89712,-2.407946,-1.660731,-0.820981,-0.755023,-1.609438,-2.040221,-0.994252,-0.733969,-1.89712,-2.407946,-1.139434,-1.386294,-0.527633,-1.309333,-0.616186,-0.562119,-0.385662,-1.021651,-1.966113,-1.021651,-1.237874,-1.07881,-0.994252,-0.916291,-0.733969,-1.660731,-1.07881,-0.653926,-1.469676,-1.021651,-1.469676,-2.040221,-2.407946,-1.609438,-1.139434,-0.994252,-0.798508,-0.733969,-0.916291,-1.660731,-1.386294,-1.07881,-0.579818,-0.579818,-0.867501,-1.347074
2000-07,-1.108663,-1.560648,-1.89712,-2.407946,-1.660731,-0.820981,-0.755023,-1.609438,-2.040221,-0.994252,-0.733969,-1.89712,-2.407946,-1.139434,-1.386294,-0.527633,-1.309333,-0.616186,-0.562119,-0.385662,-1.021651,-1.966113,-1.021651,-1.237874,-1.07881,-0.994252,-0.916291,-0.733969,-1.660731,-1.07881,-0.653926,-1.469676,-1.021651,-1.469676,-2.040221,-2.407946,-1.609438,-1.139434,-0.994252,-0.798508,-0.733969,-0.916291,-1.660731,-1.386294,-1.07881,-0.579818,-0.579818,-0.867501,-1.347074
2000-08,-1.108663,-1.560648,-1.89712,-2.407946,-1.660731,-0.820981,-0.755023,-1.609438,-2.040221,-0.994252,-0.733969,-1.89712,-2.407946,-1.139434,-1.386294,-0.527633,-1.309333,-0.616186,-0.562119,-0.385662,-1.021651,-1.966113,-1.021651,-1.237874,-1.07881,-0.994252,-0.916291,-0.733969,-1.660731,-1.07881,-0.653926,-1.469676,-1.021651,-1.469676,-2.040221,-2.407946,-1.609438,-1.139434,-0.994252,-0.798508,-0.733969,-0.916291,-1.660731,-1.386294,-1.07881,-0.579818,-0.579818,-0.867501,-1.347074
2000-09,-1.108663,-1.560648,-1.89712,-2.407946,-1.660731,-0.820981,-0.755023,-1.609438,-2.040221,-0.994252,-0.733969,-1.89712,-2.407946,-1.139434,-1.386294,-0.527633,-1.309333,-0.616186,-0.562119,-0.385662,-1.021651,-1.966113,-1.021651,-1.237874,-1.07881,-0.994252,-0.916291,-0.733969,-1.660731,-1.07881,-0.653926,-1.469676,-1.021651,-1.469676,-2.040221,-2.407946,-1.609438,-1.139434,-0.994252,-0.798508,-0.733969,-0.916291,-1.660731,-1.386294,-1.07881,-0.579818,-0.579818,-0.867501,-1.347074
2000-10,-1.108663,-1.560648,-1.89712,-2.407946,-1.660731,-0.820981,-0.755023,-1.609438,-2.040221,-0.994252,-0.733969,-1.89712,-2.407946,-1.139434,-1.386294,-0.527633,-1.309333,-0.616186,-0.562119,-0.385662,-1.021651,-1.966113,-1.021651,-1.237874,-1.07881,-0.994252,-0.916291,-0.733969,-1.660731,-1.07881,-0.653926,-1.469676,-1.021651,-1.469676,-2.040221,-2.407946,-1.609438,-1.139434,-0.994252,-0.798508,-0.733969,-0.916291,-1.660731,-1.386294,-1.07881,-0.579818,-0.579818,-0.867501,-1.347074
2000-11,-1.108663,-1.560648,-1.89712,-2.407946,-1.660731,-0.820981,-0.755023,-1.609438,-2.040221,-0.994252,-0.733969,-1.89712,-2.407946,-1.139434,-1.386294,-0.527633,-1.309333,-0.616186,-0.562119,-0.385662,-1.021651,-1.966113,-1.021651,-1.237874,-1.07881,-0.994252,-0.916291,-0.733969,-1.660731,-1.07881,-0.653926,-1.469676,-1.021651,-1.469676,-2.040221,-2.407946,-1.609438,-1.139434,-0.994252,-0.798508,-0.733969,-0.916291,-1.660731,-1.386294,-1.07881,-0.579818,-0.579818,-0.867501,-1.347074
2000-12,-1.108663,-1.560648,-1.89712,-2.407946,-1.660731,-0.820981,-0.755023,-1.609438,-2.040221,-0.994252,-0.733969,-1.89712,-2.407946,-1.139434,-1.386294,-0.527633,-1.309333,-0.616186,-0.562119,-0.385662,-1.021651,-1.966113,-1.021651,-1.237874,-1.07881,-0.994252,-0.916291,-0.733969,-1.660731,-1.07881,-0.653926,-1.469676,-1.021651,-1.469676,-2.040221,-2.407946,-1.609438,-1.139434,-0.994252,-0.798508,-0.733969,-0.916291,-1.660731,-1.386294,-1.07881,-0.579818,-0.579818,-0.867501,-1.347074
2001-01,-0.733969,-1.514128,-0.916291,-2.302585,-0.994252,-0.755023,-1.108663,-1.347074,-2.120264,-0.84397,-0.673345,-1.714798,-2.302585,-1.203973,-0.916291,-0.174353,-1.171183,-0.34249,-1.07881,-0.430783,-1.347074,-1.514128,-0.693147,-1.309333,-1.049822,-0.385662,-1.049822,-1.049822,-0.941609,-1.203973,-0.415515,-1.272966,-0.446287,-1.714798,-2.525729,-2.65926,-2.120264,-1.771957,-1.139434,-0.446287,-0.446287,-0.798508,-1.714798,-1.203973,-0.967584,-0.579818,-0.400478,-1.347074,-2.207275
2001-02,-0.733969,-1.514128,-0.916291,-2.302585,-0.994252,-0.755023,-1.108663,-1.347074,-2.120264,-0.84397,-0.673345,-1.714798,-2.302585,-1.203973,-0.916291,-0.174353,-1.171183,-0.34249,-1.07881,-0.430783,-1.347074,-1.514128,-0.693147,-1.309333,-1.049822,-0.385662,-1.049822,-1.049822,-0.941609,-1.203973,-0.415515,-1.272966,-0.446287,-1.714798,-2.525729,-2.65926,-2.120264,-1.771957,-1.139434,-0.446287,-0.446287,-0.798508,-1.714798,-1.203973,-0.967584,-0.579818,-0.400478,-1.347074,-2.207275
2001-03,-0.733969,-1.514128,-0.916291,-2.302585,-0.994252,-0.755023,-1.108663,-1.347074,-2.120264,-0.84397,-0.673345,-1.714798,-2.302585,-1.203973,-0.916291,-0.174353,-1.171183,-0.34249,-1.07881,-0.430783,-1.347074,-1.514128,-0.693147,-1.309333,-1.049822,-0.385662,-1.049822,-1.049822,-0.941609,-1.203973,-0.415515,-1.272966,-0.446287,-1.714798,-2.525729,-2.65926,-2.120264,-1.771957,-1.139434,-0.446287,-0.446287,-0.798508,-1.714798,-1.203973,-0.967584,-0.579818,-0.400478,-1.347074,-2.207275
2001-04,-0.733969,-1.514128,-0.916291,-2.302585,-0.994252,-0.755023,-1.108663,-1.347074,-2.120264,-0.84397,-0.673345,-1.714798,-2.302585,-1.203973,-0.916291,-0.174353,-1.171183,-0.34249,-1.07881,-0.430783,-1.347074,-1.514128,-0.693147,-1.309333,-1.049822,-0.385662,-1.049822,-1.049822,-0.941609,-1.203973,-0.415515,-1.272966,-0.446287,-1.714798,-2.525729,-2.65926,-2.120264,-1.771957,-1.139434,-0.446287,-0.446287,-0.798508,-1.714798,-1.203973,-0.967584,-0.579818,-0.400478,-1.347074,-2.207275
2001-05,-0.733969,-1.514128,-0.916291,-2.302585,-0.994252,-0.755023,-1.108663,-1.347074,-2.120264,-0.84397,-0.673345,-1.714798,-2.302585,-1.203973,-0.916291,-0.174353,-1.171183,-0.34249,-1.07881,-0.430783,-1.347074,-1.514128,-0.693147,-1.309333,-1.049822,-0.385662,-1.049822,-1.049822,-0.941609,-1.203973,-0.415515,-1.272966,-0.446287,-1.714798,-2.525729,-2.65926,-2.120264,-1.771957,-1.139434,-0.446287,-0.446287,-0.798508,-1.714798,-1.203973,-0.967584,-0.579818,-0.400478,-1.347074,-2.207275
2001-06,-0.733969,-1.514128,-0.916291,-2.302585,-0.994252,-0.755023,-1.108663,-1.347074,-2.120264,-0.84397,-0.673345,-1.714798,-2.302585,-1.203973,-0.916291,-0.174353,-1.171183,-0.34249,-1.07881,-0.430783,-1.347074,-1.514128,-0.693147,-1.309333,-1.049822,-0.385662,-1.049822,-1.049822,-0.941609,-1.203973,-0.415515,-1.272966,-0.446287,-1.714798,-2.525729,-2.65926,-2.120264,-1.771957,-1.139434,-0.446287,-0.446287,-0.798508,-1.714798,-1.203973,-0.967584,-0.579818,-0.400478,-1.347074,-2.207275
2001-07,-0.733969,-1.514128,-0.916291,-2.302585,-0.994252,-0.755023,-1.108663,-1.347074,-2.120264,-0.84397,-0.673345,-1.714798,-2.302585,-1.203973,-0.916291,-0.174353,-1.171183,-0.34249,-1.07881,-0.430783,-1.347074,-1.514128,-0.693147,-1.309333,-1.049822,-0.385662,-1.049822,-1.049822,-0.941609,-1.203973,-0.415515,-1.272966,-0.446287,-1.714798,-2.525729,-2.65926,-2.120264,-1.771957,-1.139434,-0.446287,-0.446287,-0.798508,-1.714798,-1.203973,-0.967584,-0.579818,-0.400478,-1.347074,-2.207275
2001-08,-0.733969,-1.514128,-0.916291,-2.302585,-0.994252,-0.755023,-1.108663,-1.347074,-2.120264,-0.84397,-0.673345,-1.714798,-2.302585,-1.203973,-0.916291,-0.174353,-1.171183,-0.34249,-1.07881,-0.430783,-1.347074,-1.514128,-0.693147,-1.309333,-1.049822,-0.385662,-1.049822,-1.049822,-0.941609,-1.203973,-0.415515,-1.272966,-0.446287,-1.714798,-2.525729,-2.65926,-2.120264,-1.771957,-1.139434,-0.446287,-0.446287,-0.798508,-1.714798,-1.203973,-0.967584,-0.579818,-0.400478,-1.347074,-2.207275
2001-09,-0.733969,-1.514128,-0.916291,-2.302585,-0.994252,-0.755023,-1.108663,-1.347074,-2.120264,-0.84397,-0.673345,-1.714798,-2.302585,-1.203973,-0.916291,-0.174353,-1.171183,-0.34249,-1.07881,-0.430783,-1.347074,-1.514128,-0.693147,-1.309333,-1.049822,-0.385662,-1.049822,-1.049822,-0.941609,-1.203973,-0.415515,-1.272966,-0.446287,-1.714798,-2.525729,-2.65926,-2.120264,-1.771957,-1.139434,-0.446287,-0.446287,-0.798508,-1.714798,-1.203973,-0.967584,-0.579818,-0.400478,-1.347074,-2.207275
2001-10,-0.733969,-1.514128,-0.916291,-2.302585,-0.994252,-0.755023,-1.108663,-1.347074,-2.120264,-0.84397,-0.673345,-1.714798,-2.302585,-1.203973,-0.916291,-0.174353,-1.171183,-0.34249,-1.07881,-0.430783,-1.347074,-1.514128,-0.693147,-1.309333,-1.049822,-0.385662,-1.049822,-1.049822,-0.941609,-1.203973,-0.415515,-1.272966,-0.446287,-1.714798,-2.525729,-2.65926,-2.120264,-1.771957,-1.139434,-0.446287,-0.446287,-0.798508,-1.714798,-1.203973,-0.967584,-0.579818,-0.400478,-1.347074,-2.207275
2001-11,-0.733969,-1.514128,-0.916291,-2.302585,-0.994252,-0.755023,-1.108663,-1.347074,-2.120264,-0.84397,-0.673345,-1.714798,-2.302585,-1.203973,-0.916291,-0.174353,-1.171183,-0.34249,-1.07881,-0.430783,-1.347074,-1.514128,-0.693147,-1.309333,-1.049822,-0.385662,-1.049822,-1.049822,-0.941609,-1.203973,-0.415515,-1.272966,-0.446287,-1.714798,-2.525729,-2.65926,-2.120264,-1.771957,-1.139434,-0.446287,-0.446287,-0.798508,-1.714798,-1.203973,-0.967584,-0.579818,-0.400478,-1.347074,-2.207275
2001-12,-0.733969,-1.514128,-0.916291,-2.302585,-0.994252,-0.755023,-1.108663,-1.347074,-2.120264,-0.84397,-0.673345,-1.714798,-2.302585,-1.203973,-0.916291,-0.174353,-1.171183,-0.34249,-1.07881,-0.430783,-1.347074,-1.514128,-0.693147,-1.309333,-1.049822,-0.385662,-1.049822,-1.049822,-0.941609,-1.203973,-0.415515,-1.272966,-0.446287,-1.714798,-2.525729,-2.65926,-2.120264,-1.771957,-1.139434,-0.446287,-0.446287,-0.798508,-1.714798,-1.203973,-0.967584,-0.579818,-0.400478,-1.347074,-2.207275
2002-01,-0.544727,-1.469676,-1.021651,-2.407946,-1.514128,-0.798508,-0.127833,-1.108663,-1.966113,-1.021651,-1.347074,-1.966113,-2.407946,-0.916291,-0.634878,0.09531,-1.347074,-0.494296,-0.84397,-0.094311,-1.108663,-1.272966,-0.314711,-1.427116,-1.203973,-0.755023,-0.71335,-0.820981,-1.049822,-1.203973,-0.71335,-0.579818,-0.673345,-1.347074,-2.040221,-1.514128,-1.309333,-1.609438,-0.994252,-0.198451,-0.462035,-1.108663,-1.427116,-1.049822,-1.021651,-0.798508,-0.510826,-1.203973,-2.040221
2002-02,-0.544727,-1.469676,-1.021651,-2.407946,-1.514128,-0.798508,-0.127833,-1.108663,-1.966113,-1.021651,-1.347074,-1.966113,-2.407946,-0.916291,-0.634878,0.09531,-1.347074,-0.494296,-0.84397,-0.094311,-1.108663,-1.272966,-0.314711,-1.427116,-1.203973,-0.755023,-0.71335,-0.820981,-1.049822,-1.203973,-0.71335,-0.579818,-0.673345,-1.347074,-2.040221,-1.514128,-1.309333,-1.609438,-0.994252,-0.198451,-0.462035,-1.108663,-1.427116,-1.049822,-1.021651,-0.798508,-0.510826,-1.203973,-2.040221
2002-03,-0.544727,-1.469676,-1.021651,-2.407946,-1.514128,-0.798508,-0.127833,-1.108663,-1.966113,-1.021651,-1.347074,-1.966113,-2.407946,-0.916291,-0.634878,0.09531,-1.347074,-0.494296,-0.84397,-0.094311,-1.108663,-1.272966,-0.314711,-1.427116,-1.203973,-0.755023,-0.71335,-0.820981,-1.049822,-1.203973,-0.71335,-0.579818,-0.673345,-1.347074,-2.040221,-1.514128,-1.309333,-1.609438,-0.994252,-0.198451,-0.462035,-1.108663,-1.427116,-1.049822,-1.021651,-0.798508,-0.510826,-1.203973,-2.040221
2002-04,-0.544727,-1.469676,-1.021651,-2.407946,-1.514128,-0.798508,-0.127833,-1.108663,-1.966113,-1.021651,-1.347074,-1.966113,-2.407946,-0.916291,-0.634878,0.09531,-1.347074,-0.494296,-0.84397,-0.094311,-1.108663,-1.272966,-0.314711,-1.427116,-1.203973,-0.755023,-0.71335,-0.820981,-1.049822,-1.203973,-0.71335,-0.579818,-0.673345,-1.347074,-2.040221,-1.514128,-1.309333,-1.609438,-0.994252,-0.198451,-0.462035,-1.108663,-1.427116,-1.049822,-1.021651,-0.798508,-0.510826,-1.203973,-2.040221
2002-05,-0.544727,-1.469676,-1.021651,-2.407946,-1.514128,-0.798508,-0.127833,-1.108663,-1.966113,-1.021651,-1.347074,-1.966113,-2.407946,-0.916291,-0.634878,0.09531,-1.347074,-0.494296,-0.84397,-0.094311,-1.108663,-1.272966,-0.314711,-1.427116,-1.203973,-0.755023,-0.71335,-0.820981,-1.049822,-1.203973,-0.71335,-0.579818,-0.673345,-1.347074,-2.040221,-1.514128,-1.309333,-1.609438,-0.994252,-0.198451,-0.462035,-1.108663,-1.427116,-1.049822,-1.021651,-0.798508,-0.510826,-1.203973,-2.040221
2002-06,-0.544727,-1.469676,-1.021651,-2.407946,-1.514128,-0.798508,-0.127833,-1.108663,-1.966113,-1.021651,-1.347074,-1.966113,-2.407946,-0.916291,-0.634878,0.09531,-1.347074,-0.494296,-0.84397,-0.094311,-1.108663,-1.272966,-0.314711,-1.427116,-1.203973,-0.755023,-0.71335,-0.820981,-1.049822,-1.203973,-0.71335,-0.579818,-0.673345,-1.347074,-2.040221,-1.514128,-1.309333,-1.609438,-0.994252,-0.198451,-0.462035,-1.108663,-1.427116,-1.049822,-1.021651,-0.798508,-0.510826,-1.203973,-2.040221
2002-07,-0.544727,-1.469676,-1.021651,-2.407946,-1.514128,-0.798508,-0.127833,-1.108663,-1.966113,-1.021651,-1.347074,-1.966113,-2.407946,-0.916291,-0.634878,0.09531,-1.347074,-0.494296,-0.84397,-0.094311,-1.108663,-1.272966,-0.314711,-1.427116,-1.203973,-0.755023,-0.71335,-0.820981,-1.049822,-1.203973,-0.71335,-0.579818,-0.673345,-1.347074,-2.040221,-1.514128,-1.309333,-1.609438,-0.994252,-0.198451,-0.462035,-1.108663,-1.427116,-1.049822,-1.021651,-0.798508,-0.510826,-1.203973,-2.040221
2002-08,-0.544727,-1.469676,-1.021651,-2.407946,-1.514128,-0.798508,-0.127833,-1.108663,-1.966113,-1.021651,-1.347074,-1.966113,-2.407946,-0.916291,-0.634878,0.09531,-1.347074,-0.494296,-0.84397,-0.094311,-1.108663,-1.272966,-0.314711,-1.427116,-1.203973,-0.755023,-0.71335,-0.820981,-1.049822,-1.203973,-0.71335,-0.579818,-0.673345,-1.347074,-2.040221,-1.514128,-1.309333,-1.609438,-0.994252,-0.198451,-0.462035,-1.108663,-1.427116,-1.049822,-1.021651,-0.798508,-0.510826,-1.203973,-2.040221
2002-09,-0.544727,-1.469676,-1.021651,-2.407946,-1.514128,-0.798508,-0.127833,-1.108663,-1.966113,-1.021651,-1.347074,-1.966113,-2.407946,-0.916291,-0.634878,0.09531,-1.347074,-0.494296,-0.84397,-0.094311,-1.108663,-1.272966,-0.314711,-1.427116,-1.203973,-0.755023,-0.71335,-0.820981,-1.049822,-1.203973,-0.71335,-0.579818,-0.673345,-1.347074,-2.040221,-1.514128,-1.309333,-1.609438,-0.994252,-0.198451,-0.462035,-1.108663,-1.427116,-1.049822,-1.021651,-0.798508,-0.510826,-1.203973,-2.040221
2002-10,-0.544727,-1.469676,-1.021651,-2.407946,-1.514128,-0.798508,-0.127833,-1.108663,-1.966113,-1.021651,-1.347074,-1.966113,-2.407946,-0.916291,-0.634878,0.09531,-1.347074,-0.494296,-0.84397,-0.094311,-1.108663,-1.272966,-0.314711,-1.427116,-1.203973,-0.755023,-0.71335,-0.820981,-1.049822,-1.203973,-0.71335,-0.579818,-0.673345,-1.347074,-2.040221,-1.514128,-1.309333,-1.609438,-0.994252,-0.198451,-0.462035,-1.108663,-1.427116,-1.049822,-1.021651,-0.798508,-0.510826,-1.203973,-2.040221
2002-11,-0.544727,-1.469676,-1.021651,-2.407946,-1.514128,-0.798508,-0.127833,-1.108663,-1.966113,-1.021651,-1.347074,-1.966113,-2.407946,-0.916291,-0.634878,0.09531,-1.347074,-0.494296,-0.84397,-0.094311,-1.108663,-1.272966,-0.314711,-1.427116,-1.203973,-0.755023,-0.71335,-0.820981,-1.049822,-1.203973,-0.71335,-0.579818,-0.673345,-1.347074,-2.040221,-1.514128,-1.309333,-1.609438,-0.994252,-0.198451,-0.462035,-1.108663,-1.427116,-1.049822,-1.021651,-0.798508,-0.510826,-1.203973,-2.040221
2002-12,-0.544727,-1.469676,-1.021651,-2.407946,-1.514128,-0.798508,-0.127833,-1.108663,-1.966113,-1.021651,-1.347074,-1.966113,-2.407946,-0.916291,-0.634878,0.09531,-1.347074,-0.494296,-0.84397,-0.094311,-1.108663,-1.272966,-0.314711,-1.427116,-1.203973,-0.755023,-0.71335,-0.820981,-1.049822,-1.203973,-0.71335,-0.579818,-0.673345,-1.347074,-2.040221,-1.514128,-1.309333,-1.609438,-0.994252,-0.198451,-0.462035,-1.108663,-1.427116,-1.049822,-1.021651,-0.798508,-0.510826,-1.203973,-2.040221
2003-01,-0.84397,-1.309333,-1.07881,-2.120264,-1.309333,-0.994252,0.019803,-1.049822,-1.966113,-0.916291,-1.139434,-1.89712,-2.120264,-0.941609,-0.820981,-0.400478,-1.07881,-0.430783,-0.616186,-0.400478,-1.049822,-1.021651,-0.616186,-1.07881,-1.07881,-1.203973,-1.021651,-0.71335,-0.798508,-0.967584,-0.527633,-0.634878,-1.108663,-1.347074,-1.427116,-1.660731,-1.203973,-1.203973,-1.07881,-0.510826,-0.562119,-0.891598,-1.514128,-1.021651,-0.941609,-0.673345,-0.71335,-0.994252,-1.714798
2003-02,-0.84397,-1.309333,-1.07881,-2.120264,-1.309333,-0.994252,0.019803,-1.049822,-1.966113,-0.916291,-1.139434,-1.89712,-2.120264,-0.941609,-0.820981,-0.400478,-1.07881,-0.430783,-0.616186,-0.400478,-1.049822,-1.021651,-0.616186,-1.07881,-1.07881,-1.203973,-1.021651,-0.71335,-0.798508,-0.967584,-0.527633,-0.634878,-1.108663,-1.347074,-1.427116,-1.660731,-1.203973,-1.203973,-1.07881,-0.510826,-0.562119,-0.891598,-1.514128,-1.021651,-0.941609,-0.673345,-0.71335,-0.994252,-1.714798
2003-03,-0.84397,-1.309333,-1.07881,-2.120264,-1.309333,-0.994252,0.019803,-1.049822,-1.966113,-0.916291,-1.139434,-1.89712,-2.120264,-0.941609,-0.820981,-0.400478,-1.07881,-0.430783,-0.616186,-0.400478,-1.049822,-1.021651,-0.616186,-1.07881,-1.07881,-1.203973,-1.021651,-0.71335,-0.798508,-0.967584,-0.527633,-0.634878,-1.108663,-1.347074,-1.427116,-1.660731,-1.203973,-1.203973,-1.07881,-0.510826,-0.562119,-0.891598,-1.514128,-1.021651,-0.941609,-0.673345,-0.71335,-0.994252,-1.714798
2003-04,-0.84397,-1.309333,-1.07881,-2.120264,-1.309333,-0.994252,0.019803,-1.049822,-1.966113,-0.916291,-1.139434,-1.89712,-2.120264,-0.941609,-0.820981,-0.400478,-1.07881,-0.430783,-0.616186,-0.400478,-1.049822,-1.021651,-0.616186,-1.07881,-1.07881,-1.203973,-1.021651,-0.71335,-0.798508,-0.967584,-0.527633,-0.634878,-1.108663,-1.347074,-1.427116,-1.660731,-1.203973,-1.203973,-1.07881,-0.510826,-0.562119,-0.891598,-1.514128,-1.021651,-0.941609,-0.673345,-0.71335,-0.994252,-1.714798
2003-05,-0.84397,-1.309333,-1.07881,-2.120264,-1.309333,-0.994252,0.019803,-1.049822,-1.966113,-0.916291,-1.139434,-1.89712,-2.120264,-0.941609,-0.820981,-0.400478,-1.07881,-0.430783,-0.616186,-0.400478,-1.049822,-1.021651,-0.616186,-1.07881,-1.07881,-1.203973,-1.021651,-0.71335,-0.798508,-0.967584,-0.527633,-0.634878,-1.108663,-1.347074,-1.427116,-1.660731,-1.203973,-1.203973,-1.07881,-0.510826,-0.562119,-0.891598,-1.514128,-1.021651,-0.941609,-0.673345,-0.71335,-0.994252,-1.714798
2003-06,-0.84397,-1.309333,-1.07881,-2.120264,-1.309333,-0.994252,0.019803,-1.049822,-1.966113,-0.916291,-1.139434,-1.89712,-2.120264,-0.941609,-0.820981,-0.400478,-1.07881,-0.430783,-0.616186,-0.400478,-1.049822,-1.021651,-0.616186,-1.07881,-1.07881,-1.203973,-1.021651,-0.71335,-0.798508,-0.967584,-0.527633,-0.634878,-1.108663,-1.347074,-1.427116,-1.660731,-1.203973,-1.203973,-1.07881,-0.510826,-0.562119,-0.891598,-1.514128,-1.021651,-0.941609,-0.673345,-0.71335,-0.994252,-1.714798
2003-07,-0.84397,-1.309333,-1.07881,-2.120264,-1.309333,-0.994252,0.019803,-1.049822,-1.966113,-0.916291,-1.139434,-1.89712,-2.120264,-0.941609,-0.820981,-0.400478,-1.07881,-0.430783,-0.616186,-0.400478,-1.049822,-1.021651,-0.616186,-1.07881,-1.07881,-1.203973,-1.021651,-0.71335,-0.798508,-0.967584,-0.527633,-0.634878,-1.108663,-1.347074,-1.427116,-1.660731,-1.203973,-1.203973,-1.07881,-0.510826,-0.562119,-0.891598,-1.514128,-1.021651,-0.941609,-0.673345,-0.71335,-0.994252,-1.714798
2003-08,-0.84397,-1.309333,-1.07881,-2.120264,-1.309333,-0.994252,0.019803,-1.049822,-1.966113,-0.916291,-1.139434,-1.89712,-2.120264,-0.941609,-0.820981,-0.400478,-1.07881,-0.430783,-0.616186,-0.400478,-1.049822,-1.021651,-0.616186,-1.07881,-1.07881,-1.203973,-1.021651,-0.71335,-0.798508,-0.967584,-0.527633,-0.634878,-1.108663,-1.347074,-1.427116,-1.660731,-1.203973,-1.203973,-1.07881,-0.510826,-0.562119,-0.891598,-1.514128,-1.021651,-0.941609,-0.673345,-0.71335,-0.994252,-1.714798
2003-09,-0.84397,-1.309333,-1.07881,-2.120264,-1.309333,-0.994252,0.019803,-1.049822,-1.966113,-0.916291,-1.139434,-1.89712,-2.120264,-0.941609,-0.820981,-0.400478,-1.07881,-0.430783,-0.616186,-0.400478,-1.049822,-1.021651,-0.616186,-1.07881,-1.07881,-1.203973,-1.021651,-0.71335,-0.798508,-0.967584,-0.527633,-0.634878,-1.108663,-1.347074,-1.427116,-1.660731,-1.203973,-1.203973,-1.07881,-0.510826,-0.562119,-0.891598,-1.514128,-1.021651,-0.941609,-0.673345,-0.71335,-0.994252,-1.714798
2003-10,-0.84397,-1.309333,-1.07881,-2.120264,-1.309333,-0.994252,0.019803,-1.049822,-1.966113,-0.916291,-1.139434,-1.89712,-2.120264,-0.941609,-0.820981,-0.400478,-1.07881,-0.430783,-0.616186,-0.400478,-1.049822,-1.021651,-0.616186,-1.07881,-1.07881,-1.203973,-1.021651,-0.71335,-0.798508,-0.967584,-0.527633,-0.634878,-1.108663,-1.347074,-1.427116,-1.660731,-1.203973,-1.203973,-1.07881,-0.510826,-0.562119,-0.891598,-1.514128,-1.021651,-0.941609,-0.673345,-0.71335,-0.994252,-1.714798
2003-11,-0.84397,-1.309333,-1.07881,-2.120264,-1.309333,-0.994252,0.019803,-1.049822,-1.966113,-0.916291,-1.139434,-1.89712,-2.120264,-0.941609,-0.820981,-0.400478,-1.07881,-0.430783,-0.616186,-0.400478,-1.049822,-1.021651,-0.616186,-1.07881,-1.07881,-1.203973,-1.021651,-0.71335,-0.798508,-0.967584,-0.527633,-0.634878,-1.108663,-1.347074,-1.427116,-1.660731,-1.203973,-1.203973,-1.07881,-0.510826,-0.562119,-0.891598,-1.514128,-1.021651,-0.941609,-0.673345,-0.71335,-0.994252,-1.714798
2003-12,-0.84397,-1.309333,-1.07881,-2.120264,-1.309333,-0.994252,0.019803,-1.049822,-1.966113,-0.916291,-1.139434,-1.89712,-2.120264,-0.941609,-0.820981,-0.400478,-1.07881,-0.430783,-0.616186,-0.400478,-1.049822,-1.021651,-0.616186,-1.07881,-1.07881,-1.203973,-1.021651,-0.71335,-0.798508,-0.967584,-0.527633,-0.634878,-1.108663,-1.347074,-1.427116,-1.660731,-1.203973,-1.203973,-1.07881,-0.510826,-0.562119,-0.891598,-1.514128,-1.021651,-0.941609,-0.673345,-0.71335,-0.994252,-1.714798
2004-01,-0.693147,-1.171183,-1.07881,-2.040221,-1.309333,-0.916291,-0.223144,-1.108663,-2.040221,-0.867501,-0.84397,-1.660731,-1.714798,-1.07881,-0.891598,-0.235722,-0.941609,-0.287682,-0.314711,0.039221,-0.891598,-0.967584,-0.941609,-1.07881,-0.994252,-1.469676,-0.673345,-0.562119,-0.634878,-0.776529,-0.301105,-0.510826,-1.139434,-1.049822,-0.967584,-1.386294,-0.71335,-0.776529,-1.049822,-0.867501,-0.544727,-0.755023,-1.171183,-0.755023,-0.693147,-0.494296,-0.755023,-0.579818,-1.203973
2004-02,-0.693147,-1.171183,-1.07881,-2.040221,-1.309333,-0.916291,-0.223144,-1.108663,-2.040221,-0.867501,-0.84397,-1.660731,-1.714798,-1.07881,-0.891598,-0.235722,-0.941609,-0.287682,-0.314711,0.039221,-0.891598,-0.967584,-0.941609,-1.07881,-0.994252,-1.469676,-0.673345,-0.562119,-0.634878,-0.776529,-0.301105,-0.510826,-1.139434,-1.049822,-0.967584,-1.386294,-0.71335,-0.776529,-1.049822,-0.867501,-0.544727,-0.755023,-1.171183,-0.755023,-0.693147,-0.494296,-0.755023,-0.579818,-1.203973
2004-03,-0.693147,-1.171183,-1.07881,-2.040221,-1.309333,-0.916291,-0.223144,-1.108663,-2.040221,-0.867501,-0.84397,-1.660731,-1.714798,-1.07881,-0.891598,-0.235722,-0.941609,-0.287682,-0.314711,0.039221,-0.891598,-0.967584,-0.941609,-1.07881,-0.994252,-1.469676,-0.673345,-0.562119,-0.634878,-0.776529,-0.301105,-0.510826,-1.139434,-1.049822,-0.967584,-1.386294,-0.71335,-0.776529,-1.049822,-0.867501,-0.544727,-0.755023,-1.171183,-0.755023,-0.693147,-0.494296,-0.755023,-0.579818,-1.203973
2004-04,-0.693147,-1.171183,-1.07881,-2.040221,-1.309333,-0.916291,-0.223144,-1.108663,-2.040221,-0.867501,-0.84397,-1.660731,-1.714798,-1.07881,-0.891598,-0.235722,-0.941609,-0.287682,-0.314711,0.039221,-0.891598,-0.967584,-0.941609,-1.07881,-0.994252,-1.469676,-0.673345,-0.562119,-0.634878,-0.776529,-0.301105,-0.510826,-1.139434,-1.049822,-0.967584,-1.386294,-0.71335,-0.776529,-1.049822,-0.867501,-0.544727,-0.755023,-1.171183,-0.755023,-0.693147,-0.494296,-0.755023,-0.579818,-1.203973
2004-05,-0.693147,-1.171183,-1.07881,-2.040221,-1.309333,-0.916291,-0.223144,-1.108663,-2.040221,-0.867501,-0.84397,-1.660731,-1.714798,-1.07881,-0.891598,-0.235722,-0.941609,-0.287682,-0.314711,0.039221,-0.891598,-0.967584,-0.941609,-1.07881,-0.994252,-1.469676,-0.673345,-0.562119,-0.634878,-0.776529,-0.301105,-0.510826,-1.139434,-1.049822,-0.967584,-1.386294,-0.71335,-0.776529,-1.049822,-0.867501,-0.544727,-0.755023,-1.171183,-0.755023,-0.693147,-0.494296,-0.755023,-0.579818,-1.203973
2004-06,-0.693147,-1.171183,-1.07881,-2.040221,-1.309333,-0.916291,-0.223144,-1.108663,-2.040221,-0.867501,-0.84397,-1.660731,-1.714798,-1.07881,-0.891598,-0.235722,-0.941609,-0.287682,-0.314711,0.039221,-0.891598,-0.967584,-0.941609,-1.07881,-0.994252,-1.469676,-0.673345,-0.562119,-0.634878,-0.776529,-0.301105,-0.510826,-1.139434,-1.049822,-0.967584,-1.386294,-0.71335,-0.776529,-1.049822,-0.867501,-0.544727,-0.755023,-1.171183,-0.755023,-0.693147,-0.494296,-0.755023,-0.579818,-1.203973
2004-07,-0.693147,-1.171183,-1.07881,-2.040221,-1.309333,-0.916291,-0.223144,-1.108663,-2.040221,-0.867501,-0.84397,-1.660731,-1.714798,-1.07881,-0.891598,-0.235722,-0.941609,-0.287682,-0.314711,0.039221,-0.891598,-0.967584,-0.941609,-1.07881,-0.994252,-1.469676,-0.673345,-0.562119,-0.634878,-0.776529,-0.301105,-0.510826,-1.139434,-1.049822,-0.967584,-1.386294,-0.71335,-0.776529,-1.049822,-0.867501,-0.544727,-0.755023,-1.171183,-0.755023,-0.693147,-0.494296,-0.755023,-0.579818,-1.203973
2004-08,-0.693147,-1.171183,-1.07881,-2.040221,-1.309333,-0.916291,-0.223144,-1.108663,-2.040221,-0.867501,-0.84397,-1.660731,-1.714798,-1.07881,-0.891598,-0.235722,-0.941609,-0.287682,-0.314711,0.039221,-0.891598,-0.967584,-0.941609,-1.07881,-0.994252,-1.469676,-0.673345,-0.562119,-0.634878,-0.776529,-0.301105,-0.510826,-1.139434,-1.049822,-0.967584,-1.386294,-0.71335,-0.776529,-1.049822,-0.867501,-0.544727,-0.755023,-1.171183,-0.755023,-0.693147,-0.494296,-0.755023,-0.579818,-1.203973
2004-09,-0.693147,-1.171183,-1.07881,-2.040221,-1.309333,-0.916291,-0.223144,-1.108663,-2.040221,-0.867501,-0.84397,-1.660731,-1.714798,-1.07881,-0.891598,-0.235722,-0.941609,-0.287682,-0.314711,0.039221,-0.891598,-0.967584,-0.941609,-1.07881,-0.994252,-1.469676,-0.673345,-0.562119,-0.634878,-0.776529,-0.301105,-0.510826,-1.139434,-1.049822,-0.967584,-1.386294,-0.71335,-0.776529,-1.049822,-0.867501,-0.544727,-0.755023,-1.171183,-0.755023,-0.693147,-0.494296,-0.755023,-0.579818,-1.203973
2004-10,-0.693147,-1.171183,-1.07881,-2.040221,-1.309333,-0.916291,-0.223144,-1.108663,-2.040221,-0.867501,-0.84397,-1.660731,-1.714798,-1.07881,-0.891598,-0.235722,-0.941609,-0.287682,-0.314711,0.039221,-0.891598,-0.967584,-0.941609,-1.07881,-0.994252,-1.469676,-0.673345,-0.562119,-0.634878,-0.776529,-0.301105,-0.510826,-1.139434,-1.049822,-0.967584,-1.386294,-0.71335,-0.776529,-1.049822,-0.867501,-0.544727,-0.755023,-1.171183,-0.755023,-0.693147,-0.494296,-0.755023,-0.579818,-1.203973
2004-11,-0.693147,-1.171183,-1.07881,-2.040221,-1.309333,-0.916291,-0.223144,-1.108663,-2.040221,-0.867501,-0.84397,-1.660731,-1.714798,-1.07881,-0.891598,-0.235722,-0.941609,-0.287682,-0.314711,0.039221,-0.891598,-0.967584,-0.941609,-1.07881,-0.994252,-1.469676,-0.673345,-0.562119,-0.634878,-0.776529,-0.301105,-0.510826,-1.139434,-1.049822,-0.967584,-1.386294,-0.71335,-0.776529,-1.049822,-0.867501,-0.544727,-0.755023,-1.171183,-0.755023,-0.693147,-0.494296,-0.755023,-0.579818,-1.203973
2004-12,-0.693147,-1.171183,-1.07881,-2.040221,-1.309333,-0.916291,-0.223144,-1.108663,-2.040221,-0.867501,-0.84397,-1.660731,-1.714798,-1.07881,-0.891598,-0.235722,-0.941609,-0.287682,-0.314711,0.039221,-0.891598,-0.967584,-0.941609,-1.07881,-0.994252,-1.469676,-0.673345,-0.562119,-0.634878,-0.776529,-0.301105,-0.510826,-1.139434,-1.049822,-0.967584,-1.386294,-0.71335,-0.776529,-1.049822,-0.867501,-0.544727,-0.755023,-1.171183,-0.755023,-0.693147,-0.494296,-0.755023,-0.579818,-1.203973
2005-01,-1.171183,-1.139434,-0.891598,-2.040221,-1.514128,-1.07881,-0.510826,-1.139434,-1.966113,-0.967584,-0.994252,-1.714798,-1.609438,-1.171183,-0.941609,-0.478036,-1.171183,-0.84397,-0.867501,-0.198451,-1.171183,-1.203973,-0.673345,-1.203973,-1.021651,-1.237874,-1.021651,-1.108663,-1.049822,-0.820981,-0.478036,-0.579818,-1.347074,-1.272966,-1.386294,-1.560648,-1.272966,-1.203973,-1.171183,-1.021651,-0.693147,-0.891598,-1.309333,-1.021651,-0.867501,-0.510826,-0.891598,-0.820981,-0.891598
2005-02,-1.171183,-1.139434,-0.891598,-2.040221,-1.514128,-1.07881,-0.510826,-1.139434,-1.966113,-0.967584,-0.994252,-1.714798,-1.609438,-1.171183,-0.941609,-0.478036,-1.171183,-0.84397,-0.867501,-0.198451,-1.171183,-1.203973,-0.673345,-1.203973,-1.021651,-1.237874,-1.021651,-1.108663,-1.049822,-0.820981,-0.478036,-0.579818,-1.347074,-1.272966,-1.386294,-1.560648,-1.272966,-1.203973,-1.171183,-1.021651,-0.693147,-0.891598,-1.309333,-1.021651,-0.867501,-0.510826,-0.891598,-0.820981,-0.891598
2005-03,-1.171183,-1.139434,-0.891598,-2.040221,-1.514128,-1.07881,-0.510826,-1.139434,-1.966113,-0.967584,-0.994252,-1.714798,-1.609438,-1.171183,-0.941609,-0.478036,-1.171183,-0.84397,-0.867501,-0.198451,-1.171183,-1.203973,-0.673345,-1.203973,-1.021651,-1.237874,-1.021651,-1.108663,-1.049822,-0.820981,-0.478036,-0.579818,-1.347074,-1.272966,-1.386294,-1.560648,-1.272966,-1.203973,-1.171183,-1.021651,-0.693147,-0.891598,-1.309333,-1.021651,-0.867501,-0.510826,-0.891598,-0.820981,-0.891598
2005-04,-1.171183,-1.139434,-0.891598,-2.040221,-1.514128,-1.07881,-0.510826,-1.139434,-1.966113,-0.967584,-0.994252,-1.714798,-1.609438,-1.171183,-0.941609,-0.478036,-1.171183,-0.84397,-0.867501,-0.198451,-1.171183,-1.203973,-0.673345,-1.203973,-1.021651,-1.237874,-1.021651,-1.108663,-1.049822,-0.820981,-0.478036,-0.579818,-1.347074,-1.272966,-1.386294,-1.560648,-1.272966,-1.203973,-1.171183,-1.021651,-0.693147,-0.891598,-1.309333,-1.021651,-0.867501,-0.510826,-0.891598,-0.820981,-0.891598
2005-05,-1.171183,-1.139434,-0.891598,-2.040221,-1.514128,-1.07881,-0.510826,-1.139434,-1.966113,-0.967584,-0.994252,-1.714798,-1.609438,-1.171183,-0.941609,-0.478036,-1.171183,-0.84397,-0.867501,-0.198451,-1.171183,-1.203973,-0.673345,-1.203973,-1.021651,-1.237874,-1.021651,-1.108663,-1.049822,-0.820981,-0.478036,-0.579818,-1.347074,-1.272966,-1.386294,-1.560648,-1.272966,-1.203973,-1.171183,-1.021651,-0.693147,-0.891598,-1.309333,-1.021651,-0.867501,-0.510826,-0.891598,-0.820981,-0.891598
2005-06,-1.171183,-1.139434,-0.891598,-2.040221,-1.514128,-1.07881,-0.510826,-1.139434,-1.966113,-0.967584,-0.994252,-1.714798,-1.609438,-1.171183,-0.941609,-0.478036,-1.171183,-0.84397,-0.867501,-0.198451,-1.171183,-1.203973,-0.673345,-1.203973,-1.021651,-1.237874,-1.021651,-1.108663,-1.049822,-0.820981,-0.478036,-0.579818,-1.347074,-1.272966,-1.386294,-1.560648,-1.272966,-1.203973,-1.171183,-1.021651,-0.693147,-0.891598,-1.309333,-1.021651,-0.867501,-0.510826,-0.891598,-0.820981,-0.891598
2005-07,-1.171183,-1.139434,-0.891598,-2.040221,-1.514128,-1.07881,-0.510826,-1.139434,-1.966113,-0.967584,-0.994252,-1.714798,-1.609438,-1.171183,-0.941609,-0.478036,-1.171183,-0.84397,-0.867501,-0.198451,-1.171183,-1.203973,-0.673345,-1.203973,-1.021651,-1.237874,-1.021651,-1.108663,-1.049822,-0.820981,-0.478036,-0.579818,-1.347074,-1.272966,-1.386294,-1.560648,-1.272966,-1.203973,-1.171183,-1.021651,-0.693147,-0.891598,-1.309333,-1.021651,-0.867501,-0.510826,-0.891598,-0.820981,-0.891598
2005-08,-1.171183,-1.139434,-0.891598,-2.040221,-1.514128,-1.07881,-0.510826,-1.139434,-1.966113,-0.967584,-0.994252,-1.714798,-1.609438,-1.171183,-0.941609,-0.478036,-1.171183,-0.84397,-0.867501,-0.198451,-1.171183,-1.203973,-0.673345,-1.203973,-1.021651,-1.237874,-1.021651,-1.108663,-1.049822,-0.820981,-0.478036,-0.579818,-1.347074,-1.272966,-1.386294,-1.560648,-1.272966,-1.203973,-1.171183,-1.021651,-0.693147,-0.891598,-1.309333,-1.021651,-0.867501,-0.510826,-0.891598,-0.820981,-0.891598
2005-09,-1.171183,-1.139434,-0.891598,-2.040221,-1.514128,-1.07881,-0.510826,-1.139434,-1.966113,-0.967584,-0.994252,-1.714798,-1.609438,-1.171183,-0.941609,-0.478036,-1.171183,-0.84397,-0.867501,-0.198451,-1.171183,-1.203973,-0.673345,-1.203973,-1.021651,-1.237874,-1.021651,-1.108663,-1.049822,-0.820981,-0.478036,-0.579818,-1.347074,-1.272966,-1.386294,-1.560648,-1.272966,-1.203973,-1.171183,-1.021651,-0.693147,-0.891598,-1.309333,-1.021651,-0.867501,-0.510826,-0.891598,-0.820981,-0.891598
2005-10,-1.171183,-1.139434,-0.891598,-2.040221,-1.514128,-1.07881,-0.510826,-1.139434,-1.966113,-0.967584,-0.994252,-1.714798,-1.609438,-1.171183,-0.941609,-0.478036,-1.171183,-0.84397,-0.867501,-0.198451,-1.171183,-1.203973,-0.673345,-1.203973,-1.021651,-1.237874,-1.021651,-1.108663,-1.049822,-0.820981,-0.478036,-0.579818,-1.347074,-1.272966,-1.386294,-1.560648,-1.272966,-1.203973,-1.171183,-1.021651,-0.693147,-0.891598,-1.309333,-1.021651,-0.867501,-0.510826,-0.891598,-0.820981,-0.891598
2005-11,-1.171183,-1.139434,-0.891598,-2.040221,-1.514128,-1.07881,-0.510826,-1.139434,-1.966113,-0.967584,-0.994252,-1.714798,-1.609438,-1.171183,-0.941609,-0.478036,-1.171183,-0.84397,-0.867501,-0.198451,-1.171183,-1.203973,-0.673345,-1.203973,-1.021651,-1.237874,-1.021651,-1.108663,-1.049822,-0.820981,-0.478036,-0.579818,-1.347074,-1.272966,-1.386294,-1.560648,-1.272966,-1.203973,-1.171183,-1.021651,-0.693147,-0.891598,-1.309333,-1.021651,-0.867501,-0.510826,-0.891598,-0.820981,-0.891598
2005-12,-1.171183,-1.139434,-0.891598,-2.040221,-1.514128,-1.07881,-0.510826,-1.139434,-1.966113,-0.967584,-0.994252,-1.714798,-1.609438,-1.171183,-0.941609,-0.478036,-1.171183,-0.84397,-0.867501,-0.198451,-1.171183,-1.203973,-0.673345,-1.203973,-1.021651,-1.237874,-1.021651,-1.108663,-1.049822,-0.820981,-0.478036,-0.579818,-1.347074,-1.272966,-1.386294,-1.560648,-1.272966,-1.203973,-1.171183,-1.021651,-0.693147,-0.891598,-1.309333,-1.021651,-0.867501,-0.510826,-0.891598,-0.820981,-0.891598
2006-01,-1.139434,-0.916291,-0.798508,-1.771957,-1.386294,-1.108663,-0.71335,-1.139434,-1.89712,-1.049822,-1.139434,-1.714798,-1.469676,-1.237874,-1.07881,-1.272966,-1.203973,-0.867501,-0.776529,-0.597837,-1.139434,-1.237874,-0.597837,-1.203973,-1.049822,-1.309333,-0.867501,-1.139434,-1.237874,-0.867501,-0.616186,-0.733969,-1.309333,-1.237874,-1.347074,-1.514128,-1.108663,-1.108663,-1.07881,-1.139434,-0.891598,-0.891598,-1.272966,-1.347074,-0.755023,-0.527633,-0.867501,-0.820981,-0.867501
2006-02,-1.139434,-0.916291,-0.798508,-1.771957,-1.386294,-1.108663,-0.71335,-1.139434,-1.89712,-1.049822,-1.139434,-1.714798,-1.469676,-1.237874,-1.07881,-1.272966,-1.203973,-0.867501,-0.776529,-0.597837,-1.139434,-1.237874,-0.597837,-1.203973,-1.049822,-1.309333,-0.867501,-1.139434,-1.237874,-0.867501,-0.616186,-0.733969,-1.309333,-1.237874,-1.347074,-1.514128,-1.108663,-1.108663,-1.07881,-1.139434,-0.891598,-0.891598,-1.272966,-1.347074,-0.755023,-0.527633,-0.867501,-0.820981,-0.867501
2006-03,-1.139434,-0.916291,-0.798508,-1.771957,-1.386294,-1.108663,-0.71335,-1.139434,-1.89712,-1.049822,-1.139434,-1.714798,-1.469676,-1.237874,-1.07881,-1.272966,-1.203973,-0.867501,-0.776529,-0.597837,-1.139434,-1.237874,-0.597837,-1.203973,-1.049822,-1.309333,-0.867501,-1.139434,-1.237874,-0.867501,-0.616186,-0.733969,-1.309333,-1.237874,-1.347074,-1.514128,-1.108663,-1.108663,-1.07881,-1.139434,-0.891598,-0.891598,-1.272966,-1.347074,-0.755023,-0.527633,-0.867501,-0.820981,-0.867501
2006-04,-1.139434,-0.916291,-0.798508,-1.771957,-1.386294,-1.108663,-0.71335,-1.139434,-1.89712,-1.049822,-1.139434,-1.714798,-1.469676,-1.237874,-1.07881,-1.272966,-1.203973,-0.867501,-0.776529,-0.597837,-1.139434,-1.237874,-0.597837,-1.203973,-1.049822,-1.309333,-0.867501,-1.139434,-1.237874,-0.867501,-0.616186,-0.733969,-1.309333,-1.237874,-1.347074,-1.514128,-1.108663,-1.108663,-1.07881,-1.139434,-0.891598,-0.891598,-1.272966,-1.347074,-0.755023,-0.527633,-0.867501,-0.820981,-0.867501
2006-05,-1.139434,-0.916291,-0.798508,-1.771957,-1.386294,-1.108663,-0.71335,-1.139434,-1.89712,-1.049822,-1.139434,-1.714798,-1.469676,-1.237874,-1.07881,-1.272966,-1.203973,-0.867501,-0.776529,-0.597837,-1.139434,-1.237874,-0.597837,-1.203973,-1.049822,-1.309333,-0.867501,-1.139434,-1.237874,-0.867501,-0.616186,-0.733969,-1.309333,-1.237874,-1.347074,-1.514128,-1.108663,-1.108663,-1.07881,-1.139434,-0.891598,-0.891598,-1.272966,-1.347074,-0.755023,-0.527633,-0.867501,-0.820981,-0.867501
2006-06,-1.139434,-0.916291,-0.798508,-1.771957,-1.386294,-1.108663,-0.71335,-1.139434,-1.89712,-1.049822,-1.139434,-1.714798,-1.469676,-1.237874,-1.07881,-1.272966,-1.203973,-0.867501,-0.776529,-0.597837,-1.139434,-1.237874,-0.597837,-1.203973,-1.049822,-1.309333,-0.867501,-1.139434,-1.237874,-0.867501,-0.616186,-0.733969,-1.309333,-1.237874,-1.347074,-1.514128,-1.108663,-1.108663,-1.07881,-1.139434,-0.891598,-0.891598,-1.272966,-1.347074,-0.755023,-0.527633,-0.867501,-0.820981,-0.867501
2006-07,-1.139434,-0.916291,-0.798508,-1.771957,-1.386294,-1.108663,-0.71335,-1.139434,-1.89712,-1.049822,-1.139434,-1.714798,-1.469676,-1.237874,-1.07881,-1.272966,-1.203973,-0.867501,-0.776529,-0.597837,-1.139434,-1.237874,-0.597837,-1.203973,-1.049822,-1.309333,-0.867501,-1.139434,-1.237874,-0.867501,-0.616186,-0.733969,-1.309333,-1.237874,-1.347074,-1.514128,-1.108663,-1.108663,-1.07881,-1.139434,-0.891598,-0.891598,-1.272966,-1.347074,-0.755023,-0.527633,-0.867501,-0.820981,-0.867501
2006-08,-1.139434,-0.916291,-0.798508,-1.771957,-1.386294,-1.108663,-0.71335,-1.139434,-1.89712,-1.049822,-1.139434,-1.714798,-1.469676,-1.237874,-1.07881,-1.272966,-1.203973,-0.867501,-0.776529,-0.597837,-1.139434,-1.237874,-0.597837,-1.203973,-1.049822,-1.309333,-0.867501,-1.139434,-1.237874,-0.867501,-0.616186,-0.733969,-1.309333,-1.237874,-1.347074,-1.514128,-1.108663,-1.108663,-1.07881,-1.139434,-0.891598,-0.891598,-1.272966,-1.347074,-0.755023,-0.527633,-0.867501,-0.820981,-0.867501
2006-09,-1.139434,-0.916291,-0.798508,-1.771957,-1.386294,-1.108663,-0.71335,-1.139434,-1.89712,-1.049822,-1.139434,-1.714798,-1.469676,-1.237874,-1.07881,-1.272966,-1.203973,-0.867501,-0.776529,-0.597837,-1.139434,-1.237874,-0.597837,-1.203973,-1.049822,-1.309333,-0.867501,-1.139434,-1.237874,-0.867501,-0.616186,-0.733969,-1.309333,-1.237874,-1.347074,-1.514128,-1.108663,-1.108663,-1.07881,-1.139434,-0.891598,-0.891598,-1.272966,-1.347074,-0.755023,-0.527633,-0.867501,-0.820981,-0.867501
2006-10,-1.139434,-0.916291,-0.798508,-1.771957,-1.386294,-1.108663,-0.71335,-1.139434,-1.89712,-1.049822,-1.139434,-1.714798,-1.469676,-1.237874,-1.07881,-1.272966,-1.203973,-0.867501,-0.776529,-0.597837,-1.139434,-1.237874,-0.597837,-1.203973,-1.049822,-1.309333,-0.867501,-1.139434,-1.237874,-0.867501,-0.616186,-0.733969,-1.309333,-1.237874,-1.347074,-1.514128,-1.108663,-1.108663,-1.07881,-1.139434,-0.891598,-0.891598,-1.272966,-1.347074,-0.755023,-0.527633,-0.867501,-0.820981,-0.867501
2006-11,-1.139434,-0.916291,-0.798508,-1.771957,-1.386294,-1.108663,-0.71335,-1.139434,-1.89712,-1.049822,-1.139434,-1.714798,-1.469676,-1.237874,-1.07881,-1.272966,-1.203973,-0.867501,-0.776529,-0.597837,-1.139434,-1.237874,-0.597837,-1.203973,-1.049822,-1.309333,-0.867501,-1.139434,-1.237874,-0.867501,-0.616186,-0.733969,-1.309333,-1.237874,-1.347074,-1.514128,-1.108663,-1.108663,-1.07881,-1.139434,-0.891598,-0.891598,-1.272966,-1.347074,-0.755023,-0.527633,-0.867501,-0.820981,-0.867501
2006-12,-1.139434,-0.916291,-0.798508,-1.771957,-1.386294,-1.108663,-0.71335,-1.139434,-1.89712,-1.049822,-1.139434,-1.714798,-1.469676,-1.237874,-1.07881,-1.272966,-1.203973,-0.867501,-0.776529,-0.597837,-1.139434,-1.237874,-0.597837,-1.203973,-1.049822,-1.309333,-0.867501,-1.139434,-1.237874,-0.867501,-0.616186,-0.733969,-1.309333,-1.237874,-1.347074,-1.514128,-1.108663,-1.108663,-1.07881,-1.139434,-0.891598,-0.891598,-1.272966,-1.347074,-0.755023,-0.527633,-0.867501,-0.820981,-0.867501
2007-01,-1.237874,-0.776529,-0.798508,-1.609438,-1.469676,-1.108663,-0.562119,-0.916291,-1.966113,-1.021651,-1.139434,-1.560648,-1.469676,-1.07881,-1.021651,-0.462035,-0.916291,-0.867501,-0.820981,-0.733969,-1.171183,-1.139434,-0.510826,-1.237874,-1.021651,-1.309333,-0.994252,-1.386294,-1.514128,-0.916291,-0.693147,-0.597837,-1.272966,-1.237874,-1.309333,-1.560648,-1.139434,-1.07881,-1.171183,-1.427116,-1.049822,-0.891598,-1.049822,-1.171183,-0.673345,-0.616186,-0.798508,-0.891598,-0.820981
2007-02,-1.237874,-0.776529,-0.798508,-1.609438,-1.469676,-1.108663,-0.562119,-0.916291,-1.966113,-1.021651,-1.139434,-1.560648,-1.469676,-1.07881,-1.021651,-0.462035,-0.916291,-0.867501,-0.820981,-0.733969,-1.171183,-1.139434,-0.510826,-1.237874,-1.021651,-1.309333,-0.994252,-1.386294,-1.514128,-0.916291,-0.693147,-0.597837,-1.272966,-1.237874,-1.309333,-1.560648,-1.139434,-1.07881,-1.171183,-1.427116,-1.049822,-0.891598,-1.049822,-1.171183,-0.673345,-0.616186,-0.798508,-0.891598,-0.820981
2007-03,-1.237874,-0.776529,-0.798508,-1.609438,-1.469676,-1.108663,-0.562119,-0.916291,-1.966113,-1.021651,-1.139434,-1.560648,-1.469676,-1.07881,-1.021651,-0.462035,-0.916291,-0.867501,-0.820981,-0.733969,-1.171183,-1.139434,-0.510826,-1.237874,-1.021651,-1.309333,-0.994252,-1.386294,-1.514128,-0.916291,-0.693147,-0.597837,-1.272966,-1.237874,-1.309333,-1.560648,-1.139434,-1.07881,-1.171183,-1.427116,-1.049822,-0.891598,-1.049822,-1.171183,-0.673345,-0.616186,-0.798508,-0.891598,-0.820981
2007-04,-1.237874,-0.776529,-0.798508,-1.609438,-1.469676,-1.108663,-0.562119,-0.916291,-1.966113,-1.021651,-1.139434,-1.560648,-1.469676,-1.07881,-1.021651,-0.462035,-0.916291,-0.867501,-0.820981,-0.733969,-1.171183,-1.139434,-0.510826,-1.237874,-1.021651,-1.309333,-0.994252,-1.386294,-1.514128,-0.916291,-0.693147,-0.597837,-1.272966,-1.237874,-1.309333,-1.560648,-1.139434,-1.07881,-1.171183,-1.427116,-1.049822,-0.891598,-1.049822,-1.171183,-0.673345,-0.616186,-0.798508,-0.891598,-0.820981
2007-05,-1.237874,-0.776529,-0.798508,-1.609438,-1.469676,-1.108663,-0.562119,-0.916291,-1.966113,-1.021651,-1.139434,-1.560648,-1.469676,-1.07881,-1.021651,-0.462035,-0.916291,-0.867501,-0.820981,-0.733969,-1.171183,-1.139434,-0.510826,-1.237874,-1.021651,-1.309333,-0.994252,-1.386294,-1.514128,-0.916291,-0.693147,-0.597837,-1.272966,-1.237874,-1.309333,-1.560648,-1.139434,-1.07881,-1.171183,-1.427116,-1.049822,-0.891598,-1.049822,-1.171183,-0.673345,-0.616186,-0.798508,-0.891598,-0.820981
2007-06,-1.237874,-0.776529,-0.798508,-1.609438,-1.469676,-1.108663,-0.562119,-0.916291,-1.966113,-1.021651,-1.139434,-1.560648,-1.469676,-1.07881,-1.021651,-0.462035,-0.916291,-0.867501,-0.820981,-0.733969,-1.171183,-1.139434,-0.510826,-1.237874,-1.021651,-1.309333,-0.994252,-1.386294,-1.514128,-0.916291,-0.693147,-0.597837,-1.272966,-1.237874,-1.309333,-1.560648,-1.139434,-1.07881,-1.171183,-1.427116,-1.049822,-0.891598,-1.049822,-1.171183,-0.673345,-0.616186,-0.798508,-0.891598,-0.820981
2007-07,-1.237874,-0.776529,-0.798508,-1.609438,-1.469676,-1.108663,-0.562119,-0.916291,-1.966113,-1.021651,-1.139434,-1.560648,-1.469676,-1.07881,-1.021651,-0.462035,-0.916291,-0.867501,-0.820981,-0.733969,-1.171183,-1.139434,-0.510826,-1.237874,-1.021651,-1.309333,-0.994252,-1.386294,-1.514128,-0.916291,-0.693147,-0.597837,-1.272966,-1.237874,-1.309333,-1.560648,-1.139434,-1.07881,-1.171183,-1.427116,-1.049822,-0.891598,-1.049822,-1.171183,-0.673345,-0.616186,-0.798508,-0.891598,-0.820981
2007-08,-1.237874,-0.776529,-0.798508,-1.609438,-1.469676,-1.108663,-0.562119,-0.916291,-1.966113,-1.021651,-1.139434,-1.560648,-1.469676,-1.07881,-1.021651,-0.462035,-0.916291,-0.867501,-0.820981,-0.733969,-1.171183,-1.139434,-0.510826,-1.237874,-1.021651,-1.309333,-0.994252,-1.386294,-1.514128,-0.916291,-0.693147,-0.597837,-1.272966,-1.237874,-1.309333,-1.560648,-1.139434,-1.07881,-1.171183,-1.427116,-1.049822,-0.891598,-1.049822,-1.171183,-0.673345,-0.616186,-0.798508,-0.891598,-0.820981
2007-09,-1.237874,-0.776529,-0.798508,-1.609438,-1.469676,-1.108663,-0.562119,-0.916291,-1.966113,-1.021651,-1.139434,-1.560648,-1.469676,-1.07881,-1.021651,-0.462035,-0.916291,-0.867501,-0.820981,-0.733969,-1.171183,-1.139434,-0.510826,-1.237874,-1.021651,-1.309333,-0.994252,-1.386294,-1.514128,-0.916291,-0.693147,-0.597837,-1.272966,-1.237874,-1.309333,-1.560648,-1.139434,-1.07881,-1.171183,-1.427116,-1.049822,-0.891598,-1.049822,-1.171183,-0.673345,-0.616186,-0.798508,-0.891598,-0.820981
2007-10,-1.237874,-0.776529,-0.798508,-1.609438,-1.469676,-1.108663,-0.562119,-0.916291,-1.966113,-1.021651,-1.139434,-1.560648,-1.469676,-1.07881,-1.021651,-0.462035,-0.916291,-0.867501,-0.820981,-0.733969,-1.171183,-1.139434,-0.510826,-1.237874,-1.021651,-1.309333,-0.994252,-1.386294,-1.514128,-0.916291,-0.693147,-0.597837,-1.272966,-1.237874,-1.309333,-1.560648,-1.139434,-1.07881,-1.171183,-1.427116,-1.049822,-0.891598,-1.049822,-1.171183,-0.673345,-0.616186,-0.798508,-0.891598,-0.820981
2007-11,-1.237874,-0.776529,-0.798508,-1.609438,-1.469676,-1.108663,-0.562119,-0.916291,-1.966113,-1.021651,-1.139434,-1.560648,-1.469676,-1.07881,-1.021651,-0.462035,-0.916291,-0.867501,-0.820981,-0.733969,-1.171183,-1.139434,-0.510826,-1.237874,-1.021651,-1.309333,-0.994252,-1.386294,-1.514128,-0.916291,-0.693147,-0.597837,-1.272966,-1.237874,-1.309333,-1.560648,-1.139434,-1.07881,-1.171183,-1.427116,-1.049822,-0.891598,-1.049822,-1.171183,-0.673345,-0.616186,-0.798508,-0.891598,-0.820981
2007-12,-1.237874,-0.776529,-0.798508,-1.609438,-1.469676,-1.108663,-0.562119,-0.916291,-1.966113,-1.021651,-1.139434,-1.560648,-1.469676,-1.07881,-1.021651,-0.462035,-0.916291,-0.867501,-0.820981,-0.733969,-1.171183,-1.139434,-0.510826,-1.237874,-1.021651,-1.309333,-0.994252,-1.386294,-1.514128,-0.916291,-0.693147,-0.597837,-1.272966,-1.237874,-1.309333,-1.560648,-1.139434,-1.07881,-1.171183,-1.427116,-1.049822,-0.891598,-1.049822,-1.171183,-0.673345,-0.616186,-0.798508,-0.891598,-0.820981
2008-01,-1.347074,-0.891598,-1.021651,-1.660731,-1.514128,-1.203973,-0.994252,-1.309333,-1.427116,-1.139434,-1.07881,-1.386294,-1.469676,-1.108663,-1.021651,-0.105361,-0.798508,-0.478036,-0.71335,-0.71335,-1.203973,-1.237874,-1.771957,-1.560648,-1.021651,-1.714798,-0.776529,-1.514128,-1.427116,-0.891598,-0.733969,-0.597837,-1.07881,-1.237874,-1.469676,-1.514128,-1.021651,-0.967584,-1.139434,-1.560648,-1.021651,-0.916291,-1.139434,-1.514128,-0.693147,-0.579818,-1.272966,-0.994252,-0.820981
2008-02,-1.347074,-0.891598,-1.021651,-1.660731,-1.514128,-1.203973,-0.994252,-1.309333,-1.427116,-1.139434,-1.07881,-1.386294,-1.469676,-1.108663,-1.021651,-0.105361,-0.798508,-0.478036,-0.71335,-0.71335,-1.203973,-1.237874,-1.771957,-1.560648,-1.021651,-1.714798,-0.776529,-1.514128,-1.427116,-0.891598,-0.733969,-0.597837,-1.07881,-1.237874,-1.469676,-1.514128,-1.021651,-0.967584,-1.139434,-1.560648,-1.021651,-0.916291,-1.139434,-1.514128,-0.693147,-0.579818,-1.272966,-0.994252,-0.820981
2008-03,-1.347074,-0.891598,-1.021651,-1.660731,-1.514128,-1.203973,-0.994252,-1.309333,-1.427116,-1.139434,-1.07881,-1.386294,-1.469676,-1.108663,-1.021651,-0.105361,-0.798508,-0.478036,-0.71335,-0.71335,-1.203973,-1.237874,-1.771957,-1.560648,-1.021651,-1.714798,-0.776529,-1.514128,-1.427116,-0.891598,-0.733969,-0.597837,-1.07881,-1.237874,-1.469676,-1.514128,-1.021651,-0.967584,-1.139434,-1.560648,-1.021651,-0.916291,-1.139434,-1.514128,-0.693147,-0.579818,-1.272966,-0.994252,-0.820981
2008-04,-1.347074,-0.891598,-1.021651,-1.660731,-1.514128,-1.203973,-0.994252,-1.309333,-1.427116,-1.139434,-1.07881,-1.386294,-1.469676,-1.108663,-1.021651,-0.105361,-0.798508,-0.478036,-0.71335,-0.71335,-1.203973,-1.237874,-1.771957,-1.560648,-1.021651,-1.714798,-0.776529,-1.514128,-1.427116,-0.891598,-0.733969,-0.597837,-1.07881,-1.237874,-1.469676,-1.514128,-1.021651,-0.967584,-1.139434,-1.560648,-1.021651,-0.916291,-1.139434,-1.514128,-0.693147,-0.579818,-1.272966,-0.994252,-0.820981
2008-05,-1.347074,-0.891598,-1.021651,-1.660731,-1.514128,-1.203973,-0.994252,-1.309333,-1.427116,-1.139434,-1.07881,-1.386294,-1.469676,-1.108663,-1.021651,-0.105361,-0.798508,-0.478036,-0.71335,-0.71335,-1.203973,-1.237874,-1.771957,-1.560648,-1.021651,-1.714798,-0.776529,-1.514128,-1.427116,-0.891598,-0.733969,-0.597837,-1.07881,-1.237874,-1.469676,-1.514128,-1.021651,-0.967584,-1.139434,-1.560648,-1.021651,-0.916291,-1.139434,-1.514128,-0.693147,-0.579818,-1.272966,-0.994252,-0.820981
2008-06,-1.347074,-0.891598,-1.021651,-1.660731,-1.514128,-1.203973,-0.994252,-1.309333,-1.427116,-1.139434,-1.07881,-1.386294,-1.469676,-1.108663,-1.021651,-0.105361,-0.798508,-0.478036,-0.71335,-0.71335,-1.203973,-1.237874,-1.771957,-1.560648,-1.021651,-1.714798,-0.776529,-1.514128,-1.427116,-0.891598,-0.733969,-0.597837,-1.07881,-1.237874,-1.469676,-1.514128,-1.021651,-0.967584,-1.139434,-1.560648,-1.021651,-0.916291,-1.139434,-1.514128,-0.693147,-0.579818,-1.272966,-0.994252,-0.820981
2008-07,-1.347074,-0.891598,-1.021651,-1.660731,-1.514128,-1.203973,-0.994252,-1.309333,-1.427116,-1.139434,-1.07881,-1.386294,-1.469676,-1.108663,-1.021651,-0.105361,-0.798508,-0.478036,-0.71335,-0.71335,-1.203973,-1.237874,-1.771957,-1.560648,-1.021651,-1.714798,-0.776529,-1.514128,-1.427116,-0.891598,-0.733969,-0.597837,-1.07881,-1.237874,-1.469676,-1.514128,-1.021651,-0.967584,-1.139434,-1.560648,-1.021651,-0.916291,-1.139434,-1.514128,-0.693147,-0.579818,-1.272966,-0.994252,-0.820981
2008-08,-1.347074,-0.891598,-1.021651,-1.660731,-1.514128,-1.203973,-0.994252,-1.309333,-1.427116,-1.139434,-1.07881,-1.386294,-1.469676,-1.108663,-1.021651,-0.105361,-0.798508,-0.478036,-0.71335,-0.71335,-1.203973,-1.237874,-1.771957,-1.560648,-1.021651,-1.714798,-0.776529,-1.514128,-1.427116,-0.891598,-0.733969,-0.597837,-1.07881,-1.237874,-1.469676,-1.514128,-1.021651,-0.967584,-1.139434,-1.560648,-1.021651,-0.916291,-1.139434,-1.514128,-0.693147,-0.579818,-1.272966,-0.994252,-0.820981
2008-09,-1.347074,-0.891598,-1.021651,-1.660731,-1.514128,-1.203973,-0.994252,-1.309333,-1.427116,-1.139434,-1.07881,-1.386294,-1.469676,-1.108663,-1.021651,-0.105361,-0.798508,-0.478036,-0.71335,-0.71335,-1.203973,-1.237874,-1.771957,-1.560648,-1.021651,-1.714798,-0.776529,-1.514128,-1.427116,-0.891598,-0.733969,-0.597837,-1.07881,-1.237874,-1.469676,-1.514128,-1.021651,-0.967584,-1.139434,-1.560648,-1.021651,-0.916291,-1.139434,-1.514128,-0.693147,-0.579818,-1.272966,-0.994252,-0.820981
2008-10,-1.347074,-0.891598,-1.021651,-1.660731,-1.514128,-1.203973,-0.994252,-1.309333,-1.427116,-1.139434,-1.07881,-1.386294,-1.469676,-1.108663,-1.021651,-0.105361,-0.798508,-0.478036,-0.71335,-0.71335,-1.203973,-1.237874,-1.771957,-1.560648,-1.021651,-1.714798,-0.776529,-1.514128,-1.427116,-0.891598,-0.733969,-0.597837,-1.07881,-1.237874,-1.469676,-1.514128,-1.021651,-0.967584,-1.139434,-1.560648,-1.021651,-0.916291,-1.139434,-1.514128,-0.693147,-0.579818,-1.272966,-0.994252,-0.820981
2008-11,-1.347074,-0.891598,-1.021651,-1.660731,-1.514128,-1.203973,-0.994252,-1.309333,-1.427116,-1.139434,-1.07881,-1.386294,-1.469676,-1.108663,-1.021651,-0.105361,-0.798508,-0.478036,-0.71335,-0.71335,-1.203973,-1.237874,-1.771957,-1.560648,-1.021651,-1.714798,-0.776529,-1.514128,-1.427116,-0.891598,-0.733969,-0.597837,-1.07881,-1.237874,-1.469676,-1.514128,-1.021651,-0.967584,-1.139434,-1.560648,-1.021651,-0.916291,-1.139434,-1.514128,-0.693147,-0.579818,-1.272966,-0.994252,-0.820981
2008-12,-1.347074,-0.891598,-1.021651,-1.660731,-1.514128,-1.203973,-0.994252,-1.309333,-1.427116,-1.139434,-1.07881,-1.386294,-1.469676,-1.108663,-1.021651,-0.105361,-0.798508,-0.478036,-0.71335,-0.71335,-1.203973,-1.237874,-1.771957,-1.560648,-1.021651,-1.714798,-0.776529,-1.514128,-1.427116,-0.891598,-0.733969,-0.597837,-1.07881,-1.237874,-1.469676,-1.514128,-1.021651,-0.967584,-1.139434,-1.560648,-1.021651,-0.916291,-1.139434,-1.514128,-0.693147,-0.579818,-1.272966,-0.994252,-0.820981
2009-01,-1.966113,-1.049822,-0.673345,-1.660731,-1.514128,-0.916291,-1.347074,-1.171183,-1.386294,-0.994252,-1.108663,-1.272966,-1.427116,-1.237874,-0.776529,-0.430783,-0.634878,-0.371064,-0.891598,-0.733969,-1.272966,-1.386294,-3.506558,-1.560648,-0.916291,-1.560648,-0.941609,-1.347074,-1.832581,-0.994252,-0.776529,-0.693147,-1.309333,-1.07881,-1.514128,-1.609438,-1.07881,-1.021651,-1.049822,-1.309333,-0.71335,-0.84397,-0.967584,-1.560648,-0.34249,-0.510826,-0.776529,-0.867501,-0.867501
2009-02,-1.966113,-1.049822,-0.673345,-1.660731,-1.514128,-0.916291,-1.347074,-1.171183,-1.386294,-0.994252,-1.108663,-1.272966,-1.427116,-1.237874,-0.776529,-0.430783,-0.634878,-0.371064,-0.891598,-0.733969,-1.272966,-1.386294,-3.506558,-1.560648,-0.916291,-1.560648,-0.941609,-1.347074,-1.832581,-0.994252,-0.776529,-0.693147,-1.309333,-1.07881,-1.514128,-1.609438,-1.07881,-1.021651,-1.049822,-1.309333,-0.71335,-0.84397,-0.967584,-1.560648,-0.34249,-0.510826,-0.776529,-0.867501,-0.867501
2009-03,-1.966113,-1.049822,-0.673345,-1.660731,-1.514128,-0.916291,-1.347074,-1.171183,-1.386294,-0.994252,-1.108663,-1.272966,-1.427116,-1.237874,-0.776529,-0.430783,-0.634878,-0.371064,-0.891598,-0.733969,-1.272966,-1.386294,-3.506558,-1.560648,-0.916291,-1.560648,-0.941609,-1.347074,-1.832581,-0.994252,-0.776529,-0.693147,-1.309333,-1.07881,-1.514128,-1.609438,-1.07881,-1.021651,-1.049822,-1.309333,-0.71335,-0.84397,-0.967584,-1.560648,-0.34249,-0.510826,-0.776529,-0.867501,-0.867501
2009-04,-1.966113,-1.049822,-0.673345,-1.660731,-1.514128,-0.916291,-1.347074,-1.171183,-1.386294,-0.994252,-1.108663,-1.272966,-1.427116,-1.237874,-0.776529,-0.430783,-0.634878,-0.371064,-0.891598,-0.733969,-1.272966,-1.386294,-3.506558,-1.560648,-0.916291,-1.560648,-0.941609,-1.347074,-1.832581,-0.994252,-0.776529,-0.693147,-1.309333,-1.07881,-1.514128,-1.609438,-1.07881,-1.021651,-1.049822,-1.309333,-0.71335,-0.84397,-0.967584,-1.560648,-0.34249,-0.510826,-0.776529,-0.867501,-0.867501
2009-05,-1.966113,-1.049822,-0.673345,-1.660731,-1.514128,-0.916291,-1.347074,-1.171183,-1.386294,-0.994252,-1.108663,-1.272966,-1.427116,-1.237874,-0.776529,-0.430783,-0.634878,-0.371064,-0.891598,-0.733969,-1.272966,-1.386294,-3.506558,-1.560648,-0.916291,-1.560648,-0.941609,-1.347074,-1.832581,-0.994252,-0.776529,-0.693147,-1.309333,-1.07881,-1.514128,-1.609438,-1.07881,-1.021651,-1.049822,-1.309333,-0.71335,-0.84397,-0.967584,-1.560648,-0.34249,-0.510826,-0.776529,-0.867501,-0.867501
2009-06,-1.966113,-1.049822,-0.673345,-1.660731,-1.514128,-0.916291,-1.347074,-1.171183,-1.386294,-0.994252,-1.108663,-1.272966,-1.427116,-1.237874,-0.776529,-0.430783,-0.634878,-0.371064,-0.891598,-0.733969,-1.272966,-1.386294,-3.506558,-1.560648,-0.916291,-1.560648,-0.941609,-1.347074,-1.832581,-0.994252,-0.776529,-0.693147,-1.309333,-1.07881,-1.514128,-1.609438,-1.07881,-1.021651,-1.049822,-1.309333,-0.71335,-0.84397,-0.967584,-1.560648,-0.34249,-0.510826,-0.776529,-0.867501,-0.867501
2009-07,-1.966113,-1.049822,-0.673345,-1.660731,-1.514128,-0.916291,-1.347074,-1.171183,-1.386294,-0.994252,-1.108663,-1.272966,-1.427116,-1.237874,-0.776529,-0.430783,-0.634878,-0.371064,-0.891598,-0.733969,-1.272966,-1.386294,-3.506558,-1.560648,-0.916291,-1.560648,-0.941609,-1.347074,-1.832581,-0.994252,-0.776529,-0.693147,-1.309333,-1.07881,-1.514128,-1.609438,-1.07881,-1.021651,-1.049822,-1.309333,-0.71335,-0.84397,-0.967584,-1.560648,-0.34249,-0.510826,-0.776529,-0.867501,-0.867501
2009-08,-1.966113,-1.049822,-0.673345,-1.660731,-1.514128,-0.916291,-1.347074,-1.171183,-1.386294,-0.994252,-1.108663,-1.272966,-1.427116,-1.237874,-0.776529,-0.430783,-0.634878,-0.371064,-0.891598,-0.733969,-1.272966,-1.386294,-3.506558,-1.560648,-0.916291,-1.560648,-0.941609,-1.347074,-1.832581,-0.994252,-0.776529,-0.693147,-1.309333,-1.07881,-1.514128,-1.609438,-1.07881,-1.021651,-1.049822,-1.309333,-0.71335,-0.84397,-0.967584,-1.560648,-0.34249,-0.510826,-0.776529,-0.867501,-0.867501
2009-09,-1.966113,-1.049822,-0.673345,-1.660731,-1.514128,-0.916291,-1.347074,-1.171183,-1.386294,-0.994252,-1.108663,-1.272966,-1.427116,-1.237874,-0.776529,-0.430783,-0.634878,-0.371064,-0.891598,-0.733969,-1.272966,-1.386294,-3.506558,-1.560648,-0.916291,-1.560648,-0.941609,-1.347074,-1.832581,-0.994252,-0.776529,-0.693147,-1.309333,-1.07881,-1.514128,-1.609438,-1.07881,-1.021651,-1.049822,-1.309333,-0.71335,-0.84397,-0.967584,-1.560648,-0.34249,-0.510826,-0.776529,-0.867501,-0.867501
2009-10,-1.966113,-1.049822,-0.673345,-1.660731,-1.514128,-0.916291,-1.347074,-1.171183,-1.386294,-0.994252,-1.108663,-1.272966,-1.427116,-1.237874,-0.776529,-0.430783,-0.634878,-0.371064,-0.891598,-0.733969,-1.272966,-1.386294,-3.506558,-1.560648,-0.916291,-1.560648,-0.941609,-1.347074,-1.832581,-0.994252,-0.776529,-0.693147,-1.309333,-1.07881,-1.514128,-1.609438,-1.07881,-1.021651,-1.049822,-1.309333,-0.71335,-0.84397,-0.967584,-1.560648,-0.34249,-0.510826,-0.776529,-0.867501,-0.867501
2009-11,-1.966113,-1.049822,-0.673345,-1.660731,-1.514128,-0.916291,-1.347074,-1.171183,-1.386294,-0.994252,-1.108663,-1.272966,-1.427116,-1.237874,-0.776529,-0.430783,-0.634878,-0.371064,-0.891598,-0.733969,-1.272966,-1.386294,-3.506558,-1.560648,-0.916291,-1.560648,-0.941609,-1.347074,-1.832581,-0.994252,-0.776529,-0.693147,-1.309333,-1.07881,-1.514128,-1.609438,-1.07881,-1.021651,-1.049822,-1.309333,-0.71335,-0.84397,-0.967584,-1.560648,-0.34249,-0.510826,-0.776529,-0.867501,-0.867501
2009-12,-1.966113,-1.049822,-0.673345,-1.660731,-1.514128,-0.916291,-1.347074,-1.171183,-1.386294,-0.994252,-1.108663,-1.272966,-1.427116,-1.237874,-0.776529,-0.430783,-0.634878,-0.371064,-0.891598,-0.733969,-1.272966,-1.386294,-3.506558,-1.560648,-0.916291,-1.560648,-0.941609,-1.347074,-1.832581,-0.994252,-0.776529,-0.693147,-1.309333,-1.07881,-1.514128,-1.609438,-1.07881,-1.021651,-1.049822,-1.309333,-0.71335,-0.84397,-0.967584,-1.560648,-0.34249,-0.510826,-0.776529,-0.867501,-0.867501
2010-01,-1.309333,-0.755023,-1.139434,-1.469676,-2.120264,-0.597837,-0.328504,-0.579818,-1.139434,-0.579818,-0.616186,-0.798508,-1.237874,-0.693147,-0.616186,-0.094311,-0.198451,-0.235722,-0.105361,-0.030459,-0.579818,-0.776529,-1.237874,-1.272966,-0.061875,-2.120264,-0.733969,-1.139434,-0.653926,-0.579818,-0.385662,-0.328504,-1.309333,-0.776529,-0.867501,-1.07881,-0.562119,-0.478036,-0.755023,-1.108663,-0.776529,-0.415515,-0.693147,-1.386294,-0.105361,-0.210721,0.122218,-0.105361,-0.400478
2010-02,-1.309333,-0.755023,-1.139434,-1.469676,-2.120264,-0.597837,-0.328504,-0.579818,-1.139434,-0.579818,-0.616186,-0.798508,-1.237874,-0.693147,-0.616186,-0.094311,-0.198451,-0.235722,-0.105361,-0.030459,-0.579818,-0.776529,-1.237874,-1.272966,-0.061875,-2.120264,-0.733969,-1.139434,-0.653926,-0.579818,-0.385662,-0.328504,-1.309333,-0.776529,-0.867501,-1.07881,-0.562119,-0.478036,-0.755023,-1.108663,-0.776529,-0.415515,-0.693147,-1.386294,-0.105361,-0.210721,0.122218,-0.105361,-0.400478
2010-03,-1.309333,-0.755023,-1.139434,-1.469676,-2.120264,-0.597837,-0.328504,-0.579818,-1.139434,-0.579818,-0.616186,-0.798508,-1.237874,-0.693147,-0.616186,-0.094311,-0.198451,-0.235722,-0.105361,-0.030459,-0.579818,-0.776529,-1.237874,-1.272966,-0.061875,-2.120264,-0.733969,-1.139434,-0.653926,-0.579818,-0.385662,-0.328504,-1.309333,-0.776529,-0.867501,-1.07881,-0.562119,-0.478036,-0.755023,-1.108663,-0.776529,-0.415515,-0.693147,-1.386294,-0.105361,-0.210721,0.122218,-0.105361,-0.400478
2010-04,-1.309333,-0.755023,-1.139434,-1.469676,-2.120264,-0.597837,-0.328504,-0.579818,-1.139434,-0.579818,-0.616186,-0.798508,-1.237874,-0.693147,-0.616186,-0.094311,-0.198451,-0.235722,-0.105361,-0.030459,-0.579818,-0.776529,-1.237874,-1.272966,-0.061875,-2.120264,-0.733969,-1.139434,-0.653926,-0.579818,-0.385662,-0.328504,-1.309333,-0.776529,-0.867501,-1.07881,-0.562119,-0.478036,-0.755023,-1.108663,-0.776529,-0.415515,-0.693147,-1.386294,-0.105361,-0.210721,0.122218,-0.105361,-0.400478
2010-05,-1.309333,-0.755023,-1.139434,-1.469676,-2.120264,-0.597837,-0.328504,-0.579818,-1.139434,-0.579818,-0.616186,-0.798508,-1.237874,-0.693147,-0.616186,-0.094311,-0.198451,-0.235722,-0.105361,-0.030459,-0.579818,-0.776529,-1.237874,-1.272966,-0.061875,-2.120264,-0.733969,-1.139434,-0.653926,-0.579818,-0.385662,-0.328504,-1.309333,-0.776529,-0.867501,-1.07881,-0.562119,-0.478036,-0.755023,-1.108663,-0.776529,-0.415515,-0.693147,-1.386294,-0.105361,-0.210721,0.122218,-0.105361,-0.400478
2010-06,-1.309333,-0.755023,-1.139434,-1.469676,-2.120264,-0.597837,-0.328504,-0.579818,-1.139434,-0.579818,-0.616186,-0.798508,-1.237874,-0.693147,-0.616186,-0.094311,-0.198451,-0.235722,-0.105361,-0.030459,-0.579818,-0.776529,-1.237874,-1.272966,-0.061875,-2.120264,-0.733969,-1.139434,-0.653926,-0.579818,-0.385662,-0.328504,-1.309333,-0.776529,-0.867501,-1.07881,-0.562119,-0.478036,-0.755023,-1.108663,-0.776529,-0.415515,-0.693147,-1.386294,-0.105361,-0.210721,0.122218,-0.105361,-0.400478
2010-07,-1.309333,-0.755023,-1.139434,-1.469676,-2.120264,-0.597837,-0.328504,-0.579818,-1.139434,-0.579818,-0.616186,-0.798508,-1.237874,-0.693147,-0.616186,-0.094311,-0.198451,-0.235722,-0.105361,-0.030459,-0.579818,-0.776529,-1.237874,-1.272966,-0.061875,-2.120264,-0.733969,-1.139434,-0.653926,-0.579818,-0.385662,-0.328504,-1.309333,-0.776529,-0.867501,-1.07881,-0.562119,-0.478036,-0.755023,-1.108663,-0.776529,-0.415515,-0.693147,-1.386294,-0.105361,-0.210721,0.122218,-0.105361,-0.400478
2010-08,-1.309333,-0.755023,-1.139434,-1.469676,-2.120264,-0.597837,-0.328504,-0.579818,-1.139434,-0.579818,-0.616186,-0.798508,-1.237874,-0.693147,-0.616186,-0.094311,-0.198451,-0.235722,-0.105361,-0.030459,-0.579818,-0.776529,-1.237874,-1.272966,-0.061875,-2.120264,-0.733969,-1.139434,-0.653926,-0.579818,-0.385662,-0.328504,-1.309333,-0.776529,-0.867501,-1.07881,-0.562119,-0.478036,-0.755023,-1.108663,-0.776529,-0.415515,-0.693147,-1.386294,-0.105361,-0.210721,0.122218,-0.105361,-0.400478
2010-09,-1.309333,-0.755023,-1.139434,-1.469676,-2.120264,-0.597837,-0.328504,-0.579818,-1.139434,-0.579818,-0.616186,-0.798508,-1.237874,-0.693147,-0.616186,-0.094311,-0.198451,-0.235722,-0.105361,-0.030459,-0.579818,-0.776529,-1.237874,-1.272966,-0.061875,-2.120264,-0.733969,-1.139434,-0.653926,-0.579818,-0.385662,-0.328504,-1.309333,-0.776529,-0.867501,-1.07881,-0.562119,-0.478036,-0.755023,-1.108663,-0.776529,-0.415515,-0.693147,-1.386294,-0.105361,-0.210721,0.122218,-0.105361,-0.400478
2010-10,-1.309333,-0.755023,-1.139434,-1.469676,-2.120264,-0.597837,-0.328504,-0.579818,-1.139434,-0.579818,-0.616186,-0.798508,-1.237874,-0.693147,-0.616186,-0.094311,-0.198451,-0.235722,-0.105361,-0.030459,-0.579818,-0.776529,-1.237874,-1.272966,-0.061875,-2.120264,-0.733969,-1.139434,-0.653926,-0.579818,-0.385662,-0.328504,-1.309333,-0.776529,-0.867501,-1.07881,-0.562119,-0.478036,-0.755023,-1.108663,-0.776529,-0.415515,-0.693147,-1.386294,-0.105361,-0.210721,0.122218,-0.105361,-0.400478
2010-11,-1.309333,-0.755023,-1.139434,-1.469676,-2.120264,-0.597837,-0.328504,-0.579818,-1.139434,-0.579818,-0.616186,-0.798508,-1.237874,-0.693147,-0.616186,-0.094311,-0.198451,-0.235722,-0.105361,-0.030459,-0.579818,-0.776529,-1.237874,-1.272966,-0.061875,-2.120264,-0.733969,-1.139434,-0.653926,-0.579818,-0.385662,-0.328504,-1.309333,-0.776529,-0.867501,-1.07881,-0.562119,-0.478036,-0.755023,-1.108663,-0.776529,-0.415515,-0.693147,-1.386294,-0.105361,-0.210721,0.122218,-0.105361,-0.400478
2010-12,-1.309333,-0.755023,-1.139434,-1.469676,-2.120264,-0.597837,-0.328504,-0.579818,-1.139434,-0.579818,-0.616186,-0.798508,-1.237874,-0.693147,-0.616186,-0.094311,-0.198451,-0.235722,-0.105361,-0.030459,-0.579818,-0.776529,-1.237874,-1.272966,-0.061875,-2.120264,-0.733969,-1.139434,-0.653926,-0.579818,-0.385662,-0.328504,-1.309333,-0.776529,-0.867501,-1.07881,-0.562119,-0.478036,-0.755023,-1.108663,-0.776529,-0.415515,-0.693147,-1.386294,-0.105361,-0.210721,0.122218,-0.105361,-0.400478
2011-01,-1.272966,-0.916291,-1.469676,-1.427116,-2.302585,-0.867501,-0.634878,-1.237874,-1.237874,-0.916291,-0.776529,-0.967584,-1.021651,-1.021651,-0.776529,-0.430783,-0.478036,-0.385662,-0.446287,-0.385662,-0.916291,-0.891598,-1.660731,-1.272966,-0.198451,-1.832581,-0.71335,-1.469676,-1.07881,-0.673345,-0.415515,-0.527633,-1.139434,-0.967584,-1.309333,-1.427116,-0.916291,-0.755023,-0.994252,-1.171183,-0.891598,-0.693147,-0.941609,-1.347074,-0.174353,-0.040822,-0.462035,-0.385662,-0.261365
2011-02,-1.272966,-0.916291,-1.469676,-1.427116,-2.302585,-0.867501,-0.634878,-1.237874,-1.237874,-0.916291,-0.776529,-0.967584,-1.021651,-1.021651,-0.776529,-0.430783,-0.478036,-0.385662,-0.446287,-0.385662,-0.916291,-0.891598,-1.660731,-1.272966,-0.198451,-1.832581,-0.71335,-1.469676,-1.07881,-0.673345,-0.415515,-0.527633,-1.139434,-0.967584,-1.309333,-1.427116,-0.916291,-0.755023,-0.994252,-1.171183,-0.891598,-0.693147,-0.941609,-1.347074,-0.174353,-0.040822,-0.462035,-0.385662,-0.261365
2011-03,-1.272966,-0.916291,-1.469676,-1.427116,-2.302585,-0.867501,-0.634878,-1.237874,-1.237874,-0.916291,-0.776529,-0.967584,-1.021651,-1.021651,-0.776529,-0.430783,-0.478036,-0.385662,-0.446287,-0.385662,-0.916291,-0.891598,-1.660731,-1.272966,-0.198451,-1.832581,-0.71335,-1.469676,-1.07881,-0.673345,-0.415515,-0.527633,-1.139434,-0.967584,-1.309333,-1.427116,-0.916291,-0.755023,-0.994252,-1.171183,-0.891598,-0.693147,-0.941609,-1.347074,-0.174353,-0.040822,-0.462035,-0.385662,-0.261365
2011-04,-1.272966,-0.916291,-1.469676,-1.427116,-2.302585,-0.867501,-0.634878,-1.237874,-1.237874,-0.916291,-0.776529,-0.967584,-1.021651,-1.021651,-0.776529,-0.430783,-0.478036,-0.385662,-0.446287,-0.385662,-0.916291,-0.891598,-1.660731,-1.272966,-0.198451,-1.832581,-0.71335,-1.469676,-1.07881,-0.673345,-0.415515,-0.527633,-1.139434,-0.967584,-1.309333,-1.427116,-0.916291,-0.755023,-0.994252,-1.171183,-0.891598,-0.693147,-0.941609,-1.347074,-0.174353,-0.040822,-0.462035,-0.385662,-0.261365
2011-05,-1.272966,-0.916291,-1.469676,-1.427116,-2.302585,-0.867501,-0.634878,-1.237874,-1.237874,-0.916291,-0.776529,-0.967584,-1.021651,-1.021651,-0.776529,-0.430783,-0.478036,-0.385662,-0.446287,-0.385662,-0.916291,-0.891598,-1.660731,-1.272966,-0.198451,-1.832581,-0.71335,-1.469676,-1.07881,-0.673345,-0.415515,-0.527633,-1.139434,-0.967584,-1.309333,-1.427116,-0.916291,-0.755023,-0.994252,-1.171183,-0.891598,-0.693147,-0.941609,-1.347074,-0.174353,-0.040822,-0.462035,-0.385662,-0.261365
2011-06,-1.272966,-0.916291,-1.469676,-1.427116,-2.302585,-0.867501,-0.634878,-1.237874,-1.237874,-0.916291,-0.776529,-0.967584,-1.021651,-1.021651,-0.776529,-0.430783,-0.478036,-0.385662,-0.446287,-0.385662,-0.916291,-0.891598,-1.660731,-1.272966,-0.198451,-1.832581,-0.71335,-1.469676,-1.07881,-0.673345,-0.415515,-0.527633,-1.139434,-0.967584,-1.309333,-1.427116,-0.916291,-0.755023,-0.994252,-1.171183,-0.891598,-0.693147,-0.941609,-1.347074,-0.174353,-0.040822,-0.462035,-0.385662,-0.261365
2011-07,-1.272966,-0.916291,-1.469676,-1.427116,-2.302585,-0.867501,-0.634878,-1.237874,-1.237874,-0.916291,-0.776529,-0.967584,-1.021651,-1.021651,-0.776529,-0.430783,-0.478036,-0.385662,-0.446287,-0.385662,-0.916291,-0.891598,-1.660731,-1.272966,-0.198451,-1.832581,-0.71335,-1.469676,-1.07881,-0.673345,-0.415515,-0.527633,-1.139434,-0.967584,-1.309333,-1.427116,-0.916291,-0.755023,-0.994252,-1.171183,-0.891598,-0.693147,-0.941609,-1.347074,-0.174353,-0.040822,-0.462035,-0.385662,-0.261365
2011-08,-1.272966,-0.916291,-1.469676,-1.427116,-2.302585,-0.867501,-0.634878,-1.237874,-1.237874,-0.916291,-0.776529,-0.967584,-1.021651,-1.021651,-0.776529,-0.430783,-0.478036,-0.385662,-0.446287,-0.385662,-0.916291,-0.891598,-1.660731,-1.272966,-0.198451,-1.832581,-0.71335,-1.469676,-1.07881,-0.673345,-0.415515,-0.527633,-1.139434,-0.967584,-1.309333,-1.427116,-0.916291,-0.755023,-0.994252,-1.171183,-0.891598,-0.693147,-0.941609,-1.347074,-0.174353,-0.040822,-0.462035,-0.385662,-0.261365
2011-09,-1.272966,-0.916291,-1.469676,-1.427116,-2.302585,-0.867501,-0.634878,-1.237874,-1.237874,-0.916291,-0.776529,-0.967584,-1.021651,-1.021651,-0.776529,-0.430783,-0.478036,-0.385662,-0.446287,-0.385662,-0.916291,-0.891598,-1.660731,-1.272966,-0.198451,-1.832581,-0.71335,-1.469676,-1.07881,-0.673345,-0.415515,-0.527633,-1.139434,-0.967584,-1.309333,-1.427116,-0.916291,-0.755023,-0.994252,-1.171183,-0.891598,-0.693147,-0.941609,-1.347074,-0.174353,-0.040822,-0.462035,-0.385662,-0.261365
2011-10,-1.272966,-0.916291,-1.469676,-1.427116,-2.302585,-0.867501,-0.634878,-1.237874,-1.237874,-0.916291,-0.776529,-0.967584,-1.021651,-1.021651,-0.776529,-0.430783,-0.478036,-0.385662,-0.446287,-0.385662,-0.916291,-0.891598,-1.660731,-1.272966,-0.198451,-1.832581,-0.71335,-1.469676,-1.07881,-0.673345,-0.415515,-0.527633,-1.139434,-0.967584,-1.309333,-1.427116,-0.916291,-0.755023,-0.994252,-1.171183,-0.891598,-0.693147,-0.941609,-1.347074,-0.174353,-0.040822,-0.462035,-0.385662,-0.261365
2011-11,-1.272966,-0.916291,-1.469676,-1.427116,-2.302585,-0.867501,-0.634878,-1.237874,-1.237874,-0.916291,-0.776529,-0.967584,-1.021651,-1.021651,-0.776529,-0.430783,-0.478036,-0.385662,-0.446287,-0.385662,-0.916291,-0.891598,-1.660731,-1.272966,-0.198451,-1.832581,-0.71335,-1.469676,-1.07881,-0.673345,-0.415515,-0.527633,-1.139434,-0.967584,-1.309333,-1.427116,-0.916291,-0.755023,-0.994252,-1.171183,-0.891598,-0.693147,-0.941609,-1.347074,-0.174353,-0.040822,-0.462035,-0.385662,-0.261365
2011-12,-1.272966,-0.916291,-1.469676,-1.427116,-2.302585,-0.867501,-0.634878,-1.237874,-1.237874,-0.916291,-0.776529,-0.967584,-1.021651,-1.021651,-0.776529,-0.430783,-0.478036,-0.385662,-0.446287,-0.385662,-0.916291,-0.891598,-1.660731,-1.272966,-0.198451,-1.832581,-0.71335,-1.469676,-1.07881,-0.673345,-0.415515,-0.527633,-1.139434,-0.967584,-1.309333,-1.427116,-0.916291,-0.755023,-0.994252,-1.171183,-0.891598,-0.693147,-0.941609,-1.347074,-0.174353,-0.040822,-0.462035,-0.385662,-0.261365
2012-01,-1.171183,-0.891598,-1.171183,-1.386294,-2.525729,-1.108663,-1.203973,-0.967584,-1.309333,-1.139434,-1.139434,-0.967584,-0.994252,-1.203973,-0.891598,-0.527633,-0.673345,-0.510826,-0.562119,-0.579818,-1.171183,-1.07881,-1.347074,-1.386294,-0.223144,-1.714798,-0.891598,-1.514128,-1.272966,-0.693147,-0.400478,-0.634878,-0.916291,-0.994252,-1.237874,-1.386294,-0.891598,-0.891598,-0.941609,-1.203973,-1.049822,-0.776529,-1.021651,-1.560648,-0.083382,-0.116534,-0.673345,-0.356675,-0.34249
2012-02,-1.171183,-0.891598,-1.171183,-1.386294,-2.525729,-1.108663,-1.203973,-0.967584,-1.309333,-1.139434,-1.139434,-0.967584,-0.994252,-1.203973,-0.891598,-0.527633,-0.673345,-0.510826,-0.562119,-0.579818,-1.171183,-1.07881,-1.347074,-1.386294,-0.223144,-1.714798,-0.891598,-1.514128,-1.272966,-0.693147,-0.400478,-0.634878,-0.916291,-0.994252,-1.237874,-1.386294,-0.891598,-0.891598,-0.941609,-1.203973,-1.049822,-0.776529,-1.021651,-1.560648,-0.083382,-0.116534,-0.673345,-0.356675,-0.34249
2012-03,-1.171183,-0.891598,-1.171183,-1.386294,-2.525729,-1.108663,-1.203973,-0.967584,-1.309333,-1.139434,-1.139434,-0.967584,-0.994252,-1.203973,-0.891598,-0.527633,-0.673345,-0.510826,-0.562119,-0.579818,-1.171183,-1.07881,-1.347074,-1.386294,-0.223144,-1.714798,-0.891598,-1.514128,-1.272966,-0.693147,-0.400478,-0.634878,-0.916291,-0.994252,-1.237874,-1.386294,-0.891598,-0.891598,-0.941609,-1.203973,-1.049822,-0.776529,-1.021651,-1.560648,-0.083382,-0.116534,-0.673345,-0.356675,-0.34249
2012-04,-1.171183,-0.891598,-1.171183,-1.386294,-2.525729,-1.108663,-1.203973,-0.967584,-1.309333,-1.139434,-1.139434,-0.967584,-0.994252,-1.203973,-0.891598,-0.527633,-0.673345,-0.510826,-0.562119,-0.579818,-1.171183,-1.07881,-1.347074,-1.386294,-0.223144,-1.714798,-0.891598,-1.514128,-1.272966,-0.693147,-0.400478,-0.634878,-0.916291,-0.994252,-1.237874,-1.386294,-0.891598,-0.891598,-0.941609,-1.203973,-1.049822,-0.776529,-1.021651,-1.560648,-0.083382,-0.116534,-0.673345,-0.356675,-0.34249
2012-05,-1.171183,-0.891598,-1.171183,-1.386294,-2.525729,-1.108663,-1.203973,-0.967584,-1.309333,-1.139434,-1.139434,-0.967584,-0.994252,-1.203973,-0.891598,-0.527633,-0.673345,-0.510826,-0.562119,-0.579818,-1.171183,-1.07881,-1.347074,-1.386294,-0.223144,-1.714798,-0.891598,-1.514128,-1.272966,-0.693147,-0.400478,-0.634878,-0.916291,-0.994252,-1.237874,-1.386294,-0.891598,-0.891598,-0.941609,-1.203973,-1.049822,-0.776529,-1.021651,-1.560648,-0.083382,-0.116534,-0.673345,-0.356675,-0.34249
2012-06,-1.171183,-0.891598,-1.171183,-1.386294,-2.525729,-1.108663,-1.203973,-0.967584,-1.309333,-1.139434,-1.139434,-0.967584,-0.994252,-1.203973,-0.891598,-0.527633,-0.673345,-0.510826,-0.562119,-0.579818,-1.171183,-1.07881,-1.347074,-1.386294,-0.223144,-1.714798,-0.891598,-1.514128,-1.272966,-0.693147,-0.400478,-0.634878,-0.916291,-0.994252,-1.237874,-1.386294,-0.891598,-0.891598,-0.941609,-1.203973,-1.049822,-0.776529,-1.021651,-1.560648,-0.083382,-0.116534,-0.673345,-0.356675,-0.34249
2012-07,-1.171183,-0.891598,-1.171183,-1.386294,-2.525729,-1.108663,-1.203973,-0.967584,-1.309333,-1.139434,-1.139434,-0.967584,-0.994252,-1.203973,-0.891598,-0.527633,-0.673345,-0.510826,-0.562119,-0.579818,-1.171183,-1.07881,-1.347074,-1.386294,-0.223144,-1.714798,-0.891598,-1.514128,-1.272966,-0.693147,-0.400478,-0.634878,-0.916291,-0.994252,-1.237874,-1.386294,-0.891598,-0.891598,-0.941609,-1.203973,-1.049822,-0.776529,-1.021651,-1.560648,-0.083382,-0.116534,-0.673345,-0.356675,-0.34249
2012-08,-1.171183,-0.891598,-1.171183,-1.386294,-2.525729,-1.108663,-1.203973,-0.967584,-1.309333,-1.139434,-1.139434,-0.967584,-0.994252,-1.203973,-0.891598,-0.527633,-0.673345,-0.510826,-0.562119,-0.579818,-1.171183,-1.07881,-1.347074,-1.386294,-0.223144,-1.714798,-0.891598,-1.514128,-1.272966,-0.693147,-0.400478,-0.634878,-0.916291,-0.994252,-1.237874,-1.386294,-0.891598,-0.891598,-0.941609,-1.203973,-1.049822,-0.776529,-1.021651,-1.560648,-0.083382,-0.116534,-0.673345,-0.356675,-0.34249
2012-09,-1.171183,-0.891598,-1.171183,-1.386294,-2.525729,-1.108663,-1.203973,-0.967584,-1.309333,-1.139434,-1.139434,-0.967584,-0.994252,-1.203973,-0.891598,-0.527633,-0.673345,-0.510826,-0.562119,-0.579818,-1.171183,-1.07881,-1.347074,-1.386294,-0.223144,-1.714798,-0.891598,-1.514128,-1.272966,-0.693147,-0.400478,-0.634878,-0.916291,-0.994252,-1.237874,-1.386294,-0.891598,-0.891598,-0.941609,-1.203973,-1.049822,-0.776529,-1.021651,-1.560648,-0.083382,-0.116534,-0.673345,-0.356675,-0.34249
2012-10,-1.171183,-0.891598,-1.171183,-1.386294,-2.525729,-1.108663,-1.203973,-0.967584,-1.309333,-1.139434,-1.139434,-0.967584,-0.994252,-1.203973,-0.891598,-0.527633,-0.673345,-0.510826,-0.562119,-0.579818,-1.171183,-1.07881,-1.347074,-1.386294,-0.223144,-1.714798,-0.891598,-1.514128,-1.272966,-0.693147,-0.400478,-0.634878,-0.916291,-0.994252,-1.237874,-1.386294,-0.891598,-0.891598,-0.941609,-1.203973,-1.049822,-0.776529,-1.021651,-1.560648,-0.083382,-0.116534,-0.673345,-0.356675,-0.34249
2012-11,-1.171183,-0.891598,-1.171183,-1.386294,-2.525729,-1.108663,-1.203973,-0.967584,-1.309333,-1.139434,-1.139434,-0.967584,-0.994252,-1.203973,-0.891598,-0.527633,-0.673345,-0.510826,-0.562119,-0.579818,-1.171183,-1.07881,-1.347074,-1.386294,-0.223144,-1.714798,-0.891598,-1.514128,-1.272966,-0.693147,-0.400478,-0.634878,-0.916291,-0.994252,-1.237874,-1.386294,-0.891598,-0.891598,-0.941609,-1.203973,-1.049822,-0.776529,-1.021651,-1.560648,-0.083382,-0.116534,-0.673345,-0.356675,-0.34249
2012-12,-1.171183,-0.891598,-1.171183,-1.386294,-2.525729,-1.108663,-1.203973,-0.967584,-1.309333,-1.139434,-1.139434,-0.967584,-0.994252,-1.203973,-0.891598,-0.527633,-0.673345,-0.510826,-0.562119,-0.579818,-1.171183,-1.07881,-1.347074,-1.386294,-0.223144,-1.714798,-0.891598,-1.514128,-1.272966,-0.693147,-0.400478,-0.634878,-0.916291,-0.994252,-1.237874,-1.386294,-0.891598,-0.891598,-0.941609,-1.203973,-1.049822,-0.776529,-1.021651,-1.560648,-0.083382,-0.116534,-0.673345,-0.356675,-0.34249
2013-01,-1.049822,-0.916291,-1.560648,-1.171183,-3.218876,-0.916291,-0.867501,-1.108663,-1.203973,-1.171183,-1.021651,-0.867501,-1.07881,-0.994252,-0.798508,-0.400478,-0.616186,-0.415515,-0.235722,-0.494296,-0.941609,-0.891598,-0.693147,-1.347074,-0.616186,-2.302585,-0.798508,-0.916291,-0.261365,-0.579818,-0.544727,-0.653926,-0.84397,-0.867501,-1.108663,-1.272966,-0.776529,-0.84397,-0.891598,-1.07881,-0.994252,-0.798508,-1.021651,-1.714798,0.165514,0.113329,-0.544727,-0.01005,-0.287682
2013-02,-1.049822,-0.916291,-1.560648,-1.171183,-3.218876,-0.916291,-0.867501,-1.108663,-1.203973,-1.171183,-1.021651,-0.867501,-1.07881,-0.994252,-0.798508,-0.400478,-0.616186,-0.415515,-0.235722,-0.494296,-0.941609,-0.891598,-0.693147,-1.347074,-0.616186,-2.302585,-0.798508,-0.916291,-0.261365,-0.579818,-0.544727,-0.653926,-0.84397,-0.867501,-1.108663,-1.272966,-0.776529,-0.84397,-0.891598,-1.07881,-0.994252,-0.798508,-1.021651,-1.714798,0.165514,0.113329,-0.544727,-0.01005,-0.287682
2013-03,-1.049822,-0.916291,-1.560648,-1.171183,-3.218876,-0.916291,-0.867501,-1.108663,-1.203973,-1.171183,-1.021651,-0.867501,-1.07881,-0.994252,-0.798508,-0.400478,-0.616186,-0.415515,-0.235722,-0.494296,-0.941609,-0.891598,-0.693147,-1.347074,-0.616186,-2.302585,-0.798508,-0.916291,-0.261365,-0.579818,-0.544727,-0.653926,-0.84397,-0.867501,-1.108663,-1.272966,-0.776529,-0.84397,-0.891598,-1.07881,-0.994252,-0.798508,-1.021651,-1.714798,0.165514,0.113329,-0.544727,-0.01005,-0.287682
2013-04,-1.049822,-0.916291,-1.560648,-1.171183,-3.218876,-0.916291,-0.867501,-1.108663,-1.203973,-1.171183,-1.021651,-0.867501,-1.07881,-0.994252,-0.798508,-0.400478,-0.616186,-0.415515,-0.235722,-0.494296,-0.941609,-0.891598,-0.693147,-1.347074,-0.616186,-2.302585,-0.798508,-0.916291,-0.261365,-0.579818,-0.544727,-0.653926,-0.84397,-0.867501,-1.108663,-1.272966,-0.776529,-0.84397,-0.891598,-1.07881,-0.994252,-0.798508,-1.021651,-1.714798,0.165514,0.113329,-0.544727,-0.01005,-0.287682
2013-05,-1.049822,-0.916291,-1.560648,-1.171183,-3.218876,-0.916291,-0.867501,-1.108663,-1.203973,-1.171183,-1.021651,-0.867501,-1.07881,-0.994252,-0.798508,-0.400478,-0.616186,-0.415515,-0.235722,-0.494296,-0.941609,-0.891598,-0.693147,-1.347074,-0.616186,-2.302585,-0.798508,-0.916291,-0.261365,-0.579818,-0.544727,-0.653926,-0.84397,-0.867501,-1.108663,-1.272966,-0.776529,-0.84397,-0.891598,-1.07881,-0.994252,-0.798508,-1.021651,-1.714798,0.165514,0.113329,-0.544727,-0.01005,-0.287682
2013-06,-1.049822,-0.916291,-1.560648,-1.171183,-3.218876,-0.916291,-0.867501,-1.108663,-1.203973,-1.171183,-1.021651,-0.867501,-1.07881,-0.994252,-0.798508,-0.400478,-0.616186,-0.415515,-0.235722,-0.494296,-0.941609,-0.891598,-0.693147,-1.347074,-0.616186,-2.302585,-0.798508,-0.916291,-0.261365,-0.579818,-0.544727,-0.653926,-0.84397,-0.867501,-1.108663,-1.272966,-0.776529,-0.84397,-0.891598,-1.07881,-0.994252,-0.798508,-1.021651,-1.714798,0.165514,0.113329,-0.544727,-0.01005,-0.287682
2013-07,-1.049822,-0.916291,-1.560648,-1.171183,-3.218876,-0.916291,-0.867501,-1.108663,-1.203973,-1.171183,-1.021651,-0.867501,-1.07881,-0.994252,-0.798508,-0.400478,-0.616186,-0.415515,-0.235722,-0.494296,-0.941609,-0.891598,-0.693147,-1.347074,-0.616186,-2.302585,-0.798508,-0.916291,-0.261365,-0.579818,-0.544727,-0.653926,-0.84397,-0.867501,-1.108663,-1.272966,-0.776529,-0.84397,-0.891598,-1.07881,-0.994252,-0.798508,-1.021651,-1.714798,0.165514,0.113329,-0.544727,-0.01005,-0.287682
2013-08,-1.049822,-0.916291,-1.560648,-1.171183,-3.218876,-0.916291,-0.867501,-1.108663,-1.203973,-1.171183,-1.021651,-0.867501,-1.07881,-0.994252,-0.798508,-0.400478,-0.616186,-0.415515,-0.235722,-0.494296,-0.941609,-0.891598,-0.693147,-1.347074,-0.616186,-2.302585,-0.798508,-0.916291,-0.261365,-0.579818,-0.544727,-0.653926,-0.84397,-0.867501,-1.108663,-1.272966,-0.776529,-0.84397,-0.891598,-1.07881,-0.994252,-0.798508,-1.021651,-1.714798,0.165514,0.113329,-0.544727,-0.01005,-0.287682
2013-09,-1.049822,-0.916291,-1.560648,-1.171183,-3.218876,-0.916291,-0.867501,-1.108663,-1.203973,-1.171183,-1.021651,-0.867501,-1.07881,-0.994252,-0.798508,-0.400478,-0.616186,-0.415515,-0.235722,-0.494296,-0.941609,-0.891598,-0.693147,-1.347074,-0.616186,-2.302585,-0.798508,-0.916291,-0.261365,-0.579818,-0.544727,-0.653926,-0.84397,-0.867501,-1.108663,-1.272966,-0.776529,-0.84397,-0.891598,-1.07881,-0.994252,-0.798508,-1.021651,-1.714798,0.165514,0.113329,-0.544727,-0.01005,-0.287682
2013-10,-1.049822,-0.916291,-1.560648,-1.171183,-3.218876,-0.916291,-0.867501,-1.108663,-1.203973,-1.171183,-1.021651,-0.867501,-1.07881,-0.994252,-0.798508,-0.400478,-0.616186,-0.415515,-0.235722,-0.494296,-0.941609,-0.891598,-0.693147,-1.347074,-0.616186,-2.302585,-0.798508,-0.916291,-0.261365,-0.579818,-0.544727,-0.653926,-0.84397,-0.867501,-1.108663,-1.272966,-0.776529,-0.84397,-0.891598,-1.07881,-0.994252,-0.798508,-1.021651,-1.714798,0.165514,0.113329,-0.544727,-0.01005,-0.287682
2013-11,-1.049822,-0.916291,-1.560648,-1.171183,-3.218876,-0.916291,-0.867501,-1.108663,-1.203973,-1.171183,-1.021651,-0.867501,-1.07881,-0.994252,-0.798508,-0.400478,-0.616186,-0.415515,-0.235722,-0.494296,-0.941609,-0.891598,-0.693147,-1.347074,-0.616186,-2.302585,-0.798508,-0.916291,-0.261365,-0.579818,-0.544727,-0.653926,-0.84397,-0.867501,-1.108663,-1.272966,-0.776529,-0.84397,-0.891598,-1.07881,-0.994252,-0.798508,-1.021651,-1.714798,0.165514,0.113329,-0.544727,-0.01005,-0.287682
2013-12,-1.049822,-0.916291,-1.560648,-1.171183,-3.218876,-0.916291,-0.867501,-1.108663,-1.203973,-1.171183,-1.021651,-0.867501,-1.07881,-0.994252,-0.798508,-0.400478,-0.616186,-0.415515,-0.235722,-0.494296,-0.941609,-0.891598,-0.693147,-1.347074,-0.616186,-2.302585,-0.798508,-0.916291,-0.261365,-0.579818,-0.544727,-0.653926,-0.84397,-0.867501,-1.108663,-1.272966,-0.776529,-0.84397,-0.891598,-1.07881,-0.994252,-0.798508,-1.021651,-1.714798,0.165514,0.113329,-0.544727,-0.01005,-0.287682
2014-01,-1.309333,-0.867501,-1.609438,-1.203973,-4.60517,-1.049822,-1.237874,-0.616186,-1.309333,-1.203973,-1.272966,-0.967584,-1.171183,-1.108663,-1.203973,-0.71335,-0.941609,-0.653926,-0.287682,-0.579818,-0.941609,-1.049822,-0.967584,-1.272966,-0.755023,-2.813411,-0.510826,-0.916291,-0.150823,-0.544727,-0.462035,-0.916291,-0.84397,-1.049822,-0.693147,-1.309333,-1.021651,-0.941609,-0.994252,-1.171183,-1.049822,-0.867501,-1.171183,-1.714798,-0.040822,0.086178,-0.941609,-0.18633,-0.314711
2014-02,-1.309333,-0.867501,-1.609438,-1.203973,-4.60517,-1.049822,-1.237874,-0.616186,-1.309333,-1.203973,-1.272966,-0.967584,-1.171183,-1.108663,-1.203973,-0.71335,-0.941609,-0.653926,-0.287682,-0.579818,-0.941609,-1.049822,-0.967584,-1.272966,-0.755023,-2.813411,-0.510826,-0.916291,-0.150823,-0.544727,-0.462035,-0.916291,-0.84397,-1.049822,-0.693147,-1.309333,-1.021651,-0.941609,-0.994252,-1.171183,-1.049822,-0.867501,-1.171183,-1.714798,-0.040822,0.086178,-0.941609,-0.18633,-0.314711
2014-03,-1.309333,-0.867501,-1.609438,-1.203973,-4.60517,-1.049822,-1.237874,-0.616186,-1.309333,-1.203973,-1.272966,-0.967584,-1.171183,-1.108663,-1.203973,-0.71335,-0.941609,-0.653926,-0.287682,-0.579818,-0.941609,-1.049822,-0.967584,-1.272966,-0.755023,-2.813411,-0.510826,-0.916291,-0.150823,-0.544727,-0.462035,-0.916291,-0.84397,-1.049822,-0.693147,-1.309333,-1.021651,-0.941609,-0.994252,-1.171183,-1.049822,-0.867501,-1.171183,-1.714798,-0.040822,0.086178,-0.941609,-0.18633,-0.314711
2014-04,-1.309333,-0.867501,-1.609438,-1.203973,-4.60517,-1.049822,-1.237874,-0.616186,-1.309333,-1.203973,-1.272966,-0.967584,-1.171183,-1.108663,-1.203973,-0.71335,-0.941609,-0.653926,-0.287682,-0.579818,-0.941609,-1.049822,-0.967584,-1.272966,-0.755023,-2.813411,-0.510826,-0.916291,-0.150823,-0.544727,-0.462035,-0.916291,-0.84397,-1.049822,-0.693147,-1.309333,-1.021651,-0.941609,-0.994252,-1.171183,-1.049822,-0.867501,-1.171183,-1.714798,-0.040822,0.086178,-0.941609,-0.18633,-0.314711
2014-05,-1.309333,-0.867501,-1.609438,-1.203973,-4.60517,-1.049822,-1.237874,-0.616186,-1.309333,-1.203973,-1.272966,-0.967584,-1.171183,-1.108663,-1.203973,-0.71335,-0.941609,-0.653926,-0.287682,-0.579818,-0.941609,-1.049822,-0.967584,-1.272966,-0.755023,-2.813411,-0.510826,-0.916291,-0.150823,-0.544727,-0.462035,-0.916291,-0.84397,-1.049822,-0.693147,-1.309333,-1.021651,-0.941609,-0.994252,-1.171183,-1.049822,-0.867501,-1.171183,-1.714798,-0.040822,0.086178,-0.941609,-0.18633,-0.314711
2014-06,-1.309333,-0.867501,-1.609438,-1.203973,-4.60517,-1.049822,-1.237874,-0.616186,-1.309333,-1.203973,-1.272966,-0.967584,-1.171183,-1.108663,-1.203973,-0.71335,-0.941609,-0.653926,-0.287682,-0.579818,-0.941609,-1.049822,-0.967584,-1.272966,-0.755023,-2.813411,-0.510826,-0.916291,-0.150823,-0.544727,-0.462035,-0.916291,-0.84397,-1.049822,-0.693147,-1.309333,-1.021651,-0.941609,-0.994252,-1.171183,-1.049822,-0.867501,-1.171183,-1.714798,-0.040822,0.086178,-0.941609,-0.18633,-0.314711
2014-07,-1.309333,-0.867501,-1.609438,-1.203973,-4.60517,-1.049822,-1.237874,-0.616186,-1.309333,-1.203973,-1.272966,-0.967584,-1.171183,-1.108663,-1.203973,-0.71335,-0.941609,-0.653926,-0.287682,-0.579818,-0.941609,-1.049822,-0.967584,-1.272966,-0.755023,-2.813411,-0.510826,-0.916291,-0.150823,-0.544727,-0.462035,-0.916291,-0.84397,-1.049822,-0.693147,-1.309333,-1.021651,-0.941609,-0.994252,-1.171183,-1.049822,-0.867501,-1.171183,-1.714798,-0.040822,0.086178,-0.941609,-0.18633,-0.314711
2014-08,-1.309333,-0.867501,-1.609438,-1.203973,-4.60517,-1.049822,-1.237874,-0.616186,-1.309333,-1.203973,-1.272966,-0.967584,-1.171183,-1.108663,-1.203973,-0.71335,-0.941609,-0.653926,-0.287682,-0.579818,-0.941609,-1.049822,-0.967584,-1.272966,-0.755023,-2.813411,-0.510826,-0.916291,-0.150823,-0.544727,-0.462035,-0.916291,-0.84397,-1.049822,-0.693147,-1.309333,-1.021651,-0.941609,-0.994252,-1.171183,-1.049822,-0.867501,-1.171183,-1.714798,-0.040822,0.086178,-0.941609,-0.18633,-0.314711
2014-09,-1.309333,-0.867501,-1.609438,-1.203973,-4.60517,-1.049822,-1.237874,-0.616186,-1.309333,-1.203973,-1.272966,-0.967584,-1.171183,-1.108663,-1.203973,-0.71335,-0.941609,-0.653926,-0.287682,-0.579818,-0.941609,-1.049822,-0.967584,-1.272966,-0.755023,-2.813411,-0.510826,-0.916291,-0.150823,-0.544727,-0.462035,-0.916291,-0.84397,-1.049822,-0.693147,-1.309333,-1.021651,-0.941609,-0.994252,-1.171183,-1.049822,-0.867501,-1.171183,-1.714798,-0.040822,0.086178,-0.941609,-0.18633,-0.314711
2014-10,-1.309333,-0.867501,-1.609438,-1.203973,-4.60517,-1.049822,-1.237874,-0.616186,-1.309333,-1.203973,-1.272966,-0.967584,-1.171183,-1.108663,-1.203973,-0.71335,-0.941609,-0.653926,-0.287682,-0.579818,-0.941609,-1.049822,-0.967584,-1.272966,-0.755023,-2.813411,-0.510826,-0.916291,-0.150823,-0.544727,-0.462035,-0.916291,-0.84397,-1.049822,-0.693147,-1.309333,-1.021651,-0.941609,-0.994252,-1.171183,-1.049822,-0.867501,-1.171183,-1.714798,-0.040822,0.086178,-0.941609,-0.18633,-0.314711
2014-11,-1.309333,-0.867501,-1.609438,-1.203973,-4.60517,-1.049822,-1.237874,-0.616186,-1.309333,-1.203973,-1.272966,-0.967584,-1.171183,-1.108663,-1.203973,-0.71335,-0.941609,-0.653926,-0.287682,-0.579818,-0.941609,-1.049822,-0.967584,-1.272966,-0.755023,-2.813411,-0.510826,-0.916291,-0.150823,-0.544727,-0.462035,-0.916291,-0.84397,-1.049822,-0.693147,-1.309333,-1.021651,-0.941609,-0.994252,-1.171183,-1.049822,-0.867501,-1.171183,-1.714798,-0.040822,0.086178,-0.941609,-0.18633,-0.314711
2014-12,-1.309333,-0.867501,-1.609438,-1.203973,-4.60517,-1.049822,-1.237874,-0.616186,-1.309333,-1.203973,-1.272966,-0.967584,-1.171183,-1.108663,-1.203973,-0.71335,-0.941609,-0.653926,-0.287682,-0.579818,-0.941609,-1.049822,-0.967584,-1.272966,-0.755023,-2.813411,-0.510826,-0.916291,-0.150823,-0.544727,-0.462035,-0.916291,-0.84397,-1.049822,-0.693147,-1.309333,-1.021651,-0.941609,-0.994252,-1.171183,-1.049822,-0.867501,-1.171183,-1.714798,-0.040822,0.086178,-0.941609,-0.18633,-0.314711
2015-01,-1.469676,-1.049822,-1.714798,-1.427116,,-1.347074,-1.832581,-0.174353,-1.427116,-1.427116,-1.427116,-1.171183,-1.469676,-1.171183,-1.427116,-1.108663,-1.108663,-0.693147,-0.527633,-0.967584,-1.049822,-1.347074,-0.967584,-1.347074,-1.021651,-1.966113,-0.01005,-0.776529,-0.116534,-0.673345,-0.562119,-1.108663,-1.139434,-1.347074,-0.820981,-1.469676,-1.108663,-1.139434,-1.309333,-1.237874,-1.203973,-1.203973,-1.386294,-1.832581,-0.287682,-0.235722,-1.108663,-0.527633,-0.446287
2015-02,-1.469676,-1.049822,-1.714798,-1.427116,,-1.347074,-1.832581,-0.174353,-1.427116,-1.427116,-1.427116,-1.171183,-1.469676,-1.171183,-1.427116,-1.108663,-1.108663,-0.693147,-0.527633,-0.967584,-1.049822,-1.347074,-0.967584,-1.347074,-1.021651,-1.966113,-0.01005,-0.776529,-0.116534,-0.673345,-0.562119,-1.108663,-1.139434,-1.347074,-0.820981,-1.469676,-1.108663,-1.139434,-1.309333,-1.237874,-1.203973,-1.203973,-1.386294,-1.832581,-0.287682,-0.235722,-1.108663,-0.527633,-0.446287
2015-03,-1.469676,-1.049822,-1.714798,-1.427116,,-1.347074,-1.832581,-0.174353,-1.427116,-1.427116,-1.427116,-1.171183,-1.469676,-1.171183,-1.427116,-1.108663,-1.108663,-0.693147,-0.527633,-0.967584,-1.049822,-1.347074,-0.967584,-1.347074,-1.021651,-1.966113,-0.01005,-0.776529,-0.116534,-0.673345,-0.562119,-1.108663,-1.139434,-1.347074,-0.820981,-1.469676,-1.108663,-1.139434,-1.309333,-1.237874,-1.203973,-1.203973,-1.386294,-1.832581,-0.287682,-0.235722,-1.108663,-0.527633,-0.446287
2015-04,-1.469676,-1.049822,-1.714798,-1.427116,,-1.347074,-1.832581,-0.174353,-1.427116,-1.427116,-1.427116,-1.171183,-1.469676,-1.171183,-1.427116,-1.108663,-1.108663,-0.693147,-0.527633,-0.967584,-1.049822,-1.347074,-0.967584,-1.347074,-1.021651,-1.966113,-0.01005,-0.776529,-0.116534,-0.673345,-0.562119,-1.108663,-1.139434,-1.347074,-0.820981,-1.469676,-1.108663,-1.139434,-1.309333,-1.237874,-1.203973,-1.203973,-1.386294,-1.832581,-0.287682,-0.235722,-1.108663,-0.527633,-0.446287
2015-05,-1.469676,-1.049822,-1.714798,-1.427116,,-1.347074,-1.832581,-0.174353,-1.427116,-1.427116,-1.427116,-1.171183,-1.469676,-1.171183,-1.427116,-1.108663,-1.108663,-0.693147,-0.527633,-0.967584,-1.049822,-1.347074,-0.967584,-1.347074,-1.021651,-1.966113,-0.01005,-0.776529,-0.116534,-0.673345,-0.562119,-1.108663,-1.139434,-1.347074,-0.820981,-1.469676,-1.108663,-1.139434,-1.309333,-1.237874,-1.203973,-1.203973,-1.386294,-1.832581,-0.287682,-0.235722,-1.108663,-0.527633,-0.446287
2015-06,-1.469676,-1.049822,-1.714798,-1.427116,,-1.347074,-1.832581,-0.174353,-1.427116,-1.427116,-1.427116,-1.171183,-1.469676,-1.171183,-1.427116,-1.108663,-1.108663,-0.693147,-0.527633,-0.967584,-1.049822,-1.347074,-0.967584,-1.347074,-1.021651,-1.966113,-0.01005,-0.776529,-0.116534,-0.673345,-0.562119,-1.108663,-1.139434,-1.347074,-0.820981,-1.469676,-1.108663,-1.139434,-1.309333,-1.237874,-1.203973,-1.203973,-1.386294,-1.832581,-0.287682,-0.235722,-1.108663,-0.527633,-0.446287
2015-07,-1.469676,-1.049822,-1.714798,-1.427116,,-1.347074,-1.832581,-0.174353,-1.427116,-1.427116,-1.427116,-1.171183,-1.469676,-1.171183,-1.427116,-1.108663,-1.108663,-0.693147,-0.527633,-0.967584,-1.049822,-1.347074,-0.967584,-1.347074,-1.021651,-1.966113,-0.01005,-0.776529,-0.116534,-0.673345,-0.562119,-1.108663,-1.139434,-1.347074,-0.820981,-1.469676,-1.108663,-1.139434,-1.309333,-1.237874,-1.203973,-1.203973,-1.386294,-1.832581,-0.287682,-0.235722,-1.108663,-0.527633,-0.446287
2015-08,-1.469676,-1.049822,-1.714798,-1.427116,,-1.347074,-1.832581,-0.174353,-1.427116,-1.427116,-1.427116,-1.171183,-1.469676,-1.171183,-1.427116,-1.108663,-1.108663,-0.693147,-0.527633,-0.967584,-1.049822,-1.347074,-0.967584,-1.347074,-1.021651,-1.966113,-0.01005,-0.776529,-0.116534,-0.673345,-0.562119,-1.108663,-1.139434,-1.347074,-0.820981,-1.469676,-1.108663,-1.139434,-1.309333,-1.237874,-1.203973,-1.203973,-1.386294,-1.832581,-0.287682,-0.235722,-1.108663,-0.527633,-0.446287
2015-09,-1.469676,-1.049822,-1.714798,-1.427116,,-1.347074,-1.832581,-0.174353,-1.427116,-1.427116,-1.427116,-1.171183,-1.469676,-1.171183,-1.427116,-1.108663,-1.108663,-0.693147,-0.527633,-0.967584,-1.049822,-1.347074,-0.967584,-1.347074,-1.021651,-1.966113,-0.01005,-0.776529,-0.116534,-0.673345,-0.562119,-1.108663,-1.139434,-1.347074,-0.820981,-1.469676,-1.108663,-1.139434,-1.309333,-1.237874,-1.203973,-1.203973,-1.386294,-1.832581,-0.287682,-0.235722,-1.108663,-0.527633,-0.446287
2015-10,-1.469676,-1.049822,-1.714798,-1.427116,,-1.347074,-1.832581,-0.174353,-1.427116,-1.427116,-1.427116,-1.171183,-1.469676,-1.171183,-1.427116,-1.108663,-1.108663,-0.693147,-0.527633,-0.967584,-1.049822,-1.347074,-0.967584,-1.347074,-1.021651,-1.966113,-0.01005,-0.776529,-0.116534,-0.673345,-0.562119,-1.108663,-1.139434,-1.347074,-0.820981,-1.469676,-1.108663,-1.139434,-1.309333,-1.237874,-1.203973,-1.203973,-1.386294,-1.832581,-0.287682,-0.235722,-1.108663,-0.527633,-0.446287
2015-11,-1.469676,-1.049822,-1.714798,-1.427116,,-1.347074,-1.832581,-0.174353,-1.427116,-1.427116,-1.427116,-1.171183,-1.469676,-1.171183,-1.427116,-1.108663,-1.108663,-0.693147,-0.527633,-0.967584,-1.049822,-1.347074,-0.967584,-1.347074,-1.021651,-1.966113,-0.01005,-0.776529,-0.116534,-0.673345,-0.562119,-1.108663,-1.139434,-1.347074,-0.820981,-1.469676,-1.108663,-1.139434,-1.309333,-1.237874,-1.203973,-1.203973,-1.386294,-1.832581,-0.287682,-0.235722,-1.108663,-0.527633,-0.446287
2015-12,-1.469676,-1.049822,-1.714798,-1.427116,,-1.347074,-1.832581,-0.174353,-1.427116,-1.427116,-1.427116,-1.171183,-1.469676,-1.171183,-1.427116,-1.108663,-1.108663,-0.693147,-0.527633,-0.967584,-1.049822,-1.347074,-0.967584,-1.347074,-1.021651,-1.966113,-0.01005,-0.776529,-0.116534,-0.673345,-0.562119,-1.108663,-1.139434,-1.347074,-0.820981,-1.469676,-1.108663,-1.139434,-1.309333,-1.237874,-1.203973,-1.203973,-1.386294,-1.832581,-0.287682,-0.235722,-1.108663,-0.527633,-0.446287
2016-01,-1.89712,-1.203973,-1.832581,-1.660731,,-1.309333,-1.771957,-0.150823,-1.514128,-1.514128,-1.469676,-1.386294,-1.660731,-1.347074,-1.609438,-1.272966,-1.07881,-0.562119,-0.544727,-0.261365,-1.07881,-1.272966,-1.07881,-1.469676,-1.049822,-2.302585,0.10436,-0.776529,0.139762,-0.510826,-0.693147,-1.272966,-1.272966,-1.427116,-1.049822,-1.386294,-1.347074,-1.203973,-1.660731,-1.386294,-1.469676,-1.237874,-1.514128,-2.040221,-0.328504,-0.248461,-1.07881,-0.616186,-0.527633
2016-02,-1.89712,-1.203973,-1.832581,-1.660731,,-1.309333,-1.771957,-0.150823,-1.514128,-1.514128,-1.469676,-1.386294,-1.660731,-1.347074,-1.609438,-1.272966,-1.07881,-0.562119,-0.544727,-0.261365,-1.07881,-1.272966,-1.07881,-1.469676,-1.049822,-2.302585,0.10436,-0.776529,0.139762,-0.510826,-0.693147,-1.272966,-1.272966,-1.427116,-1.049822,-1.386294,-1.347074,-1.203973,-1.660731,-1.386294,-1.469676,-1.237874,-1.514128,-2.040221,-0.328504,-0.248461,-1.07881,-0.616186,-0.527633
2016-03,-1.89712,-1.203973,-1.832581,-1.660731,,-1.309333,-1.771957,-0.150823,-1.514128,-1.514128,-1.469676,-1.386294,-1.660731,-1.347074,-1.609438,-1.272966,-1.07881,-0.562119,-0.544727,-0.261365,-1.07881,-1.272966,-1.07881,-1.469676,-1.049822,-2.302585,0.10436,-0.776529,0.139762,-0.510826,-0.693147,-1.272966,-1.272966,-1.427116,-1.049822,-1.386294,-1.347074,-1.203973,-1.660731,-1.386294,-1.469676,-1.237874,-1.514128,-2.040221,-0.328504,-0.248461,-1.07881,-0.616186,-0.527633
2016-04,-1.89712,-1.203973,-1.832581,-1.660731,,-1.309333,-1.771957,-0.150823,-1.514128,-1.514128,-1.469676,-1.386294,-1.660731,-1.347074,-1.609438,-1.272966,-1.07881,-0.562119,-0.544727,-0.261365,-1.07881,-1.272966,-1.07881,-1.469676,-1.049822,-2.302585,0.10436,-0.776529,0.139762,-0.510826,-0.693147,-1.272966,-1.272966,-1.427116,-1.049822,-1.386294,-1.347074,-1.203973,-1.660731,-1.386294,-1.469676,-1.237874,-1.514128,-2.040221,-0.328504,-0.248461,-1.07881,-0.616186,-0.527633
2016-05,-1.89712,-1.203973,-1.832581,-1.660731,,-1.309333,-1.771957,-0.150823,-1.514128,-1.514128,-1.469676,-1.386294,-1.660731,-1.347074,-1.609438,-1.272966,-1.07881,-0.562119,-0.544727,-0.261365,-1.07881,-1.272966,-1.07881,-1.469676,-1.049822,-2.302585,0.10436,-0.776529,0.139762,-0.510826,-0.693147,-1.272966,-1.272966,-1.427116,-1.049822,-1.386294,-1.347074,-1.203973,-1.660731,-1.386294,-1.469676,-1.237874,-1.514128,-2.040221,-0.328504,-0.248461,-1.07881,-0.616186,-0.527633
2016-06,-1.89712,-1.203973,-1.832581,-1.660731,,-1.309333,-1.771957,-0.150823,-1.514128,-1.514128,-1.469676,-1.386294,-1.660731,-1.347074,-1.609438,-1.272966,-1.07881,-0.562119,-0.544727,-0.261365,-1.07881,-1.272966,-1.07881,-1.469676,-1.049822,-2.302585,0.10436,-0.776529,0.139762,-0.510826,-0.693147,-1.272966,-1.272966,-1.427116,-1.049822,-1.386294,-1.347074,-1.203973,-1.660731,-1.386294,-1.469676,-1.237874,-1.514128,-2.040221,-0.328504,-0.248461,-1.07881,-0.616186,-0.527633
2016-07,-1.89712,-1.203973,-1.832581,-1.660731,,-1.309333,-1.771957,-0.150823,-1.514128,-1.514128,-1.469676,-1.386294,-1.660731,-1.347074,-1.609438,-1.272966,-1.07881,-0.562119,-0.544727,-0.261365,-1.07881,-1.272966,-1.07881,-1.469676,-1.049822,-2.302585,0.10436,-0.776529,0.139762,-0.510826,-0.693147,-1.272966,-1.272966,-1.427116,-1.049822,-1.386294,-1.347074,-1.203973,-1.660731,-1.386294,-1.469676,-1.237874,-1.514128,-2.040221,-0.328504,-0.248461,-1.07881,-0.616186,-0.527633
2016-08,-1.89712,-1.203973,-1.832581,-1.660731,,-1.309333,-1.771957,-0.150823,-1.514128,-1.514128,-1.469676,-1.386294,-1.660731,-1.347074,-1.609438,-1.272966,-1.07881,-0.562119,-0.544727,-0.261365,-1.07881,-1.272966,-1.07881,-1.469676,-1.049822,-2.302585,0.10436,-0.776529,0.139762,-0.510826,-0.693147,-1.272966,-1.272966,-1.427116,-1.049822,-1.386294,-1.347074,-1.203973,-1.660731,-1.386294,-1.469676,-1.237874,-1.514128,-2.040221,-0.328504,-0.248461,-1.07881,-0.616186,-0.527633
2016-09,-1.89712,-1.203973,-1.832581,-1.660731,,-1.309333,-1.771957,-0.150823,-1.514128,-1.514128,-1.469676,-1.386294,-1.660731,-1.347074,-1.609438,-1.272966,-1.07881,-0.562119,-0.544727,-0.261365,-1.07881,-1.272966,-1.07881,-1.469676,-1.049822,-2.302585,0.10436,-0.776529,0.139762,-0.510826,-0.693147,-1.272966,-1.272966,-1.427116,-1.049822,-1.386294,-1.347074,-1.203973,-1.660731,-1.386294,-1.469676,-1.237874,-1.514128,-2.040221,-0.328504,-0.248461,-1.07881,-0.616186,-0.527633
2016-10,-1.89712,-1.203973,-1.832581,-1.660731,,-1.309333,-1.771957,-0.150823,-1.514128,-1.514128,-1.469676,-1.386294,-1.660731,-1.347074,-1.609438,-1.272966,-1.07881,-0.562119,-0.544727,-0.261365,-1.07881,-1.272966,-1.07881,-1.469676,-1.049822,-2.302585,0.10436,-0.776529,0.139762,-0.510826,-0.693147,-1.272966,-1.272966,-1.427116,-1.049822,-1.386294,-1.347074,-1.203973,-1.660731,-1.386294,-1.469676,-1.237874,-1.514128,-2.040221,-0.328504,-0.248461,-1.07881,-0.616186,-0.527633
2016-11,-1.89712,-1.203973,-1.832581,-1.660731,,-1.309333,-1.771957,-0.150823,-1.514128,-1.514128,-1.469676,-1.386294,-1.660731,-1.347074,-1.609438,-1.272966,-1.07881,-0.562119,-0.544727,-0.261365,-1.07881,-1.272966,-1.07881,-1.469676,-1.049822,-2.302585,0.10436,-0.776529,0.139762,-0.510826,-0.693147,-1.272966,-1.272966,-1.427116,-1.049822,-1.386294,-1.347074,-1.203973,-1.660731,-1.386294,-1.469676,-1.237874,-1.514128,-2.040221,-0.328504,-0.248461,-1.07881,-0.616186,-0.527633
2016-12,-1.89712,-1.203973,-1.832581,-1.660731,,-1.309333,-1.771957,-0.150823,-1.514128,-1.514128,-1.469676,-1.386294,-1.660731,-1.347074,-1.609438,-1.272966,-1.07881,-0.562119,-0.544727,-0.261365,-1.07881,-1.272966,-1.07881,-1.469676,-1.049822,-2.302585,0.10436,-0.776529,0.139762,-0.510826,-0.693147,-1.272966,-1.272966,-1.427116,-1.049822,-1.386294,-1.347074,-1.203973,-1.660731,-1.386294,-1.469676,-1.237874,-1.514128,-2.040221,-0.328504,-0.248461,-1.07881,-0.616186,-0.527633
2017-01,-1.714798,-0.994252,-1.966113,-1.89712,-3.912023,-1.203973,-1.660731,-0.105361,-1.514128,-1.514128,-1.272966,-1.386294,-1.660731,-1.237874,-1.469676,-1.021651,-1.07881,-0.462035,-0.274437,-0.967584,-0.891598,-1.272966,-0.891598,-1.560648,-0.84397,-2.407946,0.207014,-0.941609,0.887891,-0.462035,-0.494296,-0.941609,-1.049822,-1.469676,-0.755023,-1.514128,-1.237874,-1.237874,-1.714798,-0.967584,-1.108663,-1.237874,-1.560648,-2.302585,-0.274437,-0.314711,-1.139434,-0.510826,-0.478036
2017-02,-1.714798,-0.994252,-1.966113,-1.89712,-3.912023,-1.203973,-1.660731,-0.105361,-1.514128,-1.514128,-1.272966,-1.386294,-1.660731,-1.237874,-1.469676,-1.021651,-1.07881,-0.462035,-0.274437,-0.967584,-0.891598,-1.272966,-0.891598,-1.560648,-0.84397,-2.407946,0.207014,-0.941609,0.887891,-0.462035,-0.494296,-0.941609,-1.049822,-1.469676,-0.755023,-1.514128,-1.237874,-1.237874,-1.714798,-0.967584,-1.108663,-1.237874,-1.560648,-2.302585,-0.274437,-0.314711,-1.139434,-0.510826,-0.478036
2017-03,-1.714798,-0.994252,-1.966113,-1.89712,-3.912023,-1.203973,-1.660731,-0.105361,-1.514128,-1.514128,-1.272966,-1.386294,-1.660731,-1.237874,-1.469676,-1.021651,-1.07881,-0.462035,-0.274437,-0.967584,-0.891598,-1.272966,-0.891598,-1.560648,-0.84397,-2.407946,0.207014,-0.941609,0.887891,-0.462035,-0.494296,-0.941609,-1.049822,-1.469676,-0.755023,-1.514128,-1.237874,-1.237874,-1.714798,-0.967584,-1.108663,-1.237874,-1.560648,-2.302585,-0.274437,-0.314711,-1.139434,-0.510826,-0.478036
2017-04,-1.714798,-0.994252,-1.966113,-1.89712,-3.912023,-1.203973,-1.660731,-0.105361,-1.514128,-1.514128,-1.272966,-1.386294,-1.660731,-1.237874,-1.469676,-1.021651,-1.07881,-0.462035,-0.274437,-0.967584,-0.891598,-1.272966,-0.891598,-1.560648,-0.84397,-2.407946,0.207014,-0.941609,0.887891,-0.462035,-0.494296,-0.941609,-1.049822,-1.469676,-0.755023,-1.514128,-1.237874,-1.237874,-1.714798,-0.967584,-1.108663,-1.237874,-1.560648,-2.302585,-0.274437,-0.314711,-1.139434,-0.510826,-0.478036
2017-05,-1.714798,-0.994252,-1.966113,-1.89712,-3.912023,-1.203973,-1.660731,-0.105361,-1.514128,-1.514128,-1.272966,-1.386294,-1.660731,-1.237874,-1.469676,-1.021651,-1.07881,-0.462035,-0.274437,-0.967584,-0.891598,-1.272966,-0.891598,-1.560648,-0.84397,-2.407946,0.207014,-0.941609,0.887891,-0.462035,-0.494296,-0.941609,-1.049822,-1.469676,-0.755023,-1.514128,-1.237874,-1.237874,-1.714798,-0.967584,-1.108663,-1.237874,-1.560648,-2.302585,-0.274437,-0.314711,-1.139434,-0.510826,-0.478036
2017-06,-1.714798,-0.994252,-1.966113,-1.89712,-3.912023,-1.203973,-1.660731,-0.105361,-1.514128,-1.514128,-1.272966,-1.386294,-1.660731,-1.237874,-1.469676,-1.021651,-1.07881,-0.462035,-0.274437,-0.967584,-0.891598,-1.272966,-0.891598,-1.560648,-0.84397,-2.407946,0.207014,-0.941609,0.887891,-0.462035,-0.494296,-0.941609,-1.049822,-1.469676,-0.755023,-1.514128,-1.237874,-1.237874,-1.714798,-0.967584,-1.108663,-1.237874,-1.560648,-2.302585,-0.274437,-0.314711,-1.139434,-0.510826,-0.478036
2017-07,-1.714798,-0.994252,-1.966113,-1.89712,-3.912023,-1.203973,-1.660731,-0.105361,-1.514128,-1.514128,-1.272966,-1.386294,-1.660731,-1.237874,-1.469676,-1.021651,-1.07881,-0.462035,-0.274437,-0.967584,-0.891598,-1.272966,-0.891598,-1.560648,-0.84397,-2.407946,0.207014,-0.941609,0.887891,-0.462035,-0.494296,-0.941609,-1.049822,-1.469676,-0.755023,-1.514128,-1.237874,-1.237874,-1.714798,-0.967584,-1.108663,-1.237874,-1.560648,-2.302585,-0.274437,-0.314711,-1.139434,-0.510826,-0.478036
2017-08,-1.714798,-0.994252,-1.966113,-1.89712,-3.912023,-1.203973,-1.660731,-0.105361,-1.514128,-1.514128,-1.272966,-1.386294,-1.660731,-1.237874,-1.469676,-1.021651,-1.07881,-0.462035,-0.274437,-0.967584,-0.891598,-1.272966,-0.891598,-1.560648,-0.84397,-2.407946,0.207014,-0.941609,0.887891,-0.462035,-0.494296,-0.941609,-1.049822,-1.469676,-0.755023,-1.514128,-1.237874,-1.237874,-1.714798,-0.967584,-1.108663,-1.237874,-1.560648,-2.302585,-0.274437,-0.314711,-1.139434,-0.510826,-0.478036
2017-09,-1.714798,-0.994252,-1.966113,-1.89712,-3.912023,-1.203973,-1.660731,-0.105361,-1.514128,-1.514128,-1.272966,-1.386294,-1.660731,-1.237874,-1.469676,-1.021651,-1.07881,-0.462035,-0.274437,-0.967584,-0.891598,-1.272966,-0.891598,-1.560648,-0.84397,-2.407946,0.207014,-0.941609,0.887891,-0.462035,-0.494296,-0.941609,-1.049822,-1.469676,-0.755023,-1.514128,-1.237874,-1.237874,-1.714798,-0.967584,-1.108663,-1.237874,-1.560648,-2.302585,-0.274437,-0.314711,-1.139434,-0.510826,-0.478036
2017-10,-1.714798,-0.994252,-1.966113,-1.89712,-3.912023,-1.203973,-1.660731,-0.105361,-1.514128,-1.514128,-1.272966,-1.386294,-1.660731,-1.237874,-1.469676,-1.021651,-1.07881,-0.462035,-0.274437,-0.967584,-0.891598,-1.272966,-0.891598,-1.560648,-0.84397,-2.407946,0.207014,-0.941609,0.887891,-0.462035,-0.494296,-0.941609,-1.049822,-1.469676,-0.755023,-1.514128,-1.237874,-1.237874,-1.714798,-0.967584,-1.108663,-1.237874,-1.560648,-2.302585,-0.274437,-0.314711,-1.139434,-0.510826,-0.478036
2017-11,-1.714798,-0.994252,-1.966113,-1.89712,-3.912023,-1.203973,-1.660731,-0.105361,-1.514128,-1.514128,-1.272966,-1.386294,-1.660731,-1.237874,-1.469676,-1.021651,-1.07881,-0.462035,-0.274437,-0.967584,-0.891598,-1.272966,-0.891598,-1.560648,-0.84397,-2.407946,0.207014,-0.941609,0.887891,-0.462035,-0.494296,-0.941609,-1.049822,-1.469676,-0.755023,-1.514128,-1.237874,-1.237874,-1.714798,-0.967584,-1.108663,-1.237874,-1.560648,-2.302585,-0.274437,-0.314711,-1.139434,-0.510826,-0.478036
2017-12,-1.714798,-0.994252,-1.966113,-1.89712,-3.912023,-1.203973,-1.660731,-0.105361,-1.514128,-1.514128,-1.272966,-1.386294,-1.660731,-1.237874,-1.469676,-1.021651,-1.07881,-0.462035,-0.274437,-0.967584,-0.891598,-1.272966,-0.891598,-1.560648,-0.84397,-2.407946,0.207014,-0.941609,0.887891,-0.462035,-0.494296,-0.941609,-1.049822,-1.469676,-0.755023,-1.514128,-1.237874,-1.237874,-1.714798,-0.967584,-1.108663,-1.237874,-1.560648,-2.302585,-0.274437,-0.314711,-1.139434,-0.510826,-0.478036
2018-01,-1.966113,-1.021651,-2.040221,-1.771957,-2.813411,-1.309333,-1.832581,-0.150823,-1.609438,-1.347074,-1.203973,-1.427116,-1.560648,-1.309333,-1.660731,-0.941609,-1.237874,-0.446287,-0.776529,-1.347074,-1.237874,-1.427116,-0.84397,-1.660731,-0.891598,-2.65926,-0.527633,-1.347074,-0.139262,-0.755023,-0.616186,-1.07881,-1.108663,-1.469676,-0.916291,-1.469676,-1.347074,-1.171183,-1.89712,-1.108663,-1.272966,-1.237874,-1.560648,-2.525729,-0.400478,-0.415515,-0.891598,-0.616186,-0.597837
2018-02,-1.966113,-1.021651,-2.040221,-1.771957,-2.813411,-1.309333,-1.832581,-0.150823,-1.609438,-1.347074,-1.203973,-1.427116,-1.560648,-1.309333,-1.660731,-0.941609,-1.237874,-0.446287,-0.776529,-1.347074,-1.237874,-1.427116,-0.84397,-1.660731,-0.891598,-2.65926,-0.527633,-1.347074,-0.139262,-0.755023,-0.616186,-1.07881,-1.108663,-1.469676,-0.916291,-1.469676,-1.347074,-1.171183,-1.89712,-1.108663,-1.272966,-1.237874,-1.560648,-2.525729,-0.400478,-0.415515,-0.891598,-0.616186,-0.597837
2018-03,-1.966113,-1.021651,-2.040221,-1.771957,-2.813411,-1.309333,-1.832581,-0.150823,-1.609438,-1.347074,-1.203973,-1.427116,-1.560648,-1.309333,-1.660731,-0.941609,-1.237874,-0.446287,-0.776529,-1.347074,-1.237874,-1.427116,-0.84397,-1.660731,-0.891598,-2.65926,-0.527633,-1.347074,-0.139262,-0.755023,-0.616186,-1.07881,-1.108663,-1.469676,-0.916291,-1.469676,-1.347074,-1.171183,-1.89712,-1.108663,-1.272966,-1.237874,-1.560648,-2.525729,-0.400478,-0.415515,-0.891598,-0.616186,-0.597837
2018-04,-1.966113,-1.021651,-2.040221,-1.771957,-2.813411,-1.309333,-1.832581,-0.150823,-1.609438,-1.347074,-1.203973,-1.427116,-1.560648,-1.309333,-1.660731,-0.941609,-1.237874,-0.446287,-0.776529,-1.347074,-1.237874,-1.427116,-0.84397,-1.660731,-0.891598,-2.65926,-0.527633,-1.347074,-0.139262,-0.755023,-0.616186,-1.07881,-1.108663,-1.469676,-0.916291,-1.469676,-1.347074,-1.171183,-1.89712,-1.108663,-1.272966,-1.237874,-1.560648,-2.525729,-0.400478,-0.415515,-0.891598,-0.616186,-0.597837
2018-05,-1.966113,-1.021651,-2.040221,-1.771957,-2.813411,-1.309333,-1.832581,-0.150823,-1.609438,-1.347074,-1.203973,-1.427116,-1.560648,-1.309333,-1.660731,-0.941609,-1.237874,-0.446287,-0.776529,-1.347074,-1.237874,-1.427116,-0.84397,-1.660731,-0.891598,-2.65926,-0.527633,-1.347074,-0.139262,-0.755023,-0.616186,-1.07881,-1.108663,-1.469676,-0.916291,-1.469676,-1.347074,-1.171183,-1.89712,-1.108663,-1.272966,-1.237874,-1.560648,-2.525729,-0.400478,-0.415515,-0.891598,-0.616186,-0.597837
2018-06,-1.966113,-1.021651,-2.040221,-1.771957,-2.813411,-1.309333,-1.832581,-0.150823,-1.609438,-1.347074,-1.203973,-1.427116,-1.560648,-1.309333,-1.660731,-0.941609,-1.237874,-0.446287,-0.776529,-1.347074,-1.237874,-1.427116,-0.84397,-1.660731,-0.891598,-2.65926,-0.527633,-1.347074,-0.139262,-0.755023,-0.616186,-1.07881,-1.108663,-1.469676,-0.916291,-1.469676,-1.347074,-1.171183,-1.89712,-1.108663,-1.272966,-1.237874,-1.560648,-2.525729,-0.400478,-0.415515,-0.891598,-0.616186,-0.597837
2018-07,-1.966113,-1.021651,-2.040221,-1.771957,-2.813411,-1.309333,-1.832581,-0.150823,-1.609438,-1.347074,-1.203973,-1.427116,-1.560648,-1.309333,-1.660731,-0.941609,-1.237874,-0.446287,-0.776529,-1.347074,-1.237874,-1.427116,-0.84397,-1.660731,-0.891598,-2.65926,-0.527633,-1.347074,-0.139262,-0.755023,-0.616186,-1.07881,-1.108663,-1.469676,-0.916291,-1.469676,-1.347074,-1.171183,-1.89712,-1.108663,-1.272966,-1.237874,-1.560648,-2.525729,-0.400478,-0.415515,-0.891598,-0.616186,-0.597837
2018-08,-1.966113,-1.021651,-2.040221,-1.771957,-2.813411,-1.309333,-1.832581,-0.150823,-1.609438,-1.347074,-1.203973,-1.427116,-1.560648,-1.309333,-1.660731,-0.941609,-1.237874,-0.446287,-0.776529,-1.347074,-1.237874,-1.427116,-0.84397,-1.660731,-0.891598,-2.65926,-0.527633,-1.347074,-0.139262,-0.755023,-0.616186,-1.07881,-1.108663,-1.469676,-0.916291,-1.469676,-1.347074,-1.171183,-1.89712,-1.108663,-1.272966,-1.237874,-1.560648,-2.525729,-0.400478,-0.415515,-0.891598,-0.616186,-0.597837
2018-09,-1.966113,-1.021651,-2.040221,-1.771957,-2.813411,-1.309333,-1.832581,-0.150823,-1.609438,-1.347074,-1.203973,-1.427116,-1.560648,-1.309333,-1.660731,-0.941609,-1.237874,-0.446287,-0.776529,-1.347074,-1.237874,-1.427116,-0.84397,-1.660731,-0.891598,-2.65926,-0.527633,-1.347074,-0.139262,-0.755023,-0.616186,-1.07881,-1.108663,-1.469676,-0.916291,-1.469676,-1.347074,-1.171183,-1.89712,-1.108663,-1.272966,-1.237874,-1.560648,-2.525729,-0.400478,-0.415515,-0.891598,-0.616186,-0.597837
2018-10,-1.966113,-1.021651,-2.040221,-1.771957,-2.813411,-1.309333,-1.832581,-0.150823,-1.609438,-1.347074,-1.203973,-1.427116,-1.560648,-1.309333,-1.660731,-0.941609,-1.237874,-0.446287,-0.776529,-1.347074,-1.237874,-1.427116,-0.84397,-1.660731,-0.891598,-2.65926,-0.527633,-1.347074,-0.139262,-0.755023,-0.616186,-1.07881,-1.108663,-1.469676,-0.916291,-1.469676,-1.347074,-1.171183,-1.89712,-1.108663,-1.272966,-1.237874,-1.560648,-2.525729,-0.400478,-0.415515,-0.891598,-0.616186,-0.597837
2018-11,-1.966113,-1.021651,-2.040221,-1.771957,-2.813411,-1.309333,-1.832581,-0.150823,-1.609438,-1.347074,-1.203973,-1.427116,-1.560648,-1.309333,-1.660731,-0.941609,-1.237874,-0.446287,-0.776529,-1.347074,-1.237874,-1.427116,-0.84397,-1.660731,-0.891598,-2.65926,-0.527633,-1.347074,-0.139262,-0.755023,-0.616186,-1.07881,-1.108663,-1.469676,-0.916291,-1.469676,-1.347074,-1.171183,-1.89712,-1.108663,-1.272966,-1.237874,-1.560648,-2.525729,-0.400478,-0.415515,-0.891598,-0.616186,-0.597837
2018-12,-1.966113,-1.021651,-2.040221,-1.771957,-2.813411,-1.309333,-1.832581,-0.150823,-1.609438,-1.347074,-1.203973,-1.427116,-1.560648,-1.309333,-1.660731,-0.941609,-1.237874,-0.446287,-0.776529,-1.347074,-1.237874,-1.427116,-0.84397,-1.660731,-0.891598,-2.65926,-0.527633,-1.347074,-0.139262,-0.755023,-0.616186,-1.07881,-1.108663,-1.469676,-0.916291,-1.469676,-1.347074,-1.171183,-1.89712,-1.108663,-1.272966,-1.237874,-1.560648,-2.525729,-0.400478,-0.415515,-0.891598,-0.616186,-0.597837
2019-01,-0.301105,-0.891598,-2.407946,-1.832581,-4.60517,-1.309333,-1.660731,-0.356675,-1.660731,-1.514128,-1.237874,-1.560648,-1.714798,-0.994252,-1.832581,-1.07881,-1.347074,-0.755023,-0.84397,-0.579818,-1.469676,-1.347074,-0.994252,-1.89712,-0.916291,-3.912023,-0.579818,-1.347074,-0.478036,-0.673345,-0.653926,-0.916291,-1.07881,-1.560648,-1.139434,-1.714798,-1.560648,-1.386294,-1.89712,-1.108663,-1.237874,-1.171183,-1.771957,-2.995732,-0.544727,-0.544727,-1.171183,-0.820981,-0.510826
2019-02,-0.301105,-0.891598,-2.407946,-1.832581,-4.60517,-1.309333,-1.660731,-0.356675,-1.660731,-1.514128,-1.237874,-1.560648,-1.714798,-0.994252,-1.832581,-1.07881,-1.347074,-0.755023,-0.84397,-0.579818,-1.469676,-1.347074,-0.994252,-1.89712,-0.916291,-3.912023,-0.579818,-1.347074,-0.478036,-0.673345,-0.653926,-0.916291,-1.07881,-1.560648,-1.139434,-1.714798,-1.560648,-1.386294,-1.89712,-1.108663,-1.237874,-1.171183,-1.771957,-2.995732,-0.544727,-0.544727,-1.171183,-0.820981,-0.510826
2019-03,-0.301105,-0.891598,-2.407946,-1.832581,-4.60517,-1.309333,-1.660731,-0.356675,-1.660731,-1.514128,-1.237874,-1.560648,-1.714798,-0.994252,-1.832581,-1.07881,-1.347074,-0.755023,-0.84397,-0.579818,-1.469676,-1.347074,-0.994252,-1.89712,-0.916291,-3.912023,-0.579818,-1.347074,-0.478036,-0.673345,-0.653926,-0.916291,-1.07881,-1.560648,-1.139434,-1.714798,-1.560648,-1.386294,-1.89712,-1.108663,-1.237874,-1.171183,-1.771957,-2.995732,-0.544727,-0.544727,-1.171183,-0.820981,-0.510826
2019-04,-0.301105,-0.891598,-2.407946,-1.832581,-4.60517,-1.309333,-1.660731,-0.356675,-1.660731,-1.514128,-1.237874,-1.560648,-1.714798,-0.994252,-1.832581,-1.07881,-1.347074,-0.755023,-0.84397,-0.579818,-1.469676,-1.347074,-0.994252,-1.89712,-0.916291,-3.912023,-0.579818,-1.347074,-0.478036,-0.673345,-0.653926,-0.916291,-1.07881,-1.560648,-1.139434,-1.714798,-1.560648,-1.386294,-1.89712,-1.108663,-1.237874,-1.171183,-1.771957,-2.995732,-0.544727,-0.544727,-1.171183,-0.820981,-0.510826
2019-05,-0.301105,-0.891598,-2.407946,-1.832581,-4.60517,-1.309333,-1.660731,-0.356675,-1.660731,-1.514128,-1.237874,-1.560648,-1.714798,-0.994252,-1.832581,-1.07881,-1.347074,-0.755023,-0.84397,-0.579818,-1.469676,-1.347074,-0.994252,-1.89712,-0.916291,-3.912023,-0.579818,-1.347074,-0.478036,-0.673345,-0.653926,-0.916291,-1.07881,-1.560648,-1.139434,-1.714798,-1.560648,-1.386294,-1.89712,-1.108663,-1.237874,-1.171183,-1.771957,-2.995732,-0.544727,-0.544727,-1.171183,-0.820981,-0.510826
2019-06,-0.301105,-0.891598,-2.407946,-1.832581,-4.60517,-1.309333,-1.660731,-0.356675,-1.660731,-1.514128,-1.237874,-1.560648,-1.714798,-0.994252,-1.832581,-1.07881,-1.347074,-0.755023,-0.84397,-0.579818,-1.469676,-1.347074,-0.994252,-1.89712,-0.916291,-3.912023,-0.579818,-1.347074,-0.478036,-0.673345,-0.653926,-0.916291,-1.07881,-1.560648,-1.139434,-1.714798,-1.560648,-1.386294,-1.89712,-1.108663,-1.237874,-1.171183,-1.771957,-2.995732,-0.544727,-0.544727,-1.171183,-0.820981,-0.510826
2019-07,-0.301105,-0.891598,-2.407946,-1.832581,-4.60517,-1.309333,-1.660731,-0.356675,-1.660731,-1.514128,-1.237874,-1.560648,-1.714798,-0.994252,-1.832581,-1.07881,-1.347074,-0.755023,-0.84397,-0.579818,-1.469676,-1.347074,-0.994252,-1.89712,-0.916291,-3.912023,-0.579818,-1.347074,-0.478036,-0.673345,-0.653926,-0.916291,-1.07881,-1.560648,-1.139434,-1.714798,-1.560648,-1.386294,-1.89712,-1.108663,-1.237874,-1.171183,-1.771957,-2.995732,-0.544727,-0.544727,-1.171183,-0.820981,-0.510826
2019-08,-0.301105,-0.891598,-2.407946,-1.832581,-4.60517,-1.309333,-1.660731,-0.356675,-1.660731,-1.514128,-1.237874,-1.560648,-1.714798,-0.994252,-1.832581,-1.07881,-1.347074,-0.755023,-0.84397,-0.579818,-1.469676,-1.347074,-0.994252,-1.89712,-0.916291,-3.912023,-0.579818,-1.347074,-0.478036,-0.673345,-0.653926,-0.916291,-1.07881,-1.560648,-1.139434,-1.714798,-1.560648,-1.386294,-1.89712,-1.108663,-1.237874,-1.171183,-1.771957,-2.995732,-0.544727,-0.544727,-1.171183,-0.820981,-0.510826
2019-09,-0.301105,-0.891598,-2.407946,-1.832581,-4.60517,-1.309333,-1.660731,-0.356675,-1.660731,-1.514128,-1.237874,-1.560648,-1.714798,-0.994252,-1.832581,-1.07881,-1.347074,-0.755023,-0.84397,-0.579818,-1.469676,-1.347074,-0.994252,-1.89712,-0.916291,-3.912023,-0.579818,-1.347074,-0.478036,-0.673345,-0.653926,-0.916291,-1.07881,-1.560648,-1.139434,-1.714798,-1.560648,-1.386294,-1.89712,-1.108663,-1.237874,-1.171183,-1.771957,-2.995732,-0.544727,-0.544727,-1.171183,-0.820981,-0.510826
2019-10,-0.301105,-0.891598,-2.407946,-1.832581,-4.60517,-1.309333,-1.660731,-0.356675,-1.660731,-1.514128,-1.237874,-1.560648,-1.714798,-0.994252,-1.832581,-1.07881,-1.347074,-0.755023,-0.84397,-0.579818,-1.469676,-1.347074,-0.994252,-1.89712,-0.916291,-3.912023,-0.579818,-1.347074,-0.478036,-0.673345,-0.653926,-0.916291,-1.07881,-1.560648,-1.139434,-1.714798,-1.560648,-1.386294,-1.89712,-1.108663,-1.237874,-1.171183,-1.771957,-2.995732,-0.544727,-0.544727,-1.171183,-0.820981,-0.510826
2019-11,-0.301105,-0.891598,-2.407946,-1.832581,-4.60517,-1.309333,-1.660731,-0.356675,-1.660731,-1.514128,-1.237874,-1.560648,-1.714798,-0.994252,-1.832581,-1.07881,-1.347074,-0.755023,-0.84397,-0.579818,-1.469676,-1.347074,-0.994252,-1.89712,-0.916291,-3.912023,-0.579818,-1.347074,-0.478036,-0.673345,-0.653926,-0.916291,-1.07881,-1.560648,-1.139434,-1.714798,-1.560648,-1.386294,-1.89712,-1.108663,-1.237874,-1.171183,-1.771957,-2.995732,-0.544727,-0.544727,-1.171183,-0.820981,-0.510826
2019-12,-0.301105,-0.891598,-2.407946,-1.832581,-4.60517,-1.309333,-1.660731,-0.356675,-1.660731,-1.514128,-1.237874,-1.560648,-1.714798,-0.994252,-1.832581,-1.07881,-1.347074,-0.755023,-0.84397,-0.579818,-1.469676,-1.347074,-0.994252,-1.89712,-0.916291,-3.912023,-0.579818,-1.347074,-0.478036,-0.673345,-0.653926,-0.916291,-1.07881,-1.560648,-1.139434,-1.714798,-1.560648,-1.386294,-1.89712,-1.108663,-1.237874,-1.171183,-1.771957,-2.995732,-0.544727,-0.544727,-1.171183,-0.820981,-0.510826
2020-01,2.905808,-0.733969,-2.407946,-1.560648,-4.60517,-1.347074,-1.660731,-0.139262,-1.609438,-1.560648,-1.469676,-1.560648,-1.771957,-0.733969,-1.609438,-0.287682,-0.891598,-0.261365,-0.371064,-0.616186,-1.203973,-1.309333,-0.673345,-1.771957,-0.916291,-2.813411,-0.446287,-0.755023,-0.261365,-0.371064,-0.597837,-0.634878,-1.049822,-1.514128,-1.237874,-1.609438,-1.514128,-1.309333,-1.771957,-0.776529,-1.171183,-0.994252,-1.714798,-3.912023,-0.356675,-0.494296,-0.798508,-0.544727,-0.494296
2020-02,2.905808,-0.733969,-2.407946,-1.560648,-4.60517,-1.347074,-1.660731,-0.139262,-1.609438,-1.560648,-1.469676,-1.560648,-1.771957,-0.733969,-1.609438,-0.287682,-0.891598,-0.261365,-0.371064,-0.616186,-1.203973,-1.309333,-0.673345,-1.771957,-0.916291,-2.813411,-0.446287,-0.755023,-0.261365,-0.371064,-0.597837,-0.634878,-1.049822,-1.514128,-1.237874,-1.609438,-1.514128,-1.309333,-1.771957,-0.776529,-1.171183,-0.994252,-1.714798,-3.912023,-0.356675,-0.494296,-0.798508,-0.544727,-0.494296
2020-03,2.905808,-0.733969,-2.407946,-1.560648,-4.60517,-1.347074,-1.660731,-0.139262,-1.609438,-1.560648,-1.469676,-1.560648,-1.771957,-0.733969,-1.609438,-0.287682,-0.891598,-0.261365,-0.371064,-0.616186,-1.203973,-1.309333,-0.673345,-1.771957,-0.916291,-2.813411,-0.446287,-0.755023,-0.261365,-0.371064,-0.597837,-0.634878,-1.049822,-1.514128,-1.237874,-1.609438,-1.514128,-1.309333,-1.771957,-0.776529,-1.171183,-0.994252,-1.714798,-3.912023,-0.356675,-0.494296,-0.798508,-0.544727,-0.494296
2020-04,2.905808,-0.733969,-2.407946,-1.560648,-4.60517,-1.347074,-1.660731,-0.139262,-1.609438,-1.560648,-1.469676,-1.560648,-1.771957,-0.733969,-1.609438,-0.287682,-0.891598,-0.261365,-0.371064,-0.616186,-1.203973,-1.309333,-0.673345,-1.771957,-0.916291,-2.813411,-0.446287,-0.755023,-0.261365,-0.371064,-0.597837,-0.634878,-1.049822,-1.514128,-1.237874,-1.609438,-1.514128,-1.309333,-1.771957,-0.776529,-1.171183,-0.994252,-1.714798,-3.912023,-0.356675,-0.494296,-0.798508,-0.544727,-0.494296
2020-05,2.905808,-0.733969,-2.407946,-1.560648,-4.60517,-1.347074,-1.660731,-0.139262,-1.609438,-1.560648,-1.469676,-1.560648,-1.771957,-0.733969,-1.609438,-0.287682,-0.891598,-0.261365,-0.371064,-0.616186,-1.203973,-1.309333,-0.673345,-1.771957,-0.916291,-2.813411,-0.446287,-0.755023,-0.261365,-0.371064,-0.597837,-0.634878,-1.049822,-1.514128,-1.237874,-1.609438,-1.514128,-1.309333,-1.771957,-0.776529,-1.171183,-0.994252,-1.714798,-3.912023,-0.356675,-0.494296,-0.798508,-0.544727,-0.494296
2020-06,2.905808,-0.733969,-2.407946,-1.560648,-4.60517,-1.347074,-1.660731,-0.139262,-1.609438,-1.560648,-1.469676,-1.560648,-1.771957,-0.733969,-1.609438,-0.287682,-0.891598,-0.261365,-0.371064,-0.616186,-1.203973,-1.309333,-0.673345,-1.771957,-0.916291,-2.813411,-0.446287,-0.755023,-0.261365,-0.371064,-0.597837,-0.634878,-1.049822,-1.514128,-1.237874,-1.609438,-1.514128,-1.309333,-1.771957,-0.776529,-1.171183,-0.994252,-1.714798,-3.912023,-0.356675,-0.494296,-0.798508,-0.544727,-0.494296
2020-07,2.905808,-0.733969,-2.407946,-1.560648,-4.60517,-1.347074,-1.660731,-0.139262,-1.609438,-1.560648,-1.469676,-1.560648,-1.771957,-0.733969,-1.609438,-0.287682,-0.891598,-0.261365,-0.371064,-0.616186,-1.203973,-1.309333,-0.673345,-1.771957,-0.916291,-2.813411,-0.446287,-0.755023,-0.261365,-0.371064,-0.597837,-0.634878,-1.049822,-1.514128,-1.237874,-1.609438,-1.514128,-1.309333,-1.771957,-0.776529,-1.171183,-0.994252,-1.714798,-3.912023,-0.356675,-0.494296,-0.798508,-0.544727,-0.494296
2020-08,2.905808,-0.733969,-2.407946,-1.560648,-4.60517,-1.347074,-1.660731,-0.139262,-1.609438,-1.560648,-1.469676,-1.560648,-1.771957,-0.733969,-1.609438,-0.287682,-0.891598,-0.261365,-0.371064,-0.616186,-1.203973,-1.309333,-0.673345,-1.771957,-0.916291,-2.813411,-0.446287,-0.755023,-0.261365,-0.371064,-0.597837,-0.634878,-1.049822,-1.514128,-1.237874,-1.609438,-1.514128,-1.309333,-1.771957,-0.776529,-1.171183,-0.994252,-1.714798,-3.912023,-0.356675,-0.494296,-0.798508,-0.544727,-0.494296
2020-09,2.905808,-0.733969,-2.407946,-1.560648,-4.60517,-1.347074,-1.660731,-0.139262,-1.609438,-1.560648,-1.469676,-1.560648,-1.771957,-0.733969,-1.609438,-0.287682,-0.891598,-0.261365,-0.371064,-0.616186,-1.203973,-1.309333,-0.673345,-1.771957,-0.916291,-2.813411,-0.446287,-0.755023,-0.261365,-0.371064,-0.597837,-0.634878,-1.049822,-1.514128,-1.237874,-1.609438,-1.514128,-1.309333,-1.771957,-0.776529,-1.171183,-0.994252,-1.714798,-3.912023,-0.356675,-0.494296,-0.798508,-0.544727,-0.494296
2020-10,2.905808,-0.733969,-2.407946,-1.560648,-4.60517,-1.347074,-1.660731,-0.139262,-1.609438,-1.560648,-1.469676,-1.560648,-1.771957,-0.733969,-1.609438,-0.287682,-0.891598,-0.261365,-0.371064,-0.616186,-1.203973,-1.309333,-0.673345,-1.771957,-0.916291,-2.813411,-0.446287,-0.755023,-0.261365,-0.371064,-0.597837,-0.634878,-1.049822,-1.514128,-1.237874,-1.609438,-1.514128,-1.309333,-1.771957,-0.776529,-1.171183,-0.994252,-1.714798,-3.912023,-0.356675,-0.494296,-0.798508,-0.544727,-0.494296
2020-11,2.905808,-0.733969,-2.407946,-1.560648,-4.60517,-1.347074,-1.660731,-0.139262,-1.609438,-1.560648,-1.469676,-1.560648,-1.771957,-0.733969,-1.609438,-0.287682,-0.891598,-0.261365,-0.371064,-0.616186,-1.203973,-1.309333,-0.673345,-1.771957,-0.916291,-2.813411,-0.446287,-0.755023,-0.261365,-0.371064,-0.597837,-0.634878,-1.049822,-1.514128,-1.237874,-1.609438,-1.514128,-1.309333,-1.771957,-0.776529,-1.171183,-0.994252,-1.714798,-3.912023,-0.356675,-0.494296,-0.798508,-0.544727,-0.494296
2020-12,2.905808,-0.733969,-2.407946,-1.560648,-4.60517,-1.347074,-1.660731,-0.139262,-1.609438,-1.560648,-1.469676,-1.560648,-1.771957,-0.733969,-1.609438,-0.287682,-0.891598,-0.261365,-0.371064,-0.616186,-1.203973,-1.309333,-0.673345,-1.771957,-0.916291,-2.813411,-0.446287,-0.755023,-0.261365,-0.371064,-0.597837,-0.634878,-1.049822,-1.514128,-1.237874,-1.609438,-1.514128,-1.309333,-1.771957,-0.776529,-1.171183,-0.994252,-1.714798,-3.912023,-0.356675,-0.494296,-0.798508,-0.544727,-0.494296
2021-01,0.019803,-0.867501,-2.407946,-1.609438,,-1.832581,-1.832581,-0.274437,-1.966113,-1.771957,-1.660731,-1.660731,-1.832581,-1.021651,-1.660731,-0.328504,-1.203973,-0.510826,-0.314711,-0.579818,-1.386294,-1.560648,-0.84397,-1.966113,-0.693147,-2.995732,-0.494296,-1.108663,0.34359,-0.415515,-0.755023,-0.84397,-1.171183,-1.427116,-1.660731,-1.771957,-1.966113,-1.560648,-1.771957,-1.021651,-1.309333,-1.237874,-1.89712,,-0.579818,-0.494296,-1.021651,-0.733969,-0.462035
2021-02,0.019803,-0.867501,-2.407946,-1.609438,,-1.832581,-1.832581,-0.274437,-1.966113,-1.771957,-1.660731,-1.660731,-1.832581,-1.021651,-1.660731,-0.328504,-1.203973,-0.510826,-0.314711,-0.579818,-1.386294,-1.560648,-0.84397,-1.966113,-0.693147,-2.995732,-0.494296,-1.108663,0.34359,-0.415515,-0.755023,-0.84397,-1.171183,-1.427116,-1.660731,-1.771957,-1.966113,-1.560648,-1.771957,-1.021651,-1.309333,-1.237874,-1.89712,,-0.579818,-0.494296,-1.021651,-0.733969,-0.462035
2021-03,0.019803,-0.867501,-2.407946,-1.609438,,-1.832581,-1.832581,-0.274437,-1.966113,-1.771957,-1.660731,-1.660731,-1.832581,-1.021651,-1.660731,-0.328504,-1.203973,-0.510826,-0.314711,-0.579818,-1.386294,-1.560648,-0.84397,-1.966113,-0.693147,-2.995732,-0.494296,-1.108663,0.34359,-0.415515,-0.755023,-0.84397,-1.171183,-1.427116,-1.660731,-1.771957,-1.966113,-1.560648,-1.771957,-1.021651,-1.309333,-1.237874,-1.89712,,-0.579818,-0.494296,-1.021651,-0.733969,-0.462035
2021-04,0.019803,-0.867501,-2.407946,-1.609438,,-1.832581,-1.832581,-0.274437,-1.966113,-1.771957,-1.660731,-1.660731,-1.832581,-1.021651,-1.660731,-0.328504,-1.203973,-0.510826,-0.314711,-0.579818,-1.386294,-1.560648,-0.84397,-1.966113,-0.693147,-2.995732,-0.494296,-1.108663,0.34359,-0.415515,-0.755023,-0.84397,-1.171183,-1.427116,-1.660731,-1.771957,-1.966113,-1.560648,-1.771957,-1.021651,-1.309333,-1.237874,-1.89712,,-0.579818,-0.494296,-1.021651,-0.733969,-0.462035
2021-05,0.019803,-0.867501,-2.407946,-1.609438,,-1.832581,-1.832581,-0.274437,-1.966113,-1.771957,-1.660731,-1.660731,-1.832581,-1.021651,-1.660731,-0.328504,-1.203973,-0.510826,-0.314711,-0.579818,-1.386294,-1.560648,-0.84397,-1.966113,-0.693147,-2.995732,-0.494296,-1.108663,0.34359,-0.415515,-0.755023,-0.84397,-1.171183,-1.427116,-1.660731,-1.771957,-1.966113,-1.560648,-1.771957,-1.021651,-1.309333,-1.237874,-1.89712,,-0.579818,-0.494296,-1.021651,-0.733969,-0.462035
2021-06,0.019803,-0.867501,-2.407946,-1.609438,,-1.832581,-1.832581,-0.274437,-1.966113,-1.771957,-1.660731,-1.660731,-1.832581,-1.021651,-1.660731,-0.328504,-1.203973,-0.510826,-0.314711,-0.579818,-1.386294,-1.560648,-0.84397,-1.966113,-0.693147,-2.995732,-0.494296,-1.108663,0.34359,-0.415515,-0.755023,-0.84397,-1.171183,-1.427116,-1.660731,-1.771957,-1.966113,-1.560648,-1.771957,-1.021651,-1.309333,-1.237874,-1.89712,,-0.579818,-0.494296,-1.021651,-0.733969,-0.462035
2021-07,0.019803,-0.867501,-2.407946,-1.609438,,-1.832581,-1.832581,-0.274437,-1.966113,-1.771957,-1.660731,-1.660731,-1.832581,-1.021651,-1.660731,-0.328504,-1.203973,-0.510826,-0.314711,-0.579818,-1.386294,-1.560648,-0.84397,-1.966113,-0.693147,-2.995732,-0.494296,-1.108663,0.34359,-0.415515,-0.755023,-0.84397,-1.171183,-1.427116,-1.660731,-1.771957,-1.966113,-1.560648,-1.771957,-1.021651,-1.309333,-1.237874,-1.89712,,-0.579818,-0.494296,-1.021651,-0.733969,-0.462035
2021-08,0.019803,-0.867501,-2.407946,-1.609438,,-1.832581,-1.832581,-0.274437,-1.966113,-1.771957,-1.660731,-1.660731,-1.832581,-1.021651,-1.660731,-0.328504,-1.203973,-0.510826,-0.314711,-0.579818,-1.386294,-1.560648,-0.84397,-1.966113,-0.693147,-2.995732,-0.494296,-1.108663,0.34359,-0.415515,-0.755023,-0.84397,-1.171183,-1.427116,-1.660731,-1.771957,-1.966113,-1.560648,-1.771957,-1.021651,-1.309333,-1.237874,-1.89712,,-0.579818,-0.494296,-1.021651,-0.733969,-0.462035
2021-09,0.019803,-0.867501,-2.407946,-1.609438,,-1.832581,-1.832581,-0.274437,-1.966113,-1.771957,-1.660731,-1.660731,-1.832581,-1.021651,-1.660731,-0.328504,-1.203973,-0.510826,-0.314711,-0.579818,-1.386294,-1.560648,-0.84397,-1.966113,-0.693147,-2.995732,-0.494296,-1.108663,0.34359,-0.415515,-0.755023,-0.84397,-1.171183,-1.427116,-1.660731,-1.771957,-1.966113,-1.560648,-1.771957,-1.021651,-1.309333,-1.237874,-1.89712,,-0.579818,-0.494296,-1.021651,-0.733969,-0.462035
2021-10,0.019803,-0.867501,-2.407946,-1.609438,,-1.832581,-1.832581,-0.274437,-1.966113,-1.771957,-1.660731,-1.660731,-1.832581,-1.021651,-1.660731,-0.328504,-1.203973,-0.510826,-0.314711,-0.579818,-1.386294,-1.560648,-0.84397,-1.966113,-0.693147,-2.995732,-0.494296,-1.108663,0.34359,-0.415515,-0.755023,-0.84397,-1.171183,-1.427116,-1.660731,-1.771957,-1.966113,-1.560648,-1.771957,-1.021651,-1.309333,-1.237874,-1.89712,,-0.579818,-0.494296,-1.021651,-0.733969,-0.462035
2021-11,0.019803,-0.867501,-2.407946,-1.609438,,-1.832581,-1.832581,-0.274437,-1.966113,-1.771957,-1.660731,-1.660731,-1.832581,-1.021651,-1.660731,-0.328504,-1.203973,-0.510826,-0.314711,-0.579818,-1.386294,-1.560648,-0.84397,-1.966113,-0.693147,-2.995732,-0.494296,-1.108663,0.34359,-0.415515,-0.755023,-0.84397,-1.171183,-1.427116,-1.660731,-1.771957,-1.966113,-1.560648,-1.771957,-1.021651,-1.309333,-1.237874,-1.89712,,-0.579818,-0.494296,-1.021651,-0.733969,-0.462035
2021-12,0.019803,-0.867501,-2.407946,-1.609438,,-1.832581,-1.832581,-0.274437,-1.966113,-1.771957,-1.660731,-1.660731,-1.832581,-1.021651,-1.660731,-0.328504,-1.203973,-0.510826,-0.314711,-0.579818,-1.386294,-1.560648,-0.84397,-1.966113,-0.693147,-2.995732,-0.494296,-1.108663,0.34359,-0.415515,-0.755023,-0.84397,-1.171183,-1.427116,-1.660731,-1.771957,-1.966113,-1.560648,-1.771957,-1.021651,-1.309333,-1.237874,-1.89712,,-0.579818,-0.494296,-1.021651,-0.733969,-0.462035
2022-01,-0.162519,-0.891598,-2.407946,-1.771957,,-2.302585,-2.302585,-0.597837,-2.120264,-2.040221,-1.469676,-1.771957,-1.771957,-1.139434,-1.89712,-0.274437,-1.309333,-0.597837,-0.510826,-0.891598,-1.714798,-1.771957,-1.89712,-1.514128,-0.562119,-2.65926,-0.755023,-1.386294,0.157004,-0.261365,-0.673345,-0.891598,-1.272966,-1.660731,-1.609438,-2.040221,-2.407946,-1.660731,-1.660731,-1.203973,-1.771957,-1.427116,-2.120264,-4.60517,-0.446287,-0.430783,-1.139434,-0.798508,-0.415515
2022-02,-0.162519,-0.891598,-2.407946,-1.771957,,-2.302585,-2.302585,-0.597837,-2.120264,-2.040221,-1.469676,-1.771957,-1.771957,-1.139434,-1.89712,-0.274437,-1.309333,-0.597837,-0.510826,-0.891598,-1.714798,-1.771957,-1.89712,-1.514128,-0.562119,-2.65926,-0.755023,-1.386294,0.157004,-0.261365,-0.673345,-0.891598,-1.272966,-1.660731,-1.609438,-2.040221,-2.407946,-1.660731,-1.660731,-1.203973,-1.771957,-1.427116,-2.120264,-4.60517,-0.446287,-0.430783,-1.139434,-0.798508,-0.415515
2022-03,-0.162519,-0.891598,-2.407946,-1.771957,,-2.302585,-2.302585,-0.597837,-2.120264,-2.040221,-1.469676,-1.771957,-1.771957,-1.139434,-1.89712,-0.274437,-1.309333,-0.597837,-0.510826,-0.891598,-1.714798,-1.771957,-1.89712,-1.514128,-0.562119,-2.65926,-0.755023,-1.386294,0.157004,-0.261365,-0.673345,-0.891598,-1.272966,-1.660731,-1.609438,-2.040221,-2.407946,-1.660731,-1.660731,-1.203973,-1.771957,-1.427116,-2.120264,-4.60517,-0.446287,-0.430783,-1.139434,-0.798508,-0.415515
2022-04,-0.162519,-0.891598,-2.407946,-1.771957,,-2.302585,-2.302585,-0.597837,-2.120264,-2.040221,-1.469676,-1.771957,-1.771957,-1.139434,-1.89712,-0.274437,-1.309333,-0.597837,-0.510826,-0.891598,-1.714798,-1.771957,-1.89712,-1.514128,-0.562119,-2.65926,-0.755023,-1.386294,0.157004,-0.261365,-0.673345,-0.891598,-1.272966,-1.660731,-1.609438,-2.040221,-2.407946,-1.660731,-1.660731,-1.203973,-1.771957,-1.427116,-2.120264,-4.60517,-0.446287,-0.430783,-1.139434,-0.798508,-0.415515
2022-05,-0.162519,-0.891598,-2.407946,-1.771957,,-2.302585,-2.302585,-0.597837,-2.120264,-2.040221,-1.469676,-1.771957,-1.771957,-1.139434,-1.89712,-0.274437,-1.309333,-0.597837,-0.510826,-0.891598,-1.714798,-1.771957,-1.89712,-1.514128,-0.562119,-2.65926,-0.755023,-1.386294,0.157004,-0.261365,-0.673345,-0.891598,-1.272966,-1.660731,-1.609438,-2.040221,-2.407946,-1.660731,-1.660731,-1.203973,-1.771957,-1.427116,-2.120264,-4.60517,-0.446287,-0.430783,-1.139434,-0.798508,-0.415515
2022-06,-0.162519,-0.891598,-2.407946,-1.771957,,-2.302585,-2.302585,-0.597837,-2.120264,-2.040221,-1.469676,-1.771957,-1.771957,-1.139434,-1.89712,-0.274437,-1.309333,-0.597837,-0.510826,-0.891598,-1.714798,-1.771957,-1.89712,-1.514128,-0.562119,-2.65926,-0.755023,-1.386294,0.157004,-0.261365,-0.673345,-0.891598,-1.272966,-1.660731,-1.609438,-2.040221,-2.407946,-1.660731,-1.660731,-1.203973,-1.771957,-1.427116,-2.120264,-4.60517,-0.446287,-0.430783,-1.139434,-0.798508,-0.415515
2022-07,-0.162519,-0.891598,-2.407946,-1.771957,,-2.302585,-2.302585,-0.597837,-2.120264,-2.040221,-1.469676,-1.771957,-1.771957,-1.139434,-1.89712,-0.274437,-1.309333,-0.597837,-0.510826,-0.891598,-1.714798,-1.771957,-1.89712,-1.514128,-0.562119,-2.65926,-0.755023,-1.386294,0.157004,-0.261365,-0.673345,-0.891598,-1.272966,-1.660731,-1.609438,-2.040221,-2.407946,-1.660731,-1.660731,-1.203973,-1.771957,-1.427116,-2.120264,-4.60517,-0.446287,-0.430783,-1.139434,-0.798508,-0.415515
2022-08,-0.162519,-0.891598,-2.407946,-1.771957,,-2.302585,-2.302585,-0.597837,-2.120264,-2.040221,-1.469676,-1.771957,-1.771957,-1.139434,-1.89712,-0.274437,-1.309333,-0.597837,-0.510826,-0.891598,-1.714798,-1.771957,-1.89712,-1.514128,-0.562119,-2.65926,-0.755023,-1.386294,0.157004,-0.261365,-0.673345,-0.891598,-1.272966,-1.660731,-1.609438,-2.040221,-2.407946,-1.660731,-1.660731,-1.203973,-1.771957,-1.427116,-2.120264,-4.60517,-0.446287,-0.430783,-1.139434,-0.798508,-0.415515
2022-09,-0.162519,-0.891598,-2.407946,-1.771957,,-2.302585,-2.302585,-0.597837,-2.120264,-2.040221,-1.469676,-1.771957,-1.771957,-1.139434,-1.89712,-0.274437,-1.309333,-0.597837,-0.510826,-0.891598,-1.714798,-1.771957,-1.89712,-1.514128,-0.562119,-2.65926,-0.755023,-1.386294,0.157004,-0.261365,-0.673345,-0.891598,-1.272966,-1.660731,-1.609438,-2.040221,-2.407946,-1.660731,-1.660731,-1.203973,-1.771957,-1.427116,-2.120264,-4.60517,-0.446287,-0.430783,-1.139434,-0.798508,-0.415515
2022-10,-0.162519,-0.891598,-2.407946,-1.771957,,-2.302585,-2.302585,-0.597837,-2.120264,-2.040221,-1.469676,-1.771957,-1.771957,-1.139434,-1.89712,-0.274437,-1.309333,-0.597837,-0.510826,-0.891598,-1.714798,-1.771957,-1.89712,-1.514128,-0.562119,-2.65926,-0.755023,-1.386294,0.157004,-0.261365,-0.673345,-0.891598,-1.272966,-1.660731,-1.609438,-2.040221,-2.407946,-1.660731,-1.660731,-1.203973,-1.771957,-1.427116,-2.120264,-4.60517,-0.446287,-0.430783,-1.139434,-0.798508,-0.415515
2022-11,-0.162519,-0.891598,-2.407946,-1.771957,,-2.302585,-2.302585,-0.597837,-2.120264,-2.040221,-1.469676,-1.771957,-1.771957,-1.139434,-1.89712,-0.274437,-1.309333,-0.597837,-0.510826,-0.891598,-1.714798,-1.771957,-1.89712,-1.514128,-0.562119,-2.65926,-0.755023,-1.386294,0.157004,-0.261365,-0.673345,-0.891598,-1.272966,-1.660731,-1.609438,-2.040221,-2.407946,-1.660731,-1.660731,-1.203973,-1.771957,-1.427116,-2.120264,-4.60517,-0.446287,-0.430783,-1.139434,-0.798508,-0.415515
2022-12,-0.162519,-0.891598,-2.407946,-1.771957,,-2.302585,-2.302585,-0.597837,-2.120264,-2.040221,-1.469676,-1.771957,-1.771957,-1.139434,-1.89712,-0.274437,-1.309333,-0.597837,-0.510826,-0.891598,-1.714798,-1.771957,-1.89712,-1.514128,-0.562119,-2.65926,-0.755023,-1.386294,0.157004,-0.261365,-0.673345,-0.891598,-1.272966,-1.660731,-1.609438,-2.040221,-2.407946,-1.660731,-1.660731,-1.203973,-1.771957,-1.427116,-2.120264,-4.60517,-0.446287,-0.430783,-1.139434,-0.798508,-0.415515
2023-01,-0.34249,-0.941609,-2.302585,-1.714798,,-1.609438,-2.207275,-0.693147,-2.207275,-2.040221,-1.07881,-1.771957,-1.771957,-1.237874,-1.966113,-0.494296,-1.469676,-0.798508,-0.634878,-1.108663,-1.832581,-1.469676,-1.966113,-1.514128,-0.693147,-2.120264,-0.776529,-1.469676,-0.274437,-0.579818,-0.776529,-0.755023,-1.514128,-1.660731,-1.771957,-2.207275,-2.525729,-1.714798,-1.660731,-1.139434,-1.771957,-1.560648,-2.207275,-3.912023,-0.634878,-0.673345,-1.237874,-1.021651,-0.462035
2023-02,-0.34249,-0.941609,-2.302585,-1.714798,,-1.609438,-2.207275,-0.693147,-2.207275,-2.040221,-1.07881,-1.771957,-1.771957,-1.237874,-1.966113,-0.494296,-1.469676,-0.798508,-0.634878,-1.108663,-1.832581,-1.469676,-1.966113,-1.514128,-0.693147,-2.120264,-0.776529,-1.469676,-0.274437,-0.579818,-0.776529,-0.755023,-1.514128,-1.660731,-1.771957,-2.207275,-2.525729,-1.714798,-1.660731,-1.139434,-1.771957,-1.560648,-2.207275,-3.912023,-0.634878,-0.673345,-1.237874,-1.021651,-0.462035
2023-03,-0.34249,-0.941609,-2.302585,-1.714798,,-1.609438,-2.207275,-0.693147,-2.207275,-2.040221,-1.07881,-1.771957,-1.771957,-1.237874,-1.966113,-0.494296,-1.469676,-0.798508,-0.634878,-1.108663,-1.832581,-1.469676,-1.966113,-1.514128,-0.693147,-2.120264,-0.776529,-1.469676,-0.274437,-0.579818,-0.776529,-0.755023,-1.514128,-1.660731,-1.771957,-2.207275,-2.525729,-1.714798,-1.660731,-1.139434,-1.771957,-1.560648,-2.207275,-3.912023,-0.634878,-0.673345,-1.237874,-1.021651,-0.462035
2023-04,-0.34249,-0.941609,-2.302585,-1.714798,,-1.609438,-2.207275,-0.693147,-2.207275,-2.040221,-1.07881,-1.771957,-1.771957,-1.237874,-1.966113,-0.494296,-1.469676,-0.798508,-0.634878,-1.108663,-1.832581,-1.469676,-1.966113,-1.514128,-0.693147,-2.120264,-0.776529,-1.469676,-0.274437,-0.579818,-0.776529,-0.755023,-1.514128,-1.660731,-1.771957,-2.207275,-2.525729,-1.714798,-1.660731,-1.139434,-1.771957,-1.560648,-2.207275,-3.912023,-0.634878,-0.673345,-1.237874,-1.021651,-0.462035
2023-05,-0.34249,-0.941609,-2.302585,-1.714798,,-1.609438,-2.207275,-0.693147,-2.207275,-2.040221,-1.07881,-1.771957,-1.771957,-1.237874,-1.966113,-0.494296,-1.469676,-0.798508,-0.634878,-1.108663,-1.832581,-1.469676,-1.966113,-1.514128,-0.693147,-2.120264,-0.776529,-1.469676,-0.274437,-0.579818,-0.776529,-0.755023,-1.514128,-1.660731,-1.771957,-2.207275,-2.525729,-1.714798,-1.660731,-1.139434,-1.771957,-1.560648,-2.207275,-3.912023,-0.634878,-0.673345,-1.237874,-1.021651,-0.462035
2023-06,-0.34249,-0.941609,-2.302585,-1.714798,,-1.609438,-2.207275,-0.693147,-2.207275,-2.040221,-1.07881,-1.771957,-1.771957,-1.237874,-1.966113,-0.494296,-1.469676,-0.798508,-0.634878,-1.108663,-1.832581,-1.469676,-1.966113,-1.514128,-0.693147,-2.120264,-0.776529,-1.469676,-0.274437,-0.579818,-0.776529,-0.755023,-1.514128,-1.660731,-1.771957,-2.207275,-2.525729,-1.714798,-1.660731,-1.139434,-1.771957,-1.560648,-2.207275,-3.912023,-0.634878,-0.673345,-1.237874,-1.021651,-0.462035
2023-07,-0.34249,-0.941609,-2.302585,-1.714798,,-1.609438,-2.207275,-0.693147,-2.207275,-2.040221,-1.07881,-1.771957,-1.771957,-1.237874,-1.966113,-0.494296,-1.469676,-0.798508,-0.634878,-1.108663,-1.832581,-1.469676,-1.966113,-1.514128,-0.693147,-2.120264,-0.776529,-1.469676,-0.274437,-0.579818,-0.776529,-0.755023,-1.514128,-1.660731,-1.771957,-2.207275,-2.525729,-1.714798,-1.660731,-1.139434,-1.771957,-1.560648,-2.207275,-3.912023,-0.634878,-0.673345,-1.237874,-1.021651,-0.462035
2023-08,-0.34249,-0.941609,-2.302585,-1.714798,,-1.609438,-2.207275,-0.693147,-2.207275,-2.040221,-1.07881,-1.771957,-1.771957,-1.237874,-1.966113,-0.494296,-1.469676,-0.798508,-0.634878,-1.108663,-1.832581,-1.469676,-1.966113,-1.514128,-0.693147,-2.120264,-0.776529,-1.469676,-0.274437,-0.579818,-0.776529,-0.755023,-1.514128,-1.660731,-1.771957,-2.207275,-2.525729,-1.714798,-1.660731,-1.139434,-1.771957,-1.560648,-2.207275,-3.912023,-0.634878,-0.673345,-1.237874,-1.021651,-0.462035
2023-09,-0.34249,-0.941609,-2.302585,-1.714798,,-1.609438,-2.207275,-0.693147,-2.207275,-2.040221,-1.07881,-1.771957,-1.771957,-1.237874,-1.966113,-0.494296,-1.469676,-0.798508,-0.634878,-1.108663,-1.832581,-1.469676,-1.966113,-1.514128,-0.693147,-2.120264,-0.776529,-1.469676,-0.274437,-0.579818,-0.776529,-0.755023,-1.514128,-1.660731,-1.771957,-2.207275,-2.525729,-1.714798,-1.660731,-1.139434,-1.771957,-1.560648,-2.207275,-3.912023,-0.634878,-0.673345,-1.237874,-1.021651,-0.462035
2023-10,-0.34249,-0.941609,-2.302585,-1.714798,,-1.609438,-2.207275,-0.693147,-2.207275,-2.040221,-1.07881,-1.771957,-1.771957,-1.237874,-1.966113,-0.494296,-1.469676,-0.798508,-0.634878,-1.108663,-1.832581,-1.469676,-1.966113,-1.514128,-0.693147,-2.120264,-0.776529,-1.469676,-0.274437,-0.579818,-0.776529,-0.755023,-1.514128,-1.660731,-1.771957,-2.207275,-2.525729,-1.714798,-1.660731,-1.139434,-1.771957,-1.560648,-2.207275,-3.912023,-0.634878,-0.673345,-1.237874,-1.021651,-0.462035
2023-11,-0.34249,-0.941609,-2.302585,-1.714798,,-1.609438,-2.207275,-0.693147,-2.207275,-2.040221,-1.07881,-1.771957,-1.771957,-1.237874,-1.966113,-0.494296,-1.469676,-0.798508,-0.634878,-1.108663,-1.832581,-1.469676,-1.966113,-1.514128,-0.693147,-2.120264,-0.776529,-1.469676,-0.274437,-0.579818,-0.776529,-0.755023,-1.514128,-1.660731,-1.771957,-2.207275,-2.525729,-1.714798,-1.660731,-1.139434,-1.771957,-1.560648,-2.207275,-3.912023,-0.634878,-0.673345,-1.237874,-1.021651,-0.462035
2023-12,-0.34249,-0.941609,-2.302585,-1.714798,,-1.609438,-2.207275,-0.693147,-2.207275,-2.040221,-1.07881,-1.771957,-1.771957,-1.237874,-1.966113,-0.494296,-1.469676,-0.798508,-0.634878,-1.108663,-1.832581,-1.469676,-1.966113,-1.514128,-0.693147,-2.120264,-0.776529,-1.469676,-0.274437,-0.579818,-0.776529,-0.755023,-1.514128,-1.660731,-1.771957,-2.207275,-2.525729,-1.714798,-1.660731,-1.139434,-1.771957,-1.560648,-2.207275,-3.912023,-0.634878,-0.673345,-1.237874,-1.021651,-0.462035
2024-01,-0.478036,-0.916291,-2.302585,-1.832581,,-0.916291,-1.660731,-0.400478,-1.771957,-1.771957,-0.994252,-1.514128,-1.714798,-1.049822,-1.514128,-0.061875,-1.07881,-0.400478,-0.430783,-0.446287,-1.660731,-1.049822,-1.021651,-1.560648,-0.673345,-2.302585,-0.616186,-1.237874,-0.356675,-0.84397,-0.755023,-0.462035,-1.237874,-1.237874,-1.427116,-1.660731,-1.966113,-1.469676,-1.427116,-0.84397,-1.469676,-1.427116,-1.89712,-4.60517,-0.446287,-1.049822,-1.07881,-0.916291,-0.527633
2024-02,-0.478036,-0.916291,-2.302585,-1.832581,,-0.916291,-1.660731,-0.400478,-1.771957,-1.771957,-0.994252,-1.514128,-1.714798,-1.049822,-1.514128,-0.061875,-1.07881,-0.400478,-0.430783,-0.446287,-1.660731,-1.049822,-1.021651,-1.560648,-0.673345,-2.302585,-0.616186,-1.237874,-0.356675,-0.84397,-0.755023,-0.462035,-1.237874,-1.237874,-1.427116,-1.660731,-1.966113,-1.469676,-1.427116,-0.84397,-1.469676,-1.427116,-1.89712,-4.60517,-0.446287,-1.049822,-1.07881,-0.916291,-0.527633
2024-03,-0.478036,-0.916291,-2.302585,-1.832581,,-0.916291,-1.660731,-0.400478,-1.771957,-1.771957,-0.994252,-1.514128,-1.714798,-1.049822,-1.514128,-0.061875,-1.07881,-0.400478,-0.430783,-0.446287,-1.660731,-1.049822,-1.021651,-1.560648,-0.673345,-2.302585,-0.616186,-1.237874,-0.356675,-0.84397,-0.755023,-0.462035,-1.237874,-1.237874,-1.427116,-1.660731,-1.966113,-1.469676,-1.427116,-0.84397,-1.469676,-1.427116,-1.89712,-4.60517,-0.446287,-1.049822,-1.07881,-0.916291,-0.527633
2024-04,-0.478036,-0.916291,-2.302585,-1.832581,,-0.916291,-1.660731,-0.400478,-1.771957,-1.771957,-0.994252,-1.514128,-1.714798,-1.049822,-1.514128,-0.061875,-1.07881,-0.400478,-0.430783,-0.446287,-1.660731,-1.049822,-1.021651,-1.560648,-0.673345,-2.302585,-0.616186,-1.237874,-0.356675,-0.84397,-0.755023,-0.462035,-1.237874,-1.237874,-1.427116,-1.660731,-1.966113,-1.469676,-1.427116,-0.84397,-1.469676,-1.427116,-1.89712,-4.60517,-0.446287,-1.049822,-1.07881,-0.916291,-0.527633
2024-05,-0.478036,-0.916291,-2.302585,-1.832581,,-0.916291,-1.660731,-0.400478,-1.771957,-1.771957,-0.994252,-1.514128,-1.714798,-1.049822,-1.514128,-0.061875,-1.07881,-0.400478,-0.430783,-0.446287,-1.660731,-1.049822,-1.021651,-1.560648,-0.673345,-2.302585,-0.616186,-1.237874,-0.356675,-0.84397,-0.755023,-0.462035,-1.237874,-1.237874,-1.427116,-1.660731,-1.966113,-1.469676,-1.427116,-0.84397,-1.469676,-1.427116,-1.89712,-4.60517,-0.446287,-1.049822,-1.07881,-0.916291,-0.527633
2024-06,-0.478036,-0.916291,-2.302585,-1.832581,,-0.916291,-1.660731,-0.400478,-1.771957,-1.771957,-0.994252,-1.514128,-1.714798,-1.049822,-1.514128,-0.061875,-1.07881,-0.400478,-0.430783,-0.446287,-1.660731,-1.049822,-1.021651,-1.560648,-0.673345,-2.302585,-0.616186,-1.237874,-0.356675,-0.84397,-0.755023,-0.462035,-1.237874,-1.237874,-1.427116,-1.660731,-1.966113,-1.469676,-1.427116,-0.84397,-1.469676,-1.427116,-1.89712,-4.60517,-0.446287,-1.049822,-1.07881,-0.916291,-0.527633
2024-07,-0.478036,-0.916291,-2.302585,-1.832581,,-0.916291,-1.660731,-0.400478,-1.771957,-1.771957,-0.994252,-1.514128,-1.714798,-1.049822,-1.514128,-0.061875,-1.07881,-0.400478,-0.430783,-0.446287,-1.660731,-1.049822,-1.021651,-1.560648,-0.673345,-2.302585,-0.616186,-1.237874,-0.356675,-0.84397,-0.755023,-0.462035,-1.237874,-1.237874,-1.427116,-1.660731,-1.966113,-1.469676,-1.427116,-0.84397,-1.469676,-1.427116,-1.89712,-4.60517,-0.446287,-1.049822,-1.07881,-0.916291,-0.527633
2024-08,-0.478036,-0.916291,-2.302585,-1.832581,,-0.916291,-1.660731,-0.400478,-1.771957,-1.771957,-0.994252,-1.514128,-1.714798,-1.049822,-1.514128,-0.061875,-1.07881,-0.400478,-0.430783,-0.446287,-1.660731,-1.049822,-1.021651,-1.560648,-0.673345,-2.302585,-0.616186,-1.237874,-0.356675,-0.84397,-0.755023,-0.462035,-1.237874,-1.237874,-1.427116,-1.660731,-1.966113,-1.469676,-1.427116,-0.84397,-1.469676,-1.427116,-1.89712,-4.60517,-0.446287,-1.049822,-1.07881,-0.916291,-0.527633
2024-09,-0.478036,-0.916291,-2.302585,-1.832581,,-0.916291,-1.660731,-0.400478,-1.771957,-1.771957,-0.994252,-1.514128,-1.714798,-1.049822,-1.514128,-0.061875,-1.07881,-0.400478,-0.430783,-0.446287,-1.660731,-1.049822,-1.021651,-1.560648,-0.673345,-2.302585,-0.616186,-1.237874,-0.356675,-0.84397,-0.755023,-0.462035,-1.237874,-1.237874,-1.427116,-1.660731,-1.966113,-1.469676,-1.427116,-0.84397,-1.469676,-1.427116,-1.89712,-4.60517,-0.446287,-1.049822,-1.07881,-0.916291,-0.527633
2024-10,-0.478036,-0.916291,-2.302585,-1.832581,,-0.916291,-1.660731,-0.400478,-1.771957,-1.771957,-0.994252,-1.514128,-1.714798,-1.049822,-1.514128,-0.061875,-1.07881,-0.400478,-0.430783,-0.446287,-1.660731,-1.049822,-1.021651,-1.560648,-0.673345,-2.302585,-0.616186,-1.237874,-0.356675,-0.84397,-0.755023,-0.462035,-1.237874,-1.237874,-1.427116,-1.660731,-1.966113,-1.469676,-1.427116,-0.84397,-1.469676,-1.427116,-1.89712,-4.60517,-0.446287,-1.049822,-1.07881,-0.916291,-0.527633
2024-11,-0.478036,-0.916291,-2.302585,-1.832581,,-0.916291,-1.660731,-0.400478,-1.771957,-1.771957,-0.994252,-1.514128,-1.714798,-1.049822,-1.514128,-0.061875,-1.07881,-0.400478,-0.430783,-0.446287,-1.660731,-1.049822,-1.021651,-1.560648,-0.673345,-2.302585,-0.616186,-1.237874,-0.356675,-0.84397,-0.755023,-0.462035,-1.237874,-1.237874,-1.427116,-1.660731,-1.966113,-1.469676,-1.427116,-0.84397,-1.469676,-1.427116,-1.89712,-4.60517,-0.446287,-1.049822,-1.07881,-0.916291,-0.527633
2024-12,-0.478036,-0.916291,-2.302585,-1.832581,,-0.916291,-1.660731,-0.400478,-1.771957,-1.771957,-0.994252,-1.514128,-1.714798,-1.049822,-1.514128,-0.061875,-1.07881,-0.400478,-0.430783,-0.446287,-1.660731,-1.049822,-1.021651,-1.560648,-0.673345,-2.302585,-0.616186,-1.237874,-0.356675,-0.84397,-0.755023,-0.462035,-1.237874,-1.237874,-1.427116,-1.660731,-1.966113,-1.469676,-1.427116,-0.84397,-1.469676,-1.427116,-1.89712,-4.60517,-0.446287,-1.049822,-1.07881,-0.916291,-0.527633
2025-01,-0.287682,-0.820981,-2.207275,-1.560648,,-1.171183,-1.89712,-0.673345,-1.832581,-1.714798,-0.916291,-1.514128,-1.771957,-0.967584,-1.660731,-0.116534,-1.386294,-0.776529,-0.579818,-0.733969,-1.714798,-1.309333,-1.514128,-1.771957,-0.776529,-2.525729,-0.478036,-1.469676,-0.544727,-0.673345,-0.616186,-0.478036,-1.386294,-1.660731,-1.560648,-2.040221,-2.407946,-1.386294,-1.309333,-0.891598,-1.660731,-1.560648,-2.040221,-3.912023,-0.34249,-0.941609,-0.994252,-0.994252,-0.544727
2025-02,-0.287682,-0.820981,-2.207275,-1.560648,,-1.171183,-1.89712,-0.673345,-1.832581,-1.714798,-0.916291,-1.514128,-1.771957,-0.967584,-1.660731,-0.116534,-1.386294,-0.776529,-0.579818,-0.733969,-1.714798,-1.309333,-1.514128,-1.771957,-0.776529,-2.525729,-0.478036,-1.469676,-0.544727,-0.673345,-0.616186,-0.478036,-1.386294,-1.660731,-1.560648,-2.040221,-2.407946,-1.386294,-1.309333,-0.891598,-1.660731,-1.560648,-2.040221,-3.912023,-0.34249,-0.941609,-0.994252,-0.994252,-0.544727
2025-03,-0.287682,-0.820981,-2.207275,-1.560648,,-1.171183,-1.89712,-0.673345,-1.832581,-1.714798,-0.916291,-1.514128,-1.771957,-0.967584,-1.660731,-0.116534,-1.386294,-0.776529,-0.579818,-0.733969,-1.714798,-1.309333,-1.514128,-1.771957,-0.776529,-2.525729,-0.478036,-1.469676,-0.544727,-0.673345,-0.616186,-0.478036,-1.386294,-1.660731,-1.560648,-2.040221,-2.407946,-1.386294,-1.309333,-0.891598,-1.660731,-1.560648,-2.040221,-3.912023,-0.34249,-0.941609,-0.994252,-0.994252,-0.544727
2025-04,-0.287682,-0.820981,-2.207275,-1.560648,,-1.171183,-1.89712,-0.673345,-1.832581,-1.714798,-0.916291,-1.514128,-1.771957,-0.967584,-1.660731,-0.116534,-1.386294,-0.776529,-0.579818,-0.733969,-1.714798,-1.309333,-1.514128,-1.771957,-0.776529,-2.525729,-0.478036,-1.469676,-0.544727,-0.673345,-0.616186,-0.478036,-1.386294,-1.660731,-1.560648,-2.040221,-2.407946,-1.386294,-1.309333,-0.891598,-1.660731,-1.560648,-2.040221,-3.912023,-0.34249,-0.941609,-0.994252,-0.994252,-0.544727
2025-05,-0.287682,-0.820981,-2.207275,-1.560648,,-1.171183,-1.89712,-0.673345,-1.832581,-1.714798,-0.916291,-1.514128,-1.771957,-0.967584,-1.660731,-0.116534,-1.386294,-0.776529,-0.579818,-0.733969,-1.714798,-1.309333,-1.514128,-1.771957,-0.776529,-2.525729,-0.478036,-1.469676,-0.544727,-0.673345,-0.616186,-0.478036,-1.386294,-1.660731,-1.560648,-2.040221,-2.407946,-1.386294,-1.309333,-0.891598,-1.660731,-1.560648,-2.040221,-3.912023,-0.34249,-0.941609,-0.994252,-0.994252,-0.544727
2025-06,-0.287682,-0.820981,-2.207275,-1.560648,,-1.171183,-1.89712,-0.673345,-1.832581,-1.714798,-0.916291,-1.514128,-1.771957,-0.967584,-1.660731,-0.116534,-1.386294,-0.776529,-0.579818,-0.733969,-1.714798,-1.309333,-1.514128,-1.771957,-0.776529,-2.525729,-0.478036,-1.469676,-0.544727,-0.673345,-0.616186,-0.478036,-1.386294,-1.660731,-1.560648,-2.040221,-2.407946,-1.386294,-1.309333,-0.891598,-1.660731,-1.560648,-2.040221,-3.912023,-0.34249,-0.941609,-0.994252,-0.994252,-0.544727
2025-07,-0.287682,-0.820981,-2.207275,-1.560648,,-1.171183,-1.89712,-0.673345,-1.832581,-1.714798,-0.916291,-1.514128,-1.771957,-0.967584,-1.660731,-0.116534,-1.386294,-0.776529,-0.579818,-0.733969,-1.714798,-1.309333,-1.514128,-1.771957,-0.776529,-2.525729,-0.478036,-1.469676,-0.544727,-0.673345,-0.616186,-0.478036,-1.386294,-1.660731,-1.560648,-2.040221,-2.407946,-1.386294,-1.309333,-0.891598,-1.660731,-1.560648,-2.040221,-3.912023,-0.34249,-0.941609,-0.994252,-0.994252,-0.544727
2025-08,-0.287682,-0.820981,-2.207275,-1.560648,,-1.171183,-1.89712,-0.673345,-1.832581,-1.714798,-0.916291,-1.514128,-1.771957,-0.967584,-1.660731,-0.116534,-1.386294,-0.776529,-0.579818,-0.733969,-1.714798,-1.309333,-1.514128,-1.771957,-0.776529,-2.525729,-0.478036,-1.469676,-0.544727,-0.673345,-0.616186,-0.478036,-1.386294,-1.660731,-1.560648,-2.040221,-2.407946,-1.386294,-1.309333,-0.891598,-1.660731,-1.560648,-2.040221,-3.912023,-0.34249,-0.941609,-0.994252,-0.994252,-0.544727
2025-09,-0.287682,-0.820981,-2.207275,-1.560648,,-1.171183,-1.89712,-0.673345,-1.832581,-1.714798,-0.916291,-1.514128,-1.771957,-0.967584,-1.660731,-0.116534,-1.386294,-0.776529,-0.579818,-0.733969,-1.714798,-1.309333,-1.514128,-1.771957,-0.776529,-2.525729,-0.478036,-1.469676,-0.544727,-0.673345,-0.616186,-0.478036,-1.386294,-1.660731,-1.560648,-2.040221,-2.407946,-1.386294,-1.309333,-0.891598,-1.660731,-1.560648,-2.040221,-3.912023,-0.34249,-0.941609,-0.994252,-0.994252,-0.544727
2025-10,-0.287682,-0.820981,-2.207275,-1.560648,,-1.171183,-1.89712,-0.673345,-1.832581,-1.714798,-0.916291,-1.514128,-1.771957,-0.967584,-1.660731,-0.116534,-1.386294,-0.776529,-0.579818,-0.733969,-1.714798,-1.309333,-1.514128,-1.771957,-0.776529,-2.525729,-0.478036,-1.469676,-0.544727,-0.673345,-0.616186,-0.478036,-1.386294,-1.660731,-1.560648,-2.040221,-2.407946,-1.386294,-1.309333,-0.891598,-1.660731,-1.560648,-2.040221,-3.912023,-0.34249,-0.941609,-0.994252,-0.994252,-0.544727
2025-11,-0.287682,-0.820981,-2.207275,-1.560648,,-1.171183,-1.89712,-0.673345,-1.832581,-1.714798,-0.916291,-1.514128,-1.771957,-0.967584,-1.660731,-0.116534,-1.386294,-0.776529,-0.579818,-0.733969,-1.714798,-1.309333,-1.514128,-1.771957,-0.776529,-2.525729,-0.478036,-1.469676,-0.544727,-0.673345,-0.616186,-0.478036,-1.386294,-1.660731,-1.560648,-2.040221,-2.407946,-1.386294,-1.309333,-0.891598,-1.660731,-1.560648,-2.040221,-3.912023,-0.34249,-0.941609,-0.994252,-0.994252,-0.544727
2025-12,-0.287682,-0.820981,-2.207275,-1.560648,,-1.171183,-1.89712,-0.673345,-1.832581,-1.714798,-0.916291,-1.514128,-1.771957,-0.967584,-1.660731,-0.116534,-1.386294,-0.776529,-0.579818,-0.733969,-1.714798,-1.309333,-1.514128,-1.771957,-0.776529,-2.525729,-0.478036,-1.469676,-0.544727,-0.673345,-0.616186,-0.478036,-1.386294,-1.660731,-1.560648,-2.040221,-2.407946,-1.386294,-1.309333,-0.891598,-1.660731,-1.560648,-2.040221,-3.912023,-0.34249,-0.941609,-0.994252,-0.994252,-0.544727
2026-01,-0.510826,-0.733969,-2.302585,-1.427116,,-1.171183,-2.302585,-0.820981,-1.89712,-1.514128,-0.820981,-1.560648,-1.832581,-0.916291,-1.771957,-0.223144,-1.469676,-0.776529,-0.562119,-1.07881,-1.660731,-1.272966,-1.832581,-1.89712,-0.941609,-2.995732,-0.371064,-1.427116,-0.223144,-0.562119,-0.820981,-0.579818,-1.560648,-1.832581,-1.771957,-2.120264,-2.813411,-1.427116,-1.427116,-1.049822,-1.609438,-1.660731,-2.207275,-4.60517,-0.562119,-0.967584,-1.139434,-1.171183,-0.544727
2026-02,-0.510826,-0.733969,-2.302585,-1.427116,,-1.171183,-2.302585,-0.820981,-1.89712,-1.514128,-0.820981,-1.560648,-1.832581,-0.916291,-1.771957,-0.223144,-1.469676,-0.776529,-0.562119,-1.07881,-1.660731,-1.272966,-1.832581,-1.89712,-0.941609,-2.995732,-0.371064,-1.427116,-0.223144,-0.562119,-0.820981,-0.579818,-1.560648,-1.832581,-1.771957,-2.120264,-2.813411,-1.427116,-1.427116,-1.049822,-1.609438,-1.660731,-2.207275,-4.60517,-0.562119,-0.967584,-1.139434,-1.171183,-0.544727
2026-03,-0.510826,-0.733969,-2.302585,-1.427116,,-1.171183,-2.302585,-0.820981,-1.89712,-1.514128,-0.820981,-1.560648,-1.832581,-0.916291,-1.771957,-0.223144,-1.469676,-0.776529,-0.562119,-1.07881,-1.660731,-1.272966,-1.832581,-1.89712,-0.941609,-2.995732,-0.371064,-1.427116,-0.223144,-0.562119,-0.820981,-0.579818,-1.560648,-1.832581,-1.771957,-2.120264,-2.813411,-1.427116,-1.427116,-1.049822,-1.609438,-1.660731,-2.207275,-4.60517,-0.562119,-0.967584,-1.139434,-1.171183,-0.544727
2026-04,-0.510826,-0.733969,-2.302585,-1.427116,,-1.171183,-2.302585,-0.820981,-1.89712,-1.514128,-0.820981,-1.560648,-1.832581,-0.916291,-1.771957,-0.223144,-1.469676,-0.776529,-0.562119,-1.07881,-1.660731,-1.272966,-1.832581,-1.89712,-0.941609,-2.995732,-0.371064,-1.427116,-0.223144,-0.562119,-0.820981,-0.579818,-1.560648,-1.832581,-1.771957,-2.120264,-2.813411,-1.427116,-1.427116,-1.049822,-1.609438,-1.660731,-2.207275,-4.60517,-0.562119,-0.967584,-1.139434,-1.171183,-0.544727
2026-05,-0.510826,-0.733969,-2.302585,-1.427116,,-1.171183,-2.302585,-0.820981,-1.89712,-1.514128,-0.820981,-1.560648,-1.832581,-0.916291,-1.771957,-0.223144,-1.469676,-0.776529,-0.562119,-1.07881,-1.660731,-1.272966,-1.832581,-1.89712,-0.941609,-2.995732,-0.371064,-1.427116,-0.223144,-0.562119,-0.820981,-0.579818,-1.560648,-1.832581,-1.771957,-2.120264,-2.813411,-1.427116,-1.427116,-1.049822,-1.609438,-1.660731,-2.207275,-4.60517,-0.562119,-0.967584,-1.139434,-1.171183,-0.544727
2026-06,-0.510826,-0.733969,-2.302585,-1.427116,,-1.171183,-2.302585,-0.820981,-1.89712,-1.514128,-0.820981,-1.560648,-1.832581,-0.916291,-1.771957,-0.223144,-1.469676,-0.776529,-0.562119,-1.07881,-1.660731,-1.272966,-1.832581,-1.89712,-0.941609,-2.995732,-0.371064,-1.427116,-0.223144,-0.562119,-0.820981,-0.579818,-1.560648,-1.832581,-1.771957,-2.120264,-2.813411,-1.427116,-1.427116,-1.049822,-1.609438,-1.660731,-2.207275,-4.60517,-0.562119,-0.967584,-1.139434,-1.171183,-0.544727
